facility_id,timestamp,electricity_kwh,water_liters,hvac_kwh,lighting_kwh,solar_generation_kwh,power_factor,temperature,humidity
FAC-001,2026-06-24 10:00:00,501.64,1079.7,263.44,111.32,74.59,0.92,27.5,52.7
FAC-001,2026-06-24 11:00:00,761.66,1720.6,409.94,146.79,90.33,0.96,27.2,50.3
FAC-001,2026-06-24 12:00:00,486.59,1062.6,232.41,103.12,111.64,0.96,26.6,50.2
FAC-001,2026-06-24 13:00:00,475.46,1074.2,263.1,117.72,112.15,0.93,27.6,38.1
FAC-001,2026-06-24 14:00:00,472.95,1071.0,259.28,93.7,100.1,0.96,26.3,59.2
FAC-001,2026-06-24 15:00:00,538.72,1133.3,294.32,119.52,87.55,0.93,25.7,44.7
FAC-001,2026-06-24 16:00:00,514.25,1101.2,244.98,102.68,58.04,0.98,26.5,54.3
FAC-001,2026-06-24 17:00:00,430.88,1118.3,230.96,98.88,31.42,0.93,22.4,56.6
FAC-001,2026-06-24 18:00:00,431.06,1105.8,188.92,86.97,0.0,0.96,21.9,38.0
FAC-001,2026-06-24 19:00:00,433.36,1038.1,217.97,101.39,0.0,0.96,19.0,37.7
FAC-001,2026-06-24 20:00:00,179.84,484.4,84.68,38.77,0.0,0.94,19.8,40.7
FAC-001,2026-06-24 21:00:00,170.08,445.9,76.7,41.68,0.0,0.96,18.7,39.7
FAC-001,2026-06-24 22:00:00,177.11,401.9,94.75,42.99,0.0,0.93,16.6,55.5
FAC-001,2026-06-24 23:00:00,162.12,356.7,80.48,33.92,0.0,0.93,17.5,43.1
FAC-001,2026-06-25 00:00:00,181.72,496.6,86.73,45.07,0.0,0.94,15.4,42.1
FAC-001,2026-06-25 01:00:00,179.09,401.3,88.71,32.88,0.0,0.98,15.1,47.2
FAC-001,2026-06-25 02:00:00,168.74,373.1,87.3,39.37,0.0,0.97,17.2,50.8
FAC-001,2026-06-25 03:00:00,164.46,357.6,88.58,33.3,0.0,0.92,18.3,35.4
FAC-001,2026-06-25 04:00:00,168.3,427.1,86.48,32.35,0.0,0.95,17.9,43.5
FAC-001,2026-06-25 05:00:00,187.96,472.8,102.26,37.23,0.0,0.98,20.5,41.0
FAC-001,2026-06-25 06:00:00,187.19,427.6,102.4,41.99,0.0,0.94,23.2,57.2
FAC-001,2026-06-25 07:00:00,180.0,445.8,79.37,34.44,0.0,0.92,24.0,35.1
FAC-001,2026-06-25 08:00:00,419.24,1070.2,217.98,94.6,28.24,0.94,25.7,51.2
FAC-001,2026-06-25 09:00:00,454.22,1013.3,228.87,84.74,55.92,0.94,25.9,57.3
FAC-001,2026-06-25 10:00:00,489.97,1068.4,242.7,107.98,80.29,0.97,25.8,51.1
FAC-001,2026-06-25 11:00:00,522.98,1072.7,289.74,127.63,94.14,0.98,29.2,59.1
FAC-001,2026-06-25 12:00:00,486.77,1052.4,233.68,116.62,101.26,0.96,28.6,49.3
FAC-001,2026-06-25 13:00:00,520.43,1390.4,290.77,98.78,105.72,0.97,28.4,44.0
FAC-001,2026-06-25 14:00:00,536.32,1291.5,287.1,129.09,105.2,0.96,27.6,52.5
FAC-001,2026-06-25 15:00:00,534.73,1313.5,253.43,110.31,73.54,0.92,26.4,42.2
FAC-001,2026-06-25 16:00:00,451.85,963.1,196.49,107.35,55.83,0.96,24.1,50.6
FAC-001,2026-06-25 17:00:00,434.34,1113.1,216.77,94.62,30.84,0.99,23.0,54.9
FAC-001,2026-06-25 18:00:00,438.72,1159.1,193.12,79.75,0.0,0.97,21.0,38.9
FAC-001,2026-06-25 19:00:00,419.28,939.8,219.24,94.85,0.0,0.99,20.6,50.3
FAC-001,2026-06-25 20:00:00,168.9,346.3,80.44,39.36,0.0,0.93,17.6,56.4
FAC-001,2026-06-25 21:00:00,175.27,417.3,77.6,37.58,0.0,0.93,17.5,50.4
FAC-001,2026-06-25 22:00:00,163.2,392.0,78.12,36.53,0.0,0.98,15.8,36.8
FAC-001,2026-06-25 23:00:00,162.67,399.2,82.34,39.99,0.0,0.95,16.1,48.6
FAC-001,2026-06-26 00:00:00,172.79,376.8,95.89,42.05,0.0,0.92,14.6,37.4
FAC-001,2026-06-26 01:00:00,163.92,337.1,77.28,39.2,0.0,0.98,15.1,52.4
FAC-001,2026-06-26 02:00:00,186.63,418.6,98.09,44.09,0.0,0.93,17.7,59.8
FAC-001,2026-06-26 03:00:00,172.4,467.2,91.53,35.14,0.0,0.98,18.5,53.9
FAC-001,2026-06-26 04:00:00,187.34,425.3,92.86,44.56,0.0,0.98,17.5,57.6
FAC-001,2026-06-26 05:00:00,170.91,419.2,94.6,42.14,0.0,0.96,19.8,43.2
FAC-001,2026-06-26 06:00:00,183.11,385.6,97.58,43.08,0.0,0.95,22.1,46.0
FAC-001,2026-06-26 07:00:00,171.8,426.9,76.49,32.64,0.0,0.93,24.2,36.8
FAC-001,2026-06-26 08:00:00,429.73,992.5,189.33,79.9,33.05,0.95,26.3,59.7
FAC-001,2026-06-26 09:00:00,434.27,1018.6,191.45,101.79,58.23,0.98,26.2,35.3
FAC-001,2026-06-26 10:00:00,434.68,1120.2,193.63,81.82,82.94,0.96,26.8,42.1
FAC-001,2026-06-26 11:00:00,466.95,967.1,259.26,84.45,106.36,0.98,29.3,36.8
FAC-001,2026-06-26 12:00:00,541.12,1281.0,269.48,121.24,109.66,0.96,29.2,36.1
FAC-001,2026-06-26 13:00:00,547.85,1227.0,298.98,116.09,107.98,0.93,27.4,49.6
FAC-001,2026-06-26 14:00:00,549.81,1244.1,306.91,125.84,97.52,0.98,26.2,57.8
FAC-001,2026-06-26 15:00:00,539.55,1463.0,282.91,120.29,79.03,0.98,24.8,44.4
FAC-001,2026-06-26 16:00:00,526.64,1442.1,236.75,116.7,56.08,0.98,24.9,45.4
FAC-001,2026-06-26 17:00:00,434.69,1198.7,235.78,102.98,33.13,0.96,24.9,56.2
FAC-001,2026-06-26 18:00:00,439.54,969.0,196.38,108.47,0.0,0.97,21.6,37.8
FAC-001,2026-06-26 19:00:00,417.35,1107.5,221.36,90.32,0.0,0.96,21.6,45.1
FAC-001,2026-06-26 20:00:00,162.73,414.5,85.95,36.36,0.0,0.93,17.5,43.8
FAC-001,2026-06-26 21:00:00,172.97,396.2,84.21,42.08,0.0,0.96,17.4,50.6
FAC-001,2026-06-26 22:00:00,188.66,451.7,84.73,46.2,0.0,0.94,18.2,47.3
FAC-001,2026-06-26 23:00:00,179.76,383.4,82.91,33.31,0.0,0.93,15.1,51.0
FAC-001,2026-06-27 00:00:00,140.44,354.0,76.76,29.94,0.0,0.93,14.6,39.2
FAC-001,2026-06-27 01:00:00,136.56,323.9,60.3,25.73,0.0,0.93,16.2,52.3
FAC-001,2026-06-27 02:00:00,150.9,402.7,77.2,28.03,0.0,0.98,16.1,55.2
FAC-001,2026-06-27 03:00:00,136.73,326.6,62.52,28.16,0.0,0.96,17.6,53.7
FAC-001,2026-06-27 04:00:00,138.3,333.1,72.29,33.56,0.0,0.96,18.8,48.3
FAC-001,2026-06-27 05:00:00,138.68,315.1,66.43,25.16,0.0,0.93,19.3,57.3
FAC-001,2026-06-27 06:00:00,148.13,311.5,78.89,31.83,0.0,0.96,22.7,45.8
FAC-001,2026-06-27 07:00:00,139.02,319.2,66.34,31.31,0.0,0.99,22.8,37.5
FAC-001,2026-06-27 08:00:00,199.55,432.0,89.97,38.53,28.62,0.98,25.1,45.3
FAC-001,2026-06-27 09:00:00,207.77,546.1,100.09,51.5,61.95,0.94,26.7,58.2
FAC-001,2026-06-27 10:00:00,236.63,537.9,110.36,55.34,75.11,0.95,26.4,37.9
FAC-001,2026-06-27 11:00:00,236.01,572.0,119.32,45.03,96.4,0.92,26.7,36.6
FAC-001,2026-06-27 12:00:00,244.51,632.6,130.88,48.37,109.34,0.96,27.7,43.7
FAC-001,2026-06-27 13:00:00,269.03,730.6,149.43,50.77,110.44,0.93,28.5,49.4
FAC-001,2026-06-27 14:00:00,240.78,519.7,128.43,46.74,89.93,0.98,27.3,44.0
FAC-001,2026-06-27 15:00:00,247.33,586.9,132.61,52.12,78.33,0.94,26.3,40.8
FAC-001,2026-06-27 16:00:00,239.74,509.2,120.03,58.37,59.03,0.99,24.5,38.5
FAC-001,2026-06-27 17:00:00,238.45,512.5,119.07,57.84,31.8,0.94,24.3,35.8
FAC-001,2026-06-27 18:00:00,230.83,489.3,125.57,47.08,0.0,0.98,21.7,54.9
FAC-001,2026-06-27 19:00:00,198.99,497.8,104.25,45.85,0.0,0.97,19.7,43.6
FAC-001,2026-06-27 20:00:00,153.41,364.0,77.6,31.92,0.0,0.99,19.3,47.6
FAC-001,2026-06-27 21:00:00,132.9,325.2,72.21,32.59,0.0,0.97,18.4,38.8
FAC-001,2026-06-27 22:00:00,146.46,397.3,71.05,33.91,0.0,0.98,15.6,59.6
FAC-001,2026-06-27 23:00:00,135.35,326.7,74.4,32.6,0.0,0.96,14.9,43.4
FAC-001,2026-06-28 00:00:00,132.59,321.8,62.76,27.56,0.0,0.98,15.5,53.4
FAC-001,2026-06-28 01:00:00,137.65,298.3,67.29,26.13,0.0,0.95,17.4,44.1
FAC-001,2026-06-28 02:00:00,147.05,318.8,63.48,33.3,0.0,0.99,16.5,37.1
FAC-001,2026-06-28 03:00:00,144.05,371.6,73.09,26.61,0.0,0.93,16.9,39.8
FAC-001,2026-06-28 04:00:00,143.36,372.5,72.17,26.46,0.0,0.95,18.8,45.0
FAC-001,2026-06-28 05:00:00,136.06,370.2,61.72,32.7,0.0,0.95,20.9,45.2
FAC-001,2026-06-28 06:00:00,197.31,434.0,128.25,35.89,0.0,0.94,20.6,37.6
FAC-001,2026-06-28 07:00:00,136.59,302.6,70.32,26.86,0.0,0.97,24.5,44.9
FAC-001,2026-06-28 08:00:00,198.18,416.5,92.77,48.11,26.9,0.83,25.2,45.5
FAC-001,2026-06-28 09:00:00,232.77,573.8,110.43,46.13,56.07,0.94,26.0,48.8
FAC-001,2026-06-28 10:00:00,226.26,603.1,125.19,52.82,74.32,0.95,28.1,45.6
FAC-001,2026-06-28 11:00:00,341.09,900.9,221.71,67.55,89.44,0.99,26.8,41.8
FAC-001,2026-06-28 12:00:00,389.1,976.3,252.92,77.5,106.52,0.98,26.5,38.4
FAC-001,2026-06-28 13:00:00,270.8,586.6,137.48,60.13,108.98,0.98,27.4,48.0
FAC-001,2026-06-28 14:00:00,241.87,536.1,127.21,44.94,98.89,0.95,26.8,53.0
FAC-001,2026-06-28 15:00:00,254.34,653.0,125.11,57.6,87.81,0.84,26.5,36.3
FAC-001,2026-06-28 16:00:00,248.06,519.5,117.44,58.04,52.76,0.97,25.6,45.9
FAC-001,2026-06-28 17:00:00,245.9,606.1,131.29,56.22,28.54,0.95,24.8,38.4
FAC-001,2026-06-28 18:00:00,219.61,563.8,99.72,47.86,0.0,0.98,22.6,56.2
FAC-001,2026-06-28 19:00:00,207.65,564.8,95.26,51.73,0.0,0.92,21.7,39.5
FAC-001,2026-06-28 20:00:00,153.57,346.2,66.71,35.14,0.0,0.98,20.3,46.9
FAC-001,2026-06-28 21:00:00,151.94,314.0,71.64,36.17,0.0,0.96,16.6,36.9
FAC-001,2026-06-28 22:00:00,140.31,318.1,73.55,25.9,0.0,0.96,16.3,50.6
FAC-001,2026-06-28 23:00:00,146.67,391.1,67.51,26.65,0.0,0.92,16.3,58.5
FAC-001,2026-06-29 00:00:00,190.02,442.6,90.37,44.41,0.0,0.95,17.1,59.6
FAC-001,2026-06-29 01:00:00,173.68,384.2,84.2,40.23,0.0,0.93,15.6,42.4
FAC-001,2026-06-29 02:00:00,163.11,383.0,70.52,40.64,0.0,0.95,16.0,58.7
FAC-001,2026-06-29 03:00:00,164.44,447.3,79.64,39.72,0.0,0.95,16.8,59.8
FAC-001,2026-06-29 04:00:00,188.47,454.0,96.96,41.94,0.0,0.94,18.2,39.7
FAC-001,2026-06-29 05:00:00,171.78,459.7,75.16,42.57,0.0,0.98,19.5,44.9
FAC-001,2026-06-29 06:00:00,181.52,399.6,81.69,43.04,0.0,0.94,22.3,49.5
FAC-001,2026-06-29 07:00:00,186.63,509.1,86.69,35.29,0.0,0.98,24.0,48.8
FAC-001,2026-06-29 08:00:00,409.91,982.6,196.12,81.24,31.39,0.93,25.5,36.9
FAC-001,2026-06-29 09:00:00,442.7,1014.0,218.02,98.04,61.46,0.97,25.5,57.0
FAC-001,2026-06-29 10:00:00,479.76,1267.8,259.35,115.48,83.94,0.97,27.6,53.8
FAC-001,2026-06-29 11:00:00,518.32,1105.5,281.62,94.36,103.42,0.94,26.8,55.4
FAC-001,2026-06-29 12:00:00,503.93,1384.0,217.11,100.83,107.91,0.96,28.4,48.5
FAC-001,2026-06-29 13:00:00,478.89,1094.8,253.3,104.34,115.58,0.96,26.6,58.4
FAC-001,2026-06-29 14:00:00,475.69,1169.8,223.16,109.21,87.97,0.94,25.8,56.8
FAC-001,2026-06-29 15:00:00,541.08,1113.4,285.4,102.32,84.78,0.92,26.2,54.3
FAC-001,2026-06-29 16:00:00,484.32,1145.4,225.49,120.98,56.63,0.93,25.6,40.5
FAC-001,2026-06-29 17:00:00,481.41,1034.4,247.97,95.86,32.82,0.95,23.3,51.0
FAC-001,2026-06-29 18:00:00,427.04,941.9,238.25,89.1,0.0,0.86,21.6,56.6
FAC-001,2026-06-29 19:00:00,447.16,1162.2,203.06,107.68,0.0,0.97,21.2,50.7
FAC-001,2026-06-29 20:00:00,162.84,425.6,89.51,36.34,0.0,0.95,17.9,52.1
FAC-001,2026-06-29 21:00:00,167.57,412.1,82.76,30.92,0.0,0.94,17.2,46.4
FAC-001,2026-06-29 22:00:00,237.74,534.9,114.36,52.78,0.0,0.97,17.6,36.0
FAC-001,2026-06-29 23:00:00,164.87,353.2,76.08,41.06,0.0,0.95,16.8,49.0
FAC-001,2026-06-30 00:00:00,248.11,512.1,123.39,50.75,0.0,0.93,14.9,49.2
FAC-001,2026-06-30 01:00:00,184.46,390.2,84.12,35.37,0.0,0.96,14.8,58.4
FAC-001,2026-06-30 02:00:00,177.16,452.5,92.51,42.69,0.0,0.98,17.7,37.0
FAC-001,2026-06-30 03:00:00,177.34,443.9,95.1,37.54,0.0,0.96,16.5,36.5
FAC-001,2026-06-30 04:00:00,166.41,456.4,90.42,32.51,0.0,0.94,19.9,51.5
FAC-001,2026-06-30 05:00:00,177.56,489.6,92.95,34.8,0.0,0.99,19.5,52.0
FAC-001,2026-06-30 06:00:00,162.78,433.8,75.45,34.57,0.0,0.97,21.8,43.6
FAC-001,2026-06-30 07:00:00,189.73,447.0,82.57,45.67,0.0,0.97,24.7,57.5
FAC-001,2026-06-30 08:00:00,401.15,998.3,203.39,97.83,28.15,0.96,23.9,52.9
FAC-001,2026-06-30 09:00:00,420.34,1116.1,193.73,104.24,53.66,0.95,27.4,46.1
FAC-001,2026-06-30 10:00:00,457.36,1252.2,231.92,87.56,78.57,0.94,26.7,54.3
FAC-001,2026-06-30 11:00:00,525.28,1135.8,256.86,103.23,88.09,0.96,28.8,45.8
FAC-001,2026-06-30 12:00:00,512.76,1059.6,267.6,98.29,97.95,0.97,27.9,56.1
FAC-001,2026-06-30 13:00:00,518.0,1157.3,281.21,100.7,96.71,0.92,29.1,36.0
FAC-001,2026-06-30 14:00:00,507.11,1049.7,279.62,102.5,96.93,0.93,28.6,35.1
FAC-001,2026-06-30 15:00:00,514.53,1230.7,279.3,108.99,80.68,0.97,24.8,42.7
FAC-001,2026-06-30 16:00:00,465.25,1174.4,240.79,115.33,52.61,0.95,24.0,52.3
FAC-001,2026-06-30 17:00:00,501.19,1336.0,260.03,107.66,30.72,0.88,24.1,51.9
FAC-001,2026-06-30 18:00:00,454.31,1142.0,218.62,102.49,0.0,0.99,23.4,45.2
FAC-001,2026-06-30 19:00:00,434.8,1162.0,219.01,100.74,0.0,0.95,20.9,55.2
FAC-001,2026-06-30 20:00:00,184.39,392.1,89.73,43.75,0.0,0.84,18.6,44.9
FAC-001,2026-06-30 21:00:00,172.86,399.1,84.41,33.99,0.0,0.94,18.1,51.7
FAC-001,2026-06-30 22:00:00,174.97,422.3,83.88,42.07,0.0,0.84,16.4,45.0
FAC-001,2026-06-30 23:00:00,176.95,464.6,90.07,41.33,0.0,0.97,14.8,39.9
FAC-001,2026-07-01 00:00:00,261.22,544.2,142.82,63.97,0.0,0.99,14.8,47.1
FAC-001,2026-07-01 01:00:00,169.94,412.6,79.86,40.14,0.0,0.94,16.9,41.8
FAC-001,2026-07-01 02:00:00,165.35,358.9,74.99,37.65,0.0,0.96,15.6,49.2
FAC-001,2026-07-01 03:00:00,189.04,460.5,93.17,44.69,0.0,0.92,19.1,50.0
FAC-001,2026-07-01 04:00:00,186.82,463.3,85.87,36.4,0.0,0.95,20.2,43.8
FAC-001,2026-07-01 05:00:00,183.9,431.3,85.65,43.69,0.0,0.97,20.8,46.3
FAC-001,2026-07-01 06:00:00,166.65,366.0,87.62,40.06,0.0,0.86,22.3,48.7
FAC-001,2026-07-01 07:00:00,172.93,369.8,87.72,37.14,0.0,0.97,23.3,52.9
FAC-001,2026-07-01 08:00:00,448.7,1102.2,200.43,84.04,31.39,0.94,23.8,57.4
FAC-001,2026-07-01 09:00:00,430.53,1039.2,197.81,88.19,52.31,0.92,25.4,48.5
FAC-001,2026-07-01 10:00:00,479.2,1208.6,239.26,97.14,77.58,0.99,27.4,53.3
FAC-001,2026-07-01 11:00:00,454.17,1152.1,228.49,112.2,90.17,0.93,26.6,46.3
FAC-001,2026-07-01 12:00:00,491.05,1084.7,253.6,115.73,114.79,0.95,29.5,58.2
FAC-001,2026-07-01 13:00:00,538.99,1392.6,268.27,120.55,96.21,0.93,28.6,52.7
FAC-001,2026-07-01 14:00:00,494.93,1343.5,229.75,101.56,88.38,0.96,26.9,46.2
FAC-001,2026-07-01 15:00:00,504.59,1338.7,277.28,108.38,88.74,0.93,25.1,55.4
FAC-001,2026-07-01 16:00:00,518.1,1170.6,281.25,122.49,61.04,0.93,24.0,52.4
FAC-001,2026-07-01 17:00:00,503.51,1339.7,258.46,119.62,27.66,0.98,23.9,54.1
FAC-001,2026-07-01 18:00:00,443.23,925.9,213.56,84.32,0.0,0.92,23.4,48.7
FAC-001,2026-07-01 19:00:00,411.51,969.7,193.63,88.65,0.0,0.93,19.6,50.5
FAC-001,2026-07-01 20:00:00,166.2,394.1,72.79,39.0,0.0,0.92,17.7,52.4
FAC-001,2026-07-01 21:00:00,168.66,380.9,75.64,31.79,0.0,0.93,16.4,47.7
FAC-001,2026-07-01 22:00:00,184.84,460.1,94.26,37.23,0.0,0.96,15.7,57.2
FAC-001,2026-07-01 23:00:00,167.4,441.2,79.99,34.98,0.0,0.97,14.7,45.4
FAC-001,2026-07-02 00:00:00,162.46,347.5,75.35,37.89,0.0,0.96,14.5,41.0
FAC-001,2026-07-02 01:00:00,184.49,390.9,102.34,39.51,0.0,0.96,17.2,37.5
FAC-001,2026-07-02 02:00:00,166.15,395.9,78.46,38.48,0.0,0.95,16.7,54.6
FAC-001,2026-07-02 03:00:00,188.82,478.7,100.51,38.16,0.0,0.95,18.8,36.0
FAC-001,2026-07-02 04:00:00,174.92,469.6,89.71,39.56,0.0,0.96,17.7,48.0
FAC-001,2026-07-02 05:00:00,182.69,378.2,90.72,41.58,0.0,0.93,19.2,36.8
FAC-001,2026-07-02 06:00:00,273.84,627.6,144.01,54.98,0.0,0.97,21.1,39.4
FAC-001,2026-07-02 07:00:00,180.51,378.9,95.56,35.84,0.0,0.99,24.4,50.6
FAC-001,2026-07-02 08:00:00,396.41,992.5,176.71,88.42,31.71,0.96,26.4,55.0
FAC-001,2026-07-02 09:00:00,477.07,1252.1,242.47,105.32,60.53,0.97,25.8,58.2
FAC-001,2026-07-02 10:00:00,458.33,1246.2,222.83,96.6,82.32,0.94,26.3,57.2
FAC-001,2026-07-02 11:00:00,471.82,1274.7,252.93,113.38,103.85,0.94,27.7,56.0
FAC-001,2026-07-02 12:00:00,525.59,1444.8,270.84,101.13,106.32,0.99,27.0,38.3
FAC-001,2026-07-02 13:00:00,537.01,1378.8,245.82,115.68,112.87,0.96,27.8,42.4
FAC-001,2026-07-02 14:00:00,526.47,1134.7,286.15,118.21,102.11,0.83,27.9,59.8
FAC-001,2026-07-02 15:00:00,495.39,1272.1,264.54,96.25,81.34,0.96,25.8,54.6
FAC-001,2026-07-02 16:00:00,449.88,983.3,237.95,82.09,60.5,0.99,24.5,38.7
FAC-001,2026-07-02 17:00:00,496.1,1270.0,277.58,102.09,29.65,0.98,23.2,45.3
FAC-001,2026-07-02 18:00:00,407.83,859.3,208.22,83.56,0.0,0.96,22.4,36.6
FAC-001,2026-07-02 19:00:00,420.09,1061.6,211.26,93.36,0.0,0.98,21.4,47.5
FAC-001,2026-07-02 20:00:00,163.57,417.0,77.44,38.43,0.0,0.98,18.8,38.7
FAC-001,2026-07-02 21:00:00,174.14,430.3,76.89,34.03,0.0,0.97,19.1,51.1
FAC-001,2026-07-02 22:00:00,179.83,419.9,95.69,33.86,0.0,0.98,17.0,49.7
FAC-001,2026-07-02 23:00:00,172.12,354.1,81.5,31.3,0.0,0.98,16.3,42.5
FAC-001,2026-07-03 00:00:00,169.22,447.8,82.22,40.8,0.0,0.93,15.9,47.1
FAC-001,2026-07-03 01:00:00,164.19,386.6,86.14,35.26,0.0,0.97,15.2,50.3
FAC-001,2026-07-03 02:00:00,183.08,382.6,94.36,45.21,0.0,0.92,16.1,41.2
FAC-001,2026-07-03 03:00:00,168.95,399.4,78.62,39.39,0.0,0.97,17.7,35.8
FAC-001,2026-07-03 04:00:00,187.45,437.9,84.0,40.73,0.0,0.94,17.6,51.6
FAC-001,2026-07-03 05:00:00,177.69,416.1,98.05,32.63,0.0,0.94,21.9,41.4
FAC-001,2026-07-03 06:00:00,167.5,458.9,84.34,35.59,0.0,0.96,20.8,38.8
FAC-001,2026-07-03 07:00:00,168.99,358.7,91.35,37.06,0.0,0.98,22.3,52.7
FAC-001,2026-07-03 08:00:00,388.16,1056.1,190.04,83.04,27.87,0.98,24.9,45.3
FAC-001,2026-07-03 09:00:00,446.27,1058.0,195.51,96.34,61.23,0.92,25.3,41.5
FAC-001,2026-07-03 10:00:00,455.19,1216.3,240.51,98.48,75.42,0.98,26.4,46.3
FAC-001,2026-07-03 11:00:00,509.81,1373.8,221.02,94.09,96.05,0.96,26.6,51.4
FAC-001,2026-07-03 12:00:00,493.69,1193.1,262.07,122.19,98.75,0.94,28.2,50.9
FAC-001,2026-07-03 13:00:00,502.52,1276.9,275.86,109.2,97.73,0.98,28.9,57.7
FAC-001,2026-07-03 14:00:00,550.56,1477.5,246.81,106.89,90.35,0.97,27.0,50.4
FAC-001,2026-07-03 15:00:00,534.12,1250.3,285.47,115.03,88.32,0.99,26.6,39.1
FAC-001,2026-07-03 16:00:00,482.88,1168.4,217.82,87.34,58.25,0.97,23.7,53.3
FAC-001,2026-07-03 17:00:00,494.72,1121.2,265.41,107.78,31.3,0.95,23.4,43.9
FAC-001,2026-07-03 18:00:00,466.32,1228.6,220.84,89.61,0.0,0.93,20.9,43.7
FAC-001,2026-07-03 19:00:00,432.56,992.2,222.62,96.66,0.0,0.98,21.9,50.9
FAC-001,2026-07-03 20:00:00,180.96,378.2,85.46,41.27,0.0,0.93,18.2,55.9
FAC-001,2026-07-03 21:00:00,180.02,406.8,93.65,38.86,0.0,0.84,18.2,58.5
FAC-001,2026-07-03 22:00:00,183.49,408.7,97.71,41.57,0.0,0.98,17.0,37.8
FAC-001,2026-07-03 23:00:00,174.88,404.7,94.85,38.17,0.0,0.99,16.0,36.1
FAC-001,2026-07-04 00:00:00,153.63,345.7,71.65,36.88,0.0,0.98,16.9,35.5
FAC-001,2026-07-04 01:00:00,149.22,334.7,70.08,35.52,0.0,0.98,16.8,48.5
FAC-001,2026-07-04 02:00:00,138.05,311.6,59.58,29.38,0.0,0.96,16.2,53.6
FAC-001,2026-07-04 03:00:00,153.28,378.2,82.89,34.76,0.0,0.98,16.5,41.0
FAC-001,2026-07-04 04:00:00,133.28,354.0,67.41,33.28,0.0,0.96,20.0,50.0
FAC-001,2026-07-04 05:00:00,134.64,355.1,73.82,30.54,0.0,0.98,20.5,45.8
FAC-001,2026-07-04 06:00:00,142.49,382.2,75.61,31.65,0.0,0.95,22.4,49.8
FAC-001,2026-07-04 07:00:00,137.95,329.9,68.51,25.84,0.0,0.97,23.9,53.6
FAC-001,2026-07-04 08:00:00,212.46,505.7,93.32,42.03,29.1,0.92,24.3,59.3
FAC-001,2026-07-04 09:00:00,220.89,483.5,100.61,49.2,54.87,0.82,25.4,35.9
FAC-001,2026-07-04 10:00:00,227.92,513.1,121.79,50.15,80.63,0.99,26.0,50.4
FAC-001,2026-07-04 11:00:00,238.23,606.4,118.15,57.46,96.65,0.99,27.1,44.9
FAC-001,2026-07-04 12:00:00,248.08,561.3,135.95,57.05,107.71,0.98,29.0,35.0
FAC-001,2026-07-04 13:00:00,237.16,601.0,109.92,43.68,107.62,0.93,27.7,44.2
FAC-001,2026-07-04 14:00:00,252.2,578.9,133.07,46.65,88.23,0.99,27.7,44.0
FAC-001,2026-07-04 15:00:00,231.94,619.1,118.91,56.58,82.32,0.97,27.5,36.7
FAC-001,2026-07-04 16:00:00,230.29,550.4,99.38,48.26,55.04,0.96,23.9,49.0
FAC-001,2026-07-04 17:00:00,242.53,569.8,124.85,58.01,31.19,0.97,23.0,54.7
FAC-001,2026-07-04 18:00:00,232.1,545.5,124.62,55.71,0.0,0.94,21.6,50.0
FAC-001,2026-07-04 19:00:00,214.27,503.5,102.57,41.07,0.0,0.93,20.0,38.9
FAC-001,2026-07-04 20:00:00,213.67,498.9,109.57,39.53,0.0,0.94,19.3,44.1
FAC-001,2026-07-04 21:00:00,155.24,332.4,75.92,35.42,0.0,0.85,19.1,44.6
FAC-001,2026-07-04 22:00:00,133.19,273.9,63.99,25.47,0.0,0.97,16.2,57.5
FAC-001,2026-07-04 23:00:00,154.5,382.3,72.74,37.42,0.0,0.98,15.6,59.0
FAC-001,2026-07-05 00:00:00,141.36,304.1,67.04,30.8,0.0,0.96,16.8,55.8
FAC-001,2026-07-05 01:00:00,139.45,290.3,64.66,27.0,0.0,0.94,17.6,48.9
FAC-001,2026-07-05 02:00:00,145.85,363.3,65.35,30.79,0.0,0.95,18.3,57.0
FAC-001,2026-07-05 03:00:00,145.6,338.4,74.36,28.26,0.0,0.92,17.9,40.7
FAC-001,2026-07-05 04:00:00,153.43,409.1,80.38,33.35,0.0,0.93,17.9,54.9
FAC-001,2026-07-05 05:00:00,152.69,362.4,84.4,29.07,0.0,0.99,21.5,49.7
FAC-001,2026-07-05 06:00:00,139.06,322.4,63.47,32.45,0.0,0.96,22.2,56.6
FAC-001,2026-07-05 07:00:00,141.87,387.1,76.27,33.13,0.0,0.93,24.6,46.0
FAC-001,2026-07-05 08:00:00,221.08,532.3,96.86,53.47,29.65,0.96,23.6,46.9
FAC-001,2026-07-05 09:00:00,229.42,527.3,119.31,43.45,55.09,0.98,25.4,58.9
FAC-001,2026-07-05 10:00:00,366.25,941.7,238.06,73.48,72.19,0.98,26.1,53.8
FAC-001,2026-07-05 11:00:00,250.47,526.9,132.65,59.92,99.1,0.95,27.5,45.2
FAC-001,2026-07-05 12:00:00,245.57,513.7,109.14,58.1,115.24,0.99,27.4,36.9
FAC-001,2026-07-05 13:00:00,267.55,623.4,139.64,49.1,95.85,0.94,27.1,55.1
FAC-001,2026-07-05 14:00:00,251.63,554.3,137.84,50.96,96.3,0.96,27.5,43.9
FAC-001,2026-07-05 15:00:00,236.48,582.2,129.01,50.89,79.55,0.96,26.8,41.0
FAC-001,2026-07-05 16:00:00,256.88,550.5,137.31,56.17,57.77,0.97,25.0,42.1
FAC-001,2026-07-05 17:00:00,238.8,487.2,104.37,55.5,28.83,0.96,22.9,52.7
FAC-001,2026-07-05 18:00:00,233.55,529.6,100.54,46.07,0.0,0.93,21.3,56.1
FAC-001,2026-07-05 19:00:00,217.62,586.5,118.81,45.78,0.0,0.95,19.2,52.2
FAC-001,2026-07-05 20:00:00,141.41,288.9,72.44,32.42,0.0,0.93,19.5,59.2
FAC-001,2026-07-05 21:00:00,154.39,326.7,80.49,31.01,0.0,0.97,16.4,44.0
FAC-001,2026-07-05 22:00:00,144.01,315.4,70.03,30.54,0.0,0.95,15.5,54.2
FAC-001,2026-07-05 23:00:00,151.42,380.6,81.85,29.5,0.0,0.95,15.4,51.9
FAC-001,2026-07-06 00:00:00,170.24,437.8,76.23,38.41,0.0,0.94,15.7,52.8
FAC-001,2026-07-06 01:00:00,186.99,389.3,87.39,38.47,0.0,0.93,15.5,55.9
FAC-001,2026-07-06 02:00:00,250.26,585.1,118.59,47.23,0.0,0.95,16.9,49.9
FAC-001,2026-07-06 03:00:00,253.73,574.6,164.92,57.71,0.0,0.97,17.8,59.4
FAC-001,2026-07-06 04:00:00,162.4,345.4,86.09,38.41,0.0,0.84,19.8,47.9
FAC-001,2026-07-06 05:00:00,172.39,431.9,74.16,34.65,0.0,0.99,19.0,57.5
FAC-001,2026-07-06 06:00:00,183.9,415.3,90.03,38.23,0.0,0.92,21.2,47.1
FAC-001,2026-07-06 07:00:00,175.26,456.6,76.68,43.3,0.0,0.99,24.9,36.9
FAC-001,2026-07-06 08:00:00,397.72,1035.1,181.14,75.51,30.75,0.96,25.9,50.9
FAC-001,2026-07-06 09:00:00,455.39,1024.2,211.2,92.97,62.58,0.95,26.9,36.6
FAC-001,2026-07-06 10:00:00,431.06,1176.7,220.71,91.1,74.22,0.96,27.2,52.0
FAC-001,2026-07-06 11:00:00,470.94,1107.5,251.91,99.92,97.73,0.92,27.6,40.2
FAC-001,2026-07-06 12:00:00,531.0,1175.8,296.06,125.06,113.16,0.99,29.4,59.9
FAC-001,2026-07-06 13:00:00,550.36,1357.9,277.4,109.06,103.92,0.93,29.2,39.8
FAC-001,2026-07-06 14:00:00,544.37,1493.6,300.86,134.57,97.22,0.97,27.1,53.0
FAC-001,2026-07-06 15:00:00,514.65,1335.8,265.9,98.5,81.51,0.82,25.8,58.2
FAC-001,2026-07-06 16:00:00,499.05,1280.0,229.0,101.07,61.74,0.93,23.6,47.0
FAC-001,2026-07-06 17:00:00,439.34,1210.4,205.42,91.32,32.62,0.92,23.2,44.8
FAC-001,2026-07-06 18:00:00,472.71,1232.4,261.7,104.18,0.0,0.94,21.6,51.4
FAC-001,2026-07-06 19:00:00,395.47,950.8,217.26,74.0,0.0,0.82,19.5,56.7
FAC-001,2026-07-06 20:00:00,188.68,463.7,95.4,39.73,0.0,0.96,18.3,43.8
FAC-001,2026-07-06 21:00:00,188.57,490.6,102.97,39.48,0.0,0.95,16.9,49.8
FAC-001,2026-07-06 22:00:00,171.26,358.1,92.68,33.31,0.0,0.92,16.8,45.2
FAC-001,2026-07-06 23:00:00,185.46,481.3,87.76,42.39,0.0,0.97,17.3,48.5
FAC-001,2026-07-07 00:00:00,173.89,450.6,75.62,32.86,0.0,0.92,16.1,36.4
FAC-001,2026-07-07 01:00:00,168.29,371.2,79.02,33.87,0.0,0.92,17.6,40.6
FAC-001,2026-07-07 02:00:00,182.81,412.8,98.77,38.31,0.0,0.94,17.8,39.5
FAC-001,2026-07-07 03:00:00,187.32,483.9,100.19,46.63,0.0,0.95,18.2,37.0
FAC-001,2026-07-07 04:00:00,181.89,447.5,82.17,42.68,0.0,0.99,18.3,50.0
FAC-001,2026-07-07 05:00:00,182.04,438.7,96.24,34.07,0.0,0.96,21.7,55.7
FAC-001,2026-07-07 06:00:00,182.04,462.4,89.2,44.5,0.0,0.97,21.3,55.2
FAC-001,2026-07-07 07:00:00,171.64,436.8,81.29,42.65,0.0,0.97,24.9,47.4
FAC-001,2026-07-07 08:00:00,393.57,810.0,209.46,91.08,29.25,0.86,26.4,45.9
FAC-001,2026-07-07 09:00:00,457.57,950.5,245.36,99.86,63.18,0.96,27.3,39.5
FAC-001,2026-07-07 10:00:00,471.85,1016.0,227.22,89.28,86.6,0.94,28.3,51.8
FAC-001,2026-07-07 11:00:00,469.05,1262.9,239.79,103.2,103.57,0.92,26.5,48.7
FAC-001,2026-07-07 12:00:00,487.76,1252.3,232.12,109.01,101.64,0.95,28.9,42.1
FAC-001,2026-07-07 13:00:00,526.19,1431.2,249.0,96.8,102.52,0.96,28.2,40.0
FAC-001,2026-07-07 14:00:00,531.54,1249.7,235.57,106.02,92.23,0.99,27.3,39.5
FAC-001,2026-07-07 15:00:00,472.18,1107.0,227.81,109.38,83.87,0.94,25.5,40.1
FAC-001,2026-07-07 16:00:00,470.46,1164.2,219.88,106.31,63.2,0.93,26.4,42.4
FAC-001,2026-07-07 17:00:00,475.32,974.8,242.92,107.13,28.51,0.99,24.1,52.7
FAC-001,2026-07-07 18:00:00,429.78,1169.7,199.95,95.34,0.0,0.93,23.3,53.4
FAC-001,2026-07-07 19:00:00,396.21,1002.3,200.64,90.76,0.0,0.85,19.7,46.3
FAC-001,2026-07-07 20:00:00,173.16,437.1,93.36,33.45,0.0,0.99,17.5,45.8
FAC-001,2026-07-07 21:00:00,182.99,407.4,100.44,38.5,0.0,0.95,16.3,49.7
FAC-001,2026-07-07 22:00:00,179.88,378.8,83.01,41.37,0.0,0.93,17.5,35.3
FAC-001,2026-07-07 23:00:00,167.96,350.2,78.14,33.14,0.0,0.95,16.5,51.8
FAC-001,2026-07-08 00:00:00,188.71,496.8,101.72,44.6,0.0,0.99,15.1,50.4
FAC-001,2026-07-08 01:00:00,182.7,421.5,90.95,33.76,0.0,0.98,16.3,41.7
FAC-001,2026-07-08 02:00:00,187.13,443.0,96.68,44.0,0.0,0.96,17.4,45.7
FAC-001,2026-07-08 03:00:00,180.2,474.6,99.42,33.24,0.0,0.94,16.3,42.5
FAC-001,2026-07-08 04:00:00,163.5,345.9,80.74,40.04,0.0,0.97,19.5,41.5
FAC-001,2026-07-08 05:00:00,166.44,419.1,73.09,32.12,0.0,0.98,21.0,37.8
FAC-001,2026-07-08 06:00:00,170.64,413.9,78.92,36.87,0.0,0.94,23.0,54.7
FAC-001,2026-07-08 07:00:00,187.65,451.1,103.93,38.07,0.0,0.99,22.4,44.8
FAC-001,2026-07-08 08:00:00,416.21,1100.2,189.46,99.94,31.09,0.98,24.8,50.3
FAC-001,2026-07-08 09:00:00,455.36,967.5,206.42,104.08,54.25,0.86,26.9,47.9
FAC-001,2026-07-08 10:00:00,436.72,966.9,188.88,83.68,87.03,0.94,26.4,48.0
FAC-001,2026-07-08 11:00:00,468.65,1030.1,205.04,97.19,91.37,0.99,28.0,45.4
FAC-001,2026-07-08 12:00:00,506.62,1215.9,263.71,116.09,98.04,0.95,28.4,48.3
FAC-001,2026-07-08 13:00:00,519.66,1319.0,231.37,105.81,97.4,0.93,29.0,40.1
FAC-001,2026-07-08 14:00:00,504.42,1201.3,218.09,118.79,88.0,0.96,27.8,41.3
FAC-001,2026-07-08 15:00:00,755.91,1806.1,491.34,179.53,86.22,0.94,26.1,39.6
FAC-001,2026-07-08 16:00:00,518.46,1357.6,254.37,96.07,56.17,0.98,23.7,56.9
FAC-001,2026-07-08 17:00:00,471.03,986.0,261.82,86.98,30.91,0.95,23.4,59.9
FAC-001,2026-07-08 18:00:00,430.37,899.2,197.37,88.03,0.0,0.95,22.7,51.4
FAC-001,2026-07-08 19:00:00,383.28,915.5,175.66,86.74,0.0,0.92,21.3,48.7
FAC-001,2026-07-08 20:00:00,183.51,473.7,92.83,43.08,0.0,0.98,17.9,51.8
FAC-001,2026-07-08 21:00:00,182.82,490.2,82.65,35.4,0.0,0.97,18.5,49.9
FAC-001,2026-07-08 22:00:00,186.96,402.5,94.46,41.93,0.0,0.95,16.1,40.1
FAC-001,2026-07-08 23:00:00,168.72,454.5,77.26,35.39,0.0,0.96,14.9,52.4
FAC-001,2026-07-09 00:00:00,185.06,413.8,95.44,43.63,0.0,0.97,17.3,50.9
FAC-001,2026-07-09 01:00:00,169.51,372.5,77.1,38.75,0.0,0.96,16.7,55.4
FAC-001,2026-07-09 02:00:00,183.35,466.3,83.31,34.14,0.0,0.95,15.4,41.5
FAC-001,2026-07-09 03:00:00,186.68,386.1,86.18,40.89,0.0,0.97,19.0,57.2
FAC-001,2026-07-09 04:00:00,187.29,496.0,104.79,44.53,0.0,0.94,17.7,37.4
FAC-001,2026-07-09 05:00:00,171.12,454.8,90.23,40.46,0.0,0.99,19.1,45.3
FAC-001,2026-07-09 06:00:00,162.55,397.9,77.51,38.18,0.0,0.94,21.2,35.4
FAC-001,2026-07-09 07:00:00,179.48,446.2,94.96,32.8,0.0,0.96,24.6,49.7
FAC-001,2026-07-09 08:00:00,448.66,1041.0,237.06,94.65,31.29,0.94,26.3,58.2
FAC-001,2026-07-09 09:00:00,445.01,1115.9,203.6,111.12,63.35,0.98,26.5,36.3
FAC-001,2026-07-09 10:00:00,480.99,1039.2,249.19,99.14,87.89,0.96,27.8,51.2
FAC-001,2026-07-09 11:00:00,461.68,1176.2,236.69,102.47,90.25,0.95,28.8,39.2
FAC-001,2026-07-09 12:00:00,762.41,2082.8,495.57,181.97,112.03,0.96,27.7,38.8
FAC-001,2026-07-09 13:00:00,492.79,1131.2,270.92,108.82,107.38,0.85,26.5,50.2
FAC-001,2026-07-09 14:00:00,542.33,1452.4,279.67,105.64,104.18,0.93,26.6,55.1
FAC-001,2026-07-09 15:00:00,465.48,1105.4,254.46,104.07,88.43,0.98,25.7,36.7
FAC-001,2026-07-09 16:00:00,513.33,1189.7,277.62,126.1,52.5,0.92,24.2,46.7
FAC-001,2026-07-09 17:00:00,438.03,1133.0,197.89,83.36,32.96,0.99,22.9,55.0
FAC-001,2026-07-09 18:00:00,428.83,984.5,197.36,81.08,0.0,0.97,21.1,55.2
FAC-001,2026-07-09 19:00:00,405.53,851.4,219.96,77.39,0.0,0.95,20.6,55.1
FAC-001,2026-07-09 20:00:00,178.27,443.8,88.37,33.89,0.0,0.94,17.7,46.5
FAC-001,2026-07-09 21:00:00,185.08,438.7,80.96,38.74,0.0,0.97,18.3,54.4
FAC-001,2026-07-09 22:00:00,170.76,470.0,85.37,40.78,0.0,0.98,15.9,47.2
FAC-001,2026-07-09 23:00:00,175.79,404.4,86.63,41.96,0.0,0.98,15.7,46.3
FAC-001,2026-07-10 00:00:00,165.47,358.5,75.38,40.81,0.0,0.96,16.0,51.1
FAC-001,2026-07-10 01:00:00,177.48,380.1,84.9,40.17,0.0,0.96,15.5,40.5
FAC-001,2026-07-10 02:00:00,185.17,507.1,86.5,45.35,0.0,0.96,16.4,54.9
FAC-001,2026-07-10 03:00:00,164.37,429.5,82.58,39.31,0.0,0.93,16.9,40.5
FAC-001,2026-07-10 04:00:00,168.95,450.6,78.43,30.42,0.0,0.98,19.8,38.8
FAC-001,2026-07-10 05:00:00,171.81,464.4,75.97,36.77,0.0,0.92,19.6,41.0
FAC-001,2026-07-10 06:00:00,175.1,376.7,85.91,40.84,0.0,0.95,22.3,60.0
FAC-001,2026-07-10 07:00:00,173.12,378.6,93.07,33.23,0.0,0.94,23.9,57.8
FAC-001,2026-07-10 08:00:00,416.08,980.1,181.63,75.91,30.3,0.98,23.6,46.2
FAC-001,2026-07-10 09:00:00,411.12,921.9,215.51,77.21,58.84,0.93,27.1,44.8
FAC-001,2026-07-10 10:00:00,439.86,1076.5,233.33,86.47,83.41,0.99,25.9,35.5
FAC-001,2026-07-10 11:00:00,490.49,1011.2,260.34,96.34,93.63,0.99,29.1,41.6
FAC-001,2026-07-10 12:00:00,517.7,1385.9,243.98,123.92,115.23,0.97,27.3,59.1
FAC-001,2026-07-10 13:00:00,766.6,1751.5,498.29,191.12,101.15,0.93,27.1,43.6
FAC-001,2026-07-10 14:00:00,546.63,1139.5,248.25,112.65,105.52,0.93,27.5,38.8
FAC-001,2026-07-10 15:00:00,499.03,1255.8,247.12,98.44,79.92,0.97,26.5,57.6
FAC-001,2026-07-10 16:00:00,508.64,1280.6,222.39,91.8,54.04,0.95,26.2,57.4
FAC-001,2026-07-10 17:00:00,453.97,986.4,235.99,90.35,28.02,0.94,24.5,38.0
FAC-001,2026-07-10 18:00:00,445.28,1099.5,208.14,95.51,0.0,0.95,20.8,48.7
FAC-001,2026-07-10 19:00:00,405.61,1099.5,213.06,91.71,0.0,0.98,20.9,57.5
FAC-001,2026-07-10 20:00:00,171.12,447.8,73.82,40.7,0.0,0.93,18.9,38.0
FAC-001,2026-07-10 21:00:00,167.97,432.0,73.7,37.23,0.0,0.92,17.9,37.6
FAC-001,2026-07-10 22:00:00,177.91,467.8,83.36,43.71,0.0,0.99,18.2,45.8
FAC-001,2026-07-10 23:00:00,163.34,387.1,71.36,37.31,0.0,0.94,15.5,49.4
FAC-001,2026-07-11 00:00:00,151.45,347.2,81.28,32.32,0.0,0.95,15.5,40.2
FAC-001,2026-07-11 01:00:00,143.23,315.0,70.57,34.21,0.0,0.95,17.2,44.6
FAC-001,2026-07-11 02:00:00,139.47,378.3,76.88,26.26,0.0,0.97,15.4,46.9
FAC-001,2026-07-11 03:00:00,136.19,333.0,70.18,33.77,0.0,0.97,17.5,37.9
FAC-001,2026-07-11 04:00:00,154.1,353.7,79.52,28.57,0.0,0.96,20.0,55.4
FAC-001,2026-07-11 05:00:00,141.08,323.9,65.35,26.44,0.0,0.95,20.9,36.8
FAC-001,2026-07-11 06:00:00,136.67,282.9,61.55,32.52,0.0,0.95,23.1,48.9
FAC-001,2026-07-11 07:00:00,144.06,385.8,75.64,35.59,0.0,0.99,24.0,50.7
FAC-001,2026-07-11 08:00:00,216.4,555.4,108.0,49.21,29.52,0.98,26.0,48.5
FAC-001,2026-07-11 09:00:00,219.09,580.1,105.0,53.47,54.51,0.95,25.7,49.3
FAC-001,2026-07-11 10:00:00,216.7,592.7,100.84,39.1,88.51,0.95,26.7,51.8
FAC-001,2026-07-11 11:00:00,261.74,720.6,126.17,61.46,92.02,0.92,28.3,52.2
FAC-001,2026-07-11 12:00:00,269.32,609.0,122.15,60.22,99.17,0.96,27.0,39.3
FAC-001,2026-07-11 13:00:00,266.03,561.9,145.45,49.45,102.95,0.92,28.1,39.1
FAC-001,2026-07-11 14:00:00,236.04,520.9,127.12,58.59,89.36,0.98,27.0,36.3
FAC-001,2026-07-11 15:00:00,254.64,521.5,122.5,46.35,81.82,0.98,24.9,49.7
FAC-001,2026-07-11 16:00:00,262.79,587.5,131.59,52.37,60.06,0.98,25.1,36.3
FAC-001,2026-07-11 17:00:00,246.39,647.6,131.75,48.22,28.25,0.99,23.4,43.4
FAC-001,2026-07-11 18:00:00,206.76,495.1,94.58,48.11,0.0,0.95,21.7,48.2
FAC-001,2026-07-11 19:00:00,210.4,452.5,112.5,49.07,0.0,0.93,20.0,45.2
FAC-001,2026-07-11 20:00:00,133.79,340.1,58.13,27.75,0.0,0.93,18.3,57.2
FAC-001,2026-07-11 21:00:00,139.33,308.4,64.08,29.09,0.0,0.97,18.3,55.6
FAC-001,2026-07-11 22:00:00,136.08,343.4,71.57,27.93,0.0,0.94,18.3,38.9
FAC-001,2026-07-11 23:00:00,155.0,380.7,82.65,35.05,0.0,0.98,16.1,50.5
FAC-001,2026-07-12 00:00:00,142.33,377.5,67.31,31.24,0.0,0.93,16.6,55.6
FAC-001,2026-07-12 01:00:00,150.44,311.2,65.01,35.7,0.0,0.98,15.6,40.3
FAC-001,2026-07-12 02:00:00,138.31,294.7,75.04,25.89,0.0,0.99,17.8,43.1
FAC-001,2026-07-12 03:00:00,146.17,358.7,74.31,33.29,0.0,0.95,18.6,40.7
FAC-001,2026-07-12 04:00:00,137.86,302.9,70.49,32.02,0.0,0.92,19.3,56.2
FAC-001,2026-07-12 05:00:00,149.39,404.7,70.87,31.89,0.0,0.94,19.0,37.0
FAC-001,2026-07-12 06:00:00,133.12,324.1,68.17,27.93,0.0,0.93,22.5,59.1
FAC-001,2026-07-12 07:00:00,152.99,319.7,77.26,33.58,0.0,0.93,23.1,57.9
FAC-001,2026-07-12 08:00:00,196.13,498.6,102.56,39.33,30.14,0.98,25.5,52.0
FAC-001,2026-07-12 09:00:00,214.29,539.3,92.18,42.65,54.11,0.96,24.8,53.2
FAC-001,2026-07-12 10:00:00,240.13,506.2,120.63,48.98,74.23,0.98,27.6,37.6
FAC-001,2026-07-12 11:00:00,253.22,646.4,134.56,47.68,86.6,0.94,26.3,48.5
FAC-001,2026-07-12 12:00:00,270.09,657.7,136.0,58.34,96.12,0.95,27.7,41.0
FAC-001,2026-07-12 13:00:00,247.94,585.1,109.73,47.7,116.12,0.96,29.3,49.6
FAC-001,2026-07-12 14:00:00,248.44,628.8,116.7,51.72,100.3,0.94,27.6,38.2
FAC-001,2026-07-12 15:00:00,259.45,622.7,135.19,60.39,86.72,0.97,25.3,35.6
FAC-001,2026-07-12 16:00:00,242.05,515.7,123.5,57.97,53.85,0.99,24.9,49.6
FAC-001,2026-07-12 17:00:00,218.46,531.3,95.56,40.94,30.52,0.94,24.5,36.0
FAC-001,2026-07-12 18:00:00,228.23,613.1,105.62,46.0,0.0,0.98,22.7,44.1
FAC-001,2026-07-12 19:00:00,206.87,504.9,94.06,47.4,0.0,0.95,19.0,42.9
FAC-001,2026-07-12 20:00:00,150.14,379.3,78.26,30.51,0.0,0.95,18.9,45.3
FAC-001,2026-07-12 21:00:00,138.26,378.5,61.62,30.54,0.0,0.95,17.3,47.6
FAC-001,2026-07-12 22:00:00,147.64,338.9,82.64,31.24,0.0,0.95,18.0,45.4
FAC-001,2026-07-12 23:00:00,147.68,307.8,71.99,33.28,0.0,0.98,16.7,58.9
FAC-001,2026-07-13 00:00:00,175.36,408.4,89.12,38.71,0.0,0.94,15.7,39.1
FAC-001,2026-07-13 01:00:00,167.8,414.2,73.43,36.69,0.0,0.98,15.7,55.1
FAC-001,2026-07-13 02:00:00,164.15,381.7,82.66,39.98,0.0,0.94,15.8,45.8
FAC-001,2026-07-13 03:00:00,164.19,404.3,90.66,38.23,0.0,0.98,17.7,50.8
FAC-001,2026-07-13 04:00:00,183.98,391.8,85.74,45.23,0.0,0.98,18.0,53.1
FAC-001,2026-07-13 05:00:00,173.34,470.4,86.17,38.25,0.0,0.97,21.4,58.8
FAC-001,2026-07-13 06:00:00,274.9,587.0,178.69,54.88,0.0,0.95,21.6,36.4
FAC-001,2026-07-13 07:00:00,187.33,388.7,89.88,36.56,0.0,0.98,23.8,43.8
FAC-001,2026-07-13 08:00:00,419.64,1036.9,225.5,94.08,31.77,0.95,25.1,50.1
FAC-001,2026-07-13 09:00:00,451.95,1118.6,227.92,87.2,52.19,0.97,25.4,51.7
FAC-001,2026-07-13 10:00:00,463.55,1074.7,209.17,89.42,75.37,0.92,27.2,47.1
FAC-001,2026-07-13 11:00:00,515.06,1077.1,231.21,110.94,87.86,0.96,28.9,48.9
FAC-001,2026-07-13 12:00:00,466.98,1134.6,206.75,85.5,98.34,0.97,29.3,56.1
FAC-001,2026-07-13 13:00:00,476.45,1149.8,215.4,89.99,96.96,0.94,29.3,52.1
FAC-001,2026-07-13 14:00:00,481.8,984.3,231.11,105.43,88.16,0.97,26.9,47.2
FAC-001,2026-07-13 15:00:00,464.99,1268.9,220.22,89.46,73.61,0.96,25.7,44.8
FAC-001,2026-07-13 16:00:00,457.05,1112.4,207.17,107.78,59.67,0.95,23.7,42.0
FAC-001,2026-07-13 17:00:00,489.05,1290.1,273.39,96.27,32.34,0.94,23.3,59.5
FAC-001,2026-07-13 18:00:00,464.25,1140.4,219.8,107.32,0.0,0.98,23.1,36.5
FAC-001,2026-07-13 19:00:00,392.04,913.4,189.77,85.62,0.0,0.96,19.4,51.9
FAC-001,2026-07-13 20:00:00,165.67,442.9,74.66,40.83,0.0,0.98,18.1,43.9
FAC-001,2026-07-13 21:00:00,175.54,433.1,85.03,35.99,0.0,0.96,17.7,48.8
FAC-001,2026-07-13 22:00:00,167.84,385.3,88.37,30.51,0.0,0.97,16.1,52.4
FAC-001,2026-07-13 23:00:00,184.34,440.8,96.88,41.05,0.0,0.93,16.0,50.0
FAC-001,2026-07-14 00:00:00,170.04,381.9,73.26,36.51,0.0,0.86,17.3,39.4
FAC-001,2026-07-14 01:00:00,164.49,383.8,84.11,35.95,0.0,0.96,15.3,35.6
FAC-001,2026-07-14 02:00:00,178.17,467.4,97.24,39.52,0.0,0.95,18.0,49.3
FAC-001,2026-07-14 03:00:00,169.49,383.2,77.26,33.44,0.0,0.96,17.5,50.4
FAC-001,2026-07-14 04:00:00,164.39,360.7,74.36,35.55,0.0,0.94,19.9,35.3
FAC-001,2026-07-14 05:00:00,180.76,371.4,96.49,44.34,0.0,0.93,20.3,49.1
FAC-001,2026-07-14 06:00:00,181.04,463.2,99.78,45.22,0.0,0.94,20.6,40.8
FAC-001,2026-07-14 07:00:00,169.13,405.9,77.58,32.08,0.0,0.97,24.3,54.0
FAC-001,2026-07-14 08:00:00,410.06,1112.4,187.5,101.84,30.9,0.94,25.8,52.3
FAC-001,2026-07-14 09:00:00,435.5,1068.7,194.67,98.87,60.3,0.93,25.7,45.7
FAC-001,2026-07-14 10:00:00,486.26,1061.5,223.77,101.32,76.5,0.97,26.8,53.8
FAC-001,2026-07-14 11:00:00,515.61,1177.8,233.97,127.32,94.27,0.92,26.6,41.2
FAC-001,2026-07-14 12:00:00,528.2,1403.5,287.24,106.26,113.27,0.97,28.6,58.6
FAC-001,2026-07-14 13:00:00,497.26,1057.4,246.18,111.98,105.55,0.94,28.9,38.4
FAC-001,2026-07-14 14:00:00,497.03,1352.4,256.52,115.62,103.14,0.94,26.1,52.6
FAC-001,2026-07-14 15:00:00,517.64,1076.0,239.56,124.81,74.81,0.97,27.3,44.6
FAC-001,2026-07-14 16:00:00,514.85,1239.8,258.12,99.49,60.19,0.96,26.0,55.7
FAC-001,2026-07-14 17:00:00,438.36,1008.8,236.3,99.49,31.22,0.98,22.4,45.2
FAC-001,2026-07-14 18:00:00,410.95,918.4,228.07,93.51,0.0,0.94,21.4,54.4
FAC-001,2026-07-14 19:00:00,391.99,1075.1,169.1,85.49,0.0,0.95,20.0,48.0
FAC-001,2026-07-14 20:00:00,186.7,399.5,92.55,40.24,0.0,0.99,17.7,51.6
FAC-001,2026-07-14 21:00:00,173.61,378.6,84.18,40.79,0.0,0.98,17.5,46.5
FAC-001,2026-07-14 22:00:00,183.1,452.1,90.94,37.07,0.0,0.99,18.1,43.6
FAC-001,2026-07-14 23:00:00,167.67,342.1,81.22,32.76,0.0,0.98,16.9,39.2
FAC-001,2026-07-15 00:00:00,163.82,385.0,85.86,40.14,0.0,0.93,15.5,44.4
FAC-001,2026-07-15 01:00:00,182.16,502.0,80.95,33.24,0.0,0.94,15.3,36.0
FAC-001,2026-07-15 02:00:00,184.52,466.2,87.53,38.95,0.0,0.96,17.9,35.2
FAC-001,2026-07-15 03:00:00,174.89,481.0,97.68,37.4,0.0,0.97,17.9,59.8
FAC-001,2026-07-15 04:00:00,164.66,336.7,85.92,33.62,0.0,0.95,20.0,43.4
FAC-001,2026-07-15 05:00:00,161.94,357.6,76.11,31.88,0.0,0.92,20.6,42.3
FAC-001,2026-07-15 06:00:00,172.53,413.2,93.83,41.99,0.0,0.94,23.4,36.5
FAC-001,2026-07-15 07:00:00,170.31,362.5,80.33,32.61,0.0,0.96,22.3,57.7
FAC-001,2026-07-15 08:00:00,437.38,970.0,219.04,81.11,32.85,0.98,26.1,35.3
FAC-001,2026-07-15 09:00:00,462.15,1238.3,254.89,112.6,61.39,0.93,25.6,44.4
FAC-001,2026-07-15 10:00:00,471.24,1066.6,212.43,107.63,74.78,0.96,27.9,51.1
FAC-001,2026-07-15 11:00:00,492.23,1018.3,217.25,101.6,95.02,0.94,29.2,43.8
FAC-001,2026-07-15 12:00:00,477.48,1236.5,229.66,117.62,97.36,0.93,27.6,54.4
FAC-001,2026-07-15 13:00:00,521.46,1408.3,237.24,99.19,115.03,0.98,28.7,36.7
FAC-001,2026-07-15 14:00:00,495.79,1224.3,254.16,101.6,89.62,0.98,26.1,39.9
FAC-001,2026-07-15 15:00:00,487.21,1121.1,250.21,108.19,83.73,0.98,26.1,55.0
FAC-001,2026-07-15 16:00:00,458.06,942.8,249.59,93.45,59.75,0.97,23.7,50.2
FAC-001,2026-07-15 17:00:00,459.43,966.9,202.37,87.43,28.7,0.85,22.4,42.7
FAC-001,2026-07-15 18:00:00,419.06,1019.8,232.81,81.47,0.0,0.98,22.1,39.9
FAC-001,2026-07-15 19:00:00,443.72,1147.9,209.71,91.43,0.0,0.94,21.2,49.9
FAC-001,2026-07-15 20:00:00,163.32,359.9,75.69,34.71,0.0,0.97,18.8,43.6
FAC-001,2026-07-15 21:00:00,174.45,470.1,86.1,35.7,0.0,0.96,18.7,43.5
FAC-001,2026-07-15 22:00:00,185.81,504.9,88.67,43.77,0.0,0.96,17.7,56.1
FAC-001,2026-07-15 23:00:00,163.36,386.2,78.78,37.11,0.0,0.97,16.6,39.7
FAC-001,2026-07-16 00:00:00,177.29,457.2,80.94,35.53,0.0,0.95,17.4,52.9
FAC-001,2026-07-16 01:00:00,173.95,420.6,85.54,42.24,0.0,0.97,16.0,38.1
FAC-001,2026-07-16 02:00:00,161.95,358.6,70.47,40.23,0.0,0.97,17.0,38.8
FAC-001,2026-07-16 03:00:00,178.82,490.4,93.89,41.82,0.0,0.96,18.2,36.7
FAC-001,2026-07-16 04:00:00,165.28,408.3,78.11,39.19,0.0,0.95,20.1,43.5
FAC-001,2026-07-16 05:00:00,164.4,356.9,87.29,39.35,0.0,0.95,21.1,48.4
FAC-001,2026-07-16 06:00:00,167.45,380.4,76.61,30.63,0.0,0.96,22.5,45.9
FAC-001,2026-07-16 07:00:00,182.17,378.6,100.36,39.52,0.0,0.97,23.0,48.3
FAC-001,2026-07-16 08:00:00,422.69,1157.4,190.89,87.32,30.72,0.97,25.8,49.8
FAC-001,2026-07-16 09:00:00,454.86,1101.0,232.45,101.06,57.4,0.94,25.3,55.1
FAC-001,2026-07-16 10:00:00,436.83,978.2,212.61,98.76,79.36,0.96,28.5,58.1
FAC-001,2026-07-16 11:00:00,475.1,1084.3,249.82,86.74,96.27,0.85,28.5,47.1
FAC-001,2026-07-16 12:00:00,541.37,1292.9,269.25,120.72,99.48,0.95,26.8,55.9
FAC-001,2026-07-16 13:00:00,486.08,1193.5,240.92,113.65,95.6,0.82,28.8,37.9
FAC-001,2026-07-16 14:00:00,505.95,1046.7,273.07,100.36,95.19,0.95,27.4,43.3
FAC-001,2026-07-16 15:00:00,471.65,1290.3,225.3,88.18,84.92,0.99,26.5,52.5
FAC-001,2026-07-16 16:00:00,498.77,1118.7,244.02,106.61,60.65,0.94,23.7,47.1
FAC-001,2026-07-16 17:00:00,476.16,1263.5,238.57,94.03,28.99,0.96,22.4,35.4
FAC-001,2026-07-16 18:00:00,434.33,1177.7,220.82,80.6,0.0,0.96,22.2,54.2
FAC-001,2026-07-16 19:00:00,441.28,1098.3,226.96,107.21,0.0,0.93,19.6,57.7
FAC-001,2026-07-16 20:00:00,180.97,467.7,84.9,34.91,0.0,0.95,19.3,36.0
FAC-001,2026-07-16 21:00:00,175.11,383.6,78.67,43.59,0.0,0.93,18.6,45.6
FAC-001,2026-07-16 22:00:00,162.51,427.1,70.61,34.32,0.0,0.98,16.9,57.8
FAC-001,2026-07-16 23:00:00,185.28,478.2,82.89,45.48,0.0,0.99,15.8,58.5
FAC-001,2026-07-17 00:00:00,171.27,464.0,89.25,40.0,0.0,0.93,16.7,36.6
FAC-001,2026-07-17 01:00:00,169.88,425.2,79.77,42.27,0.0,0.97,15.8,55.0
FAC-001,2026-07-17 02:00:00,186.41,409.6,84.53,45.92,0.0,0.94,16.5,50.2
FAC-001,2026-07-17 03:00:00,182.83,412.5,84.04,33.66,0.0,0.95,17.3,45.0
FAC-001,2026-07-17 04:00:00,178.35,440.6,97.19,34.0,0.0,0.97,19.6,45.3
FAC-001,2026-07-17 05:00:00,162.13,335.2,84.3,36.69,0.0,0.95,20.2,47.5
FAC-001,2026-07-17 06:00:00,182.12,484.9,92.09,42.95,0.0,0.95,21.7,59.2
FAC-001,2026-07-17 07:00:00,164.26,400.1,89.06,35.09,0.0,0.95,22.7,55.7
FAC-001,2026-07-17 08:00:00,386.35,918.7,214.94,83.41,28.66,0.98,24.1,38.2
FAC-001,2026-07-17 09:00:00,462.9,1055.2,227.43,90.69,53.48,0.99,27.7,47.1
FAC-001,2026-07-17 10:00:00,497.18,1032.2,243.54,114.19,88.6,0.93,26.5,39.6
FAC-001,2026-07-17 11:00:00,451.18,1117.2,239.43,85.46,96.13,0.87,26.3,54.0
FAC-001,2026-07-17 12:00:00,497.92,1333.9,248.77,106.25,102.86,0.98,28.3,58.2
FAC-001,2026-07-17 13:00:00,511.76,1096.6,250.18,102.1,115.49,0.96,27.1,45.1
FAC-001,2026-07-17 14:00:00,474.64,1118.5,239.79,88.18,89.75,0.96,26.6,37.2
FAC-001,2026-07-17 15:00:00,540.9,1457.7,299.02,110.04,81.61,0.92,27.6,37.3
FAC-001,2026-07-17 16:00:00,524.57,1240.1,262.22,94.94,54.59,0.97,26.5,42.2
FAC-001,2026-07-17 17:00:00,470.4,1248.6,227.08,90.24,32.99,0.95,22.7,48.6
FAC-001,2026-07-17 18:00:00,444.12,1152.9,248.15,98.95,0.0,0.93,21.5,45.8
FAC-001,2026-07-17 19:00:00,414.95,948.7,221.26,91.44,0.0,0.98,19.6,47.6
FAC-001,2026-07-17 20:00:00,162.18,382.9,83.41,34.99,0.0,0.99,20.1,38.5
FAC-001,2026-07-17 21:00:00,186.36,430.1,94.26,42.91,0.0,0.93,17.4,56.7
FAC-001,2026-07-17 22:00:00,189.14,433.2,104.89,37.32,0.0,0.98,16.6,43.0
FAC-001,2026-07-17 23:00:00,181.29,376.6,84.4,41.98,0.0,0.92,15.8,42.9
FAC-001,2026-07-18 00:00:00,139.87,383.5,63.64,28.21,0.0,0.95,16.2,59.6
FAC-001,2026-07-18 01:00:00,148.18,311.7,77.51,32.97,0.0,0.97,16.5,53.5
FAC-001,2026-07-18 02:00:00,151.87,360.2,65.9,36.31,0.0,0.94,18.2,36.8
FAC-001,2026-07-18 03:00:00,140.49,299.3,71.74,30.65,0.0,0.94,16.9,45.3
FAC-001,2026-07-18 04:00:00,137.49,377.1,65.67,28.51,0.0,0.99,18.2,36.7
FAC-001,2026-07-18 05:00:00,138.63,368.5,68.73,32.5,0.0,0.98,21.0,42.8
FAC-001,2026-07-18 06:00:00,148.64,338.5,64.11,31.01,0.0,0.97,21.4,55.3
FAC-001,2026-07-18 07:00:00,142.76,314.4,74.88,32.62,0.0,0.97,24.8,38.9
FAC-001,2026-07-18 08:00:00,210.27,516.7,97.92,44.83,28.93,0.98,25.4,48.0
FAC-001,2026-07-18 09:00:00,212.05,509.6,104.74,42.77,53.67,0.94,26.1,38.3
FAC-001,2026-07-18 10:00:00,247.71,649.4,129.3,46.43,85.08,0.97,27.6,55.9
FAC-001,2026-07-18 11:00:00,250.0,625.0,122.4,54.25,87.3,0.93,27.2,48.6
FAC-001,2026-07-18 12:00:00,259.38,556.3,138.34,49.65,96.54,0.98,27.9,37.7
FAC-001,2026-07-18 13:00:00,270.56,573.8,145.47,60.56,95.9,0.92,26.7,41.5
FAC-001,2026-07-18 14:00:00,273.62,580.3,139.37,65.24,101.07,0.97,27.6,43.5
FAC-001,2026-07-18 15:00:00,242.14,615.4,112.91,59.36,72.36,0.97,27.7,59.4
FAC-001,2026-07-18 16:00:00,256.85,644.2,132.03,57.87,53.02,0.99,24.8,36.0
FAC-001,2026-07-18 17:00:00,246.17,577.9,128.3,52.23,27.17,0.95,24.0,42.8
FAC-001,2026-07-18 18:00:00,206.14,473.3,114.7,42.3,0.0,0.97,22.6,41.7
FAC-001,2026-07-18 19:00:00,195.53,483.0,100.74,35.74,0.0,0.98,20.3,46.5
FAC-001,2026-07-18 20:00:00,147.93,346.6,79.4,29.16,0.0,0.98,18.2,48.8
FAC-001,2026-07-18 21:00:00,134.83,348.8,73.95,32.01,0.0,0.92,17.6,43.6
FAC-001,2026-07-18 22:00:00,134.58,292.6,71.11,29.71,0.0,0.93,15.5,49.7
FAC-001,2026-07-18 23:00:00,132.88,349.5,57.98,29.25,0.0,0.94,16.5,41.9
FAC-001,2026-07-19 00:00:00,216.66,547.3,140.83,50.25,0.0,0.93,14.9,38.2
FAC-001,2026-07-19 01:00:00,152.26,330.8,84.53,34.1,0.0,0.93,16.4,50.5
FAC-001,2026-07-19 02:00:00,148.68,383.3,80.06,27.35,0.0,0.98,17.2,42.9
FAC-001,2026-07-19 03:00:00,133.25,340.2,67.34,25.54,0.0,0.93,17.7,57.9
FAC-001,2026-07-19 04:00:00,135.8,366.2,71.79,29.2,0.0,0.93,18.2,38.9
FAC-001,2026-07-19 05:00:00,146.16,345.3,77.19,29.47,0.0,0.95,19.8,42.4
FAC-001,2026-07-19 06:00:00,145.49,324.6,67.33,35.51,0.0,0.98,22.5,57.7
FAC-001,2026-07-19 07:00:00,154.79,349.4,75.67,38.11,0.0,0.93,22.3,38.6
FAC-001,2026-07-19 08:00:00,205.44,514.3,109.59,39.01,27.64,0.93,24.0,58.1
FAC-001,2026-07-19 09:00:00,216.35,547.7,111.48,47.08,59.67,0.96,24.9,46.4
FAC-001,2026-07-19 10:00:00,236.55,600.4,127.31,59.0,74.72,0.97,28.7,52.2
FAC-001,2026-07-19 11:00:00,255.94,592.7,113.62,60.06,105.14,0.96,27.6,42.8
FAC-001,2026-07-19 12:00:00,269.23,692.2,148.7,51.76,113.63,0.94,27.3,57.8
FAC-001,2026-07-19 13:00:00,264.55,611.2,122.6,60.94,94.85,0.96,28.8,40.9
FAC-001,2026-07-19 14:00:00,251.64,678.1,127.7,47.19,86.94,0.94,28.7,40.3
FAC-001,2026-07-19 15:00:00,258.22,674.6,143.44,63.03,80.46,0.93,27.6,39.1
FAC-001,2026-07-19 16:00:00,228.65,481.0,106.4,54.22,56.05,0.94,25.4,45.4
FAC-001,2026-07-19 17:00:00,252.15,524.7,135.33,50.36,27.26,0.93,24.8,47.4
FAC-001,2026-07-19 18:00:00,219.61,505.1,114.66,50.78,0.0,0.96,21.6,48.4
FAC-001,2026-07-19 19:00:00,207.15,541.4,111.05,43.55,0.0,0.96,20.2,50.1
FAC-001,2026-07-19 20:00:00,142.1,291.6,63.77,26.51,0.0,0.98,18.1,53.4
FAC-001,2026-07-19 21:00:00,144.14,382.4,65.03,35.63,0.0,0.98,18.5,38.6
FAC-001,2026-07-19 22:00:00,192.76,394.3,97.59,41.69,0.0,0.95,16.6,53.3
FAC-001,2026-07-19 23:00:00,151.21,334.2,76.59,29.45,0.0,0.96,16.0,41.5
FAC-001,2026-07-20 00:00:00,180.77,395.4,88.26,38.71,0.0,0.96,17.5,47.0
FAC-001,2026-07-20 01:00:00,177.85,420.6,97.67,41.98,0.0,0.97,16.2,39.8
FAC-001,2026-07-20 02:00:00,168.84,460.2,92.68,34.36,0.0,0.96,16.9,38.2
FAC-001,2026-07-20 03:00:00,164.71,428.3,84.16,34.8,0.0,0.94,17.5,58.2
FAC-001,2026-07-20 04:00:00,173.72,477.5,86.38,32.29,0.0,0.97,19.3,37.7
FAC-001,2026-07-20 05:00:00,166.84,426.6,85.8,32.9,0.0,0.97,20.8,57.3
FAC-001,2026-07-20 06:00:00,171.24,397.3,79.16,42.67,0.0,0.97,21.1,41.0
FAC-001,2026-07-20 07:00:00,173.5,474.6,79.89,31.47,0.0,0.94,22.1,52.0
FAC-001,2026-07-20 08:00:00,392.48,813.3,176.91,92.35,30.71,0.96,24.6,54.2
FAC-001,2026-07-20 09:00:00,435.98,1041.3,241.15,90.88,60.82,0.98,25.0,58.4
FAC-001,2026-07-20 10:00:00,489.71,1101.0,223.37,115.75,86.34,0.99,26.1,48.4
FAC-001,2026-07-20 11:00:00,499.9,1071.3,216.06,123.59,87.51,0.92,29.1,51.6
FAC-001,2026-07-20 12:00:00,464.13,971.0,232.28,98.47,105.29,0.97,28.8,47.1
FAC-001,2026-07-20 13:00:00,523.14,1126.4,236.67,126.11,107.83,0.99,26.5,50.7
FAC-001,2026-07-20 14:00:00,535.85,1268.7,287.39,133.17,96.82,0.97,27.3,48.7
FAC-001,2026-07-20 15:00:00,496.72,1045.8,268.69,119.18,73.63,0.94,25.1,53.0
FAC-001,2026-07-20 16:00:00,498.18,1245.6,237.28,117.18,54.3,0.94,26.1,38.2
FAC-001,2026-07-20 17:00:00,474.91,1208.3,212.06,99.7,27.84,0.97,23.6,55.4
FAC-001,2026-07-20 18:00:00,444.0,1176.9,245.77,96.57,0.0,0.95,22.0,56.2
FAC-001,2026-07-20 19:00:00,409.58,1004.5,193.87,87.83,0.0,0.94,20.4,43.4
FAC-001,2026-07-20 20:00:00,168.65,364.6,93.33,33.96,0.0,0.95,17.6,43.1
FAC-001,2026-07-20 21:00:00,177.46,485.4,84.53,37.5,0.0,0.95,17.0,46.4
FAC-001,2026-07-20 22:00:00,167.72,392.7,87.58,30.44,0.0,0.97,17.0,40.1
FAC-001,2026-07-20 23:00:00,163.39,436.2,88.37,31.68,0.0,0.94,15.7,57.6
FAC-001,2026-07-21 00:00:00,166.95,364.1,82.49,31.01,0.0,0.99,15.6,58.1
FAC-001,2026-07-21 01:00:00,169.52,466.5,88.37,38.33,0.0,0.94,14.9,37.8
FAC-001,2026-07-21 02:00:00,275.59,621.7,179.13,59.44,0.0,0.93,16.4,53.9
FAC-001,2026-07-21 03:00:00,164.1,383.3,70.95,30.71,0.0,0.99,18.7,46.7
FAC-001,2026-07-21 04:00:00,164.97,356.5,89.72,38.74,0.0,0.96,19.4,58.7
FAC-001,2026-07-21 05:00:00,177.13,385.2,77.32,32.66,0.0,0.92,21.1,38.4
FAC-001,2026-07-21 06:00:00,166.28,383.8,78.01,32.83,0.0,0.94,21.7,59.7
FAC-001,2026-07-21 07:00:00,165.92,438.4,72.49,37.13,0.0,0.96,23.7,39.3
FAC-001,2026-07-21 08:00:00,403.94,1106.2,204.86,78.65,27.56,0.92,25.9,42.4
FAC-001,2026-07-21 09:00:00,417.93,1134.7,217.6,94.03,60.95,0.97,25.5,56.1
FAC-001,2026-07-21 10:00:00,435.9,1093.3,227.29,90.74,87.52,0.93,26.5,43.4
FAC-001,2026-07-21 11:00:00,453.47,1039.6,224.26,85.54,94.77,0.97,26.8,44.2
FAC-001,2026-07-21 12:00:00,475.25,1095.0,253.69,109.07,98.45,0.93,26.9,59.6
FAC-001,2026-07-21 13:00:00,502.05,1087.3,253.64,122.4,106.52,0.95,28.2,51.3
FAC-001,2026-07-21 14:00:00,543.24,1397.8,298.55,101.39,97.68,0.97,26.2,54.9
FAC-001,2026-07-21 15:00:00,470.0,964.9,230.44,90.32,77.66,0.95,26.6,51.6
FAC-001,2026-07-21 16:00:00,466.31,1278.5,207.82,111.73,53.37,0.98,26.4,37.4
FAC-001,2026-07-21 17:00:00,478.25,1164.8,227.41,117.16,27.24,0.96,22.8,44.1
FAC-001,2026-07-21 18:00:00,421.42,1076.2,226.51,92.45,0.0,0.93,23.1,45.8
FAC-001,2026-07-21 19:00:00,412.82,1125.0,185.18,85.56,0.0,0.94,21.6,43.8
FAC-001,2026-07-21 20:00:00,182.32,430.0,85.78,42.81,0.0,0.95,18.6,46.1
FAC-001,2026-07-21 21:00:00,172.26,396.3,85.85,40.76,0.0,0.96,17.1,41.9
FAC-001,2026-07-21 22:00:00,182.29,375.7,92.06,41.08,0.0,0.96,16.9,44.0
FAC-001,2026-07-21 23:00:00,167.36,397.6,92.65,34.91,0.0,0.86,16.3,47.7
FAC-001,2026-07-22 00:00:00,182.89,433.8,82.64,35.35,0.0,0.94,16.4,51.3
FAC-001,2026-07-22 01:00:00,173.68,476.9,76.33,34.59,0.0,0.96,14.7,48.0
FAC-001,2026-07-22 02:00:00,177.95,432.3,97.82,44.09,0.0,0.95,17.3,36.6
FAC-001,2026-07-22 03:00:00,168.69,414.8,82.84,35.74,0.0,0.94,17.8,55.8
FAC-001,2026-07-22 04:00:00,171.45,375.6,94.57,41.81,0.0,0.92,20.0,59.2
FAC-001,2026-07-22 05:00:00,178.83,396.6,89.22,32.54,0.0,0.95,20.6,53.6
FAC-001,2026-07-22 06:00:00,177.83,458.8,78.5,37.16,0.0,0.97,21.3,47.5
FAC-001,2026-07-22 07:00:00,174.33,381.2,94.38,39.73,0.0,0.98,24.7,43.2
FAC-001,2026-07-22 08:00:00,416.8,1107.3,230.19,76.42,29.04,0.95,24.8,44.6
FAC-001,2026-07-22 09:00:00,461.61,961.0,228.8,115.03,57.1,0.94,25.2,58.7
FAC-001,2026-07-22 10:00:00,450.55,1205.1,228.34,103.85,87.88,0.96,27.4,48.8
FAC-001,2026-07-22 11:00:00,459.33,1176.1,229.13,91.32,87.03,0.92,27.9,59.2
FAC-001,2026-07-22 12:00:00,468.18,1100.2,234.9,111.84,116.33,0.94,27.1,50.4
FAC-001,2026-07-22 13:00:00,473.5,1289.4,224.98,94.02,109.44,0.94,26.5,48.5
FAC-001,2026-07-22 14:00:00,546.51,1369.7,289.45,123.54,103.38,0.99,28.5,47.9
FAC-001,2026-07-22 15:00:00,505.59,1258.0,225.74,111.98,80.12,0.92,26.2,58.8
FAC-001,2026-07-22 16:00:00,482.64,1127.3,252.38,107.27,55.09,0.94,23.9,44.3
FAC-001,2026-07-22 17:00:00,648.26,1327.1,344.53,120.32,29.82,0.93,24.4,57.9
FAC-001,2026-07-22 18:00:00,456.03,1192.7,199.2,107.08,0.0,0.96,23.0,53.2
FAC-001,2026-07-22 19:00:00,393.08,1026.2,180.56,76.58,0.0,0.93,21.9,35.6
FAC-001,2026-07-22 20:00:00,172.21,463.1,92.89,37.68,0.0,0.82,18.3,51.7
FAC-001,2026-07-22 21:00:00,174.87,458.1,88.99,33.78,0.0,0.99,17.7,37.2
FAC-001,2026-07-22 22:00:00,176.08,401.6,79.02,37.14,0.0,0.96,15.3,54.0
FAC-001,2026-07-22 23:00:00,172.23,469.8,75.24,40.1,0.0,0.94,15.3,49.4
FAC-001,2026-07-23 00:00:00,171.95,398.6,89.52,37.69,0.0,0.95,14.5,37.0
FAC-001,2026-07-23 01:00:00,164.11,366.8,85.65,40.11,0.0,0.95,17.3,58.5
FAC-001,2026-07-23 02:00:00,164.36,391.0,84.97,34.31,0.0,0.92,17.7,46.3
FAC-001,2026-07-23 03:00:00,172.73,386.2,93.46,40.15,0.0,0.93,19.0,49.5
FAC-001,2026-07-23 04:00:00,178.71,431.9,85.35,42.26,0.0,0.93,19.1,58.4
FAC-001,2026-07-23 05:00:00,186.41,385.2,98.67,36.79,0.0,0.93,19.5,44.3
FAC-001,2026-07-23 06:00:00,182.35,435.7,81.09,38.01,0.0,0.96,21.0,55.2
FAC-001,2026-07-23 07:00:00,177.57,447.4,92.5,37.08,0.0,0.96,23.1,57.7
FAC-001,2026-07-23 08:00:00,388.4,930.6,189.72,90.48,31.83,0.98,24.7,57.5
FAC-001,2026-07-23 09:00:00,456.21,1036.0,247.11,84.95,61.94,0.93,26.0,41.3
FAC-001,2026-07-23 10:00:00,440.57,1008.7,206.41,96.95,79.43,0.97,28.0,43.3
FAC-001,2026-07-23 11:00:00,461.35,1023.0,206.2,94.2,103.05,0.92,28.9,50.8
FAC-001,2026-07-23 12:00:00,507.78,1351.9,253.17,114.7,99.4,0.94,26.5,44.3
FAC-001,2026-07-23 13:00:00,514.58,1300.6,226.14,121.09,99.06,0.98,28.5,51.5
FAC-001,2026-07-23 14:00:00,536.28,1240.3,251.15,117.97,101.79,0.94,28.2,58.2
FAC-001,2026-07-23 15:00:00,516.33,1316.9,282.65,96.5,75.88,0.98,26.0,37.2
FAC-001,2026-07-23 16:00:00,467.5,1232.3,218.72,109.42,52.38,0.95,23.8,43.4
FAC-001,2026-07-23 17:00:00,502.45,1362.7,268.78,106.61,28.23,0.94,23.7,58.6
FAC-001,2026-07-23 18:00:00,615.5,1637.6,339.75,115.67,0.0,0.95,22.5,36.9
FAC-001,2026-07-23 19:00:00,409.87,925.9,191.56,89.78,0.0,0.85,21.5,49.3
FAC-001,2026-07-23 20:00:00,170.0,366.9,79.3,32.5,0.0,0.94,20.2,59.4
FAC-001,2026-07-23 21:00:00,186.74,497.9,88.27,35.09,0.0,0.96,17.5,42.2
FAC-001,2026-07-23 22:00:00,174.69,401.0,97.58,32.11,0.0,0.95,16.3,53.2
FAC-001,2026-07-23 23:00:00,188.35,458.9,100.7,45.12,0.0,0.98,15.9,42.9
FAC-001,2026-07-24 00:00:00,169.96,358.7,94.33,34.31,0.0,0.96,14.8,40.5
FAC-001,2026-07-24 01:00:00,174.12,408.7,92.97,40.35,0.0,0.94,17.0,36.3
FAC-001,2026-07-24 02:00:00,267.27,724.7,131.5,52.52,0.0,0.98,16.8,48.0
FAC-001,2026-07-24 03:00:00,189.12,412.7,86.61,44.78,0.0,0.93,17.5,58.3
FAC-001,2026-07-24 04:00:00,176.32,379.6,96.87,42.9,0.0,0.95,18.0,59.2
FAC-001,2026-07-24 05:00:00,166.62,449.0,74.27,30.99,0.0,0.93,20.3,50.0
FAC-001,2026-07-24 06:00:00,168.31,438.0,92.75,41.0,0.0,0.92,22.4,41.9
FAC-001,2026-07-24 07:00:00,179.77,376.8,78.98,43.8,0.0,0.96,23.2,39.5
FAC-001,2026-07-24 08:00:00,446.48,1020.2,221.19,82.96,30.73,0.98,24.1,39.8
FAC-001,2026-07-24 09:00:00,426.43,1012.8,225.9,82.9,55.36,0.99,25.4,44.0
FAC-001,2026-07-24 10:00:00,468.65,1085.5,229.58,113.91,87.69,0.95,28.1,35.1
FAC-002,2026-06-24 10:00:00,693.07,1734.9,318.72,134.43,108.88,0.94,26.4,55.0
FAC-002,2026-06-24 11:00:00,730.84,1604.2,353.79,181.58,136.03,0.94,27.4,57.8
FAC-002,2026-06-24 12:00:00,744.35,1821.8,410.49,136.51,148.34,0.84,28.4,52.5
FAC-002,2026-06-24 13:00:00,744.53,2026.8,329.2,156.28,145.63,0.95,28.6,47.4
FAC-002,2026-06-24 14:00:00,804.8,1970.0,436.79,182.78,131.33,0.97,26.4,57.1
FAC-002,2026-06-24 15:00:00,1139.0,2618.6,559.92,205.59,128.73,0.96,26.9,58.9
FAC-002,2026-06-24 16:00:00,721.07,1536.6,399.46,162.2,82.62,0.98,25.5,46.8
FAC-002,2026-06-24 17:00:00,713.27,1679.0,312.33,149.03,45.41,0.97,24.4,36.0
FAC-002,2026-06-24 18:00:00,668.46,1509.6,368.67,159.39,0.0,0.95,21.0,35.8
FAC-002,2026-06-24 19:00:00,598.11,1620.0,275.84,111.15,0.0,0.96,21.7,43.6
FAC-002,2026-06-24 20:00:00,244.52,633.8,111.08,58.24,0.0,0.94,19.1,35.0
FAC-002,2026-06-24 21:00:00,251.68,564.1,116.42,59.5,0.0,0.93,18.9,41.0
FAC-002,2026-06-24 22:00:00,257.93,677.9,135.98,56.37,0.0,0.99,17.1,47.3
FAC-002,2026-06-24 23:00:00,284.46,716.8,136.5,54.23,0.0,0.94,16.5,46.1
FAC-002,2026-06-25 00:00:00,254.07,639.7,124.07,55.3,0.0,0.97,16.4,38.8
FAC-002,2026-06-25 01:00:00,259.06,566.8,135.96,47.0,0.0,0.95,16.3,58.2
FAC-002,2026-06-25 02:00:00,263.6,584.6,117.45,62.26,0.0,0.98,18.1,48.0
FAC-002,2026-06-25 03:00:00,275.76,569.4,123.27,61.24,0.0,0.95,16.8,44.1
FAC-002,2026-06-25 04:00:00,269.2,584.6,118.36,57.95,0.0,0.96,19.2,53.5
FAC-002,2026-06-25 05:00:00,275.2,689.8,133.82,58.86,0.0,0.92,20.8,42.7
FAC-002,2026-06-25 06:00:00,246.72,525.9,135.7,56.31,0.0,0.94,23.0,36.1
FAC-002,2026-06-25 07:00:00,280.46,696.0,120.93,54.44,0.0,0.94,22.1,41.1
FAC-002,2026-06-25 08:00:00,615.6,1340.6,322.35,150.38,44.09,0.96,25.9,36.6
FAC-002,2026-06-25 09:00:00,672.21,1797.0,368.35,126.76,86.9,0.95,25.0,42.0
FAC-002,2026-06-25 10:00:00,751.84,1621.5,350.92,159.59,124.97,0.95,28.3,50.7
FAC-002,2026-06-25 11:00:00,689.01,1537.0,380.99,130.42,153.57,0.99,28.6,40.5
FAC-002,2026-06-25 12:00:00,769.22,2062.2,407.76,144.06,173.35,0.94,28.1,46.5
FAC-002,2026-06-25 13:00:00,776.46,1974.9,407.55,162.1,162.27,0.97,28.9,46.5
FAC-002,2026-06-25 14:00:00,734.86,1895.8,362.13,177.89,141.46,0.93,28.7,54.3
FAC-002,2026-06-25 15:00:00,755.16,1959.9,347.65,157.58,127.73,0.94,26.5,44.5
FAC-002,2026-06-25 16:00:00,745.15,1614.8,374.65,159.5,86.38,0.98,23.9,54.2
FAC-002,2026-06-25 17:00:00,752.08,1595.2,359.47,142.51,45.14,0.99,22.8,45.2
FAC-002,2026-06-25 18:00:00,695.9,1674.7,340.52,133.58,0.0,0.93,22.2,52.9
FAC-002,2026-06-25 19:00:00,665.16,1419.9,367.83,131.12,0.0,0.94,21.9,56.5
FAC-002,2026-06-25 20:00:00,282.9,667.2,137.22,51.11,0.0,0.92,18.5,46.8
FAC-002,2026-06-25 21:00:00,279.58,735.3,144.28,58.82,0.0,0.98,17.9,42.1
FAC-002,2026-06-25 22:00:00,271.12,711.7,146.99,51.89,0.0,0.98,16.1,57.6
FAC-002,2026-06-25 23:00:00,266.21,681.1,116.22,48.74,0.0,0.95,15.3,51.7
FAC-002,2026-06-26 00:00:00,401.54,959.3,176.8,83.13,0.0,0.94,17.4,51.0
FAC-002,2026-06-26 01:00:00,378.52,978.9,205.82,70.64,0.0,0.96,14.9,38.5
FAC-002,2026-06-26 02:00:00,251.66,564.8,124.7,54.9,0.0,0.99,17.5,36.9
FAC-002,2026-06-26 03:00:00,263.7,568.0,118.9,65.52,0.0,0.95,18.2,38.2
FAC-002,2026-06-26 04:00:00,254.48,686.6,138.8,46.53,0.0,0.98,19.9,35.8
FAC-002,2026-06-26 05:00:00,265.12,553.5,124.45,54.45,0.0,0.86,20.3,58.7
FAC-002,2026-06-26 06:00:00,265.36,554.3,130.74,60.82,0.0,0.93,22.7,39.7
FAC-002,2026-06-26 07:00:00,251.97,577.9,136.57,61.97,0.0,0.94,22.9,51.4
FAC-002,2026-06-26 08:00:00,668.33,1610.0,321.81,152.76,44.86,0.94,24.9,52.7
FAC-002,2026-06-26 09:00:00,646.42,1397.1,281.51,138.81,87.09,0.97,27.6,39.9
FAC-002,2026-06-26 10:00:00,724.82,1729.2,354.44,157.9,129.5,0.95,27.4,39.7
FAC-002,2026-06-26 11:00:00,753.25,1602.2,385.91,140.83,148.36,0.93,27.5,49.7
FAC-002,2026-06-26 12:00:00,746.65,1892.7,338.03,185.99,160.01,0.94,29.4,42.2
FAC-002,2026-06-26 13:00:00,784.91,1758.4,340.03,185.8,159.19,0.92,29.0,52.2
FAC-002,2026-06-26 14:00:00,713.26,1641.8,370.74,156.97,142.26,0.94,28.6,39.4
FAC-002,2026-06-26 15:00:00,745.83,1782.1,364.02,147.52,128.87,0.96,25.3,37.1
FAC-002,2026-06-26 16:00:00,697.21,1657.8,362.35,144.55,84.76,0.95,24.4,51.6
FAC-002,2026-06-26 17:00:00,677.85,1394.1,332.02,131.19,42.22,0.98,22.7,42.0
FAC-002,2026-06-26 18:00:00,679.38,1552.1,298.77,128.67,0.0,0.97,21.3,51.3
FAC-002,2026-06-26 19:00:00,627.64,1553.3,305.55,124.74,0.0,0.98,20.8,45.1
FAC-002,2026-06-26 20:00:00,253.74,684.6,124.92,52.2,0.0,0.95,18.7,55.9
FAC-002,2026-06-26 21:00:00,268.82,555.8,127.27,63.78,0.0,0.98,17.5,47.4
FAC-002,2026-06-26 22:00:00,243.42,556.7,132.25,51.43,0.0,0.93,16.8,45.1
FAC-002,2026-06-26 23:00:00,260.66,683.3,144.66,57.85,0.0,0.93,15.7,49.2
FAC-002,2026-06-27 00:00:00,201.43,441.8,88.52,48.25,0.0,0.97,17.0,38.1
FAC-002,2026-06-27 01:00:00,217.96,495.9,120.54,45.56,0.0,0.96,17.2,59.9
FAC-002,2026-06-27 02:00:00,293.8,650.0,190.97,58.75,0.0,0.98,16.4,47.6
FAC-002,2026-06-27 03:00:00,223.9,551.1,106.61,49.9,0.0,0.96,17.0,37.1
FAC-002,2026-06-27 04:00:00,206.48,525.5,102.21,49.31,0.0,0.98,18.7,44.8
FAC-002,2026-06-27 05:00:00,200.84,433.8,101.79,50.06,0.0,0.92,19.7,55.7
FAC-002,2026-06-27 06:00:00,231.4,549.5,111.8,52.37,0.0,0.96,21.1,47.7
FAC-002,2026-06-27 07:00:00,226.73,580.2,119.17,51.35,0.0,0.96,24.8,36.4
FAC-002,2026-06-27 08:00:00,577.84,1489.3,276.05,125.95,41.63,0.92,25.2,52.9
FAC-002,2026-06-27 09:00:00,686.42,1459.7,355.11,142.5,77.23,0.96,26.0,53.3
FAC-002,2026-06-27 10:00:00,654.03,1755.6,297.56,156.18,126.33,0.93,26.3,35.3
FAC-002,2026-06-27 11:00:00,707.16,1902.9,365.49,136.03,147.63,0.94,26.9,50.6
FAC-002,2026-06-27 12:00:00,720.1,1674.9,338.96,138.63,171.34,0.94,27.5,53.6
FAC-002,2026-06-27 13:00:00,758.93,1925.6,411.29,166.67,146.58,0.96,29.0,46.0
FAC-002,2026-06-27 14:00:00,797.28,2191.1,393.47,177.18,139.85,0.97,26.7,50.6
FAC-002,2026-06-27 15:00:00,697.47,1554.8,340.72,141.79,119.05,0.93,26.3,40.0
FAC-002,2026-06-27 16:00:00,743.59,1951.8,326.73,141.52,78.53,0.97,25.6,51.7
FAC-002,2026-06-27 17:00:00,717.83,1723.0,312.25,160.44,47.59,0.95,24.0,52.3
FAC-002,2026-06-27 18:00:00,647.8,1567.7,343.38,142.06,0.0,0.96,22.7,59.1
FAC-002,2026-06-27 19:00:00,579.41,1438.5,319.77,125.78,0.0,0.95,21.3,53.7
FAC-002,2026-06-27 20:00:00,209.3,559.8,112.8,38.73,0.0,0.94,20.3,52.0
FAC-002,2026-06-27 21:00:00,222.55,613.7,105.65,44.38,0.0,0.97,17.3,36.2
FAC-002,2026-06-27 22:00:00,217.87,576.3,115.27,47.41,0.0,0.92,16.0,46.2
FAC-002,2026-06-27 23:00:00,231.69,543.7,106.35,56.66,0.0,0.99,17.5,35.1
FAC-002,2026-06-28 00:00:00,229.93,539.3,103.05,42.93,0.0,0.99,16.1,38.5
FAC-002,2026-06-28 01:00:00,328.74,720.0,213.68,80.22,0.0,0.97,16.5,39.1
FAC-002,2026-06-28 02:00:00,209.13,452.4,102.52,46.42,0.0,0.97,17.3,39.0
FAC-002,2026-06-28 03:00:00,203.15,523.9,98.59,40.08,0.0,0.94,18.9,39.9
FAC-002,2026-06-28 04:00:00,201.75,507.4,97.02,46.39,0.0,0.96,18.6,37.6
FAC-002,2026-06-28 05:00:00,216.13,491.4,112.85,42.67,0.0,0.84,21.4,57.4
FAC-002,2026-06-28 06:00:00,214.46,439.5,93.08,51.8,0.0,0.99,21.5,58.1
FAC-002,2026-06-28 07:00:00,317.28,813.4,159.07,66.64,0.0,0.92,22.5,40.8
FAC-002,2026-06-28 08:00:00,577.86,1226.8,257.72,143.91,43.22,0.93,26.1,41.4
FAC-002,2026-06-28 09:00:00,920.93,2220.8,402.77,193.58,81.38,0.94,27.5,49.2
FAC-002,2026-06-28 10:00:00,688.51,1829.3,332.92,159.0,119.39,0.99,27.4,37.4
FAC-002,2026-06-28 11:00:00,722.68,1711.4,330.12,174.43,134.73,0.96,27.4,56.7
FAC-002,2026-06-28 12:00:00,747.68,1856.1,328.04,158.9,168.64,0.98,26.9,35.3
FAC-002,2026-06-28 13:00:00,790.82,1853.1,421.3,158.72,157.83,0.95,26.7,39.9
FAC-002,2026-06-28 14:00:00,729.51,1999.3,314.56,163.34,139.57,0.93,26.8,35.2
FAC-002,2026-06-28 15:00:00,698.45,1698.2,385.7,169.34,121.52,0.97,26.7,36.1
FAC-002,2026-06-28 16:00:00,727.81,1915.8,364.96,176.24,79.1,0.93,24.4,45.0
FAC-002,2026-06-28 17:00:00,702.25,1861.7,375.15,148.11,44.88,0.97,22.8,57.1
FAC-002,2026-06-28 18:00:00,634.92,1748.8,295.23,149.98,0.0,0.93,21.7,47.3
FAC-002,2026-06-28 19:00:00,615.31,1256.3,307.58,112.88,0.0,0.94,19.3,37.8
FAC-002,2026-06-28 20:00:00,221.11,463.7,115.55,42.56,0.0,0.99,20.1,56.6
FAC-002,2026-06-28 21:00:00,204.55,505.2,109.81,47.83,0.0,0.94,16.6,47.7
FAC-002,2026-06-28 22:00:00,211.14,528.2,103.84,43.38,0.0,0.98,16.4,38.5
FAC-002,2026-06-28 23:00:00,223.91,610.0,123.41,44.67,0.0,0.92,14.9,57.3
FAC-002,2026-06-29 00:00:00,271.15,560.7,145.91,51.66,0.0,0.98,14.9,46.7
FAC-002,2026-06-29 01:00:00,244.19,572.0,113.73,44.51,0.0,0.98,16.6,39.0
FAC-002,2026-06-29 02:00:00,264.69,684.3,119.11,64.72,0.0,0.97,15.9,40.3
FAC-002,2026-06-29 03:00:00,252.16,656.7,122.81,59.19,0.0,0.95,18.8,51.4
FAC-002,2026-06-29 04:00:00,254.45,569.1,119.83,47.88,0.0,0.93,20.2,37.6
FAC-002,2026-06-29 05:00:00,271.91,666.0,120.31,66.5,0.0,0.95,19.7,52.3
FAC-002,2026-06-29 06:00:00,278.34,612.2,135.9,62.51,0.0,0.97,21.9,50.4
FAC-002,2026-06-29 07:00:00,280.65,655.5,138.84,67.05,0.0,0.94,24.5,40.7
FAC-002,2026-06-29 08:00:00,654.56,1386.8,311.54,147.25,42.56,0.98,24.3,56.4
FAC-002,2026-06-29 09:00:00,714.87,1821.2,398.44,142.1,77.95,0.95,26.9,35.8
FAC-002,2026-06-29 10:00:00,661.27,1679.0,295.29,127.16,132.31,0.98,26.7,40.9
FAC-002,2026-06-29 11:00:00,738.9,1597.7,378.41,146.3,158.89,0.85,27.3,46.2
FAC-002,2026-06-29 12:00:00,747.21,1972.6,361.6,172.82,164.16,0.94,28.3,44.2
FAC-002,2026-06-29 13:00:00,743.7,1882.9,333.5,145.0,144.86,0.97,28.5,36.3
FAC-002,2026-06-29 14:00:00,811.01,1965.3,395.47,179.24,159.73,0.98,26.3,46.0
FAC-002,2026-06-29 15:00:00,793.19,2075.7,442.98,164.36,109.13,0.96,26.2,53.6
FAC-002,2026-06-29 16:00:00,732.78,1710.3,344.17,181.85,89.25,0.94,24.2,39.3
FAC-002,2026-06-29 17:00:00,678.27,1522.0,347.11,127.69,46.43,0.92,24.9,56.7
FAC-002,2026-06-29 18:00:00,694.17,1756.7,353.41,172.13,0.0,0.92,23.4,48.5
FAC-002,2026-06-29 19:00:00,586.09,1353.4,305.62,131.95,0.0,0.84,21.7,43.0
FAC-002,2026-06-29 20:00:00,265.45,721.8,142.57,49.7,0.0,0.98,19.6,44.6
FAC-002,2026-06-29 21:00:00,275.97,646.6,153.21,52.12,0.0,0.95,17.3,36.3
FAC-002,2026-06-29 22:00:00,261.31,684.1,118.98,61.96,0.0,0.95,17.2,42.2
FAC-002,2026-06-29 23:00:00,273.74,559.8,119.14,51.09,0.0,0.93,17.7,42.2
FAC-002,2026-06-30 00:00:00,253.06,582.7,139.61,54.77,0.0,0.98,15.5,40.2
FAC-002,2026-06-30 01:00:00,256.26,629.3,132.76,51.32,0.0,0.92,15.9,58.4
FAC-002,2026-06-30 02:00:00,270.93,564.1,125.48,51.18,0.0,0.94,15.8,54.0
FAC-002,2026-06-30 03:00:00,386.34,875.3,251.12,84.76,0.0,0.94,18.9,39.8
FAC-002,2026-06-30 04:00:00,280.8,645.5,133.52,61.38,0.0,0.93,19.1,40.1
FAC-002,2026-06-30 05:00:00,276.54,673.3,140.14,51.65,0.0,0.97,20.8,38.8
FAC-002,2026-06-30 06:00:00,271.49,618.9,117.6,56.69,0.0,0.97,22.3,57.8
FAC-002,2026-06-30 07:00:00,281.8,658.6,157.02,50.93,0.0,0.98,25.0,50.3
FAC-002,2026-06-30 08:00:00,582.63,1531.2,264.43,135.8,40.44,0.92,24.6,50.3
FAC-002,2026-06-30 09:00:00,647.82,1564.4,287.65,119.77,87.9,0.97,26.0,45.0
FAC-002,2026-06-30 10:00:00,990.91,2626.0,644.09,201.21,122.85,0.82,27.2,59.2
FAC-002,2026-06-30 11:00:00,682.52,1695.9,310.29,159.7,155.61,0.87,28.7,41.5
FAC-002,2026-06-30 12:00:00,720.54,1645.1,313.61,139.84,147.29,0.95,27.9,41.8
FAC-002,2026-06-30 13:00:00,1130.17,3003.5,544.12,272.02,166.18,0.95,28.4,40.2
FAC-002,2026-06-30 14:00:00,713.18,1898.7,383.18,134.66,157.5,0.95,27.6,55.1
FAC-002,2026-06-30 15:00:00,789.51,1873.6,386.95,194.11,120.27,0.97,26.4,39.5
FAC-002,2026-06-30 16:00:00,787.71,1872.3,415.82,186.52,77.8,0.97,23.6,56.3
FAC-002,2026-06-30 17:00:00,667.86,1387.3,314.72,133.4,45.26,0.93,22.5,40.8
FAC-002,2026-06-30 18:00:00,666.39,1656.1,352.7,140.82,0.0,0.93,21.8,44.9
FAC-002,2026-06-30 19:00:00,632.06,1392.6,303.68,121.33,0.0,0.96,20.5,39.3
FAC-002,2026-06-30 20:00:00,278.89,764.8,129.27,59.8,0.0,0.94,17.8,50.2
FAC-002,2026-06-30 21:00:00,283.4,721.8,148.23,66.65,0.0,0.96,18.8,58.9
FAC-002,2026-06-30 22:00:00,282.23,668.1,142.76,61.44,0.0,0.83,16.8,44.5
FAC-002,2026-06-30 23:00:00,284.3,607.3,135.19,60.17,0.0,0.92,16.4,54.0
FAC-002,2026-07-01 00:00:00,267.03,547.0,123.63,52.33,0.0,0.93,14.9,59.6
FAC-002,2026-07-01 01:00:00,248.38,518.1,113.23,54.93,0.0,0.98,15.4,46.3
FAC-002,2026-07-01 02:00:00,391.42,982.8,189.37,76.12,0.0,0.95,17.4,49.1
FAC-002,2026-07-01 03:00:00,247.84,526.1,131.88,56.3,0.0,0.97,19.1,38.5
FAC-002,2026-07-01 04:00:00,259.01,707.8,143.59,52.6,0.0,0.98,19.9,59.9
FAC-002,2026-07-01 05:00:00,261.33,536.0,130.04,52.43,0.0,0.94,20.3,39.3
FAC-002,2026-07-01 06:00:00,272.66,684.5,120.26,61.49,0.0,0.83,23.3,58.3
FAC-002,2026-07-01 07:00:00,275.23,597.4,121.62,59.44,0.0,0.98,23.5,58.5
FAC-002,2026-07-01 08:00:00,671.72,1523.2,375.66,147.03,41.84,0.95,24.3,59.3
FAC-002,2026-07-01 09:00:00,689.38,1549.3,296.47,152.86,93.84,0.93,26.9,52.2
FAC-002,2026-07-01 10:00:00,674.03,1785.7,373.59,164.89,119.53,0.95,26.2,45.7
FAC-002,2026-07-01 11:00:00,676.84,1690.3,330.12,158.85,150.68,0.85,28.7,48.5
FAC-002,2026-07-01 12:00:00,711.05,1750.5,387.79,151.42,170.55,0.97,28.5,45.0
FAC-002,2026-07-01 13:00:00,803.7,2168.8,384.63,166.5,144.53,0.93,27.5,45.1
FAC-002,2026-07-01 14:00:00,713.44,1543.0,361.84,166.98,155.21,0.98,28.3,47.1
FAC-002,2026-07-01 15:00:00,805.61,1871.5,440.66,170.28,114.89,0.95,25.5,56.5
FAC-002,2026-07-01 16:00:00,753.65,1683.9,341.0,153.83,78.32,0.97,24.2,46.6
FAC-002,2026-07-01 17:00:00,743.8,1971.1,393.59,160.6,46.58,0.92,24.8,53.5
FAC-002,2026-07-01 18:00:00,667.72,1563.3,317.31,144.52,0.0,0.97,21.0,46.3
FAC-002,2026-07-01 19:00:00,642.72,1717.2,297.25,144.49,0.0,0.95,21.9,37.7
FAC-002,2026-07-01 20:00:00,283.02,580.4,156.96,52.88,0.0,0.93,18.0,47.6
FAC-002,2026-07-01 21:00:00,243.74,648.6,123.96,48.6,0.0,0.94,18.3,40.5
FAC-002,2026-07-01 22:00:00,260.17,680.7,121.65,61.56,0.0,0.95,17.1,55.7
FAC-002,2026-07-01 23:00:00,254.51,601.5,118.21,55.36,0.0,0.95,16.9,40.3
FAC-002,2026-07-02 00:00:00,260.31,600.7,119.64,57.49,0.0,0.95,15.1,38.9
FAC-002,2026-07-02 01:00:00,261.2,626.5,126.31,47.67,0.0,0.96,16.8,39.4
FAC-002,2026-07-02 02:00:00,277.13,664.6,153.29,52.52,0.0,0.93,16.3,38.6
FAC-002,2026-07-02 03:00:00,265.42,695.9,119.09,47.95,0.0,0.93,17.3,49.6
FAC-002,2026-07-02 04:00:00,246.55,578.9,113.16,47.62,0.0,0.97,17.5,48.0
FAC-002,2026-07-02 05:00:00,283.55,695.5,143.66,60.39,0.0,0.98,19.9,40.9
FAC-002,2026-07-02 06:00:00,264.19,551.8,139.16,56.86,0.0,0.97,21.4,51.6
FAC-002,2026-07-02 07:00:00,280.44,750.5,151.4,60.79,0.0,0.95,24.3,40.5
FAC-002,2026-07-02 08:00:00,660.51,1516.7,346.22,137.56,42.26,0.94,25.7,41.3
FAC-002,2026-07-02 09:00:00,652.43,1373.2,363.84,135.3,78.66,0.96,26.0,45.8
FAC-002,2026-07-02 10:00:00,703.71,1498.2,348.77,134.03,110.56,0.93,26.3,41.3
FAC-002,2026-07-02 11:00:00,786.51,1723.3,425.58,154.26,139.91,0.86,27.9,57.5
FAC-002,2026-07-02 12:00:00,791.72,1712.1,421.95,149.56,154.6,0.94,28.2,45.3
FAC-002,2026-07-02 13:00:00,720.71,1646.1,401.13,141.36,167.05,0.93,27.2,51.5
FAC-002,2026-07-02 14:00:00,763.07,1923.8,377.3,176.47,132.58,0.98,26.1,52.9
FAC-002,2026-07-02 15:00:00,743.34,1771.5,332.87,160.17,111.13,0.97,26.2,59.8
FAC-002,2026-07-02 16:00:00,772.85,1645.0,374.01,180.65,77.94,0.93,26.0,43.7
FAC-002,2026-07-02 17:00:00,725.36,1658.5,367.18,148.7,45.69,0.93,22.4,36.8
FAC-002,2026-07-02 18:00:00,643.5,1434.2,331.11,130.65,0.0,0.94,22.7,47.8
FAC-002,2026-07-02 19:00:00,578.26,1562.8,286.47,127.74,0.0,0.92,21.5,41.0
FAC-002,2026-07-02 20:00:00,243.68,612.4,127.99,59.78,0.0,0.95,20.3,46.8
FAC-002,2026-07-02 21:00:00,394.43,823.0,194.31,76.91,0.0,0.96,17.8,55.4
FAC-002,2026-07-02 22:00:00,268.88,629.4,116.06,61.48,0.0,0.96,16.4,57.9
FAC-002,2026-07-02 23:00:00,271.24,575.3,116.79,66.38,0.0,0.93,15.8,40.4
FAC-002,2026-07-03 00:00:00,261.59,686.3,113.65,52.94,0.0,0.97,16.6,42.8
FAC-002,2026-07-03 01:00:00,254.39,609.4,136.9,63.25,0.0,0.92,15.7,49.5
FAC-002,2026-07-03 02:00:00,282.73,735.7,134.99,68.95,0.0,0.97,17.2,51.0
FAC-002,2026-07-03 03:00:00,266.27,692.1,148.64,61.58,0.0,0.98,16.5,47.1
FAC-002,2026-07-03 04:00:00,277.9,672.4,135.53,61.13,0.0,0.92,20.0,38.9
FAC-002,2026-07-03 05:00:00,267.95,735.7,120.94,50.55,0.0,0.95,19.5,51.7
FAC-002,2026-07-03 06:00:00,270.06,626.6,119.22,65.5,0.0,0.94,21.7,56.6
FAC-002,2026-07-03 07:00:00,255.7,566.9,138.67,60.01,0.0,0.96,24.5,35.1
FAC-002,2026-07-03 08:00:00,607.95,1506.9,286.92,136.88,48.29,0.98,25.1,46.3
FAC-002,2026-07-03 09:00:00,972.39,2030.4,632.05,225.15,87.58,0.93,25.6,37.0
FAC-002,2026-07-03 10:00:00,707.95,1613.9,334.67,163.13,124.27,0.97,27.6,48.8
FAC-002,2026-07-03 11:00:00,1096.01,2434.9,712.41,260.04,147.86,0.93,27.7,42.4
FAC-002,2026-07-03 12:00:00,714.56,1927.7,398.08,134.02,172.34,0.96,27.8,50.8
FAC-002,2026-07-03 13:00:00,742.15,1667.2,374.91,159.47,160.62,0.95,26.5,41.3
FAC-002,2026-07-03 14:00:00,717.94,1605.5,384.59,131.18,150.04,0.98,26.6,47.9
FAC-002,2026-07-03 15:00:00,762.75,1747.3,339.34,190.53,118.73,0.97,27.2,46.4
FAC-002,2026-07-03 16:00:00,686.8,1472.9,370.87,158.99,81.05,0.94,24.3,46.4
FAC-002,2026-07-03 17:00:00,690.31,1815.3,348.1,170.31,45.12,0.96,23.0,49.4
FAC-002,2026-07-03 18:00:00,702.76,1900.4,323.05,137.32,0.0,0.98,21.7,47.6
FAC-002,2026-07-03 19:00:00,599.38,1279.6,297.08,109.17,0.0,0.98,20.2,47.9
FAC-002,2026-07-03 20:00:00,274.17,702.0,145.84,64.0,0.0,0.93,18.9,43.3
FAC-002,2026-07-03 21:00:00,256.79,705.0,115.03,53.4,0.0,0.94,17.6,36.8
FAC-002,2026-07-03 22:00:00,272.54,612.7,135.38,65.7,0.0,0.93,16.4,49.4
FAC-002,2026-07-03 23:00:00,256.58,577.2,134.22,48.62,0.0,0.93,15.4,52.9
FAC-002,2026-07-04 00:00:00,216.96,493.5,108.52,46.05,0.0,0.95,17.5,58.4
FAC-002,2026-07-04 01:00:00,229.45,615.9,112.62,51.86,0.0,0.95,16.0,50.0
FAC-002,2026-07-04 02:00:00,231.57,559.2,106.94,53.78,0.0,0.94,17.0,51.5
FAC-002,2026-07-04 03:00:00,215.35,470.1,109.88,44.87,0.0,0.99,18.5,45.3
FAC-002,2026-07-04 04:00:00,212.79,517.4,102.82,46.41,0.0,0.95,19.0,39.2
FAC-002,2026-07-04 05:00:00,230.95,537.9,117.47,52.23,0.0,0.98,21.3,44.2
FAC-002,2026-07-04 06:00:00,227.08,507.5,122.85,43.61,0.0,0.94,23.1,35.8
FAC-002,2026-07-04 07:00:00,208.19,509.1,94.93,40.85,0.0,0.92,23.3,37.8
FAC-002,2026-07-04 08:00:00,644.18,1756.6,337.37,148.8,40.23,0.98,23.5,58.3
FAC-002,2026-07-04 09:00:00,700.43,1771.1,309.68,162.3,94.64,0.96,26.1,50.0
FAC-002,2026-07-04 10:00:00,750.46,1958.8,330.12,161.41,125.36,0.96,28.5,36.6
FAC-002,2026-07-04 11:00:00,676.95,1793.6,320.08,147.29,157.73,0.93,28.1,48.3
FAC-002,2026-07-04 12:00:00,803.24,1860.7,442.23,167.22,170.96,0.97,26.9,58.2
FAC-002,2026-07-04 13:00:00,795.29,1906.5,379.94,144.2,144.69,0.97,28.4,52.5
FAC-002,2026-07-04 14:00:00,765.62,1671.8,420.28,164.03,143.66,0.94,27.6,41.2
FAC-002,2026-07-04 15:00:00,787.7,2046.4,372.22,155.14,112.21,0.93,26.3,52.2
FAC-002,2026-07-04 16:00:00,769.26,1650.2,335.26,154.43,82.29,0.94,25.1,51.6
FAC-002,2026-07-04 17:00:00,726.5,1494.5,344.14,145.53,45.35,0.93,24.9,53.0
FAC-002,2026-07-04 18:00:00,701.39,1634.9,368.37,156.25,0.0,0.94,22.1,48.5
FAC-002,2026-07-04 19:00:00,668.8,1750.3,366.03,161.38,0.0,0.99,19.7,47.4
FAC-002,2026-07-04 20:00:00,216.18,480.3,113.98,41.02,0.0,0.97,18.6,41.6
FAC-002,2026-07-04 21:00:00,223.2,471.4,106.65,48.85,0.0,0.98,18.2,53.1
FAC-002,2026-07-04 22:00:00,229.29,497.9,116.96,48.15,0.0,0.99,15.9,43.4
FAC-002,2026-07-04 23:00:00,222.76,569.3,117.96,46.98,0.0,0.95,16.6,59.4
FAC-002,2026-07-05 00:00:00,214.65,568.2,111.11,46.77,0.0,0.97,17.5,53.8
FAC-002,2026-07-05 01:00:00,221.23,506.7,119.76,41.56,0.0,0.98,14.9,54.7
FAC-002,2026-07-05 02:00:00,204.34,493.4,110.56,46.6,0.0,0.98,15.9,42.1
FAC-002,2026-07-05 03:00:00,217.08,533.7,116.08,51.1,0.0,0.97,16.4,56.8
FAC-002,2026-07-05 04:00:00,207.25,553.6,107.85,43.25,0.0,0.84,19.2,44.4
FAC-002,2026-07-05 05:00:00,229.02,543.4,125.65,45.49,0.0,0.96,21.9,40.9
FAC-002,2026-07-05 06:00:00,211.78,502.3,91.29,38.26,0.0,0.86,21.4,49.0
FAC-002,2026-07-05 07:00:00,204.5,446.5,98.76,40.13,0.0,0.96,24.1,53.8
FAC-002,2026-07-05 08:00:00,620.79,1502.2,272.66,137.74,42.73,0.96,25.1,49.6
FAC-002,2026-07-05 09:00:00,712.32,1674.9,378.27,142.45,92.54,0.98,25.3,52.5
FAC-002,2026-07-05 10:00:00,679.11,1385.8,318.18,156.73,113.76,0.97,26.0,40.9
FAC-002,2026-07-05 11:00:00,730.0,1659.1,318.13,181.0,151.78,0.94,28.2,38.7
FAC-002,2026-07-05 12:00:00,798.41,2010.0,369.91,164.96,170.32,0.94,26.6,53.4
FAC-002,2026-07-05 13:00:00,804.94,1938.9,446.02,197.05,171.59,0.95,28.4,57.1
FAC-002,2026-07-05 14:00:00,817.82,1833.2,438.33,203.24,156.8,0.93,26.6,50.4
FAC-002,2026-07-05 15:00:00,803.22,1696.2,410.52,144.9,112.65,0.95,24.9,43.7
FAC-002,2026-07-05 16:00:00,750.07,2046.4,367.8,161.02,84.97,0.94,25.7,48.9
FAC-002,2026-07-05 17:00:00,688.15,1546.6,337.38,128.13,46.0,0.93,23.6,36.9
FAC-002,2026-07-05 18:00:00,677.73,1640.9,308.08,144.26,0.0,0.95,22.3,58.5
FAC-002,2026-07-05 19:00:00,581.54,1225.9,284.89,140.94,0.0,0.99,19.2,58.3
FAC-002,2026-07-05 20:00:00,227.91,569.0,110.4,48.06,0.0,0.86,18.1,43.6
FAC-002,2026-07-05 21:00:00,214.93,461.0,101.76,40.3,0.0,0.92,19.1,37.9
FAC-002,2026-07-05 22:00:00,224.06,590.5,114.91,50.45,0.0,0.93,17.4,49.7
FAC-002,2026-07-05 23:00:00,201.22,465.4,104.59,43.74,0.0,0.94,17.4,47.4
FAC-002,2026-07-06 00:00:00,259.87,539.7,115.2,47.9,0.0,0.95,16.7,53.6
FAC-002,2026-07-06 01:00:00,252.22,540.8,117.45,55.07,0.0,0.93,17.1,39.5
FAC-002,2026-07-06 02:00:00,257.9,549.9,137.42,55.63,0.0,0.97,16.1,44.4
FAC-002,2026-07-06 03:00:00,257.37,528.6,118.76,53.51,0.0,0.97,16.4,51.3
FAC-002,2026-07-06 04:00:00,277.26,712.8,137.01,53.89,0.0,0.97,20.2,37.6
FAC-002,2026-07-06 05:00:00,279.22,714.8,145.03,68.61,0.0,0.93,19.2,44.7
FAC-002,2026-07-06 06:00:00,259.2,691.5,122.59,57.46,0.0,0.92,21.0,52.4
FAC-002,2026-07-06 07:00:00,270.96,556.4,126.59,52.55,0.0,0.85,23.6,43.0
FAC-002,2026-07-06 08:00:00,611.66,1507.5,316.47,143.6,45.26,0.93,24.0,41.2
FAC-002,2026-07-06 09:00:00,666.64,1667.9,335.42,164.09,80.76,0.98,25.5,41.6
FAC-002,2026-07-06 10:00:00,680.0,1733.0,358.22,124.66,113.49,0.97,27.8,44.7
FAC-002,2026-07-06 11:00:00,720.89,1734.0,364.33,177.6,132.0,0.94,26.4,42.8
FAC-002,2026-07-06 12:00:00,761.5,1763.5,372.05,152.29,151.26,0.98,27.8,44.8
FAC-002,2026-07-06 13:00:00,757.57,1835.6,380.12,148.61,166.07,0.98,26.9,52.9
FAC-002,2026-07-06 14:00:00,747.66,1714.9,338.27,134.72,143.68,0.96,28.3,41.4
FAC-002,2026-07-06 15:00:00,752.66,1627.4,372.45,146.81,114.82,0.97,26.1,52.9
FAC-002,2026-07-06 16:00:00,690.41,1501.0,383.59,163.95,80.92,0.93,25.7,46.7
FAC-002,2026-07-06 17:00:00,729.51,1652.0,371.03,166.36,40.41,0.82,24.6,52.1
FAC-002,2026-07-06 18:00:00,684.56,1856.3,364.88,137.92,0.0,0.94,22.0,54.2
FAC-002,2026-07-06 19:00:00,600.99,1311.4,277.39,149.9,0.0,0.96,19.4,59.3
FAC-002,2026-07-06 20:00:00,280.24,725.2,128.32,62.88,0.0,0.99,19.8,43.5
FAC-002,2026-07-06 21:00:00,260.68,632.7,138.99,55.4,0.0,0.99,18.1,44.1
FAC-002,2026-07-06 22:00:00,272.26,706.0,150.27,59.34,0.0,0.93,16.8,35.5
FAC-002,2026-07-06 23:00:00,264.74,638.1,114.35,52.56,0.0,0.96,16.6,45.4
FAC-002,2026-07-07 00:00:00,276.03,697.4,125.87,52.21,0.0,0.96,16.7,50.6
FAC-002,2026-07-07 01:00:00,265.42,589.6,118.03,63.16,0.0,0.97,16.8,49.9
FAC-002,2026-07-07 02:00:00,258.27,666.6,122.91,57.99,0.0,0.97,16.8,54.8
FAC-002,2026-07-07 03:00:00,265.55,620.0,140.81,60.09,0.0,0.98,19.2,38.0
FAC-002,2026-07-07 04:00:00,406.69,1081.2,264.35,96.29,0.0,0.99,19.6,37.9
FAC-002,2026-07-07 05:00:00,278.7,669.6,133.16,61.7,0.0,0.97,19.1,49.3
FAC-002,2026-07-07 06:00:00,263.21,599.9,115.87,57.71,0.0,0.93,22.1,58.3
FAC-002,2026-07-07 07:00:00,272.15,733.7,117.2,57.14,0.0,0.93,23.6,41.6
FAC-002,2026-07-07 08:00:00,633.89,1622.0,279.9,116.68,43.76,0.96,25.2,44.1
FAC-002,2026-07-07 09:00:00,617.24,1341.0,319.45,149.61,91.81,0.94,25.0,55.3
FAC-002,2026-07-07 10:00:00,727.64,1919.7,322.37,167.53,125.18,0.84,26.1,49.0
FAC-002,2026-07-07 11:00:00,720.1,1484.8,388.74,129.63,135.05,0.94,26.6,50.2
FAC-002,2026-07-07 12:00:00,807.95,1900.6,360.29,157.42,142.33,0.94,28.3,50.4
FAC-002,2026-07-07 13:00:00,716.48,1922.5,349.54,179.1,169.12,0.98,27.0,35.1
FAC-002,2026-07-07 14:00:00,718.53,1853.4,353.13,163.39,156.62,0.99,25.7,51.5
FAC-002,2026-07-07 15:00:00,725.21,1709.3,343.04,144.23,120.91,0.96,25.9,41.3
FAC-002,2026-07-07 16:00:00,715.18,1579.5,376.5,166.62,89.32,0.96,25.0,48.7
FAC-002,2026-07-07 17:00:00,709.2,1516.2,370.92,133.1,47.33,0.92,24.9,36.5
FAC-002,2026-07-07 18:00:00,631.21,1575.9,311.25,150.3,0.0,0.94,21.4,57.7
FAC-002,2026-07-07 19:00:00,629.81,1300.0,297.41,126.3,0.0,0.98,19.9,46.8
FAC-002,2026-07-07 20:00:00,248.14,675.3,134.37,60.25,0.0,0.95,18.6,43.3
FAC-002,2026-07-07 21:00:00,268.53,554.0,132.11,64.61,0.0,0.97,18.5,57.2
FAC-002,2026-07-07 22:00:00,282.07,578.3,133.49,60.71,0.0,0.92,15.6,41.5
FAC-002,2026-07-07 23:00:00,244.08,627.3,133.81,44.07,0.0,0.93,17.4,51.3
FAC-002,2026-07-08 00:00:00,243.11,652.6,135.66,58.7,0.0,0.97,17.2,42.3
FAC-002,2026-07-08 01:00:00,247.09,544.1,135.86,46.91,0.0,0.96,16.6,40.8
FAC-002,2026-07-08 02:00:00,398.55,1072.4,259.06,84.58,0.0,0.95,16.7,46.2
FAC-002,2026-07-08 03:00:00,265.13,548.1,124.92,52.51,0.0,0.96,16.7,51.3
FAC-002,2026-07-08 04:00:00,274.65,745.4,136.08,66.63,0.0,0.98,18.4,59.6
FAC-002,2026-07-08 05:00:00,251.44,690.1,122.57,46.26,0.0,0.96,20.9,47.4
FAC-002,2026-07-08 06:00:00,268.74,694.8,140.58,56.21,0.0,0.94,21.0,44.3
FAC-002,2026-07-08 07:00:00,277.85,615.1,133.3,61.47,0.0,0.93,23.9,59.5
FAC-002,2026-07-08 08:00:00,644.27,1462.6,295.68,127.75,45.08,0.93,23.6,52.6
FAC-002,2026-07-08 09:00:00,621.42,1309.8,281.08,116.32,88.33,0.83,27.4,53.0
FAC-002,2026-07-08 10:00:00,737.91,1867.6,364.6,176.56,123.18,0.99,27.6,46.5
FAC-002,2026-07-08 11:00:00,675.9,1648.2,301.11,152.37,147.23,0.92,29.1,44.9
FAC-002,2026-07-08 12:00:00,788.79,1831.4,419.57,170.65,169.88,0.98,27.3,36.3
FAC-002,2026-07-08 13:00:00,756.36,1997.1,347.76,148.42,171.33,0.96,27.7,44.8
FAC-002,2026-07-08 14:00:00,720.62,1707.5,349.07,147.09,145.12,0.96,27.2,41.1
FAC-002,2026-07-08 15:00:00,702.42,1800.9,371.68,147.45,123.83,0.97,25.9,44.4
FAC-002,2026-07-08 16:00:00,732.22,1565.6,395.68,176.63,80.3,0.96,23.6,57.2
FAC-002,2026-07-08 17:00:00,750.06,1656.6,392.48,175.05,42.14,0.96,23.0,43.0
FAC-002,2026-07-08 18:00:00,633.22,1578.7,337.2,121.39,0.0,0.99,20.9,49.3
FAC-002,2026-07-08 19:00:00,652.36,1585.3,333.31,131.81,0.0,0.93,21.1,59.1
FAC-002,2026-07-08 20:00:00,243.66,635.7,122.06,55.91,0.0,0.93,19.0,43.3
FAC-002,2026-07-08 21:00:00,262.89,682.6,140.37,58.0,0.0,0.94,17.1,48.7
FAC-002,2026-07-08 22:00:00,262.97,719.5,123.95,52.24,0.0,0.93,18.3,35.5
FAC-002,2026-07-08 23:00:00,253.56,688.0,110.37,52.79,0.0,0.92,16.2,56.8
FAC-002,2026-07-09 00:00:00,271.67,738.5,140.84,61.62,0.0,0.98,15.9,44.9
FAC-002,2026-07-09 01:00:00,261.94,719.0,125.72,55.08,0.0,0.93,16.1,50.6
FAC-002,2026-07-09 02:00:00,258.11,596.2,125.43,53.86,0.0,0.98,15.6,37.7
FAC-002,2026-07-09 03:00:00,247.05,596.9,126.11,46.95,0.0,0.92,18.3,47.1
FAC-002,2026-07-09 04:00:00,279.8,741.1,133.37,51.25,0.0,0.98,17.9,59.9
FAC-002,2026-07-09 05:00:00,273.47,736.7,149.87,53.74,0.0,0.94,19.8,58.8
FAC-002,2026-07-09 06:00:00,272.84,600.5,136.19,58.24,0.0,0.97,22.2,41.3
FAC-002,2026-07-09 07:00:00,244.09,538.8,111.3,48.08,0.0,0.95,24.2,49.5
FAC-002,2026-07-09 08:00:00,643.37,1505.7,290.57,151.22,42.6,0.94,23.9,49.1
FAC-002,2026-07-09 09:00:00,686.35,1858.5,375.89,144.42,86.07,0.96,26.5,52.2
FAC-002,2026-07-09 10:00:00,737.91,1705.6,359.08,136.56,127.88,0.93,28.3,57.2
FAC-002,2026-07-09 11:00:00,775.94,1787.5,333.87,160.32,154.91,0.96,27.4,57.6
FAC-002,2026-07-09 12:00:00,750.73,1808.8,420.17,161.07,147.28,0.98,28.9,52.7
FAC-002,2026-07-09 13:00:00,810.94,2224.0,442.89,156.99,145.69,0.98,29.0,48.5
FAC-002,2026-07-09 14:00:00,772.1,1935.2,337.14,179.27,145.34,0.96,26.2,42.0
FAC-002,2026-07-09 15:00:00,718.22,1770.6,399.68,136.98,114.76,0.96,27.1,54.6
FAC-002,2026-07-09 16:00:00,708.05,1486.3,390.8,168.37,89.88,0.95,24.1,46.2
FAC-002,2026-07-09 17:00:00,682.47,1804.3,362.75,163.0,43.29,0.93,22.5,37.1
FAC-002,2026-07-09 18:00:00,661.59,1588.2,362.57,135.91,0.0,0.95,22.6,54.0
FAC-002,2026-07-09 19:00:00,671.21,1559.8,311.89,154.46,0.0,0.97,21.9,53.2
FAC-002,2026-07-09 20:00:00,278.15,659.4,152.25,65.92,0.0,0.94,17.6,48.1
FAC-002,2026-07-09 21:00:00,265.07,571.6,147.54,64.62,0.0,0.95,17.3,55.0
FAC-002,2026-07-09 22:00:00,267.05,570.2,144.45,63.13,0.0,0.97,16.2,36.3
FAC-002,2026-07-09 23:00:00,257.89,669.0,119.32,58.96,0.0,0.94,17.3,35.2
FAC-002,2026-07-10 00:00:00,269.39,551.3,127.11,53.14,0.0,0.94,16.3,39.2
FAC-002,2026-07-10 01:00:00,267.81,553.5,125.53,48.86,0.0,0.92,15.7,54.9
FAC-002,2026-07-10 02:00:00,262.01,586.1,130.13,60.24,0.0,0.93,16.3,46.1
FAC-002,2026-07-10 03:00:00,263.75,678.5,134.68,57.52,0.0,0.97,18.3,56.8
FAC-002,2026-07-10 04:00:00,260.32,544.4,137.8,57.47,0.0,0.86,19.8,58.8
FAC-002,2026-07-10 05:00:00,268.09,564.3,130.19,54.46,0.0,0.96,19.3,50.3
FAC-002,2026-07-10 06:00:00,275.29,750.5,150.78,57.44,0.0,0.98,21.0,45.9
FAC-002,2026-07-10 07:00:00,267.2,565.3,135.16,62.12,0.0,0.98,25.0,37.9
FAC-002,2026-07-10 08:00:00,583.17,1546.7,268.28,106.87,46.91,0.95,25.3,50.8
FAC-002,2026-07-10 09:00:00,642.96,1763.7,306.08,156.51,93.57,0.98,27.2,45.2
FAC-002,2026-07-10 10:00:00,698.74,1463.2,350.77,151.69,116.09,0.98,26.1,54.4
FAC-002,2026-07-10 11:00:00,722.17,1758.0,334.38,173.45,151.3,0.96,27.7,39.8
FAC-002,2026-07-10 12:00:00,774.47,1941.7,424.77,161.29,148.26,0.98,29.1,48.4
FAC-002,2026-07-10 13:00:00,722.39,1956.9,343.33,149.73,158.35,0.98,26.8,43.9
FAC-002,2026-07-10 14:00:00,780.61,2063.5,427.28,193.09,149.87,0.96,27.3,48.9
FAC-002,2026-07-10 15:00:00,721.15,1701.7,344.62,148.18,132.28,0.97,25.5,49.3
FAC-002,2026-07-10 16:00:00,729.92,1957.5,403.55,142.34,78.55,0.98,25.5,58.4
FAC-002,2026-07-10 17:00:00,740.53,1741.1,373.22,153.12,49.08,0.96,23.7,46.8
FAC-002,2026-07-10 18:00:00,705.19,1440.3,343.97,156.01,0.0,0.94,20.8,57.7
FAC-002,2026-07-10 19:00:00,594.51,1543.2,269.67,107.59,0.0,0.98,19.5,42.1
FAC-002,2026-07-10 20:00:00,283.19,667.3,130.88,65.48,0.0,0.94,17.7,55.0
FAC-002,2026-07-10 21:00:00,273.52,596.0,120.04,67.52,0.0,0.98,19.2,46.9
FAC-002,2026-07-10 22:00:00,258.54,558.3,117.37,54.56,0.0,0.99,17.1,50.7
FAC-002,2026-07-10 23:00:00,270.85,608.5,120.56,59.28,0.0,0.99,17.6,35.9
FAC-002,2026-07-11 00:00:00,205.47,519.6,88.65,40.47,0.0,0.94,17.2,52.3
FAC-002,2026-07-11 01:00:00,211.59,528.2,103.52,40.71,0.0,0.95,17.0,50.3
FAC-002,2026-07-11 02:00:00,205.98,453.5,109.35,44.09,0.0,0.93,17.6,40.7
FAC-002,2026-07-11 03:00:00,214.33,571.1,108.31,51.74,0.0,0.85,18.1,48.9
FAC-002,2026-07-11 04:00:00,204.04,526.5,104.89,39.34,0.0,0.94,17.6,45.2
FAC-002,2026-07-11 05:00:00,206.56,508.8,110.18,46.3,0.0,0.94,20.7,46.8
FAC-002,2026-07-11 06:00:00,213.71,436.9,97.51,41.67,0.0,0.94,22.9,40.1
FAC-002,2026-07-11 07:00:00,216.08,454.0,118.67,49.58,0.0,0.86,23.1,54.7
FAC-002,2026-07-11 08:00:00,655.88,1530.9,293.17,126.02,43.46,0.94,23.8,43.8
FAC-002,2026-07-11 09:00:00,618.51,1391.5,341.73,154.04,78.81,0.95,26.5,51.1
FAC-002,2026-07-11 10:00:00,658.95,1766.4,354.72,151.16,122.58,0.97,27.0,47.4
FAC-002,2026-07-11 11:00:00,786.14,1618.2,351.18,179.89,145.37,0.98,27.9,40.7
FAC-002,2026-07-11 12:00:00,738.49,1812.2,342.07,159.12,173.49,0.98,27.9,56.4
FAC-002,2026-07-11 13:00:00,811.74,1999.3,379.82,153.43,169.79,0.98,26.5,47.5
FAC-002,2026-07-11 14:00:00,781.97,1994.2,416.92,156.11,146.91,0.93,27.5,58.7
FAC-002,2026-07-11 15:00:00,707.65,1463.3,350.88,131.63,132.54,0.97,25.8,36.6
FAC-002,2026-07-11 16:00:00,742.82,1755.9,346.54,181.04,82.73,0.96,26.3,44.4
FAC-002,2026-07-11 17:00:00,689.2,1433.5,350.13,148.84,46.81,0.94,22.3,56.4
FAC-002,2026-07-11 18:00:00,700.13,1461.6,333.89,156.03,0.0,0.94,21.4,47.9
FAC-002,2026-07-11 19:00:00,652.94,1525.6,336.47,145.35,0.0,0.95,21.5,40.8
FAC-002,2026-07-11 20:00:00,320.78,672.1,208.51,77.03,0.0,0.93,19.3,41.9
FAC-002,2026-07-11 21:00:00,219.28,565.8,103.55,39.86,0.0,0.94,17.5,49.4
FAC-002,2026-07-11 22:00:00,228.57,593.8,109.32,44.48,0.0,0.95,18.0,40.0
FAC-002,2026-07-11 23:00:00,289.16,656.5,187.95,58.34,0.0,0.94,14.9,58.2
FAC-002,2026-07-12 00:00:00,233.27,513.4,105.51,54.59,0.0,0.93,17.1,45.1
FAC-002,2026-07-12 01:00:00,217.97,526.8,117.9,44.04,0.0,0.95,17.4,39.1
FAC-002,2026-07-12 02:00:00,218.66,507.6,112.71,42.34,0.0,0.99,17.3,53.5
FAC-002,2026-07-12 03:00:00,231.12,566.2,121.51,49.01,0.0,0.97,18.9,43.9
FAC-002,2026-07-12 04:00:00,206.11,549.6,89.64,37.72,0.0,0.97,19.3,56.2
FAC-002,2026-07-12 05:00:00,228.8,581.8,109.08,56.03,0.0,0.94,20.5,38.4
FAC-002,2026-07-12 06:00:00,209.6,524.4,91.55,51.65,0.0,0.98,21.6,47.8
FAC-002,2026-07-12 07:00:00,231.91,585.0,107.37,55.95,0.0,0.99,24.9,52.6
FAC-002,2026-07-12 08:00:00,664.62,1427.3,327.65,141.05,45.59,0.95,23.5,41.8
FAC-002,2026-07-12 09:00:00,950.63,2113.6,617.91,234.01,88.26,0.98,26.5,52.4
FAC-002,2026-07-12 10:00:00,725.7,1682.3,346.8,166.85,108.94,0.95,25.8,38.3
FAC-002,2026-07-12 11:00:00,768.27,2085.7,429.05,156.92,148.21,0.93,28.6,37.2
FAC-002,2026-07-12 12:00:00,792.81,1808.4,344.35,147.76,142.98,0.96,27.3,57.8
FAC-002,2026-07-12 13:00:00,710.8,1590.2,333.39,154.37,154.92,0.93,29.3,43.2
FAC-002,2026-07-12 14:00:00,781.01,1908.2,408.78,162.01,157.55,0.95,28.6,54.9
FAC-002,2026-07-12 15:00:00,734.73,1936.0,360.88,148.43,125.7,0.97,25.6,56.9
FAC-002,2026-07-12 16:00:00,716.67,1736.7,376.56,134.22,91.54,0.94,25.4,40.2
FAC-002,2026-07-12 17:00:00,694.4,1681.0,350.0,167.6,49.02,0.97,24.3,40.1
FAC-002,2026-07-12 18:00:00,678.84,1579.9,293.5,156.52,0.0,0.95,22.8,42.2
FAC-002,2026-07-12 19:00:00,641.86,1452.6,322.99,122.82,0.0,0.98,21.9,54.2
FAC-002,2026-07-12 20:00:00,206.19,520.2,109.34,37.41,0.0,0.95,20.1,56.4
FAC-002,2026-07-12 21:00:00,318.69,721.2,152.28,75.93,0.0,0.99,18.2,51.8
FAC-002,2026-07-12 22:00:00,209.94,478.0,113.06,48.98,0.0,0.96,15.9,47.1
FAC-002,2026-07-12 23:00:00,227.87,578.6,119.25,56.07,0.0,0.99,16.5,59.4
FAC-002,2026-07-13 00:00:00,244.18,638.0,127.97,59.43,0.0,0.96,17.5,37.3
FAC-002,2026-07-13 01:00:00,254.85,548.1,130.79,56.71,0.0,0.93,15.1,41.6
FAC-002,2026-07-13 02:00:00,256.7,565.7,126.67,63.12,0.0,0.95,17.6,57.5
FAC-002,2026-07-13 03:00:00,275.69,638.6,126.73,50.1,0.0,0.93,18.2,36.1
FAC-002,2026-07-13 04:00:00,253.39,595.3,123.2,57.46,0.0,0.95,18.7,54.1
FAC-002,2026-07-13 05:00:00,260.35,707.8,126.29,59.67,0.0,0.94,21.3,50.2
FAC-002,2026-07-13 06:00:00,269.4,652.2,122.38,58.11,0.0,0.98,21.3,40.8
FAC-002,2026-07-13 07:00:00,250.1,595.6,121.39,48.29,0.0,0.94,24.6,48.8
FAC-002,2026-07-13 08:00:00,663.64,1365.7,363.16,134.72,49.25,0.95,24.3,41.8
FAC-002,2026-07-13 09:00:00,676.51,1708.5,329.45,156.19,93.46,0.93,25.5,38.7
FAC-002,2026-07-13 10:00:00,708.97,1590.1,315.34,134.5,115.54,0.96,28.0,41.6
FAC-002,2026-07-13 11:00:00,787.44,2143.4,339.44,190.23,136.0,0.94,28.4,49.7
FAC-002,2026-07-13 12:00:00,761.49,1804.6,399.78,139.32,141.72,0.93,27.1,45.8
FAC-002,2026-07-13 13:00:00,772.48,2106.6,343.82,140.3,143.05,0.93,26.5,37.7
FAC-002,2026-07-13 14:00:00,762.23,1885.4,422.05,187.61,153.72,0.95,28.5,50.1
FAC-002,2026-07-13 15:00:00,722.6,1704.4,315.1,177.88,115.89,0.93,24.8,55.8
FAC-002,2026-07-13 16:00:00,778.15,1762.6,408.43,149.04,87.48,0.93,24.7,45.0
FAC-002,2026-07-13 17:00:00,688.72,1874.2,374.19,141.48,49.24,0.93,24.6,44.8
FAC-002,2026-07-13 18:00:00,928.76,2511.3,603.69,175.85,0.0,0.97,22.8,45.7
FAC-002,2026-07-13 19:00:00,611.2,1431.5,282.21,141.21,0.0,0.99,21.7,58.3
FAC-002,2026-07-13 20:00:00,276.6,653.9,134.51,67.55,0.0,0.97,18.2,40.0
FAC-002,2026-07-13 21:00:00,274.79,616.4,139.77,62.71,0.0,0.95,18.7,59.7
FAC-002,2026-07-13 22:00:00,243.34,603.7,110.01,54.92,0.0,0.98,17.6,52.2
FAC-002,2026-07-13 23:00:00,265.92,711.2,119.44,56.29,0.0,0.95,16.5,39.8
FAC-002,2026-07-14 00:00:00,264.25,618.4,127.32,49.78,0.0,0.93,15.7,42.6
FAC-002,2026-07-14 01:00:00,258.75,659.0,136.75,56.18,0.0,0.94,16.3,55.8
FAC-002,2026-07-14 02:00:00,247.11,588.7,127.9,44.61,0.0,0.93,18.2,46.6
FAC-002,2026-07-14 03:00:00,264.33,708.6,130.7,64.8,0.0,0.98,17.9,40.6
FAC-002,2026-07-14 04:00:00,263.33,615.8,141.7,63.92,0.0,0.92,18.0,50.5
FAC-002,2026-07-14 05:00:00,376.64,851.6,210.23,78.97,0.0,0.98,19.7,37.0
FAC-002,2026-07-14 06:00:00,257.09,549.2,133.01,46.85,0.0,0.97,23.1,36.5
FAC-002,2026-07-14 07:00:00,285.06,706.7,138.62,65.34,0.0,0.97,24.5,50.1
FAC-002,2026-07-14 08:00:00,629.76,1440.4,318.02,120.65,44.04,0.95,24.9,58.5
FAC-002,2026-07-14 09:00:00,655.61,1362.6,348.98,143.07,87.14,0.95,27.7,42.7
FAC-002,2026-07-14 10:00:00,721.64,1931.1,342.29,157.35,129.26,0.93,26.7,36.1
FAC-002,2026-07-14 11:00:00,774.43,1789.3,371.42,179.51,149.08,0.93,28.9,52.1
FAC-002,2026-07-14 12:00:00,1045.03,2762.6,679.27,243.44,145.02,0.96,29.4,37.1
FAC-002,2026-07-14 13:00:00,720.68,1732.9,346.71,172.68,171.49,0.96,28.8,38.0
FAC-002,2026-07-14 14:00:00,764.24,2079.1,373.39,160.24,145.46,0.96,26.2,53.1
FAC-002,2026-07-14 15:00:00,776.63,2043.8,395.23,170.5,129.78,0.93,26.0,41.3
FAC-002,2026-07-14 16:00:00,724.86,1737.3,387.86,143.84,77.27,0.93,24.3,46.1
FAC-002,2026-07-14 17:00:00,677.89,1830.7,360.36,129.21,46.36,0.97,22.4,41.3
FAC-002,2026-07-14 18:00:00,687.44,1424.4,352.75,155.68,0.0,0.97,21.9,57.5
FAC-002,2026-07-14 19:00:00,603.47,1454.8,327.96,142.29,0.0,0.93,20.9,44.6
FAC-002,2026-07-14 20:00:00,283.01,738.0,151.33,58.42,0.0,0.94,17.6,44.6
FAC-002,2026-07-14 21:00:00,252.97,520.6,115.57,62.71,0.0,0.98,16.4,57.9
FAC-002,2026-07-14 22:00:00,266.19,552.6,123.95,49.13,0.0,0.93,17.6,47.1
FAC-002,2026-07-14 23:00:00,260.55,665.8,143.5,63.51,0.0,0.98,15.8,50.3
FAC-002,2026-07-15 00:00:00,263.23,692.6,126.9,65.55,0.0,0.95,15.3,37.5
FAC-002,2026-07-15 01:00:00,259.9,597.4,112.32,61.61,0.0,0.96,15.2,57.2
FAC-002,2026-07-15 02:00:00,283.02,638.2,158.45,58.31,0.0,0.98,17.2,54.9
FAC-002,2026-07-15 03:00:00,257.89,653.9,130.15,61.46,0.0,0.92,16.7,40.8
FAC-002,2026-07-15 04:00:00,244.44,607.2,112.09,49.3,0.0,0.96,18.0,40.9
FAC-002,2026-07-15 05:00:00,254.33,529.6,140.69,54.04,0.0,0.97,20.9,42.0
FAC-002,2026-07-15 06:00:00,275.5,628.4,151.7,54.63,0.0,0.95,23.2,37.2
FAC-002,2026-07-15 07:00:00,263.81,659.0,117.09,53.87,0.0,0.99,23.2,50.0
FAC-002,2026-07-15 08:00:00,585.81,1364.9,304.41,122.21,42.18,0.93,24.3,42.8
FAC-002,2026-07-15 09:00:00,703.34,1642.7,347.55,154.77,87.55,0.93,25.1,37.6
FAC-002,2026-07-15 10:00:00,669.16,1706.5,314.43,142.71,119.33,0.96,27.8,42.3
FAC-002,2026-07-15 11:00:00,725.56,1566.2,340.99,180.63,154.78,0.92,27.0,37.9
FAC-002,2026-07-15 12:00:00,798.23,1920.3,419.69,155.73,154.63,0.98,29.2,47.7
FAC-002,2026-07-15 13:00:00,718.92,1794.8,361.97,141.92,155.7,0.94,26.3,35.6
FAC-002,2026-07-15 14:00:00,1042.18,2221.7,480.58,259.58,139.25,0.96,27.7,42.4
FAC-002,2026-07-15 15:00:00,780.94,2082.4,409.72,177.01,130.03,0.96,26.7,55.5
FAC-002,2026-07-15 16:00:00,1146.25,2731.8,520.14,276.29,81.29,0.93,24.0,44.1
FAC-002,2026-07-15 17:00:00,757.23,1573.0,423.54,142.39,47.1,0.92,24.9,58.5
FAC-002,2026-07-15 18:00:00,628.59,1382.6,289.95,135.83,0.0,0.97,23.3,51.4
FAC-002,2026-07-15 19:00:00,652.94,1491.7,350.19,130.81,0.0,0.99,19.1,46.4
FAC-002,2026-07-15 20:00:00,275.48,581.8,151.39,59.87,0.0,0.96,17.8,39.3
FAC-002,2026-07-15 21:00:00,388.54,810.3,252.55,96.65,0.0,0.98,17.2,59.3
FAC-002,2026-07-15 22:00:00,280.44,685.9,152.7,65.35,0.0,0.93,16.4,54.8
FAC-002,2026-07-15 23:00:00,281.34,764.0,121.52,66.58,0.0,0.98,14.9,35.5
FAC-002,2026-07-16 00:00:00,269.48,614.1,150.45,56.01,0.0,0.96,17.3,55.1
FAC-002,2026-07-16 01:00:00,269.7,592.3,145.99,57.81,0.0,0.86,15.0,41.1
FAC-002,2026-07-16 02:00:00,266.55,554.4,128.41,60.57,0.0,0.93,16.3,42.4
FAC-002,2026-07-16 03:00:00,280.72,585.8,145.96,52.92,0.0,0.99,17.5,52.5
FAC-002,2026-07-16 04:00:00,275.83,564.9,135.74,57.95,0.0,0.98,18.1,58.0
FAC-002,2026-07-16 05:00:00,284.66,630.9,154.75,71.12,0.0,0.98,19.6,37.5
FAC-002,2026-07-16 06:00:00,255.38,524.8,138.73,46.04,0.0,0.95,22.6,49.1
FAC-002,2026-07-16 07:00:00,249.75,584.3,119.99,48.2,0.0,0.93,22.3,38.2
FAC-002,2026-07-16 08:00:00,659.9,1475.6,363.08,156.95,43.39,0.96,26.5,38.3
FAC-002,2026-07-16 09:00:00,685.24,1868.6,368.79,163.94,89.53,0.96,27.6,56.2
FAC-002,2026-07-16 10:00:00,667.74,1410.3,334.71,141.37,130.21,0.94,26.0,43.0
FAC-002,2026-07-16 11:00:00,747.2,2017.6,336.66,179.51,143.57,0.95,26.7,35.1
FAC-002,2026-07-16 12:00:00,707.53,1532.6,340.27,156.54,150.52,0.97,26.8,38.9
FAC-002,2026-07-16 13:00:00,709.85,1605.2,395.45,128.0,170.4,0.99,28.3,37.0
FAC-002,2026-07-16 14:00:00,800.1,2133.3,399.03,195.99,143.0,0.95,28.6,43.2
FAC-002,2026-07-16 15:00:00,796.98,2106.0,364.53,178.28,109.77,0.93,25.9,49.4
FAC-002,2026-07-16 16:00:00,788.43,1929.2,384.07,145.25,90.81,0.95,25.0,43.5
FAC-002,2026-07-16 17:00:00,706.78,1874.9,384.48,154.11,42.49,0.96,23.9,43.9
FAC-002,2026-07-16 18:00:00,659.6,1812.5,345.92,123.14,0.0,0.98,21.3,43.2
FAC-002,2026-07-16 19:00:00,649.66,1704.6,342.66,140.13,0.0,0.95,20.6,58.8
FAC-002,2026-07-16 20:00:00,267.32,627.8,137.43,65.53,0.0,0.94,20.1,43.1
FAC-002,2026-07-16 21:00:00,260.41,607.0,117.02,64.33,0.0,0.98,17.9,35.6
FAC-002,2026-07-16 22:00:00,267.42,586.2,136.74,49.1,0.0,0.93,17.2,49.2
FAC-002,2026-07-16 23:00:00,266.08,569.1,123.86,52.45,0.0,0.98,15.3,39.4
FAC-002,2026-07-17 00:00:00,274.25,611.2,141.44,57.18,0.0,0.99,15.4,56.2
FAC-002,2026-07-17 01:00:00,255.43,541.5,124.0,49.3,0.0,0.97,17.2,59.9
FAC-002,2026-07-17 02:00:00,262.86,680.1,140.44,61.83,0.0,0.94,17.1,59.3
FAC-002,2026-07-17 03:00:00,281.87,711.0,131.07,70.25,0.0,0.95,17.1,41.9
FAC-002,2026-07-17 04:00:00,247.7,613.7,117.71,57.81,0.0,0.93,19.3,59.0
FAC-002,2026-07-17 05:00:00,250.28,515.7,123.04,56.41,0.0,0.92,19.7,45.7
FAC-002,2026-07-17 06:00:00,248.71,560.1,128.72,55.15,0.0,0.92,21.7,38.8
FAC-002,2026-07-17 07:00:00,269.41,668.7,135.01,52.85,0.0,0.98,23.7,44.1
FAC-002,2026-07-17 08:00:00,661.88,1674.8,287.99,164.91,46.52,0.92,25.0,37.6
FAC-002,2026-07-17 09:00:00,706.07,1803.4,354.09,147.53,78.52,0.97,26.3,45.8
FAC-002,2026-07-17 10:00:00,671.91,1588.2,371.14,148.64,115.82,0.98,26.6,52.0
FAC-002,2026-07-17 11:00:00,767.12,1571.9,342.87,179.04,131.98,0.98,27.4,40.8
FAC-002,2026-07-17 12:00:00,756.07,1783.5,422.57,188.13,162.47,0.95,26.8,43.2
FAC-002,2026-07-17 13:00:00,714.21,1706.6,325.29,152.82,167.45,0.94,27.9,41.8
FAC-002,2026-07-17 14:00:00,825.06,2258.5,366.72,160.76,144.35,0.97,26.7,59.8
FAC-002,2026-07-17 15:00:00,700.99,1487.3,379.4,171.68,110.22,0.92,25.4,59.3
FAC-002,2026-07-17 16:00:00,765.49,1890.0,406.4,166.46,91.69,0.94,25.1,55.6
FAC-002,2026-07-17 17:00:00,691.86,1596.4,366.16,129.37,47.59,0.92,23.9,38.0
FAC-002,2026-07-17 18:00:00,619.66,1438.4,341.37,142.21,0.0,0.97,22.5,44.7
FAC-002,2026-07-17 19:00:00,672.91,1514.1,308.06,140.81,0.0,0.97,19.8,37.0
FAC-002,2026-07-17 20:00:00,378.36,841.7,245.93,80.55,0.0,0.98,19.3,37.4
FAC-002,2026-07-17 21:00:00,282.76,704.2,143.26,57.72,0.0,0.98,17.8,59.0
FAC-002,2026-07-17 22:00:00,273.28,626.6,139.34,62.19,0.0,0.94,16.0,45.5
FAC-002,2026-07-17 23:00:00,243.23,665.9,135.26,51.13,0.0,0.93,15.3,54.8
FAC-002,2026-07-18 00:00:00,202.61,502.7,111.15,39.23,0.0,0.99,17.4,43.6
FAC-002,2026-07-18 01:00:00,205.23,440.9,101.6,48.34,0.0,0.97,15.7,51.5
FAC-002,2026-07-18 02:00:00,226.78,473.1,102.11,53.36,0.0,0.93,17.9,41.3
FAC-002,2026-07-18 03:00:00,217.28,564.3,99.41,51.45,0.0,0.93,18.6,43.4
FAC-002,2026-07-18 04:00:00,200.46,528.8,102.06,38.22,0.0,0.94,20.0,36.3
FAC-002,2026-07-18 05:00:00,211.51,545.8,98.78,51.57,0.0,0.92,20.5,57.5
FAC-002,2026-07-18 06:00:00,218.56,517.6,108.21,46.83,0.0,0.93,21.9,59.0
FAC-002,2026-07-18 07:00:00,222.32,586.0,122.79,50.34,0.0,0.95,22.5,48.4
FAC-002,2026-07-18 08:00:00,648.33,1788.8,323.29,135.36,42.78,0.93,24.2,59.3
FAC-002,2026-07-18 09:00:00,681.04,1459.3,370.77,132.79,94.86,0.93,26.5,54.5
FAC-002,2026-07-18 10:00:00,755.52,1910.6,367.54,143.95,119.75,0.98,27.5,41.7
FAC-002,2026-07-18 11:00:00,789.81,1754.6,344.65,191.18,147.08,0.99,27.3,39.5
FAC-002,2026-07-18 12:00:00,795.19,1691.5,405.45,193.97,149.06,0.92,29.5,52.4
FAC-002,2026-07-18 13:00:00,812.75,1833.9,432.08,147.17,168.51,0.93,27.7,45.6
FAC-002,2026-07-18 14:00:00,726.33,1636.5,384.29,181.08,153.67,0.94,26.1,48.8
FAC-002,2026-07-18 15:00:00,779.81,1973.5,404.28,156.32,116.31,0.94,25.9,41.8
FAC-002,2026-07-18 16:00:00,771.54,1984.4,417.33,150.75,78.38,0.93,23.7,40.7
FAC-002,2026-07-18 17:00:00,736.03,1540.8,336.31,149.79,41.5,0.99,23.7,54.1
FAC-002,2026-07-18 18:00:00,697.18,1610.9,301.29,134.61,0.0,0.99,23.4,40.0
FAC-002,2026-07-18 19:00:00,606.16,1461.9,338.63,115.8,0.0,0.98,20.4,59.7
FAC-002,2026-07-18 20:00:00,219.6,550.5,95.98,52.47,0.0,0.86,17.5,35.0
FAC-002,2026-07-18 21:00:00,205.25,426.6,93.38,46.33,0.0,0.94,18.0,51.5
FAC-002,2026-07-18 22:00:00,207.54,487.1,91.65,38.5,0.0,0.99,16.1,37.5
FAC-002,2026-07-18 23:00:00,222.22,531.2,114.13,53.39,0.0,0.93,16.7,50.3
FAC-002,2026-07-19 00:00:00,222.32,547.3,114.02,53.73,0.0,0.97,16.5,57.6
FAC-002,2026-07-19 01:00:00,225.65,554.8,118.29,41.56,0.0,0.93,17.1,37.7
FAC-002,2026-07-19 02:00:00,219.27,532.8,104.12,40.0,0.0,0.95,17.7,57.9
FAC-002,2026-07-19 03:00:00,227.14,497.5,104.06,45.08,0.0,0.97,18.4,57.0
FAC-002,2026-07-19 04:00:00,212.12,437.5,102.95,39.3,0.0,0.97,19.2,48.9
FAC-002,2026-07-19 05:00:00,215.17,566.1,105.69,44.58,0.0,0.95,21.6,56.7
FAC-002,2026-07-19 06:00:00,208.05,466.2,90.41,41.25,0.0,0.98,20.7,38.4
FAC-002,2026-07-19 07:00:00,220.51,481.9,115.9,52.96,0.0,0.94,23.1,57.9
FAC-002,2026-07-19 08:00:00,647.78,1572.4,319.82,117.91,40.84,0.97,25.7,55.3
FAC-002,2026-07-19 09:00:00,690.77,1902.5,333.31,157.14,91.08,0.94,25.2,40.1
FAC-002,2026-07-19 10:00:00,748.68,1772.6,360.34,144.19,115.16,0.94,27.9,35.2
FAC-002,2026-07-19 11:00:00,767.27,1927.1,356.48,170.51,150.34,0.95,28.8,54.0
FAC-002,2026-07-19 12:00:00,707.03,1468.6,310.62,131.93,160.73,0.94,27.4,54.1
FAC-002,2026-07-19 13:00:00,735.36,1611.5,385.88,170.86,154.57,0.96,28.2,39.3
FAC-002,2026-07-19 14:00:00,757.61,1989.5,384.03,175.3,145.63,0.97,26.1,55.9
FAC-002,2026-07-19 15:00:00,711.13,1820.2,350.92,140.89,127.08,0.93,25.3,54.9
FAC-002,2026-07-19 16:00:00,712.69,1736.3,321.12,136.65,89.23,0.93,23.7,53.6
FAC-002,2026-07-19 17:00:00,652.27,1756.6,327.98,121.27,48.79,0.97,24.5,55.7
FAC-002,2026-07-19 18:00:00,643.95,1393.7,295.13,130.66,0.0,0.94,21.2,49.7
FAC-002,2026-07-19 19:00:00,648.77,1551.4,335.18,143.24,0.0,0.93,19.7,37.3
FAC-002,2026-07-19 20:00:00,204.79,438.0,97.96,37.27,0.0,0.93,19.5,55.9
FAC-002,2026-07-19 21:00:00,228.95,491.9,104.8,46.43,0.0,0.96,18.1,54.0
FAC-002,2026-07-19 22:00:00,220.41,506.6,121.57,44.29,0.0,0.97,15.8,44.4
FAC-002,2026-07-19 23:00:00,213.21,552.0,96.62,52.17,0.0,0.95,17.4,38.4
FAC-002,2026-07-20 00:00:00,265.8,730.5,141.9,48.52,0.0,0.95,15.4,39.4
FAC-002,2026-07-20 01:00:00,283.24,745.8,137.02,69.87,0.0,0.95,16.0,49.0
FAC-002,2026-07-20 02:00:00,272.29,717.2,118.95,64.59,0.0,0.94,16.7,49.9
FAC-002,2026-07-20 03:00:00,267.91,547.0,125.57,49.26,0.0,0.93,19.1,45.7
FAC-002,2026-07-20 04:00:00,249.08,617.7,124.95,47.36,0.0,0.99,19.8,35.6
FAC-002,2026-07-20 05:00:00,247.56,571.6,117.79,47.57,0.0,0.95,20.9,58.0
FAC-002,2026-07-20 06:00:00,251.0,615.3,116.76,60.18,0.0,0.95,21.8,42.0
FAC-002,2026-07-20 07:00:00,280.22,654.5,123.55,60.57,0.0,0.98,23.1,40.2
FAC-002,2026-07-20 08:00:00,636.43,1738.1,312.39,124.25,43.4,0.96,25.1,54.5
FAC-002,2026-07-20 09:00:00,630.41,1686.4,319.01,142.83,90.15,0.95,27.6,45.9
FAC-002,2026-07-20 10:00:00,720.53,1886.9,361.02,140.05,127.1,0.96,26.0,37.1
FAC-002,2026-07-20 11:00:00,710.65,1714.6,393.68,166.9,150.07,0.93,27.4,37.7
FAC-002,2026-07-20 12:00:00,800.17,1788.8,436.37,144.64,170.82,0.92,29.1,49.9
FAC-002,2026-07-20 13:00:00,804.94,2202.9,428.41,195.04,159.73,0.99,28.8,47.5
FAC-002,2026-07-20 14:00:00,780.4,1712.0,341.25,168.14,156.51,0.95,27.0,44.0
FAC-002,2026-07-20 15:00:00,757.34,1990.7,387.88,178.77,119.4,0.96,26.7,52.9
FAC-002,2026-07-20 16:00:00,680.84,1719.0,307.8,136.15,82.34,0.92,24.3,42.8
FAC-002,2026-07-20 17:00:00,669.95,1776.4,365.11,124.59,44.44,0.96,23.3,52.7
FAC-002,2026-07-20 18:00:00,706.37,1455.0,335.18,176.5,0.0,0.98,20.7,40.9
FAC-002,2026-07-20 19:00:00,647.02,1554.4,330.73,127.23,0.0,0.98,19.9,59.6
FAC-002,2026-07-20 20:00:00,245.52,629.5,106.7,47.09,0.0,0.93,17.8,58.0
FAC-002,2026-07-20 21:00:00,281.24,667.7,155.48,50.74,0.0,0.92,17.8,36.9
FAC-002,2026-07-20 22:00:00,259.08,690.4,143.07,59.2,0.0,0.95,18.2,35.4
FAC-002,2026-07-20 23:00:00,258.45,709.7,111.47,58.99,0.0,0.99,15.2,49.1
FAC-002,2026-07-21 00:00:00,274.11,685.2,124.32,67.74,0.0,0.98,15.7,59.4
FAC-002,2026-07-21 01:00:00,279.5,680.6,154.82,63.52,0.0,0.92,15.3,39.7
FAC-002,2026-07-21 02:00:00,255.76,540.0,121.95,53.57,0.0,0.92,16.9,46.1
FAC-002,2026-07-21 03:00:00,277.84,757.6,134.92,62.48,0.0,0.98,18.2,39.4
FAC-002,2026-07-21 04:00:00,284.33,663.4,141.42,69.64,0.0,0.99,17.6,49.7
FAC-002,2026-07-21 05:00:00,244.25,638.4,131.09,48.68,0.0,0.94,21.9,44.0
FAC-002,2026-07-21 06:00:00,268.65,678.5,135.09,65.56,0.0,0.95,21.0,48.6
FAC-002,2026-07-21 07:00:00,269.3,732.5,144.4,60.79,0.0,0.94,23.5,52.5
FAC-002,2026-07-21 08:00:00,574.49,1338.0,272.64,142.37,46.81,0.93,24.0,37.7
FAC-002,2026-07-21 09:00:00,717.49,1702.2,323.83,131.89,83.19,0.93,25.3,54.4
FAC-002,2026-07-21 10:00:00,717.01,1552.3,344.41,174.69,132.54,0.94,26.0,45.9
FAC-002,2026-07-21 11:00:00,735.42,1609.3,347.87,160.3,159.2,0.97,26.5,48.8
FAC-002,2026-07-21 12:00:00,697.29,1524.1,315.38,153.08,164.74,0.97,28.3,45.3
FAC-002,2026-07-21 13:00:00,827.25,1727.2,456.57,149.15,170.79,0.99,27.4,37.3
FAC-002,2026-07-21 14:00:00,794.34,2056.2,439.08,176.94,151.77,0.94,25.7,43.8
FAC-002,2026-07-21 15:00:00,702.12,1503.2,318.3,132.5,131.15,0.96,26.4,37.5
FAC-002,2026-07-21 16:00:00,680.21,1726.9,327.48,131.42,87.41,0.96,24.7,56.0
FAC-002,2026-07-21 17:00:00,728.15,1732.1,384.81,152.43,43.05,0.93,22.4,39.7
FAC-002,2026-07-21 18:00:00,701.69,1915.9,323.22,172.24,0.0,0.98,20.7,49.2
FAC-002,2026-07-21 19:00:00,658.94,1508.0,368.66,142.05,0.0,0.85,20.6,55.6
FAC-002,2026-07-21 20:00:00,281.59,604.5,144.08,67.25,0.0,0.98,18.0,39.7
FAC-002,2026-07-21 21:00:00,244.24,615.2,119.71,49.32,0.0,0.98,17.5,59.5
FAC-002,2026-07-21 22:00:00,280.78,656.1,136.75,55.14,0.0,0.97,16.1,36.2
FAC-002,2026-07-21 23:00:00,277.83,753.3,120.36,63.14,0.0,0.94,17.6,59.1
FAC-002,2026-07-22 00:00:00,247.12,633.3,111.03,56.63,0.0,0.97,15.0,49.5
FAC-002,2026-07-22 01:00:00,273.67,616.1,133.38,55.75,0.0,0.93,15.0,43.7
FAC-002,2026-07-22 02:00:00,250.75,632.2,132.17,50.85,0.0,0.97,18.2,35.5
FAC-002,2026-07-22 03:00:00,283.38,644.8,153.62,54.34,0.0,0.93,18.4,42.9
FAC-002,2026-07-22 04:00:00,272.06,706.1,131.89,65.23,0.0,0.92,18.2,48.9
FAC-002,2026-07-22 05:00:00,280.01,618.5,135.13,56.12,0.0,0.96,20.6,35.0
FAC-002,2026-07-22 06:00:00,252.17,577.9,140.27,58.23,0.0,0.93,21.1,48.4
FAC-002,2026-07-22 07:00:00,268.89,729.0,137.78,58.58,0.0,0.96,23.4,39.7
FAC-002,2026-07-22 08:00:00,624.01,1671.8,276.7,120.96,44.77,0.96,24.5,49.3
FAC-002,2026-07-22 09:00:00,681.49,1550.3,297.52,146.2,82.58,0.99,25.7,47.7
FAC-002,2026-07-22 10:00:00,692.49,1608.5,364.74,166.16,115.79,0.94,25.8,42.7
FAC-002,2026-07-22 11:00:00,740.5,1740.3,360.41,161.28,135.93,0.96,27.1,56.7
FAC-002,2026-07-22 12:00:00,697.05,1859.9,365.4,127.2,174.52,0.94,27.6,43.9
FAC-002,2026-07-22 13:00:00,744.25,1953.6,380.12,142.52,169.48,0.95,27.0,35.4
FAC-002,2026-07-22 14:00:00,761.37,1901.0,383.53,184.98,159.54,0.97,26.2,53.3
FAC-002,2026-07-22 15:00:00,748.46,1864.7,351.87,166.54,112.62,0.93,25.7,40.8
FAC-002,2026-07-22 16:00:00,680.65,1411.0,308.31,148.66,85.94,0.92,25.5,44.1
FAC-002,2026-07-22 17:00:00,675.64,1467.9,320.82,152.31,48.59,0.98,22.7,35.9
FAC-002,2026-07-22 18:00:00,708.94,1894.9,347.19,131.46,0.0,0.97,21.2,55.9
FAC-002,2026-07-22 19:00:00,660.92,1716.8,352.67,135.0,0.0,0.94,19.3,58.4
FAC-002,2026-07-22 20:00:00,264.87,604.2,127.37,65.47,0.0,0.97,18.8,44.5
FAC-002,2026-07-22 21:00:00,281.44,754.1,148.64,55.13,0.0,0.95,18.8,39.7
FAC-002,2026-07-22 22:00:00,268.06,628.0,146.4,51.48,0.0,0.83,18.3,42.0
FAC-002,2026-07-22 23:00:00,250.59,629.9,119.52,58.31,0.0,0.96,17.2,40.9
FAC-002,2026-07-23 00:00:00,249.45,568.8,126.59,49.28,0.0,0.83,16.6,45.7
FAC-002,2026-07-23 01:00:00,272.22,573.7,117.34,60.75,0.0,0.97,16.3,52.1
FAC-002,2026-07-23 02:00:00,261.36,583.1,141.47,50.11,0.0,0.95,16.4,58.2
FAC-002,2026-07-23 03:00:00,258.54,649.6,135.0,50.63,0.0,0.93,16.6,58.2
FAC-002,2026-07-23 04:00:00,276.52,662.6,130.86,61.25,0.0,0.99,19.7,36.2
FAC-002,2026-07-23 05:00:00,262.61,586.7,144.6,52.0,0.0,0.95,19.3,56.4
FAC-002,2026-07-23 06:00:00,279.26,679.8,150.26,55.78,0.0,0.93,21.7,44.8
FAC-002,2026-07-23 07:00:00,262.34,692.8,121.39,54.1,0.0,0.94,24.7,36.3
FAC-002,2026-07-23 08:00:00,595.96,1584.5,308.83,131.58,45.47,0.93,25.1,55.3
FAC-002,2026-07-23 09:00:00,696.78,1467.0,335.82,134.63,90.99,0.96,25.8,50.0
FAC-002,2026-07-23 10:00:00,691.15,1884.3,335.74,135.38,119.5,0.98,25.8,58.3
FAC-002,2026-07-23 11:00:00,737.26,2018.2,391.85,148.95,144.62,0.97,26.7,40.1
FAC-002,2026-07-23 12:00:00,730.27,1494.8,316.05,179.71,146.99,0.94,27.8,58.0
FAC-002,2026-07-23 13:00:00,761.25,1581.6,368.0,166.6,149.44,0.99,26.9,46.8
FAC-002,2026-07-23 14:00:00,707.47,1559.6,317.82,146.07,150.79,0.95,28.4,43.2
FAC-002,2026-07-23 15:00:00,753.69,1547.2,397.25,141.46,118.71,0.92,25.6,56.1
FAC-002,2026-07-23 16:00:00,727.43,1951.6,351.37,156.26,77.94,0.99,23.9,38.6
FAC-002,2026-07-23 17:00:00,719.98,1786.5,388.95,167.49,44.49,0.97,23.5,51.1
FAC-002,2026-07-23 18:00:00,679.88,1641.4,346.52,156.61,0.0,0.97,21.2,35.0
FAC-002,2026-07-23 19:00:00,633.05,1471.1,352.21,129.97,0.0,0.93,21.3,41.2
FAC-002,2026-07-23 20:00:00,271.93,641.6,133.59,65.63,0.0,0.94,20.1,39.1
FAC-002,2026-07-23 21:00:00,357.69,825.8,232.5,78.37,0.0,0.98,17.2,58.5
FAC-002,2026-07-23 22:00:00,278.52,604.1,138.31,65.52,0.0,0.96,16.2,54.9
FAC-002,2026-07-23 23:00:00,244.56,610.1,129.42,46.91,0.0,0.93,15.6,40.7
FAC-002,2026-07-24 00:00:00,282.84,678.7,147.8,65.6,0.0,0.95,16.2,41.2
FAC-002,2026-07-24 01:00:00,276.53,720.5,133.75,52.7,0.0,0.93,15.3,48.9
FAC-002,2026-07-24 02:00:00,256.16,660.5,112.97,54.44,0.0,0.94,18.1,58.9
FAC-002,2026-07-24 03:00:00,277.0,632.9,125.89,53.97,0.0,0.94,18.6,53.1
FAC-002,2026-07-24 04:00:00,281.3,750.3,151.23,53.86,0.0,0.94,19.5,51.3
FAC-002,2026-07-24 05:00:00,256.35,657.7,143.32,58.32,0.0,0.93,19.8,41.2
FAC-002,2026-07-24 06:00:00,251.02,660.3,126.69,50.95,0.0,0.93,20.5,47.0
FAC-002,2026-07-24 07:00:00,284.18,700.9,151.4,60.9,0.0,0.97,23.8,55.4
FAC-002,2026-07-24 08:00:00,654.25,1602.6,356.12,160.71,44.07,0.98,26.5,35.3
FAC-002,2026-07-24 09:00:00,641.29,1347.4,297.62,125.42,90.09,0.97,25.5,41.3
FAC-002,2026-07-24 10:00:00,731.29,1797.9,397.78,175.25,132.42,0.98,28.4,35.3
FAC-003,2026-06-24 10:00:00,582.4,1301.9,310.86,110.02,98.31,0.94,28.1,35.2
FAC-003,2026-06-24 11:00:00,578.88,1384.5,293.25,114.5,114.84,0.97,26.8,41.2
FAC-003,2026-06-24 12:00:00,618.8,1295.4,314.27,121.85,131.38,0.92,27.7,38.4
FAC-003,2026-06-24 13:00:00,689.16,1818.5,331.79,154.18,144.48,0.95,26.7,47.8
FAC-003,2026-06-24 14:00:00,604.15,1430.9,293.26,114.29,126.05,0.96,26.1,49.6
FAC-003,2026-06-24 15:00:00,588.51,1571.7,274.92,141.75,91.46,0.96,25.7,42.4
FAC-003,2026-06-24 16:00:00,648.29,1442.5,339.76,147.08,76.43,0.96,25.8,42.7
FAC-003,2026-06-24 17:00:00,620.64,1420.7,299.32,114.61,37.6,0.97,23.5,46.7
FAC-003,2026-06-24 18:00:00,518.67,1063.1,240.12,126.73,0.0,0.93,22.8,56.0
FAC-003,2026-06-24 19:00:00,555.86,1372.8,278.98,127.16,0.0,0.93,19.3,41.4
FAC-003,2026-06-24 20:00:00,224.17,518.2,120.82,48.44,0.0,0.87,18.2,56.2
FAC-003,2026-06-24 21:00:00,222.82,574.3,121.54,47.49,0.0,0.98,19.0,46.2
FAC-003,2026-06-24 22:00:00,204.08,498.3,94.29,38.78,0.0,0.82,17.8,49.8
FAC-003,2026-06-24 23:00:00,233.88,580.9,102.7,58.15,0.0,0.93,17.0,45.7
FAC-003,2026-06-25 00:00:00,207.71,455.3,96.84,38.75,0.0,0.94,14.7,45.7
FAC-003,2026-06-25 01:00:00,234.03,641.0,130.99,54.47,0.0,0.98,16.8,37.0
FAC-003,2026-06-25 02:00:00,225.16,552.9,107.08,44.84,0.0,0.87,17.5,59.1
FAC-003,2026-06-25 03:00:00,229.23,557.6,114.08,44.54,0.0,0.97,18.6,39.9
FAC-003,2026-06-25 04:00:00,214.09,454.2,92.31,41.54,0.0,0.98,18.4,59.0
FAC-003,2026-06-25 05:00:00,202.74,428.6,94.66,38.19,0.0,0.93,19.5,44.0
FAC-003,2026-06-25 06:00:00,217.34,505.8,119.33,46.7,0.0,0.97,20.8,51.3
FAC-003,2026-06-25 07:00:00,230.22,552.6,126.42,47.7,0.0,0.99,24.8,41.4
FAC-003,2026-06-25 08:00:00,500.49,1368.9,228.79,123.17,33.68,0.93,24.3,43.8
FAC-003,2026-06-25 09:00:00,561.39,1171.3,266.8,126.88,64.57,0.93,27.2,57.2
FAC-003,2026-06-25 10:00:00,591.84,1430.6,313.61,118.5,98.59,0.83,27.6,36.8
FAC-003,2026-06-25 11:00:00,594.85,1221.8,261.81,115.06,131.46,0.97,28.3,49.7
FAC-003,2026-06-25 12:00:00,664.11,1825.6,328.04,157.78,129.04,0.97,28.0,46.8
FAC-003,2026-06-25 13:00:00,677.65,1485.2,376.33,137.37,139.92,0.96,27.3,58.3
FAC-003,2026-06-25 14:00:00,652.31,1595.1,330.78,122.93,116.55,0.93,28.6,40.4
FAC-003,2026-06-25 15:00:00,624.62,1517.6,329.31,124.74,90.35,0.99,26.0,59.2
FAC-003,2026-06-25 16:00:00,632.11,1696.9,318.05,156.9,74.76,0.97,24.4,42.6
FAC-003,2026-06-25 17:00:00,565.85,1199.4,284.71,111.73,39.97,0.98,22.6,48.6
FAC-003,2026-06-25 18:00:00,538.17,1110.1,256.01,99.26,0.0,0.97,22.4,43.9
FAC-003,2026-06-25 19:00:00,539.07,1354.7,280.19,101.33,0.0,0.84,20.2,46.7
FAC-003,2026-06-25 20:00:00,213.27,540.5,100.45,39.29,0.0,0.96,19.6,48.4
FAC-003,2026-06-25 21:00:00,220.4,495.5,113.0,49.85,0.0,0.93,18.2,56.8
FAC-003,2026-06-25 22:00:00,208.37,557.2,110.09,49.65,0.0,0.96,15.4,37.7
FAC-003,2026-06-25 23:00:00,227.48,541.5,99.87,48.85,0.0,0.94,15.2,43.8
FAC-003,2026-06-26 00:00:00,203.47,551.7,105.29,48.25,0.0,0.98,16.3,36.9
FAC-003,2026-06-26 01:00:00,205.72,471.1,96.89,49.63,0.0,0.96,16.1,59.2
FAC-003,2026-06-26 02:00:00,224.48,537.0,108.78,41.37,0.0,0.98,15.5,38.8
FAC-003,2026-06-26 03:00:00,227.88,610.6,114.73,48.49,0.0,0.97,18.7,51.1
FAC-003,2026-06-26 04:00:00,232.84,483.6,128.15,42.3,0.0,0.99,20.1,44.7
FAC-003,2026-06-26 05:00:00,205.23,490.9,92.42,40.53,0.0,0.97,20.3,48.0
FAC-003,2026-06-26 06:00:00,221.39,451.9,110.1,39.99,0.0,0.93,22.6,40.1
FAC-003,2026-06-26 07:00:00,235.09,565.9,130.91,57.77,0.0,0.93,24.7,56.3
FAC-003,2026-06-26 08:00:00,541.52,1270.5,239.72,99.0,39.47,0.99,26.1,47.0
FAC-003,2026-06-26 09:00:00,581.91,1250.6,319.51,116.88,78.71,0.93,27.2,46.8
FAC-003,2026-06-26 10:00:00,606.37,1629.2,277.25,149.42,91.22,0.94,27.0,39.3
FAC-003,2026-06-26 11:00:00,580.69,1518.2,265.09,112.13,120.7,0.96,28.2,52.2
FAC-003,2026-06-26 12:00:00,624.07,1622.6,324.28,115.38,141.62,0.94,26.5,40.4
FAC-003,2026-06-26 13:00:00,667.42,1602.4,352.57,158.15,117.91,0.97,28.2,37.1
FAC-003,2026-06-26 14:00:00,636.3,1391.7,327.67,121.03,112.96,0.94,26.9,51.3
FAC-003,2026-06-26 15:00:00,656.94,1755.4,343.91,124.07,90.97,0.93,24.8,50.7
FAC-003,2026-06-26 16:00:00,658.27,1483.6,358.96,137.42,69.96,0.93,23.9,37.9
FAC-003,2026-06-26 17:00:00,566.78,1308.2,314.57,124.97,41.32,0.95,22.6,38.6
FAC-003,2026-06-26 18:00:00,596.94,1297.8,260.17,113.73,0.0,0.95,21.9,41.8
FAC-003,2026-06-26 19:00:00,486.25,1107.1,236.15,120.99,0.0,0.98,21.8,54.8
FAC-003,2026-06-26 20:00:00,232.55,640.0,102.28,49.39,0.0,0.97,19.8,56.9
FAC-003,2026-06-26 21:00:00,229.17,603.6,114.13,56.08,0.0,0.98,17.2,35.9
FAC-003,2026-06-26 22:00:00,223.03,588.2,104.55,42.47,0.0,0.98,17.2,44.2
FAC-003,2026-06-26 23:00:00,202.7,505.6,109.13,37.73,0.0,0.96,17.5,35.8
FAC-003,2026-06-27 00:00:00,167.1,348.5,72.68,35.11,0.0,0.98,14.6,36.0
FAC-003,2026-06-27 01:00:00,188.82,493.9,91.94,41.32,0.0,0.96,16.5,50.7
FAC-003,2026-06-27 02:00:00,183.48,499.9,102.02,35.56,0.0,0.96,15.6,44.5
FAC-003,2026-06-27 03:00:00,185.96,391.2,80.93,40.59,0.0,0.99,16.3,56.5
FAC-003,2026-06-27 04:00:00,175.78,441.5,92.03,37.08,0.0,0.94,18.8,38.6
FAC-003,2026-06-27 05:00:00,175.64,421.1,84.66,42.61,0.0,0.96,21.6,39.2
FAC-003,2026-06-27 06:00:00,193.57,422.1,92.61,39.88,0.0,0.93,22.8,59.2
FAC-003,2026-06-27 07:00:00,172.61,390.9,75.12,42.98,0.0,0.98,22.7,57.2
FAC-003,2026-06-27 08:00:00,485.61,1310.5,263.25,100.68,37.66,0.99,24.1,37.0
FAC-003,2026-06-27 09:00:00,510.71,1056.5,246.95,94.55,70.47,0.98,25.7,56.8
FAC-003,2026-06-27 10:00:00,558.58,1447.6,245.41,128.53,98.2,0.95,27.0,53.7
FAC-003,2026-06-27 11:00:00,566.7,1517.3,282.29,103.31,120.18,0.95,28.2,58.4
FAC-003,2026-06-27 12:00:00,589.24,1412.0,271.08,122.32,122.5,0.95,27.8,54.6
FAC-003,2026-06-27 13:00:00,677.31,1576.7,309.62,145.43,127.43,0.95,27.7,48.1
FAC-003,2026-06-27 14:00:00,593.81,1472.8,293.01,139.06,112.1,0.94,26.7,43.2
FAC-003,2026-06-27 15:00:00,597.3,1444.2,278.96,124.93,97.42,0.96,26.7,42.7
FAC-003,2026-06-27 16:00:00,636.17,1526.2,343.91,125.96,70.5,0.96,23.6,53.0
FAC-003,2026-06-27 17:00:00,581.91,1599.8,312.83,123.12,34.7,0.98,23.3,39.6
FAC-003,2026-06-27 18:00:00,556.67,1530.6,301.05,113.53,0.0,0.96,21.2,47.0
FAC-003,2026-06-27 19:00:00,516.88,1186.5,250.41,121.24,0.0,0.99,20.7,37.2
FAC-003,2026-06-27 20:00:00,194.25,464.1,104.21,42.52,0.0,0.98,20.5,44.9
FAC-003,2026-06-27 21:00:00,170.09,380.3,78.75,31.68,0.0,0.97,18.6,50.8
FAC-003,2026-06-27 22:00:00,186.01,470.2,89.44,44.44,0.0,0.97,18.0,41.3
FAC-003,2026-06-27 23:00:00,188.0,430.4,92.88,45.54,0.0,0.95,16.1,47.9
FAC-003,2026-06-28 00:00:00,173.57,464.0,89.44,32.7,0.0,0.97,16.6,50.1
FAC-003,2026-06-28 01:00:00,173.47,433.7,83.82,39.72,0.0,0.96,17.0,50.4
FAC-003,2026-06-28 02:00:00,175.23,461.2,95.42,39.08,0.0,0.96,16.9,44.3
FAC-003,2026-06-28 03:00:00,179.3,454.1,96.59,40.78,0.0,0.94,18.8,54.7
FAC-003,2026-06-28 04:00:00,181.03,388.3,81.07,39.41,0.0,0.96,18.7,47.5
FAC-003,2026-06-28 05:00:00,168.73,348.7,89.92,32.39,0.0,0.93,20.2,56.8
FAC-003,2026-06-28 06:00:00,166.24,433.6,86.97,31.21,0.0,0.93,22.8,58.9
FAC-003,2026-06-28 07:00:00,189.49,412.9,86.18,44.81,0.0,0.94,23.2,40.1
FAC-003,2026-06-28 08:00:00,561.14,1514.1,242.17,122.25,38.05,0.96,24.9,41.7
FAC-003,2026-06-28 09:00:00,545.71,1322.9,238.39,119.26,68.99,0.93,27.4,39.7
FAC-003,2026-06-28 10:00:00,595.5,1607.4,263.47,121.97,95.25,0.98,27.3,58.3
FAC-003,2026-06-28 11:00:00,656.55,1595.3,293.02,125.56,125.48,0.92,29.0,56.7
FAC-003,2026-06-28 12:00:00,668.52,1418.4,339.06,158.05,129.64,0.95,28.2,37.6
FAC-003,2026-06-28 13:00:00,612.63,1443.8,279.24,132.86,132.68,0.97,28.1,53.1
FAC-003,2026-06-28 14:00:00,936.7,2149.0,510.45,195.17,131.84,0.95,26.3,36.6
FAC-003,2026-06-28 15:00:00,666.25,1713.4,327.38,143.91,107.62,0.85,27.3,57.4
FAC-003,2026-06-28 16:00:00,647.78,1666.5,327.39,136.76,76.07,0.96,26.3,46.4
FAC-003,2026-06-28 17:00:00,597.0,1342.5,309.01,116.26,40.13,0.93,24.2,59.1
FAC-003,2026-06-28 18:00:00,592.83,1333.3,265.75,109.66,0.0,0.98,23.4,41.4
FAC-003,2026-06-28 19:00:00,520.1,1227.0,239.81,115.1,0.0,0.95,19.0,48.1
FAC-003,2026-06-28 20:00:00,165.64,384.8,77.86,33.05,0.0,0.93,19.6,50.8
FAC-003,2026-06-28 21:00:00,178.62,419.4,88.86,42.28,0.0,0.97,17.5,54.0
FAC-003,2026-06-28 22:00:00,175.35,386.8,80.51,35.97,0.0,0.96,17.7,44.1
FAC-003,2026-06-28 23:00:00,182.7,468.7,88.05,43.57,0.0,0.97,16.1,56.5
FAC-003,2026-06-29 00:00:00,226.46,508.4,114.69,54.12,0.0,0.96,16.6,53.3
FAC-003,2026-06-29 01:00:00,226.19,529.8,109.46,42.68,0.0,0.93,15.9,53.5
FAC-003,2026-06-29 02:00:00,223.77,567.1,96.88,54.86,0.0,0.92,15.9,49.5
FAC-003,2026-06-29 03:00:00,217.18,454.8,118.51,45.74,0.0,0.99,18.3,46.7
FAC-003,2026-06-29 04:00:00,230.23,558.7,101.26,42.55,0.0,0.85,17.9,39.0
FAC-003,2026-06-29 05:00:00,209.62,495.9,109.63,49.6,0.0,0.82,19.7,48.6
FAC-003,2026-06-29 06:00:00,223.7,582.1,107.59,42.12,0.0,0.95,22.0,53.5
FAC-003,2026-06-29 07:00:00,234.82,637.2,117.31,50.68,0.0,0.95,23.4,38.2
FAC-003,2026-06-29 08:00:00,525.1,1363.6,248.85,97.15,40.97,0.98,25.8,47.1
FAC-003,2026-06-29 09:00:00,520.53,1080.3,247.18,98.71,79.45,0.95,25.6,49.3
FAC-003,2026-06-29 10:00:00,611.45,1638.8,289.35,135.37,105.08,0.98,26.9,47.6
FAC-003,2026-06-29 11:00:00,647.58,1522.3,287.2,134.01,128.01,0.94,28.1,60.0
FAC-003,2026-06-29 12:00:00,599.81,1458.8,270.62,109.74,133.28,0.93,28.7,41.5
FAC-003,2026-06-29 13:00:00,688.91,1798.9,329.75,160.69,130.34,0.97,28.9,58.5
FAC-003,2026-06-29 14:00:00,611.95,1326.7,294.85,142.63,124.82,0.92,26.4,47.5
FAC-003,2026-06-29 15:00:00,635.46,1414.3,280.13,122.64,94.58,0.96,25.4,36.7
FAC-003,2026-06-29 16:00:00,658.02,1584.7,323.03,158.39,77.18,0.97,25.6,41.8
FAC-003,2026-06-29 17:00:00,545.92,1233.2,289.61,102.08,40.48,0.97,23.2,51.1
FAC-003,2026-06-29 18:00:00,513.16,1188.7,281.96,114.25,0.0,0.95,21.7,48.4
FAC-003,2026-06-29 19:00:00,712.81,1527.7,463.33,157.38,0.0,0.95,20.4,56.8
FAC-003,2026-06-29 20:00:00,205.36,528.9,112.07,43.75,0.0,0.93,18.2,46.0
FAC-003,2026-06-29 21:00:00,301.22,764.5,133.13,56.33,0.0,0.92,16.7,58.6
FAC-003,2026-06-29 22:00:00,210.34,570.2,107.25,38.27,0.0,0.96,16.3,36.9
FAC-003,2026-06-29 23:00:00,225.98,480.4,110.98,46.75,0.0,0.94,17.1,38.4
FAC-003,2026-06-30 00:00:00,214.46,508.1,98.52,48.2,0.0,0.95,16.0,42.6
FAC-003,2026-06-30 01:00:00,225.97,470.4,97.95,48.04,0.0,0.93,17.3,57.1
FAC-003,2026-06-30 02:00:00,217.15,562.7,109.83,41.32,0.0,0.97,15.3,40.4
FAC-003,2026-06-30 03:00:00,226.0,558.2,123.46,41.58,0.0,0.85,18.1,39.8
FAC-003,2026-06-30 04:00:00,224.94,514.3,110.42,54.0,0.0,0.94,20.2,35.7
FAC-003,2026-06-30 05:00:00,206.28,460.8,89.44,41.08,0.0,0.98,21.9,52.8
FAC-003,2026-06-30 06:00:00,227.0,587.6,127.1,52.14,0.0,0.99,22.6,56.3
FAC-003,2026-06-30 07:00:00,209.83,518.8,103.97,47.77,0.0,0.94,23.4,48.2
FAC-003,2026-06-30 08:00:00,519.43,1132.9,243.52,99.28,33.9,0.96,24.0,37.7
FAC-003,2026-06-30 09:00:00,536.54,1206.4,297.08,123.41,69.28,0.96,25.1,39.4
FAC-003,2026-06-30 10:00:00,586.17,1411.4,252.86,133.15,98.9,0.93,28.6,36.8
FAC-003,2026-06-30 11:00:00,585.58,1579.5,270.72,120.93,129.08,0.93,28.2,48.0
FAC-003,2026-06-30 12:00:00,598.15,1549.1,295.17,124.47,139.84,0.93,29.2,48.4
FAC-003,2026-06-30 13:00:00,593.62,1252.7,295.89,129.27,141.64,0.94,28.9,58.5
FAC-003,2026-06-30 14:00:00,685.71,1571.1,295.38,125.72,112.01,0.98,26.3,50.5
FAC-003,2026-06-30 15:00:00,625.5,1536.2,277.38,132.64,97.89,0.88,26.4,46.8
FAC-003,2026-06-30 16:00:00,577.06,1509.3,262.33,136.51,68.28,0.85,24.1,53.9
FAC-003,2026-06-30 17:00:00,624.52,1562.6,332.11,120.32,39.84,0.97,23.8,46.7
FAC-003,2026-06-30 18:00:00,535.91,1124.1,243.16,119.59,0.0,0.92,21.6,53.8
FAC-003,2026-06-30 19:00:00,518.84,1191.5,250.56,117.02,0.0,0.99,21.5,58.0
FAC-003,2026-06-30 20:00:00,221.28,593.3,116.5,50.61,0.0,0.97,18.5,55.8
FAC-003,2026-06-30 21:00:00,226.74,609.5,107.1,53.28,0.0,0.94,17.4,59.7
FAC-003,2026-06-30 22:00:00,210.44,440.8,100.94,47.51,0.0,0.96,17.9,36.7
FAC-003,2026-06-30 23:00:00,227.0,491.1,102.4,41.06,0.0,0.83,17.0,49.7
FAC-003,2026-07-01 00:00:00,228.66,503.8,99.83,55.44,0.0,0.96,15.0,59.4
FAC-003,2026-07-01 01:00:00,204.43,520.0,112.81,45.19,0.0,0.96,14.8,41.7
FAC-003,2026-07-01 02:00:00,205.1,458.7,107.01,42.57,0.0,0.92,17.8,44.9
FAC-003,2026-07-01 03:00:00,210.41,503.3,107.5,38.05,0.0,0.97,17.4,54.1
FAC-003,2026-07-01 04:00:00,235.03,629.6,113.23,47.56,0.0,0.92,17.7,56.1
FAC-003,2026-07-01 05:00:00,337.46,733.8,164.9,70.23,0.0,0.96,20.4,36.0
FAC-003,2026-07-01 06:00:00,232.04,506.9,121.51,55.25,0.0,0.98,20.5,56.1
FAC-003,2026-07-01 07:00:00,225.48,605.7,103.74,44.56,0.0,0.93,22.9,55.2
FAC-003,2026-07-01 08:00:00,513.97,1301.8,245.4,121.38,37.7,0.96,26.0,39.9
FAC-003,2026-07-01 09:00:00,531.71,1203.4,279.36,106.3,69.15,0.97,27.4,42.7
FAC-003,2026-07-01 10:00:00,608.55,1397.3,273.66,126.6,100.15,0.94,26.3,52.7
FAC-003,2026-07-01 11:00:00,617.06,1385.6,314.38,114.05,130.26,0.96,28.1,53.1
FAC-003,2026-07-01 12:00:00,584.9,1202.8,312.15,106.71,137.21,0.98,28.0,49.9
FAC-003,2026-07-01 13:00:00,622.5,1430.8,305.53,125.62,129.93,0.96,29.3,47.5
FAC-003,2026-07-01 14:00:00,636.43,1549.4,345.35,115.53,125.55,0.93,26.8,42.3
FAC-003,2026-07-01 15:00:00,643.1,1699.2,351.63,144.11,105.61,0.92,26.6,36.7
FAC-003,2026-07-01 16:00:00,569.89,1237.7,299.58,124.38,78.77,0.96,25.3,53.1
FAC-003,2026-07-01 17:00:00,614.36,1557.2,332.35,113.91,36.23,0.95,23.7,45.2
FAC-003,2026-07-01 18:00:00,581.25,1544.1,280.74,105.7,0.0,0.99,21.6,58.5
FAC-003,2026-07-01 19:00:00,548.65,1308.3,290.54,113.32,0.0,0.93,21.3,57.3
FAC-003,2026-07-01 20:00:00,218.77,505.3,96.53,40.25,0.0,0.95,17.5,59.7
FAC-003,2026-07-01 21:00:00,232.25,607.2,116.02,43.93,0.0,0.97,17.8,37.2
FAC-003,2026-07-01 22:00:00,234.48,630.7,103.67,46.53,0.0,0.94,16.9,49.9
FAC-003,2026-07-01 23:00:00,212.96,548.8,92.92,49.43,0.0,0.97,15.4,35.6
FAC-003,2026-07-02 00:00:00,219.69,458.1,103.23,41.11,0.0,0.94,17.3,57.4
FAC-003,2026-07-02 01:00:00,234.35,612.7,116.83,45.78,0.0,0.93,15.4,47.9
FAC-003,2026-07-02 02:00:00,207.83,509.3,101.61,50.12,0.0,0.98,15.8,49.4
FAC-003,2026-07-02 03:00:00,225.64,613.4,120.33,52.48,0.0,0.95,17.9,37.8
FAC-003,2026-07-02 04:00:00,209.72,432.6,100.99,39.38,0.0,0.97,19.6,51.5
FAC-003,2026-07-02 05:00:00,212.65,548.2,95.02,50.83,0.0,0.93,21.8,49.9
FAC-003,2026-07-02 06:00:00,211.71,536.4,96.82,49.73,0.0,0.97,22.2,53.4
FAC-003,2026-07-02 07:00:00,214.82,546.9,116.71,43.31,0.0,0.99,23.3,56.1
FAC-003,2026-07-02 08:00:00,539.23,1440.2,264.34,109.29,38.33,0.98,24.8,46.6
FAC-003,2026-07-02 09:00:00,569.58,1201.3,275.07,103.56,72.9,0.98,26.1,45.7
FAC-003,2026-07-02 10:00:00,565.08,1486.6,261.28,138.86,107.06,0.93,25.8,40.9
FAC-003,2026-07-02 11:00:00,585.29,1608.3,307.15,115.67,118.31,0.94,27.2,37.7
FAC-003,2026-07-02 12:00:00,616.94,1272.9,321.02,146.36,132.87,0.96,28.3,52.1
FAC-003,2026-07-02 13:00:00,671.42,1653.3,368.23,159.07,126.24,0.98,28.8,35.2
FAC-003,2026-07-02 14:00:00,964.72,2129.2,627.07,236.45,111.25,0.98,27.7,48.3
FAC-003,2026-07-02 15:00:00,607.54,1511.4,302.34,145.61,104.91,0.95,25.1,45.2
FAC-003,2026-07-02 16:00:00,844.56,2057.2,410.64,154.64,73.25,0.93,23.8,56.4
FAC-003,2026-07-02 17:00:00,899.94,2096.2,584.96,184.77,39.35,0.92,22.3,58.1
FAC-003,2026-07-02 18:00:00,551.98,1427.7,289.23,114.55,0.0,0.97,21.6,47.7
FAC-003,2026-07-02 19:00:00,499.79,1173.6,263.71,101.85,0.0,0.95,21.7,51.7
FAC-003,2026-07-02 20:00:00,229.83,484.7,117.98,42.34,0.0,0.92,20.0,42.8
FAC-003,2026-07-02 21:00:00,234.41,523.2,126.3,53.11,0.0,0.83,17.1,48.8
FAC-003,2026-07-02 22:00:00,207.2,514.6,93.97,46.46,0.0,0.96,16.4,37.4
FAC-003,2026-07-02 23:00:00,234.0,631.8,130.42,52.73,0.0,0.88,15.0,52.1
FAC-003,2026-07-03 00:00:00,216.2,480.0,111.12,45.52,0.0,0.94,17.4,55.0
FAC-003,2026-07-03 01:00:00,209.43,459.0,112.14,40.0,0.0,0.95,15.1,38.1
FAC-003,2026-07-03 02:00:00,212.13,499.2,106.9,44.89,0.0,0.93,17.8,57.1
FAC-003,2026-07-03 03:00:00,206.39,527.3,90.18,45.94,0.0,0.95,18.4,58.4
FAC-003,2026-07-03 04:00:00,209.17,546.1,91.81,50.36,0.0,0.96,18.3,42.4
FAC-003,2026-07-03 05:00:00,211.48,477.0,92.94,48.88,0.0,0.95,21.4,49.1
FAC-003,2026-07-03 06:00:00,219.84,539.7,121.44,53.3,0.0,0.99,21.6,36.1
FAC-003,2026-07-03 07:00:00,227.81,493.7,120.87,43.39,0.0,0.97,24.8,40.8
FAC-003,2026-07-03 08:00:00,549.2,1153.8,268.89,99.78,37.43,0.99,24.3,49.1
FAC-003,2026-07-03 09:00:00,580.38,1320.1,319.38,139.99,69.51,0.92,26.3,46.5
FAC-003,2026-07-03 10:00:00,553.8,1143.0,238.83,102.53,94.66,0.96,26.2,53.8
FAC-003,2026-07-03 11:00:00,629.02,1300.1,299.04,135.76,132.03,0.96,28.1,41.9
FAC-003,2026-07-03 12:00:00,647.3,1472.0,353.3,118.37,119.77,0.94,27.2,39.9
FAC-003,2026-07-03 13:00:00,683.13,1852.5,306.55,132.74,124.61,0.97,26.6,55.9
FAC-003,2026-07-03 14:00:00,614.54,1647.5,310.25,145.99,128.08,0.98,27.0,35.4
FAC-003,2026-07-03 15:00:00,594.38,1229.3,322.15,120.69,97.72,0.94,24.8,45.2
FAC-003,2026-07-03 16:00:00,598.08,1407.9,270.6,118.21,77.62,0.94,23.9,41.5
FAC-003,2026-07-03 17:00:00,560.31,1525.6,290.4,120.13,39.62,0.93,23.0,38.8
FAC-003,2026-07-03 18:00:00,576.84,1407.5,284.37,125.55,0.0,0.98,21.3,51.7
FAC-003,2026-07-03 19:00:00,523.73,1339.5,258.4,108.25,0.0,0.88,20.5,52.5
FAC-003,2026-07-03 20:00:00,218.84,471.5,117.86,42.11,0.0,0.97,20.2,51.1
FAC-003,2026-07-03 21:00:00,214.07,551.4,119.32,43.32,0.0,0.96,17.4,59.1
FAC-003,2026-07-03 22:00:00,235.41,601.8,101.46,51.81,0.0,0.97,15.3,35.0
FAC-003,2026-07-03 23:00:00,203.43,484.2,113.25,39.78,0.0,0.92,15.8,36.1
FAC-003,2026-07-04 00:00:00,176.87,430.2,98.82,34.41,0.0,0.99,17.5,59.2
FAC-003,2026-07-04 01:00:00,185.66,486.9,82.5,39.15,0.0,0.96,16.9,41.3
FAC-003,2026-07-04 02:00:00,178.84,418.6,81.79,43.03,0.0,0.97,16.4,55.2
FAC-003,2026-07-04 03:00:00,176.85,365.3,78.57,42.92,0.0,0.98,18.2,58.1
FAC-003,2026-07-04 04:00:00,181.93,440.0,96.31,42.4,0.0,0.96,20.0,54.0
FAC-003,2026-07-04 05:00:00,194.31,447.1,94.53,35.31,0.0,0.93,19.8,36.3
FAC-003,2026-07-04 06:00:00,167.73,349.8,76.56,31.28,0.0,0.94,23.4,56.9
FAC-003,2026-07-04 07:00:00,170.67,356.7,79.27,31.63,0.0,0.96,22.8,59.8
FAC-003,2026-07-04 08:00:00,548.03,1491.3,276.4,132.06,38.62,0.94,25.6,44.8
FAC-003,2026-07-04 09:00:00,596.32,1582.6,294.7,123.64,71.48,0.97,26.4,35.4
FAC-003,2026-07-04 10:00:00,568.81,1225.3,279.49,134.19,90.92,0.95,26.7,60.0
FAC-003,2026-07-04 11:00:00,648.2,1431.6,357.69,132.15,115.81,0.98,27.0,44.4
FAC-003,2026-07-04 12:00:00,631.99,1490.1,344.77,130.59,142.97,0.97,29.2,36.4
FAC-003,2026-07-04 13:00:00,636.42,1349.8,309.37,143.11,143.97,0.95,29.0,59.1
FAC-003,2026-07-04 14:00:00,598.31,1602.8,318.35,136.89,117.28,0.99,27.4,42.4
FAC-003,2026-07-04 15:00:00,623.08,1359.8,292.4,115.08,95.28,0.96,26.6,44.7
FAC-003,2026-07-04 16:00:00,643.35,1613.3,316.47,160.29,70.99,0.92,26.1,58.6
FAC-003,2026-07-04 17:00:00,564.49,1215.6,284.95,119.42,37.97,0.98,23.4,42.0
FAC-003,2026-07-04 18:00:00,570.09,1428.0,268.28,138.91,0.0,0.96,23.3,50.7
FAC-003,2026-07-04 19:00:00,523.11,1305.1,273.23,96.22,0.0,0.97,21.3,40.7
FAC-003,2026-07-04 20:00:00,194.26,436.8,85.44,47.7,0.0,0.97,20.4,37.5
FAC-003,2026-07-04 21:00:00,177.93,379.8,84.05,40.07,0.0,0.97,18.7,56.5
FAC-003,2026-07-04 22:00:00,174.96,476.0,86.99,32.05,0.0,0.93,15.6,55.6
FAC-003,2026-07-04 23:00:00,166.7,425.8,87.27,33.28,0.0,0.96,17.5,46.3
FAC-003,2026-07-05 00:00:00,180.03,393.2,91.56,36.22,0.0,0.96,15.7,51.8
FAC-003,2026-07-05 01:00:00,166.92,352.2,79.13,34.86,0.0,0.94,17.7,53.4
FAC-003,2026-07-05 02:00:00,166.18,433.1,87.0,35.02,0.0,0.98,15.9,54.6
FAC-003,2026-07-05 03:00:00,182.31,422.0,94.56,37.12,0.0,0.97,18.1,54.7
FAC-003,2026-07-05 04:00:00,171.7,428.8,85.71,33.03,0.0,0.94,19.9,46.6
FAC-003,2026-07-05 05:00:00,184.23,380.6,103.0,41.19,0.0,0.92,19.5,55.3
FAC-003,2026-07-05 06:00:00,173.05,466.2,81.74,34.01,0.0,0.96,21.7,50.8
FAC-003,2026-07-05 07:00:00,175.38,376.6,89.88,38.82,0.0,0.95,23.9,57.9
FAC-003,2026-07-05 08:00:00,498.67,1279.0,226.99,107.29,36.92,0.94,26.2,57.8
FAC-003,2026-07-05 09:00:00,578.02,1181.9,316.63,113.53,67.33,0.97,25.3,50.9
FAC-003,2026-07-05 10:00:00,624.89,1432.2,321.25,154.92,97.23,0.96,25.7,53.3
FAC-003,2026-07-05 11:00:00,634.82,1302.4,301.45,137.48,117.41,0.96,26.5,53.9
FAC-003,2026-07-05 12:00:00,979.27,2244.0,636.53,180.24,133.96,0.98,27.3,56.4
FAC-003,2026-07-05 13:00:00,589.4,1385.7,283.35,133.1,124.84,0.92,28.6,45.3
FAC-003,2026-07-05 14:00:00,596.7,1444.6,272.25,113.87,120.51,0.99,27.5,48.2
FAC-003,2026-07-05 15:00:00,666.72,1525.8,304.5,121.91,104.16,0.92,25.7,50.4
FAC-003,2026-07-05 16:00:00,602.19,1248.2,296.71,127.75,79.08,0.99,25.9,45.8
FAC-003,2026-07-05 17:00:00,620.37,1487.2,339.01,122.03,35.1,0.98,24.0,52.7
FAC-003,2026-07-05 18:00:00,559.47,1434.8,269.84,138.58,0.0,0.94,21.3,41.1
FAC-003,2026-07-05 19:00:00,521.78,1289.4,270.71,103.76,0.0,0.95,19.8,52.9
FAC-003,2026-07-05 20:00:00,173.09,439.8,81.19,39.17,0.0,0.97,18.7,44.9
FAC-003,2026-07-05 21:00:00,170.12,461.9,88.47,31.73,0.0,0.98,19.0,45.2
FAC-003,2026-07-05 22:00:00,170.15,356.3,73.64,39.98,0.0,0.99,17.6,41.1
FAC-003,2026-07-05 23:00:00,166.84,424.1,89.91,32.01,0.0,0.94,16.1,39.2
FAC-003,2026-07-06 00:00:00,210.76,473.2,100.01,46.31,0.0,0.95,15.0,37.1
FAC-003,2026-07-06 01:00:00,217.34,567.0,108.79,44.79,0.0,0.92,15.9,51.2
FAC-003,2026-07-06 02:00:00,220.37,454.5,123.03,44.33,0.0,0.93,16.3,37.4
FAC-003,2026-07-06 03:00:00,214.3,573.9,95.57,43.02,0.0,0.94,18.1,45.7
FAC-003,2026-07-06 04:00:00,215.39,472.7,109.2,44.06,0.0,0.93,18.8,50.6
FAC-003,2026-07-06 05:00:00,233.11,630.7,116.81,49.81,0.0,0.97,19.5,54.7
FAC-003,2026-07-06 06:00:00,221.59,522.1,111.26,49.69,0.0,0.97,23.4,53.8
FAC-003,2026-07-06 07:00:00,213.53,533.0,96.29,44.55,0.0,0.95,24.5,35.7
FAC-003,2026-07-06 08:00:00,541.51,1491.4,271.3,122.17,37.6,0.92,23.8,39.0
FAC-003,2026-07-06 09:00:00,523.29,1308.5,290.57,128.87,69.42,0.96,26.6,35.0
FAC-003,2026-07-06 10:00:00,607.98,1469.6,301.72,147.86,109.16,0.96,26.6,43.1
FAC-003,2026-07-06 11:00:00,649.37,1666.5,342.08,121.69,133.25,0.98,27.8,52.5
FAC-003,2026-07-06 12:00:00,645.93,1393.5,346.43,133.19,141.31,0.94,27.6,44.5
FAC-003,2026-07-06 13:00:00,654.43,1420.0,318.56,147.67,119.25,0.96,28.6,45.1
FAC-003,2026-07-06 14:00:00,657.58,1626.4,365.12,128.27,122.3,0.99,27.3,43.7
FAC-003,2026-07-06 15:00:00,602.19,1307.4,262.67,132.53,97.04,0.94,27.6,49.5
FAC-003,2026-07-06 16:00:00,603.18,1444.1,330.2,128.98,73.02,0.97,24.3,38.6
FAC-003,2026-07-06 17:00:00,583.86,1538.7,258.34,121.26,37.59,0.93,24.5,51.2
FAC-003,2026-07-06 18:00:00,584.41,1590.7,288.77,125.58,0.0,0.95,21.5,35.8
FAC-003,2026-07-06 19:00:00,741.4,1814.2,481.91,159.99,0.0,0.92,19.0,53.9
FAC-003,2026-07-06 20:00:00,232.99,501.8,119.67,45.68,0.0,0.96,19.7,43.7
FAC-003,2026-07-06 21:00:00,213.34,529.6,119.45,49.58,0.0,0.95,17.3,35.7
FAC-003,2026-07-06 22:00:00,235.15,629.5,120.26,43.71,0.0,0.94,16.2,49.4
FAC-003,2026-07-06 23:00:00,219.7,571.9,114.96,44.41,0.0,0.93,16.7,52.1
FAC-003,2026-07-07 00:00:00,225.88,469.8,99.47,54.12,0.0,0.93,16.7,36.9
FAC-003,2026-07-07 01:00:00,236.67,609.1,120.41,50.57,0.0,0.94,17.5,58.9
FAC-003,2026-07-07 02:00:00,211.64,499.0,97.4,42.51,0.0,0.94,17.2,54.1
FAC-003,2026-07-07 03:00:00,231.07,602.7,100.33,42.36,0.0,0.96,16.4,41.4
FAC-003,2026-07-07 04:00:00,232.64,566.0,127.77,50.02,0.0,0.98,19.1,57.6
FAC-003,2026-07-07 05:00:00,234.4,620.4,107.44,50.8,0.0,0.93,19.5,55.2
FAC-003,2026-07-07 06:00:00,209.2,522.2,102.83,47.64,0.0,0.95,22.1,47.6
FAC-003,2026-07-07 07:00:00,234.86,515.5,106.4,50.96,0.0,0.96,24.3,49.1
FAC-003,2026-07-07 08:00:00,552.83,1280.8,284.34,127.58,37.86,0.97,24.8,42.9
FAC-003,2026-07-07 09:00:00,548.08,1350.3,240.92,117.78,71.82,0.95,27.4,58.9
FAC-003,2026-07-07 10:00:00,542.07,1163.3,301.39,124.36,97.04,0.93,25.8,57.6
FAC-003,2026-07-07 11:00:00,630.23,1724.6,338.85,148.36,130.73,0.95,28.5,36.8
FAC-003,2026-07-07 12:00:00,647.95,1327.5,354.92,133.55,134.0,0.94,28.1,55.4
FAC-003,2026-07-07 13:00:00,641.58,1345.4,292.89,120.9,131.95,0.83,27.9,49.8
FAC-003,2026-07-07 14:00:00,937.1,2365.3,609.12,177.28,123.34,0.92,28.4,56.3
FAC-003,2026-07-07 15:00:00,653.82,1645.7,334.98,148.75,107.0,0.94,27.4,35.4
FAC-003,2026-07-07 16:00:00,655.13,1352.7,341.85,163.5,74.74,0.98,24.8,42.8
FAC-003,2026-07-07 17:00:00,578.46,1303.8,277.22,129.77,39.94,0.93,24.1,57.5
FAC-003,2026-07-07 18:00:00,848.38,1869.5,551.45,158.13,0.0,0.94,22.9,53.6
FAC-003,2026-07-07 19:00:00,523.28,1278.6,254.08,129.82,0.0,0.94,20.8,48.1
FAC-003,2026-07-07 20:00:00,335.85,772.7,218.3,62.07,0.0,0.99,18.4,38.9
FAC-003,2026-07-07 21:00:00,214.93,494.6,111.48,53.23,0.0,0.92,16.4,58.8
FAC-003,2026-07-07 22:00:00,235.55,563.3,107.4,43.07,0.0,0.95,18.2,55.6
FAC-003,2026-07-07 23:00:00,208.13,488.3,109.36,48.06,0.0,0.98,15.5,36.6
FAC-003,2026-07-08 00:00:00,224.29,464.0,105.63,42.94,0.0,0.93,15.2,41.5
FAC-003,2026-07-08 01:00:00,220.53,507.9,115.73,40.25,0.0,0.95,15.1,56.8
FAC-003,2026-07-08 02:00:00,205.17,430.8,97.53,50.69,0.0,0.97,18.2,46.8
FAC-003,2026-07-08 03:00:00,209.51,519.1,114.32,51.08,0.0,0.97,18.2,55.7
FAC-003,2026-07-08 04:00:00,221.2,526.6,101.93,51.33,0.0,0.94,19.6,58.4
FAC-003,2026-07-08 05:00:00,225.25,475.6,104.01,54.79,0.0,0.97,20.0,58.9
FAC-003,2026-07-08 06:00:00,212.77,477.1,91.7,42.72,0.0,0.98,20.7,46.8
FAC-003,2026-07-08 07:00:00,205.67,517.5,98.53,41.59,0.0,0.97,24.5,52.0
FAC-003,2026-07-08 08:00:00,515.78,1193.7,281.72,124.1,36.98,0.99,26.3,54.9
FAC-003,2026-07-08 09:00:00,519.77,1095.2,243.2,128.81,69.17,0.97,25.6,42.4
FAC-003,2026-07-08 10:00:00,540.13,1414.0,287.68,109.21,108.0,0.97,27.2,46.1
FAC-003,2026-07-08 11:00:00,644.71,1380.7,317.75,153.63,110.93,0.99,27.8,48.1
FAC-003,2026-07-08 12:00:00,651.17,1757.0,287.18,143.34,133.61,0.96,28.2,37.3
FAC-003,2026-07-08 13:00:00,590.86,1602.2,293.5,109.85,130.8,0.97,27.0,51.8
FAC-003,2026-07-08 14:00:00,591.04,1613.3,316.57,129.63,122.15,0.97,26.8,48.9
FAC-003,2026-07-08 15:00:00,611.2,1411.4,308.13,120.14,92.97,0.97,26.1,51.1
FAC-003,2026-07-08 16:00:00,650.21,1446.5,327.65,152.55,76.36,0.96,23.8,52.1
FAC-003,2026-07-08 17:00:00,566.21,1249.4,306.88,138.92,39.42,0.87,24.6,50.8
FAC-003,2026-07-08 18:00:00,516.31,1324.8,272.56,119.19,0.0,0.98,22.4,45.7
FAC-003,2026-07-08 19:00:00,532.56,1197.9,256.58,98.97,0.0,0.96,19.6,48.2
FAC-003,2026-07-08 20:00:00,230.57,494.8,113.66,50.76,0.0,0.94,19.9,54.3
FAC-003,2026-07-08 21:00:00,224.09,610.8,103.45,55.84,0.0,0.96,18.7,53.0
FAC-003,2026-07-08 22:00:00,236.14,626.1,119.85,53.02,0.0,0.97,16.0,44.3
FAC-003,2026-07-08 23:00:00,220.2,546.1,107.73,55.01,0.0,0.98,17.2,50.4
FAC-003,2026-07-09 00:00:00,212.76,524.3,106.66,47.74,0.0,0.98,17.4,51.7
FAC-003,2026-07-09 01:00:00,231.7,512.4,107.79,48.64,0.0,0.92,14.7,53.0
FAC-003,2026-07-09 02:00:00,213.4,585.2,112.89,50.85,0.0,0.96,16.2,40.6
FAC-003,2026-07-09 03:00:00,216.8,473.1,121.18,39.04,0.0,0.93,17.3,46.4
FAC-003,2026-07-09 04:00:00,216.66,457.3,96.07,47.08,0.0,0.98,19.7,45.5
FAC-003,2026-07-09 05:00:00,205.86,489.3,102.54,44.47,0.0,0.97,21.2,38.6
FAC-003,2026-07-09 06:00:00,205.23,438.2,106.78,42.43,0.0,0.98,21.6,35.8
FAC-003,2026-07-09 07:00:00,234.9,575.3,119.22,58.26,0.0,0.98,22.3,49.6
FAC-003,2026-07-09 08:00:00,539.03,1183.4,285.12,126.11,38.76,0.95,26.4,37.0
FAC-003,2026-07-09 09:00:00,537.2,1099.7,246.74,115.72,73.51,0.97,27.6,39.5
FAC-003,2026-07-09 10:00:00,578.01,1188.7,273.7,126.93,106.49,0.99,27.9,54.0
FAC-003,2026-07-09 11:00:00,635.28,1429.7,305.11,154.32,112.76,0.96,27.6,47.3
FAC-003,2026-07-09 12:00:00,631.49,1522.7,301.3,124.62,129.12,0.97,27.2,44.5
FAC-003,2026-07-09 13:00:00,627.71,1562.5,334.67,127.23,131.7,0.94,27.9,46.2
FAC-003,2026-07-09 14:00:00,612.56,1635.6,333.73,134.32,123.76,0.98,28.0,45.8
FAC-003,2026-07-09 15:00:00,585.07,1264.9,258.41,139.28,91.2,0.84,26.5,49.9
FAC-003,2026-07-09 16:00:00,611.27,1514.8,303.33,141.06,71.88,0.98,24.7,35.1
FAC-003,2026-07-09 17:00:00,540.87,1208.4,268.02,127.81,37.86,0.98,24.3,50.3
FAC-003,2026-07-09 18:00:00,589.71,1314.9,268.96,147.0,0.0,0.86,22.6,54.8
FAC-003,2026-07-09 19:00:00,515.37,1310.1,265.77,108.63,0.0,0.96,21.3,53.0
FAC-003,2026-07-09 20:00:00,207.86,465.9,96.62,43.14,0.0,0.94,19.4,49.1
FAC-003,2026-07-09 21:00:00,234.72,642.2,106.76,55.31,0.0,0.97,18.2,40.4
FAC-003,2026-07-09 22:00:00,213.82,477.6,92.14,48.69,0.0,0.98,16.7,59.1
FAC-003,2026-07-09 23:00:00,227.79,546.9,120.31,44.53,0.0,0.94,16.6,46.9
FAC-003,2026-07-10 00:00:00,210.68,563.1,111.23,50.68,0.0,0.97,17.4,44.5
FAC-003,2026-07-10 01:00:00,208.07,537.3,115.99,47.71,0.0,0.92,17.0,51.8
FAC-003,2026-07-10 02:00:00,219.64,486.6,97.6,46.79,0.0,0.94,16.0,36.9
FAC-003,2026-07-10 03:00:00,221.07,551.0,106.46,48.07,0.0,0.98,17.1,59.4
FAC-003,2026-07-10 04:00:00,203.19,559.3,91.27,36.95,0.0,0.94,20.5,50.0
FAC-003,2026-07-10 05:00:00,205.27,508.3,101.12,42.78,0.0,0.95,20.6,52.3
FAC-003,2026-07-10 06:00:00,207.57,444.3,95.45,38.92,0.0,0.96,21.8,59.6
FAC-003,2026-07-10 07:00:00,221.44,602.7,98.07,44.8,0.0,0.95,23.2,38.6
FAC-003,2026-07-10 08:00:00,529.83,1241.8,232.47,112.61,38.33,0.92,24.6,54.5
FAC-003,2026-07-10 09:00:00,551.59,1268.2,265.04,112.51,64.67,0.98,25.2,49.8
FAC-003,2026-07-10 10:00:00,603.6,1428.7,271.21,145.32,96.32,0.96,28.5,58.2
FAC-003,2026-07-10 11:00:00,945.27,2339.9,413.15,204.22,120.47,0.95,27.0,41.9
FAC-003,2026-07-10 12:00:00,586.55,1489.7,298.7,133.57,131.8,0.93,26.9,45.0
FAC-003,2026-07-10 13:00:00,643.4,1563.2,332.68,158.2,138.28,0.99,28.0,49.9
FAC-003,2026-07-10 14:00:00,673.37,1811.9,305.76,147.36,126.64,0.98,27.6,44.9
FAC-003,2026-07-10 15:00:00,670.05,1777.0,369.19,162.61,92.86,0.99,26.3,54.5
FAC-003,2026-07-10 16:00:00,658.91,1578.6,322.37,151.53,76.33,0.98,24.7,37.7
FAC-003,2026-07-10 17:00:00,606.77,1305.1,333.58,119.91,36.33,0.97,24.0,50.4
FAC-003,2026-07-10 18:00:00,517.34,1390.2,271.52,114.92,0.0,0.97,23.3,59.7
FAC-003,2026-07-10 19:00:00,487.46,1004.1,238.7,114.62,0.0,0.92,21.1,47.5
FAC-003,2026-07-10 20:00:00,206.12,459.9,108.25,41.73,0.0,0.97,18.6,51.0
FAC-003,2026-07-10 21:00:00,230.38,599.8,105.93,44.03,0.0,0.97,16.6,56.0
FAC-003,2026-07-10 22:00:00,213.92,514.5,110.29,40.36,0.0,0.92,15.5,46.9
FAC-003,2026-07-10 23:00:00,218.04,563.6,95.04,44.77,0.0,0.95,15.8,45.6
FAC-003,2026-07-11 00:00:00,192.98,478.2,85.71,35.18,0.0,0.99,16.0,46.7
FAC-003,2026-07-11 01:00:00,181.6,468.0,93.06,43.8,0.0,0.95,16.6,46.4
FAC-003,2026-07-11 02:00:00,166.07,437.1,75.17,35.57,0.0,0.94,16.3,37.6
FAC-003,2026-07-11 03:00:00,190.21,435.6,83.73,43.82,0.0,0.99,17.0,49.2
FAC-003,2026-07-11 04:00:00,171.14,462.4,89.37,31.54,0.0,0.93,19.0,46.2
FAC-003,2026-07-11 05:00:00,194.12,466.8,99.88,36.67,0.0,0.96,20.7,35.5
FAC-003,2026-07-11 06:00:00,186.12,455.8,82.83,40.93,0.0,0.97,22.4,42.0
FAC-003,2026-07-11 07:00:00,187.87,514.3,98.02,35.38,0.0,0.93,24.2,54.4
FAC-003,2026-07-11 08:00:00,502.35,1242.0,275.18,103.08,34.02,0.93,25.4,56.9
FAC-003,2026-07-11 09:00:00,519.44,1423.3,249.09,121.66,70.65,0.87,25.0,38.5
FAC-003,2026-07-11 10:00:00,619.03,1415.6,309.35,123.95,97.37,0.94,27.5,57.5
FAC-003,2026-07-11 11:00:00,580.08,1252.5,312.67,134.53,131.95,0.93,28.1,47.0
FAC-003,2026-07-11 12:00:00,596.98,1509.9,293.92,134.96,129.78,0.95,27.4,45.3
FAC-003,2026-07-11 13:00:00,951.2,2121.0,513.52,174.28,145.14,0.93,28.5,42.3
FAC-003,2026-07-11 14:00:00,630.15,1563.2,280.61,128.0,126.71,0.93,27.6,55.3
FAC-003,2026-07-11 15:00:00,638.75,1656.4,288.83,128.9,90.36,0.95,26.9,55.7
FAC-003,2026-07-11 16:00:00,579.92,1188.5,322.64,133.51,76.96,0.94,23.7,49.2
FAC-003,2026-07-11 17:00:00,539.74,1346.5,248.65,107.91,34.41,0.94,24.7,46.7
FAC-003,2026-07-11 18:00:00,573.64,1422.5,314.5,104.26,0.0,0.94,23.4,58.6
FAC-003,2026-07-11 19:00:00,497.23,1088.9,275.7,105.46,0.0,0.97,19.7,57.0
FAC-003,2026-07-11 20:00:00,167.45,356.4,77.86,37.26,0.0,0.95,20.0,40.7
FAC-003,2026-07-11 21:00:00,172.37,365.9,89.28,36.22,0.0,0.97,16.8,44.0
FAC-003,2026-07-11 22:00:00,172.34,410.1,78.22,31.14,0.0,0.95,15.5,45.7
FAC-003,2026-07-11 23:00:00,186.2,509.4,100.9,33.64,0.0,0.94,15.5,46.8
FAC-003,2026-07-12 00:00:00,175.85,484.4,94.87,40.84,0.0,0.96,14.8,59.9
FAC-003,2026-07-12 01:00:00,185.77,505.0,89.7,40.56,0.0,0.93,15.2,54.8
FAC-003,2026-07-12 02:00:00,167.95,391.7,78.74,36.28,0.0,0.92,18.2,42.0
FAC-003,2026-07-12 03:00:00,182.26,436.3,84.0,36.15,0.0,0.95,18.7,47.0
FAC-003,2026-07-12 04:00:00,171.05,413.8,85.41,34.6,0.0,0.97,18.6,52.4
FAC-003,2026-07-12 05:00:00,183.62,388.5,82.5,41.79,0.0,0.98,20.1,36.4
FAC-003,2026-07-12 06:00:00,191.61,519.3,82.91,40.86,0.0,0.95,22.2,46.6
FAC-003,2026-07-12 07:00:00,166.13,364.1,84.61,40.61,0.0,0.95,22.9,57.1
FAC-003,2026-07-12 08:00:00,556.69,1449.1,279.96,125.88,36.43,0.93,24.7,56.3
FAC-003,2026-07-12 09:00:00,555.33,1447.5,280.1,105.01,77.06,0.97,27.6,57.0
FAC-003,2026-07-12 10:00:00,572.88,1295.2,292.37,126.19,98.28,0.95,27.0,41.6
FAC-003,2026-07-12 11:00:00,613.76,1585.8,269.32,126.3,130.78,0.94,26.5,59.0
FAC-003,2026-07-12 12:00:00,579.74,1515.3,281.98,118.92,132.73,0.98,27.8,38.7
FAC-003,2026-07-12 13:00:00,653.21,1425.9,286.35,151.13,132.73,0.96,27.6,55.0
FAC-003,2026-07-12 14:00:00,602.87,1437.9,315.96,116.4,127.06,0.95,27.8,35.8
FAC-003,2026-07-12 15:00:00,666.49,1658.1,288.18,145.41,105.34,0.97,26.8,55.5
FAC-003,2026-07-12 16:00:00,601.16,1344.2,295.38,138.37,77.6,0.94,25.2,39.5
FAC-003,2026-07-12 17:00:00,630.8,1684.8,338.77,146.47,35.17,0.96,23.0,36.6
FAC-003,2026-07-12 18:00:00,533.41,1428.8,278.96,131.75,0.0,0.95,23.0,52.8
FAC-003,2026-07-12 19:00:00,530.47,1391.4,276.41,104.88,0.0,0.99,21.1,53.4
FAC-003,2026-07-12 20:00:00,181.36,378.0,98.77,38.34,0.0,0.98,20.0,38.5
FAC-003,2026-07-12 21:00:00,192.51,506.8,86.48,45.56,0.0,0.97,18.3,57.2
FAC-003,2026-07-12 22:00:00,177.51,476.1,86.55,32.97,0.0,0.98,17.1,53.8
FAC-003,2026-07-12 23:00:00,184.82,487.6,95.08,44.93,0.0,0.99,17.3,36.6
FAC-003,2026-07-13 00:00:00,223.78,565.7,107.29,41.17,0.0,0.94,16.5,57.8
FAC-003,2026-07-13 01:00:00,218.26,503.8,104.85,42.95,0.0,0.93,16.4,38.2
FAC-003,2026-07-13 02:00:00,221.66,603.9,110.67,40.45,0.0,0.82,17.0,38.4
FAC-003,2026-07-13 03:00:00,215.76,488.8,110.24,40.53,0.0,0.95,17.8,37.1
FAC-003,2026-07-13 04:00:00,220.7,517.6,102.01,41.2,0.0,0.98,19.9,56.8
FAC-003,2026-07-13 05:00:00,229.27,497.7,116.72,47.13,0.0,0.97,20.3,53.1
FAC-003,2026-07-13 06:00:00,217.6,501.4,105.17,46.85,0.0,0.97,23.1,40.7
FAC-003,2026-07-13 07:00:00,214.42,445.6,100.82,49.5,0.0,0.95,23.0,50.7
FAC-003,2026-07-13 08:00:00,539.45,1224.4,294.88,113.44,34.84,0.95,23.5,42.9
FAC-003,2026-07-13 09:00:00,568.95,1440.1,298.77,134.74,76.19,0.95,26.4,40.1
FAC-003,2026-07-13 10:00:00,602.99,1612.8,331.77,116.08,91.68,0.98,26.8,51.5
FAC-003,2026-07-13 11:00:00,647.54,1454.4,287.5,118.28,113.56,0.93,28.6,39.1
FAC-003,2026-07-13 12:00:00,615.87,1511.2,318.51,120.57,124.45,0.96,28.8,51.8
FAC-003,2026-07-13 13:00:00,678.7,1406.2,346.77,169.21,140.5,0.94,28.5,48.8
FAC-003,2026-07-13 14:00:00,616.56,1563.5,279.86,113.31,122.85,0.94,25.9,37.5
FAC-003,2026-07-13 15:00:00,615.88,1332.7,318.58,146.72,107.98,0.95,27.1,54.6
FAC-003,2026-07-13 16:00:00,580.65,1228.3,294.22,134.64,69.17,0.97,24.0,38.7
FAC-003,2026-07-13 17:00:00,593.55,1335.0,282.88,107.7,34.29,0.97,23.7,38.0
FAC-003,2026-07-13 18:00:00,524.76,1384.5,230.23,119.12,0.0,0.93,21.4,54.1
FAC-003,2026-07-13 19:00:00,512.38,1391.8,240.41,95.11,0.0,0.96,20.9,47.9
FAC-003,2026-07-13 20:00:00,225.02,561.0,101.3,47.03,0.0,0.97,19.5,38.7
FAC-003,2026-07-13 21:00:00,203.91,454.8,106.75,50.3,0.0,0.93,18.8,48.8
FAC-003,2026-07-13 22:00:00,236.69,639.9,127.27,44.78,0.0,0.95,16.7,55.9
FAC-003,2026-07-13 23:00:00,204.49,526.9,113.39,38.92,0.0,0.96,15.2,56.8
FAC-003,2026-07-14 00:00:00,225.44,537.7,111.71,52.06,0.0,0.94,17.1,46.7
FAC-003,2026-07-14 01:00:00,235.3,649.2,125.55,43.27,0.0,0.97,15.4,52.3
FAC-003,2026-07-14 02:00:00,210.81,520.8,97.69,42.48,0.0,0.93,17.3,54.5
FAC-003,2026-07-14 03:00:00,215.21,587.8,104.63,44.59,0.0,0.97,17.4,48.6
FAC-003,2026-07-14 04:00:00,218.88,526.1,117.17,51.16,0.0,0.98,19.8,58.9
FAC-003,2026-07-14 05:00:00,211.82,573.4,115.56,49.58,0.0,0.92,19.4,47.6
FAC-003,2026-07-14 06:00:00,206.91,475.6,89.3,46.37,0.0,0.93,21.0,58.5
FAC-003,2026-07-14 07:00:00,214.16,535.0,115.47,48.26,0.0,0.99,25.0,55.8
FAC-003,2026-07-14 08:00:00,533.51,1457.7,274.41,98.21,35.25,0.96,25.8,48.1
FAC-003,2026-07-14 09:00:00,833.37,1974.7,437.68,205.81,67.73,0.93,25.9,43.8
FAC-003,2026-07-14 10:00:00,538.98,1328.3,287.67,118.58,110.8,0.92,28.3,56.0
FAC-003,2026-07-14 11:00:00,622.22,1710.1,307.16,154.12,132.44,0.98,26.9,55.8
FAC-003,2026-07-14 12:00:00,675.74,1712.6,340.75,125.66,134.35,0.94,28.3,44.4
FAC-003,2026-07-14 13:00:00,601.28,1558.1,332.09,139.82,117.82,0.84,28.1,46.3
FAC-003,2026-07-14 14:00:00,631.16,1613.7,284.02,156.75,114.41,0.93,27.0,39.8
FAC-003,2026-07-14 15:00:00,594.64,1586.0,298.91,134.66,91.26,0.93,26.7,46.7
FAC-003,2026-07-14 16:00:00,574.36,1326.4,307.14,128.19,66.39,0.98,23.8,44.3
FAC-003,2026-07-14 17:00:00,586.51,1578.8,316.5,123.48,36.94,0.96,22.8,50.2
FAC-003,2026-07-14 18:00:00,544.67,1321.9,304.36,131.66,0.0,0.95,21.4,54.3
FAC-003,2026-07-14 19:00:00,551.8,1382.7,247.88,118.96,0.0,0.96,21.9,37.9
FAC-003,2026-07-14 20:00:00,206.99,531.5,107.34,42.66,0.0,0.95,19.8,48.7
FAC-003,2026-07-14 21:00:00,205.51,487.6,99.34,44.84,0.0,0.98,18.7,44.4
FAC-003,2026-07-14 22:00:00,216.31,452.3,99.55,44.13,0.0,0.94,18.2,42.8
FAC-003,2026-07-14 23:00:00,210.46,531.2,95.72,45.53,0.0,0.92,16.1,43.3
FAC-003,2026-07-15 00:00:00,220.39,496.1,99.36,53.47,0.0,0.97,17.4,47.5
FAC-003,2026-07-15 01:00:00,214.19,504.4,110.99,45.5,0.0,0.98,17.4,56.3
FAC-003,2026-07-15 02:00:00,219.66,465.7,104.79,54.83,0.0,0.96,18.1,54.5
FAC-003,2026-07-15 03:00:00,206.51,552.3,98.83,39.18,0.0,0.97,18.2,47.7
FAC-003,2026-07-15 04:00:00,214.01,461.3,95.83,49.38,0.0,0.97,18.9,38.4
FAC-003,2026-07-15 05:00:00,213.67,563.4,111.33,40.16,0.0,0.97,21.1,51.7
FAC-003,2026-07-15 06:00:00,209.05,481.5,94.17,41.09,0.0,0.98,23.3,36.5
FAC-003,2026-07-15 07:00:00,329.16,823.8,153.49,71.85,0.0,0.94,24.6,39.3
FAC-003,2026-07-15 08:00:00,522.55,1218.0,287.39,101.66,38.3,0.97,25.0,57.8
FAC-003,2026-07-15 09:00:00,529.0,1264.5,269.29,118.33,70.98,0.99,25.1,40.3
FAC-003,2026-07-15 10:00:00,606.07,1548.0,332.71,121.98,105.63,0.94,27.6,47.0
FAC-003,2026-07-15 11:00:00,643.21,1488.8,347.71,151.95,120.68,0.98,27.0,47.7
FAC-003,2026-07-15 12:00:00,648.45,1685.6,307.15,128.55,144.3,0.98,29.0,54.0
FAC-003,2026-07-15 13:00:00,685.91,1660.2,312.03,168.76,128.91,0.93,28.1,59.9
FAC-003,2026-07-15 14:00:00,686.45,1821.4,326.26,171.19,119.85,0.94,28.6,58.7
FAC-003,2026-07-15 15:00:00,659.14,1388.1,298.55,151.94,103.01,0.93,26.9,38.5
FAC-003,2026-07-15 16:00:00,596.72,1438.8,299.29,136.92,74.7,0.95,26.1,43.3
FAC-003,2026-07-15 17:00:00,607.65,1546.7,289.71,145.4,36.11,0.92,23.1,55.4
FAC-003,2026-07-15 18:00:00,550.34,1444.1,295.66,126.02,0.0,0.93,22.1,35.4
FAC-003,2026-07-15 19:00:00,555.09,1524.8,305.51,130.96,0.0,0.84,19.0,37.4
FAC-003,2026-07-15 20:00:00,220.13,546.7,118.91,52.91,0.0,0.98,20.2,46.4
FAC-003,2026-07-15 21:00:00,234.66,534.3,112.74,50.51,0.0,0.97,16.3,57.5
FAC-003,2026-07-15 22:00:00,312.07,761.0,202.85,57.28,0.0,0.94,17.6,40.4
FAC-003,2026-07-15 23:00:00,212.08,435.3,107.37,47.97,0.0,0.94,15.7,57.1
FAC-003,2026-07-16 00:00:00,224.43,594.2,106.37,51.41,0.0,0.96,16.7,49.3
FAC-003,2026-07-16 01:00:00,228.65,598.9,104.47,53.63,0.0,0.98,15.3,37.5
FAC-003,2026-07-16 02:00:00,233.6,633.8,120.21,44.41,0.0,0.99,17.1,54.4
FAC-003,2026-07-16 03:00:00,236.47,600.2,105.21,52.18,0.0,0.98,19.2,47.8
FAC-003,2026-07-16 04:00:00,217.44,571.7,105.44,43.0,0.0,0.99,17.7,55.4
FAC-003,2026-07-16 05:00:00,236.18,565.5,109.3,43.69,0.0,0.93,19.3,40.6
FAC-003,2026-07-16 06:00:00,235.98,634.1,110.02,49.81,0.0,0.97,22.6,55.7
FAC-003,2026-07-16 07:00:00,225.02,601.6,122.79,48.94,0.0,0.96,22.2,44.9
FAC-003,2026-07-16 08:00:00,499.17,1220.9,275.74,123.18,40.48,0.97,25.8,50.8
FAC-003,2026-07-16 09:00:00,570.26,1348.7,317.53,104.94,66.44,0.95,25.2,59.4
FAC-003,2026-07-16 10:00:00,578.23,1241.9,269.29,127.53,91.17,0.97,26.4,54.8
FAC-003,2026-07-16 11:00:00,604.58,1272.6,261.78,123.5,126.05,0.98,26.6,59.8
FAC-003,2026-07-16 12:00:00,587.29,1338.5,252.92,122.51,135.24,0.98,27.6,53.4
FAC-003,2026-07-16 13:00:00,597.19,1451.4,280.56,126.86,131.59,0.94,28.2,49.4
FAC-003,2026-07-16 14:00:00,636.42,1518.5,303.13,136.43,131.73,0.92,28.2,54.5
FAC-003,2026-07-16 15:00:00,603.97,1512.2,296.22,132.55,111.09,0.97,25.8,55.3
FAC-003,2026-07-16 16:00:00,659.03,1366.6,322.55,121.76,74.67,0.94,25.7,47.4
FAC-003,2026-07-16 17:00:00,863.93,1898.6,561.55,185.72,39.12,0.97,24.8,35.8
FAC-003,2026-07-16 18:00:00,569.68,1341.0,252.01,118.92,0.0,0.99,22.7,49.5
FAC-003,2026-07-16 19:00:00,559.17,1419.0,249.87,135.72,0.0,0.94,20.2,55.4
FAC-003,2026-07-16 20:00:00,232.35,582.7,119.14,44.12,0.0,0.93,18.0,35.6
FAC-003,2026-07-16 21:00:00,221.28,490.9,109.0,47.6,0.0,0.97,17.3,57.0
FAC-003,2026-07-16 22:00:00,227.5,605.8,106.03,40.96,0.0,0.98,16.4,51.5
FAC-003,2026-07-16 23:00:00,232.68,491.0,104.3,48.89,0.0,0.87,16.3,56.2
FAC-003,2026-07-17 00:00:00,210.41,550.9,97.57,43.57,0.0,0.95,14.7,37.0
FAC-003,2026-07-17 01:00:00,218.06,466.1,114.35,49.67,0.0,0.93,16.9,44.5
FAC-003,2026-07-17 02:00:00,202.83,447.4,94.81,36.64,0.0,0.95,15.6,57.4
FAC-003,2026-07-17 03:00:00,235.29,514.7,111.75,53.5,0.0,0.96,16.3,58.3
FAC-003,2026-07-17 04:00:00,235.03,547.3,111.26,47.7,0.0,0.97,20.3,35.6
FAC-003,2026-07-17 05:00:00,214.03,514.5,97.05,46.17,0.0,0.93,20.2,45.2
FAC-003,2026-07-17 06:00:00,207.63,564.6,89.4,51.47,0.0,0.95,22.5,36.7
FAC-003,2026-07-17 07:00:00,234.65,554.4,120.12,56.09,0.0,0.92,22.3,39.7
FAC-003,2026-07-17 08:00:00,488.23,1160.4,220.52,103.12,36.21,0.95,26.3,37.7
FAC-003,2026-07-17 09:00:00,585.07,1542.7,290.1,136.7,67.6,0.98,25.1,57.4
FAC-003,2026-07-17 10:00:00,608.35,1338.4,264.5,143.53,92.85,0.96,27.7,50.2
FAC-003,2026-07-17 11:00:00,625.93,1431.0,344.33,119.73,123.45,0.95,27.4,35.7
FAC-003,2026-07-17 12:00:00,641.72,1484.7,317.71,132.75,132.74,0.95,27.3,39.5
FAC-003,2026-07-17 13:00:00,673.81,1849.9,303.13,122.83,124.63,0.98,29.1,46.1
FAC-003,2026-07-17 14:00:00,617.96,1539.3,285.03,138.83,117.88,0.94,26.5,36.3
FAC-003,2026-07-17 15:00:00,667.73,1630.9,371.39,153.68,104.38,0.93,25.6,57.3
FAC-003,2026-07-17 16:00:00,652.01,1456.4,324.68,150.02,66.01,0.99,24.4,39.9
FAC-003,2026-07-17 17:00:00,559.92,1191.6,287.52,118.63,37.89,0.98,22.1,44.6
FAC-003,2026-07-17 18:00:00,579.69,1373.0,304.83,140.95,0.0,0.93,22.1,36.3
FAC-003,2026-07-17 19:00:00,523.6,1408.7,281.57,104.21,0.0,0.99,21.3,55.3
FAC-003,2026-07-17 20:00:00,209.09,574.9,108.31,48.07,0.0,0.96,19.6,59.5
FAC-003,2026-07-17 21:00:00,213.88,439.7,107.04,41.05,0.0,0.94,16.4,45.7
FAC-003,2026-07-17 22:00:00,235.95,642.8,131.69,49.44,0.0,0.92,17.2,41.2
FAC-003,2026-07-17 23:00:00,206.96,515.5,112.44,42.44,0.0,0.93,17.7,53.8
FAC-003,2026-07-18 00:00:00,174.12,417.2,78.6,37.47,0.0,0.93,15.6,39.7
FAC-003,2026-07-18 01:00:00,181.83,439.7,95.36,38.86,0.0,0.93,17.5,52.1
FAC-003,2026-07-18 02:00:00,262.55,697.7,170.66,65.57,0.0,0.92,17.1,55.0
FAC-003,2026-07-18 03:00:00,174.81,401.6,85.7,33.26,0.0,0.83,16.6,45.1
FAC-003,2026-07-18 04:00:00,170.59,456.3,76.58,41.63,0.0,0.92,19.5,54.2
FAC-003,2026-07-18 05:00:00,194.15,451.5,84.59,38.13,0.0,0.95,20.6,36.1
FAC-003,2026-07-18 06:00:00,177.59,443.6,98.65,39.41,0.0,0.97,22.4,40.9
FAC-003,2026-07-18 07:00:00,186.69,492.3,98.28,46.63,0.0,0.99,23.5,49.5
FAC-003,2026-07-18 08:00:00,548.24,1220.8,290.08,126.35,41.39,0.97,24.4,39.0
FAC-003,2026-07-18 09:00:00,562.27,1283.7,302.07,122.67,67.67,0.95,24.8,59.6
FAC-003,2026-07-18 10:00:00,631.31,1299.8,310.58,156.23,98.31,0.94,25.7,48.6
FAC-003,2026-07-18 11:00:00,589.82,1586.3,260.38,141.66,123.3,0.97,27.8,51.0
FAC-003,2026-07-18 12:00:00,627.57,1635.6,338.87,141.28,140.0,0.93,27.1,49.6
FAC-003,2026-07-18 13:00:00,689.6,1604.6,299.27,128.53,119.92,0.98,28.5,57.4
FAC-003,2026-07-18 14:00:00,596.69,1517.4,261.09,143.0,126.85,0.94,28.6,36.6
FAC-003,2026-07-18 15:00:00,609.99,1561.5,265.39,141.51,96.94,0.97,27.1,49.5
FAC-003,2026-07-18 16:00:00,633.57,1541.4,320.96,114.61,77.99,0.98,24.8,47.7
FAC-003,2026-07-18 17:00:00,580.15,1438.4,316.98,136.43,34.52,0.99,24.4,54.2
FAC-003,2026-07-18 18:00:00,542.45,1385.0,284.31,116.63,0.0,0.97,20.9,42.3
FAC-003,2026-07-18 19:00:00,506.87,1220.0,255.41,93.13,0.0,0.95,20.2,42.1
FAC-003,2026-07-18 20:00:00,170.92,415.0,88.64,41.83,0.0,0.98,19.0,46.4
FAC-003,2026-07-18 21:00:00,258.63,543.6,168.11,63.54,0.0,0.94,17.6,54.4
FAC-003,2026-07-18 22:00:00,166.38,401.0,86.9,40.25,0.0,0.96,16.0,40.9
FAC-003,2026-07-18 23:00:00,192.33,429.2,95.75,37.21,0.0,0.95,16.0,44.8
FAC-003,2026-07-19 00:00:00,172.56,383.2,75.97,31.36,0.0,0.93,16.8,52.9
FAC-003,2026-07-19 01:00:00,190.15,442.6,88.74,46.01,0.0,0.95,15.0,59.4
FAC-003,2026-07-19 02:00:00,175.42,377.1,82.71,32.49,0.0,0.92,17.9,43.5
FAC-003,2026-07-19 03:00:00,184.2,412.8,103.07,36.15,0.0,0.99,17.8,41.0
FAC-003,2026-07-19 04:00:00,193.87,451.8,103.9,39.17,0.0,0.94,20.2,45.5
FAC-003,2026-07-19 05:00:00,170.37,394.8,82.89,38.2,0.0,0.87,21.6,59.2
FAC-003,2026-07-19 06:00:00,181.41,447.1,84.36,45.34,0.0,0.97,23.0,35.2
FAC-003,2026-07-19 07:00:00,184.77,425.0,100.95,42.12,0.0,0.97,23.9,42.3
FAC-003,2026-07-19 08:00:00,524.32,1399.8,279.34,102.24,36.24,0.92,24.9,53.8
FAC-003,2026-07-19 09:00:00,528.91,1152.5,291.11,116.37,65.92,0.99,26.6,45.5
FAC-003,2026-07-19 10:00:00,608.76,1436.8,309.01,110.03,108.55,0.99,27.8,36.7
FAC-003,2026-07-19 11:00:00,594.86,1293.1,282.96,112.02,111.99,0.94,27.4,53.1
FAC-003,2026-07-19 12:00:00,638.33,1511.2,314.47,158.6,141.24,0.97,28.2,36.9
FAC-003,2026-07-19 13:00:00,610.76,1472.6,319.71,130.89,138.6,0.93,28.8,57.6
FAC-003,2026-07-19 14:00:00,664.7,1389.9,350.81,126.89,112.43,0.94,28.7,45.8
FAC-003,2026-07-19 15:00:00,648.62,1650.2,296.15,119.41,101.49,0.99,27.4,44.5
FAC-003,2026-07-19 16:00:00,620.29,1431.0,271.0,115.06,64.65,0.97,25.3,42.2
FAC-003,2026-07-19 17:00:00,612.8,1607.3,325.28,132.82,35.77,0.93,22.6,51.9
FAC-003,2026-07-19 18:00:00,567.32,1364.7,274.6,106.1,0.0,0.95,21.1,38.3
FAC-003,2026-07-19 19:00:00,497.3,1204.5,229.63,120.58,0.0,0.95,21.8,37.8
FAC-003,2026-07-19 20:00:00,182.42,435.5,81.91,36.63,0.0,0.97,19.1,52.1
FAC-003,2026-07-19 21:00:00,190.46,522.0,103.43,40.56,0.0,0.84,18.1,50.7
FAC-003,2026-07-19 22:00:00,169.2,450.9,76.51,40.55,0.0,0.97,17.1,40.1
FAC-003,2026-07-19 23:00:00,185.64,506.2,92.79,33.66,0.0,0.98,16.6,58.1
FAC-003,2026-07-20 00:00:00,220.11,581.4,107.7,45.94,0.0,0.95,14.7,36.1
FAC-003,2026-07-20 01:00:00,227.69,577.1,103.94,51.29,0.0,0.94,16.8,46.7
FAC-003,2026-07-20 02:00:00,224.19,520.6,124.9,47.05,0.0,0.95,17.0,43.2
FAC-003,2026-07-20 03:00:00,218.81,463.0,94.18,45.54,0.0,0.92,19.0,40.2
FAC-003,2026-07-20 04:00:00,212.18,474.0,104.85,44.68,0.0,0.97,17.7,54.2
FAC-003,2026-07-20 05:00:00,219.95,517.9,107.95,47.25,0.0,0.95,20.5,52.3
FAC-003,2026-07-20 06:00:00,215.69,523.3,104.34,44.47,0.0,0.95,22.6,57.5
FAC-003,2026-07-20 07:00:00,236.58,491.6,121.28,58.54,0.0,0.96,23.3,40.3
FAC-003,2026-07-20 08:00:00,532.38,1429.9,250.74,122.47,41.22,0.94,24.6,44.9
FAC-003,2026-07-20 09:00:00,577.02,1187.3,275.52,139.4,78.37,0.99,26.3,44.7
FAC-003,2026-07-20 10:00:00,568.47,1272.4,290.46,106.02,103.08,0.92,27.4,45.7
FAC-003,2026-07-20 11:00:00,649.12,1556.6,330.72,122.1,121.26,0.92,28.7,53.7
FAC-003,2026-07-20 12:00:00,665.63,1590.9,315.86,163.92,119.78,0.96,28.8,50.7
FAC-003,2026-07-20 13:00:00,942.29,2120.7,465.39,235.29,142.65,0.96,28.6,58.3
FAC-003,2026-07-20 14:00:00,670.01,1613.0,331.52,139.2,132.15,0.95,26.5,43.1
FAC-003,2026-07-20 15:00:00,647.13,1772.8,347.81,128.76,101.44,0.94,26.3,44.7
FAC-003,2026-07-20 16:00:00,648.66,1724.5,362.47,142.58,76.06,0.97,24.0,36.8
FAC-003,2026-07-20 17:00:00,821.75,1838.1,395.27,151.63,37.71,0.87,24.9,52.9
FAC-003,2026-07-20 18:00:00,592.23,1518.0,270.76,147.83,0.0,0.95,22.5,50.5
FAC-003,2026-07-20 19:00:00,485.25,1081.0,231.09,102.09,0.0,0.93,20.0,47.3
FAC-003,2026-07-20 20:00:00,235.72,510.2,124.81,54.49,0.0,0.96,20.4,53.7
FAC-003,2026-07-20 21:00:00,232.35,589.5,104.6,42.07,0.0,0.93,18.5,41.8
FAC-003,2026-07-20 22:00:00,234.69,496.8,110.57,45.81,0.0,0.93,15.6,45.8
FAC-003,2026-07-20 23:00:00,227.27,550.5,123.44,53.39,0.0,0.93,15.8,37.1
FAC-003,2026-07-21 00:00:00,214.31,576.4,98.23,51.65,0.0,0.94,16.2,53.3
FAC-003,2026-07-21 01:00:00,223.29,601.6,123.67,44.29,0.0,0.99,17.0,41.0
FAC-003,2026-07-21 02:00:00,230.47,604.9,106.51,53.03,0.0,0.95,15.6,49.4
FAC-003,2026-07-21 03:00:00,231.37,518.6,112.6,50.34,0.0,0.93,17.6,48.0
FAC-003,2026-07-21 04:00:00,223.66,616.7,113.79,42.26,0.0,0.97,18.7,47.6
FAC-003,2026-07-21 05:00:00,209.23,451.5,108.72,50.89,0.0,0.93,19.8,50.6
FAC-003,2026-07-21 06:00:00,213.73,569.7,114.55,46.7,0.0,0.97,20.6,41.1
FAC-003,2026-07-21 07:00:00,217.96,496.0,118.94,46.37,0.0,0.94,23.3,54.7
FAC-003,2026-07-21 08:00:00,557.34,1334.7,281.29,129.95,34.23,0.98,23.6,42.6
FAC-003,2026-07-21 09:00:00,524.77,1321.1,275.45,101.24,69.58,0.95,27.6,37.9
FAC-003,2026-07-21 10:00:00,559.64,1270.5,270.8,102.02,92.81,0.94,27.9,59.3
FAC-003,2026-07-21 11:00:00,585.45,1478.0,276.68,118.49,116.56,0.96,26.7,35.6
FAC-003,2026-07-21 12:00:00,589.64,1366.6,313.75,110.78,137.86,0.93,28.2,40.9
FAC-003,2026-07-21 13:00:00,592.3,1331.7,270.23,137.79,137.45,0.92,27.2,39.9
FAC-003,2026-07-21 14:00:00,680.71,1597.2,296.56,159.02,122.83,0.97,26.4,38.6
FAC-003,2026-07-21 15:00:00,646.16,1677.8,314.64,142.24,105.71,0.98,25.6,51.0
FAC-003,2026-07-21 16:00:00,619.93,1573.0,300.42,118.23,71.44,0.98,24.0,45.4
FAC-003,2026-07-21 17:00:00,576.72,1507.1,300.21,124.29,35.43,0.93,22.7,36.7
FAC-003,2026-07-21 18:00:00,553.77,1293.0,289.01,128.55,0.0,0.96,21.8,49.9
FAC-003,2026-07-21 19:00:00,494.45,1118.5,270.84,90.85,0.0,0.94,19.3,57.1
FAC-003,2026-07-21 20:00:00,225.35,594.5,110.33,55.28,0.0,0.95,19.2,49.7
FAC-003,2026-07-21 21:00:00,218.67,555.6,96.25,44.83,0.0,0.99,17.9,50.2
FAC-003,2026-07-21 22:00:00,226.87,572.0,99.64,45.36,0.0,0.94,17.8,42.8
FAC-003,2026-07-21 23:00:00,205.03,532.6,94.87,39.46,0.0,0.94,15.2,47.3
FAC-003,2026-07-22 00:00:00,225.35,496.8,114.51,55.15,0.0,0.95,14.7,36.4
FAC-003,2026-07-22 01:00:00,224.68,532.6,104.2,43.43,0.0,0.96,15.6,50.3
FAC-003,2026-07-22 02:00:00,226.15,505.7,120.26,46.51,0.0,0.95,16.7,56.2
FAC-003,2026-07-22 03:00:00,204.94,474.8,89.33,39.04,0.0,0.93,16.3,42.9
FAC-003,2026-07-22 04:00:00,235.19,644.4,121.6,57.35,0.0,0.95,18.1,40.6
FAC-003,2026-07-22 05:00:00,203.82,510.0,89.0,45.36,0.0,0.97,21.4,48.3
FAC-003,2026-07-22 06:00:00,230.46,535.1,127.65,42.45,0.0,0.95,23.1,42.1
FAC-003,2026-07-22 07:00:00,226.02,468.8,114.76,43.72,0.0,0.94,24.6,44.2
FAC-003,2026-07-22 08:00:00,514.96,1370.2,273.98,127.88,35.42,0.96,25.5,45.6
FAC-003,2026-07-22 09:00:00,515.71,1173.6,257.66,128.58,75.51,0.98,25.6,35.4
FAC-003,2026-07-22 10:00:00,620.19,1619.2,334.13,124.45,95.97,0.99,27.5,41.1
FAC-003,2026-07-22 11:00:00,584.65,1353.3,312.81,121.07,129.48,0.98,27.6,50.4
FAC-003,2026-07-22 12:00:00,674.27,1795.8,340.22,145.34,141.05,0.96,26.7,37.8
FAC-003,2026-07-22 13:00:00,623.86,1642.2,305.91,126.62,129.01,0.96,28.7,41.8
FAC-003,2026-07-22 14:00:00,622.01,1674.2,335.65,113.15,114.11,0.96,26.4,56.6
FAC-003,2026-07-22 15:00:00,604.61,1587.7,293.03,144.15,106.25,0.96,25.7,38.9
FAC-003,2026-07-22 16:00:00,614.54,1383.4,332.53,114.11,77.11,0.97,25.3,52.9
FAC-003,2026-07-22 17:00:00,558.24,1240.3,279.06,133.04,36.08,0.94,23.1,35.1
FAC-003,2026-07-22 18:00:00,571.47,1371.8,255.28,142.26,0.0,0.95,21.2,42.1
FAC-003,2026-07-22 19:00:00,541.56,1190.0,274.8,120.57,0.0,0.97,20.0,55.0
FAC-003,2026-07-22 20:00:00,229.09,627.3,99.51,50.07,0.0,0.99,18.8,36.6
FAC-003,2026-07-22 21:00:00,222.41,605.3,106.77,41.79,0.0,0.96,17.3,41.8
FAC-003,2026-07-22 22:00:00,235.13,619.6,127.29,49.9,0.0,0.95,18.3,42.6
FAC-003,2026-07-22 23:00:00,237.24,643.8,106.14,55.33,0.0,0.84,15.0,45.4
FAC-003,2026-07-23 00:00:00,217.84,535.6,105.9,47.7,0.0,0.98,17.0,49.1
FAC-003,2026-07-23 01:00:00,212.79,469.5,101.49,47.58,0.0,0.98,17.5,36.2
FAC-003,2026-07-23 02:00:00,203.2,419.9,94.57,48.84,0.0,0.95,16.6,56.0
FAC-003,2026-07-23 03:00:00,228.33,582.4,108.54,56.19,0.0,0.95,19.0,49.4
FAC-003,2026-07-23 04:00:00,217.08,537.8,99.66,50.07,0.0,0.96,18.1,54.8
FAC-003,2026-07-23 05:00:00,233.77,613.0,110.29,48.72,0.0,0.96,21.7,48.4
FAC-003,2026-07-23 06:00:00,203.88,550.0,89.51,36.8,0.0,0.95,23.0,50.2
FAC-003,2026-07-23 07:00:00,212.84,463.6,114.59,40.78,0.0,0.94,24.1,40.4
FAC-003,2026-07-23 08:00:00,485.98,1292.2,218.27,104.79,40.8,0.99,25.5,50.6
FAC-003,2026-07-23 09:00:00,522.54,1263.0,261.63,108.18,71.04,0.93,24.9,59.5
FAC-003,2026-07-23 10:00:00,562.28,1302.6,306.93,120.21,92.8,0.93,25.9,46.0
FAC-003,2026-07-23 11:00:00,619.09,1639.7,315.01,120.13,117.01,0.93,27.7,55.9
FAC-003,2026-07-23 12:00:00,612.93,1679.7,323.45,144.01,124.15,0.93,28.3,53.1
FAC-003,2026-07-23 13:00:00,629.06,1479.4,272.56,139.78,125.82,0.95,27.8,45.7
FAC-003,2026-07-23 14:00:00,653.67,1417.7,296.82,127.09,114.64,0.97,27.7,50.2
FAC-003,2026-07-23 15:00:00,610.29,1372.5,334.71,151.25,100.45,0.97,27.0,55.5
FAC-003,2026-07-23 16:00:00,657.28,1457.3,366.84,161.41,71.85,0.96,24.1,45.6
FAC-003,2026-07-23 17:00:00,544.72,1362.5,257.84,98.73,39.44,0.92,22.1,49.7
FAC-003,2026-07-23 18:00:00,579.32,1416.0,251.69,141.03,0.0,0.95,22.2,45.2
FAC-003,2026-07-23 19:00:00,512.0,1093.5,265.66,95.79,0.0,0.93,20.6,54.8
FAC-003,2026-07-23 20:00:00,222.64,512.2,115.43,45.37,0.0,0.94,18.0,35.3
FAC-003,2026-07-23 21:00:00,235.57,594.7,119.96,55.31,0.0,0.95,18.7,40.6
FAC-003,2026-07-23 22:00:00,210.28,481.2,102.78,50.88,0.0,0.95,16.8,48.4
FAC-003,2026-07-23 23:00:00,219.67,476.4,113.92,40.86,0.0,0.95,17.6,59.3
FAC-003,2026-07-24 00:00:00,213.51,496.0,118.57,48.73,0.0,0.83,17.0,51.1
FAC-003,2026-07-24 01:00:00,220.02,511.9,120.5,49.33,0.0,0.93,17.6,45.9
FAC-003,2026-07-24 02:00:00,219.95,558.6,119.86,48.89,0.0,0.88,18.2,58.7
FAC-003,2026-07-24 03:00:00,231.1,571.4,119.94,55.26,0.0,0.93,19.2,43.8
FAC-003,2026-07-24 04:00:00,205.68,427.2,97.38,42.08,0.0,0.93,20.0,36.6
FAC-003,2026-07-24 05:00:00,202.76,507.8,105.52,45.3,0.0,0.95,21.1,55.3
FAC-003,2026-07-24 06:00:00,219.54,563.9,101.5,42.1,0.0,0.96,21.4,59.2
FAC-003,2026-07-24 07:00:00,233.37,489.1,114.3,52.2,0.0,0.95,22.9,56.2
FAC-003,2026-07-24 08:00:00,508.95,1138.1,227.11,106.03,33.84,0.95,25.1,41.9
FAC-003,2026-07-24 09:00:00,554.61,1264.1,261.28,132.06,72.6,0.99,27.7,52.3
FAC-003,2026-07-24 10:00:00,564.37,1509.6,291.35,140.33,103.2,0.94,28.4,53.9
FAC-004,2026-06-24 10:00:00,534.27,1302.1,260.89,116.03,95.37,0.94,27.2,37.4
FAC-004,2026-06-24 11:00:00,500.95,1325.6,241.78,118.39,105.14,0.94,26.9,36.0
FAC-004,2026-06-24 12:00:00,572.73,1560.6,263.55,142.57,115.25,0.96,27.8,43.4
FAC-004,2026-06-24 13:00:00,554.69,1478.0,241.17,109.96,108.23,0.96,29.2,51.1
FAC-004,2026-06-24 14:00:00,542.1,1455.4,246.23,112.88,105.21,0.96,27.9,47.6
FAC-004,2026-06-24 15:00:00,557.28,1288.2,305.66,133.18,89.56,0.93,27.0,44.0
FAC-004,2026-06-24 16:00:00,571.24,1224.9,306.64,128.35,58.11,0.93,23.8,56.1
FAC-004,2026-06-24 17:00:00,500.82,1344.1,244.89,115.1,35.8,0.92,24.3,52.2
FAC-004,2026-06-24 18:00:00,484.74,1007.4,257.64,94.68,0.0,0.97,21.4,53.0
FAC-004,2026-06-24 19:00:00,486.59,1203.8,232.5,110.95,0.0,0.96,19.0,42.1
FAC-004,2026-06-24 20:00:00,182.59,435.3,100.06,41.14,0.0,0.98,19.2,35.1
FAC-004,2026-06-24 21:00:00,181.37,409.4,94.25,38.73,0.0,0.95,19.0,36.3
FAC-004,2026-06-24 22:00:00,192.85,527.6,98.44,38.8,0.0,0.94,18.3,57.0
FAC-004,2026-06-24 23:00:00,207.6,484.1,108.2,40.4,0.0,0.94,17.0,49.6
FAC-004,2026-06-25 00:00:00,204.13,556.7,95.65,50.99,0.0,0.99,15.2,48.3
FAC-004,2026-06-25 01:00:00,185.1,506.8,94.29,33.85,0.0,0.98,16.3,46.7
FAC-004,2026-06-25 02:00:00,198.31,465.8,92.44,41.9,0.0,0.99,15.6,57.0
FAC-004,2026-06-25 03:00:00,203.95,498.8,101.25,46.13,0.0,0.92,16.3,43.1
FAC-004,2026-06-25 04:00:00,186.46,422.6,102.96,36.83,0.0,0.96,19.0,57.1
FAC-004,2026-06-25 05:00:00,205.5,478.5,93.61,49.71,0.0,0.98,19.5,58.0
FAC-004,2026-06-25 06:00:00,184.62,406.1,98.93,34.6,0.0,0.96,20.9,48.7
FAC-004,2026-06-25 07:00:00,203.61,478.9,112.32,47.83,0.0,0.93,25.0,53.4
FAC-004,2026-06-25 08:00:00,659.36,1451.1,428.58,151.9,33.19,0.99,24.2,43.1
FAC-004,2026-06-25 09:00:00,514.62,1155.0,248.39,94.01,56.94,0.96,26.6,52.9
FAC-004,2026-06-25 10:00:00,695.17,1826.2,331.41,128.8,90.56,0.97,27.7,53.4
FAC-004,2026-06-25 11:00:00,576.5,1580.9,261.62,112.43,101.15,0.99,28.2,48.0
FAC-004,2026-06-25 12:00:00,567.74,1507.6,313.86,114.77,111.16,0.93,28.0,58.2
FAC-004,2026-06-25 13:00:00,578.24,1582.3,284.94,129.45,115.3,0.97,29.0,42.4
FAC-004,2026-06-25 14:00:00,523.35,1414.4,286.27,104.68,100.49,0.98,28.0,57.8
FAC-004,2026-06-25 15:00:00,579.16,1472.5,290.25,131.38,87.82,0.92,24.8,46.4
FAC-004,2026-06-25 16:00:00,562.02,1459.1,264.59,119.03,61.97,0.95,23.7,39.8
FAC-004,2026-06-25 17:00:00,548.38,1371.8,241.13,100.36,30.42,0.95,22.3,39.9
FAC-004,2026-06-25 18:00:00,494.41,1130.0,256.63,93.29,0.0,0.97,21.2,56.2
FAC-004,2026-06-25 19:00:00,447.43,1135.0,226.63,88.61,0.0,0.94,19.6,35.4
FAC-004,2026-06-25 20:00:00,182.98,473.8,90.77,35.55,0.0,0.94,19.2,59.7
FAC-004,2026-06-25 21:00:00,203.88,526.5,107.81,42.21,0.0,0.85,16.9,48.9
FAC-004,2026-06-25 22:00:00,194.83,474.9,97.73,48.16,0.0,0.98,16.6,46.8
FAC-004,2026-06-25 23:00:00,188.8,471.7,95.87,41.65,0.0,0.94,16.5,38.3
FAC-004,2026-06-26 00:00:00,178.4,366.4,78.4,35.15,0.0,0.94,14.7,45.9
FAC-004,2026-06-26 01:00:00,201.47,458.8,94.63,49.31,0.0,0.93,17.3,46.6
FAC-004,2026-06-26 02:00:00,197.77,470.3,90.04,38.37,0.0,0.87,15.5,47.0
FAC-004,2026-06-26 03:00:00,198.25,487.8,86.75,41.49,0.0,0.92,18.2,48.0
FAC-004,2026-06-26 04:00:00,193.59,484.5,106.21,35.06,0.0,0.83,18.8,55.1
FAC-004,2026-06-26 05:00:00,196.37,473.3,94.94,38.57,0.0,0.98,21.5,43.5
FAC-004,2026-06-26 06:00:00,183.64,376.4,96.59,45.25,0.0,0.95,22.6,39.4
FAC-004,2026-06-26 07:00:00,196.05,411.2,88.49,35.57,0.0,0.93,23.9,52.2
FAC-004,2026-06-26 08:00:00,474.94,1286.4,264.38,94.5,34.19,0.97,24.2,48.4
FAC-004,2026-06-26 09:00:00,500.1,1048.3,279.85,91.2,57.16,0.97,26.6,43.1
FAC-004,2026-06-26 10:00:00,488.48,1198.6,265.05,107.97,96.18,0.93,28.7,53.1
FAC-004,2026-06-26 11:00:00,551.78,1459.3,266.83,111.19,98.15,0.92,27.2,39.0
FAC-004,2026-06-26 12:00:00,507.5,1167.0,238.08,124.52,110.6,0.95,28.9,39.8
FAC-004,2026-06-26 13:00:00,581.96,1436.1,304.91,108.29,103.59,0.98,26.9,37.3
FAC-004,2026-06-26 14:00:00,578.76,1423.5,261.85,105.32,103.81,0.97,27.5,37.8
FAC-004,2026-06-26 15:00:00,593.16,1530.7,324.89,142.96,84.29,0.98,25.5,58.8
FAC-004,2026-06-26 16:00:00,502.7,1059.7,223.34,113.27,62.09,0.97,25.7,40.1
FAC-004,2026-06-26 17:00:00,471.7,1094.9,221.54,98.07,35.1,0.92,23.5,58.7
FAC-004,2026-06-26 18:00:00,459.84,940.1,208.8,88.03,0.0,0.93,21.2,37.3
FAC-004,2026-06-26 19:00:00,438.56,933.9,217.72,109.0,0.0,0.95,21.6,44.9
FAC-004,2026-06-26 20:00:00,179.81,436.4,93.97,44.61,0.0,0.95,19.4,49.8
FAC-004,2026-06-26 21:00:00,177.9,389.5,89.19,39.43,0.0,0.93,18.4,50.2
FAC-004,2026-06-26 22:00:00,186.21,432.8,102.15,43.21,0.0,0.93,18.2,42.8
FAC-004,2026-06-26 23:00:00,182.94,416.7,97.85,36.46,0.0,0.95,15.9,47.6
FAC-004,2026-06-27 00:00:00,165.55,433.0,88.37,30.97,0.0,0.93,17.3,55.5
FAC-004,2026-06-27 01:00:00,166.95,414.3,93.26,37.19,0.0,0.97,15.2,54.0
FAC-004,2026-06-27 02:00:00,148.3,405.6,69.84,30.42,0.0,0.97,18.2,57.6
FAC-004,2026-06-27 03:00:00,167.72,370.2,80.93,32.89,0.0,0.97,18.2,52.2
FAC-004,2026-06-27 04:00:00,212.08,517.0,105.88,47.56,0.0,0.96,19.4,55.7
FAC-004,2026-06-27 05:00:00,166.03,420.2,83.43,32.13,0.0,0.99,19.7,38.7
FAC-004,2026-06-27 06:00:00,155.15,378.8,67.98,37.43,0.0,0.94,21.4,46.4
FAC-004,2026-06-27 07:00:00,158.71,384.2,84.2,36.06,0.0,0.98,22.3,48.9
FAC-004,2026-06-27 08:00:00,433.99,938.1,228.66,97.75,35.71,0.97,25.2,48.8
FAC-004,2026-06-27 09:00:00,511.3,1316.8,220.15,110.65,59.17,0.92,27.3,55.8
FAC-004,2026-06-27 10:00:00,522.45,1265.6,225.63,125.05,92.08,0.97,27.3,42.3
FAC-004,2026-06-27 11:00:00,564.89,1518.8,296.75,138.6,102.45,0.94,28.5,35.5
FAC-004,2026-06-27 12:00:00,508.18,1325.9,284.39,95.82,116.23,0.93,28.3,39.0
FAC-004,2026-06-27 13:00:00,540.99,1462.1,247.47,118.52,113.02,0.98,27.4,43.1
FAC-004,2026-06-27 14:00:00,562.92,1341.1,300.96,113.57,98.95,0.92,27.3,47.4
FAC-004,2026-06-27 15:00:00,586.16,1567.4,258.94,141.2,85.67,0.97,27.2,52.1
FAC-004,2026-06-27 16:00:00,503.04,1287.1,257.87,113.88,66.18,0.97,25.2,41.5
FAC-004,2026-06-27 17:00:00,472.32,972.0,225.61,109.12,32.28,0.92,24.9,48.8
FAC-004,2026-06-27 18:00:00,470.5,1112.0,218.02,85.38,0.0,0.93,22.7,57.4
FAC-004,2026-06-27 19:00:00,463.59,982.5,202.52,107.49,0.0,0.97,21.1,58.8
FAC-004,2026-06-27 20:00:00,162.37,352.2,75.34,39.74,0.0,0.98,17.9,55.7
FAC-004,2026-06-27 21:00:00,240.51,606.0,156.33,54.93,0.0,0.95,18.7,39.3
FAC-004,2026-06-27 22:00:00,160.03,342.7,78.85,31.03,0.0,0.93,15.4,59.4
FAC-004,2026-06-27 23:00:00,147.68,365.3,74.58,27.41,0.0,0.98,17.1,44.9
FAC-004,2026-06-28 00:00:00,149.34,397.9,82.05,28.04,0.0,0.85,17.0,53.2
FAC-004,2026-06-28 01:00:00,166.57,441.3,74.23,40.59,0.0,0.97,16.3,51.9
FAC-004,2026-06-28 02:00:00,153.86,362.6,77.54,30.47,0.0,0.94,16.3,56.3
FAC-004,2026-06-28 03:00:00,163.75,347.6,74.14,34.34,0.0,0.93,18.1,40.3
FAC-004,2026-06-28 04:00:00,166.66,418.2,75.44,30.22,0.0,0.92,19.3,46.8
FAC-004,2026-06-28 05:00:00,159.34,396.8,70.39,39.05,0.0,0.93,19.3,35.4
FAC-004,2026-06-28 06:00:00,161.24,399.0,81.57,31.09,0.0,0.92,22.2,51.4
FAC-004,2026-06-28 07:00:00,166.33,453.9,92.73,41.31,0.0,0.98,22.3,36.2
FAC-004,2026-06-28 08:00:00,454.25,1155.7,243.43,91.72,32.08,0.98,26.1,54.8
FAC-004,2026-06-28 09:00:00,473.36,998.2,206.4,85.73,62.61,0.93,26.5,50.8
FAC-004,2026-06-28 10:00:00,538.68,1426.6,292.42,116.7,95.59,0.97,26.0,41.8
FAC-004,2026-06-28 11:00:00,492.35,1348.3,221.84,118.97,100.06,0.96,27.8,40.5
FAC-004,2026-06-28 12:00:00,581.1,1219.9,251.86,143.15,120.55,0.97,27.2,54.0
FAC-004,2026-06-28 13:00:00,557.99,1202.1,240.66,138.28,121.29,0.94,28.6,36.5
FAC-004,2026-06-28 14:00:00,598.48,1426.5,309.99,116.65,102.74,0.96,27.4,43.8
FAC-004,2026-06-28 15:00:00,513.64,1308.7,252.0,120.34,79.82,0.98,24.8,39.5
FAC-004,2026-06-28 16:00:00,511.59,1386.1,284.01,115.42,60.23,0.97,24.6,40.0
FAC-004,2026-06-28 17:00:00,513.18,1066.8,280.45,104.82,35.28,0.99,23.1,54.4
FAC-004,2026-06-28 18:00:00,515.69,1341.1,242.34,109.63,0.0,0.95,20.6,54.6
FAC-004,2026-06-28 19:00:00,439.43,1061.1,217.13,92.93,0.0,0.96,19.5,54.2
FAC-004,2026-06-28 20:00:00,157.65,401.9,81.0,38.42,0.0,0.92,20.5,46.8
FAC-004,2026-06-28 21:00:00,158.69,398.9,77.72,32.25,0.0,0.94,16.3,42.3
FAC-004,2026-06-28 22:00:00,158.81,357.3,74.33,39.53,0.0,0.95,16.1,36.2
FAC-004,2026-06-28 23:00:00,163.83,336.2,74.62,33.71,0.0,0.98,14.9,44.1
FAC-004,2026-06-29 00:00:00,189.17,467.1,94.28,38.75,0.0,0.99,16.8,45.1
FAC-004,2026-06-29 01:00:00,188.09,444.5,104.98,43.17,0.0,0.92,17.7,48.1
FAC-004,2026-06-29 02:00:00,177.78,490.2,84.64,43.43,0.0,0.99,17.0,49.8
FAC-004,2026-06-29 03:00:00,198.88,423.1,96.35,45.11,0.0,0.94,19.0,48.5
FAC-004,2026-06-29 04:00:00,205.65,508.1,107.2,42.98,0.0,0.95,20.2,39.0
FAC-004,2026-06-29 05:00:00,177.18,389.5,83.42,33.72,0.0,0.92,19.9,35.8
FAC-004,2026-06-29 06:00:00,194.62,537.0,86.14,43.14,0.0,0.87,21.6,36.6
FAC-004,2026-06-29 07:00:00,187.01,414.6,93.14,42.32,0.0,0.94,23.1,60.0
FAC-004,2026-06-29 08:00:00,489.58,1171.0,254.63,102.05,32.03,0.95,24.9,42.4
FAC-004,2026-06-29 09:00:00,512.06,1239.8,248.17,116.11,57.07,0.86,25.7,53.6
FAC-004,2026-06-29 10:00:00,482.24,1210.0,252.78,104.17,80.77,0.96,28.5,48.0
FAC-004,2026-06-29 11:00:00,535.14,1321.8,238.17,113.95,98.78,0.97,26.6,46.7
FAC-004,2026-06-29 12:00:00,566.55,1372.9,301.83,140.15,106.67,0.96,28.4,38.6
FAC-004,2026-06-29 13:00:00,572.77,1560.9,298.43,137.7,107.44,0.92,28.9,51.5
FAC-004,2026-06-29 14:00:00,520.72,1267.5,226.72,97.44,96.66,0.94,27.0,52.4
FAC-004,2026-06-29 15:00:00,534.64,1316.3,246.8,109.05,93.44,0.94,24.9,52.5
FAC-004,2026-06-29 16:00:00,554.13,1190.7,305.09,128.84,62.15,0.98,23.7,53.0
FAC-004,2026-06-29 17:00:00,474.83,1213.6,259.9,101.53,31.27,0.86,24.4,40.2
FAC-004,2026-06-29 18:00:00,452.74,1189.7,238.63,108.35,0.0,0.97,22.6,35.0
FAC-004,2026-06-29 19:00:00,458.67,1121.1,234.22,103.9,0.0,0.98,21.7,49.6
FAC-004,2026-06-29 20:00:00,205.24,564.3,106.44,46.99,0.0,0.93,18.2,50.8
FAC-004,2026-06-29 21:00:00,206.86,558.6,101.17,48.62,0.0,0.97,18.1,59.2
FAC-004,2026-06-29 22:00:00,196.88,436.5,107.36,38.2,0.0,0.99,15.9,45.5
FAC-004,2026-06-29 23:00:00,195.7,528.2,91.58,47.84,0.0,0.95,16.8,51.6
FAC-004,2026-06-30 00:00:00,189.86,449.9,90.23,37.3,0.0,0.97,16.8,44.4
FAC-004,2026-06-30 01:00:00,177.3,442.1,87.23,41.77,0.0,0.95,17.4,49.2
FAC-004,2026-06-30 02:00:00,207.31,428.5,108.16,45.64,0.0,0.95,17.7,46.0
FAC-004,2026-06-30 03:00:00,185.47,443.3,97.7,38.82,0.0,0.98,16.5,48.0
FAC-004,2026-06-30 04:00:00,201.65,497.3,112.09,37.08,0.0,0.97,20.3,52.8
FAC-004,2026-06-30 05:00:00,182.07,466.5,87.38,40.23,0.0,0.96,20.2,53.2
FAC-004,2026-06-30 06:00:00,182.11,381.5,82.16,44.14,0.0,0.98,21.9,57.9
FAC-004,2026-06-30 07:00:00,183.57,452.1,85.71,44.87,0.0,0.95,22.7,52.2
FAC-004,2026-06-30 08:00:00,438.61,945.7,233.59,105.19,35.69,0.94,24.1,35.1
FAC-004,2026-06-30 09:00:00,471.13,1075.7,227.97,99.52,67.53,0.98,26.3,43.1
FAC-004,2026-06-30 10:00:00,521.93,1257.1,254.75,127.21,87.8,0.95,27.0,41.7
FAC-004,2026-06-30 11:00:00,542.63,1229.3,275.06,120.87,110.74,0.92,26.7,53.0
FAC-004,2026-06-30 12:00:00,539.53,1167.2,236.42,116.84,118.9,0.95,27.8,55.1
FAC-004,2026-06-30 13:00:00,601.35,1578.5,328.81,121.6,126.41,0.88,28.6,54.2
FAC-004,2026-06-30 14:00:00,535.02,1415.0,296.99,115.05,103.58,0.93,26.8,43.7
FAC-004,2026-06-30 15:00:00,524.97,1263.3,237.54,118.03,95.72,0.94,27.2,59.3
FAC-004,2026-06-30 16:00:00,516.48,1287.9,262.47,121.0,62.33,0.97,24.0,59.9
FAC-004,2026-06-30 17:00:00,530.04,1232.3,267.36,113.46,34.15,0.93,23.6,40.0
FAC-004,2026-06-30 18:00:00,463.45,1048.1,223.94,88.45,0.0,0.95,20.7,54.5
FAC-004,2026-06-30 19:00:00,443.41,958.8,193.4,106.68,0.0,0.99,20.0,53.5
FAC-004,2026-06-30 20:00:00,188.52,509.8,91.05,39.65,0.0,0.97,18.1,40.8
FAC-004,2026-06-30 21:00:00,184.19,427.1,94.97,34.65,0.0,0.96,16.5,37.0
FAC-004,2026-06-30 22:00:00,202.84,470.9,104.57,37.43,0.0,0.94,16.9,47.0
FAC-004,2026-06-30 23:00:00,181.34,493.2,95.48,43.81,0.0,0.92,16.9,58.7
FAC-004,2026-07-01 00:00:00,199.96,458.4,87.4,44.83,0.0,0.97,15.6,48.1
FAC-004,2026-07-01 01:00:00,189.94,509.8,90.58,36.62,0.0,0.93,17.4,57.8
FAC-004,2026-07-01 02:00:00,182.53,493.6,97.88,36.39,0.0,0.97,15.6,49.6
FAC-004,2026-07-01 03:00:00,203.64,421.8,88.32,50.04,0.0,0.96,16.6,36.2
FAC-004,2026-07-01 04:00:00,188.95,501.0,83.88,44.1,0.0,0.96,17.5,52.5
FAC-004,2026-07-01 05:00:00,197.14,419.8,105.61,41.48,0.0,0.99,20.8,58.3
FAC-004,2026-07-01 06:00:00,194.72,492.7,91.26,48.64,0.0,0.95,21.7,57.2
FAC-004,2026-07-01 07:00:00,202.46,537.6,109.17,48.13,0.0,0.95,24.6,47.5
FAC-004,2026-07-01 08:00:00,426.99,933.7,192.45,99.3,34.24,0.98,25.9,47.2
FAC-004,2026-07-01 09:00:00,475.39,1303.4,225.87,113.57,56.76,0.97,26.6,38.1
FAC-004,2026-07-01 10:00:00,551.49,1384.1,254.01,127.15,86.75,0.93,28.6,39.9
FAC-004,2026-07-01 11:00:00,540.82,1109.9,272.28,120.63,105.91,0.98,26.8,45.3
FAC-004,2026-07-01 12:00:00,592.8,1599.6,328.2,144.02,106.91,0.98,27.7,46.5
FAC-004,2026-07-01 13:00:00,537.54,1205.7,232.75,102.07,113.74,0.97,29.0,57.4
FAC-004,2026-07-01 14:00:00,580.36,1596.7,257.63,122.26,97.64,0.94,28.0,58.0
FAC-004,2026-07-01 15:00:00,565.88,1514.5,277.61,125.84,80.44,0.96,27.5,47.2
FAC-004,2026-07-01 16:00:00,564.87,1508.4,302.8,104.1,59.57,0.98,24.8,39.4
FAC-004,2026-07-01 17:00:00,488.28,1326.1,222.08,110.47,31.01,0.85,23.5,39.1
FAC-004,2026-07-01 18:00:00,477.73,1189.3,260.72,86.3,0.0,0.93,22.1,40.9
FAC-004,2026-07-01 19:00:00,436.45,914.9,224.56,95.47,0.0,0.96,19.2,57.2
FAC-004,2026-07-01 20:00:00,206.38,516.8,92.72,51.5,0.0,0.96,17.6,58.5
FAC-004,2026-07-01 21:00:00,179.92,446.0,77.86,33.03,0.0,0.96,17.2,48.3
FAC-004,2026-07-01 22:00:00,177.7,477.7,82.94,32.65,0.0,0.97,16.2,57.0
FAC-004,2026-07-01 23:00:00,191.06,514.1,87.68,44.27,0.0,0.94,16.8,59.4
FAC-004,2026-07-02 00:00:00,185.87,493.2,90.07,38.46,0.0,0.97,15.3,58.4
FAC-004,2026-07-02 01:00:00,206.99,543.4,104.62,49.16,0.0,0.94,14.8,54.2
FAC-004,2026-07-02 02:00:00,187.54,485.4,96.44,41.14,0.0,0.98,17.8,42.8
FAC-004,2026-07-02 03:00:00,190.36,481.6,98.63,36.76,0.0,0.95,16.4,51.7
FAC-004,2026-07-02 04:00:00,206.08,554.6,107.73,48.58,0.0,0.97,20.1,53.7
FAC-004,2026-07-02 05:00:00,198.98,542.4,108.01,49.41,0.0,0.94,19.3,41.2
FAC-004,2026-07-02 06:00:00,188.21,489.9,96.11,42.65,0.0,0.93,21.8,44.1
FAC-004,2026-07-02 07:00:00,202.82,528.5,99.86,48.99,0.0,0.94,23.4,37.7
FAC-004,2026-07-02 08:00:00,447.89,1144.6,236.22,82.91,33.89,0.97,24.0,49.7
FAC-004,2026-07-02 09:00:00,493.17,1254.8,251.26,114.19,60.71,0.87,25.4,46.4
FAC-004,2026-07-02 10:00:00,538.29,1352.5,293.88,132.33,86.97,0.95,27.0,53.6
FAC-004,2026-07-02 11:00:00,561.2,1321.3,295.68,101.82,108.76,0.95,27.9,57.1
FAC-004,2026-07-02 12:00:00,555.17,1165.9,293.18,101.42,103.72,0.95,29.5,48.6
FAC-004,2026-07-02 13:00:00,539.15,1283.8,254.39,109.71,120.01,0.96,28.6,37.3
FAC-004,2026-07-02 14:00:00,564.59,1245.7,291.88,114.57,103.84,0.99,28.7,47.2
FAC-004,2026-07-02 15:00:00,551.17,1412.4,239.84,134.12,93.85,0.96,27.7,41.9
FAC-004,2026-07-02 16:00:00,541.31,1333.6,301.44,128.8,69.52,0.93,25.6,54.4
FAC-004,2026-07-02 17:00:00,742.66,1657.3,482.73,141.63,33.94,0.94,22.8,37.4
FAC-004,2026-07-02 18:00:00,484.94,1010.6,248.98,98.4,0.0,0.98,23.5,58.4
FAC-004,2026-07-02 19:00:00,447.67,1014.5,235.91,84.78,0.0,0.93,20.6,40.3
FAC-004,2026-07-02 20:00:00,288.92,727.5,187.8,56.49,0.0,0.95,18.9,47.9
FAC-004,2026-07-02 21:00:00,199.66,452.1,87.91,38.86,0.0,0.93,19.2,47.9
FAC-004,2026-07-02 22:00:00,198.13,511.7,107.09,38.66,0.0,0.98,16.3,59.3
FAC-004,2026-07-02 23:00:00,185.8,444.6,93.52,38.7,0.0,0.94,16.7,54.5
FAC-004,2026-07-03 00:00:00,181.88,427.0,97.66,35.98,0.0,0.98,15.1,39.0
FAC-004,2026-07-03 01:00:00,200.59,535.9,112.26,47.16,0.0,0.97,14.9,58.2
FAC-004,2026-07-03 02:00:00,205.49,528.0,90.38,47.28,0.0,0.99,16.5,48.9
FAC-004,2026-07-03 03:00:00,183.14,446.0,84.67,35.81,0.0,0.98,16.4,37.0
FAC-004,2026-07-03 04:00:00,184.96,455.6,81.81,38.32,0.0,0.96,18.5,52.7
FAC-004,2026-07-03 05:00:00,187.77,401.6,82.83,37.69,0.0,0.95,20.3,40.5
FAC-004,2026-07-03 06:00:00,177.95,363.1,89.35,34.14,0.0,0.98,20.8,51.6
FAC-004,2026-07-03 07:00:00,191.68,446.0,92.87,46.4,0.0,0.94,24.8,56.2
FAC-004,2026-07-03 08:00:00,490.44,1003.0,255.34,114.06,36.12,0.96,26.3,57.1
FAC-004,2026-07-03 09:00:00,519.15,1262.6,259.5,93.7,56.44,0.95,25.9,57.9
FAC-004,2026-07-03 10:00:00,540.94,1399.9,296.1,116.28,86.97,0.97,26.0,41.6
FAC-004,2026-07-03 11:00:00,516.8,1309.4,239.81,116.09,115.99,0.98,28.5,45.4
FAC-004,2026-07-03 12:00:00,581.01,1516.8,318.22,122.96,103.28,0.87,28.1,52.1
FAC-004,2026-07-03 13:00:00,562.61,1470.4,278.73,112.72,110.47,0.95,26.6,46.8
FAC-004,2026-07-03 14:00:00,572.65,1542.1,281.31,108.83,106.03,0.93,27.5,53.7
FAC-004,2026-07-03 15:00:00,589.41,1516.2,301.03,141.04,83.26,0.97,25.9,51.4
FAC-004,2026-07-03 16:00:00,554.5,1170.4,241.53,107.21,65.09,0.99,25.4,55.5
FAC-004,2026-07-03 17:00:00,492.07,1201.6,265.93,95.28,32.19,0.84,23.9,43.9
FAC-004,2026-07-03 18:00:00,496.34,1173.5,228.55,94.41,0.0,0.93,21.4,37.7
FAC-004,2026-07-03 19:00:00,474.19,1010.9,239.38,112.78,0.0,0.95,21.0,52.4
FAC-004,2026-07-03 20:00:00,197.16,505.1,87.19,45.08,0.0,0.99,19.6,47.9
FAC-004,2026-07-03 21:00:00,207.8,435.7,110.4,46.31,0.0,0.97,18.6,38.1
FAC-004,2026-07-03 22:00:00,186.21,471.6,98.47,36.65,0.0,0.86,15.6,51.5
FAC-004,2026-07-03 23:00:00,206.95,474.9,95.34,48.97,0.0,0.98,14.9,45.2
FAC-004,2026-07-04 00:00:00,164.69,407.4,79.6,37.54,0.0,0.99,15.8,53.1
FAC-004,2026-07-04 01:00:00,167.55,380.4,73.53,33.7,0.0,0.95,16.2,51.6
FAC-004,2026-07-04 02:00:00,161.68,439.1,70.92,39.02,0.0,0.96,15.7,54.9
FAC-004,2026-07-04 03:00:00,155.18,350.3,73.26,34.29,0.0,0.96,18.8,50.8
FAC-004,2026-07-04 04:00:00,153.37,372.0,82.85,31.76,0.0,0.97,18.4,46.9
FAC-004,2026-07-04 05:00:00,152.06,345.3,66.61,30.61,0.0,0.99,21.3,36.1
FAC-004,2026-07-04 06:00:00,165.43,385.7,84.54,31.99,0.0,0.96,20.7,49.9
FAC-004,2026-07-04 07:00:00,169.54,439.0,90.69,33.8,0.0,0.97,24.8,37.5
FAC-004,2026-07-04 08:00:00,476.58,1253.6,220.57,87.74,32.1,0.93,23.5,37.7
FAC-004,2026-07-04 09:00:00,452.3,1001.7,244.23,108.77,66.3,0.96,25.6,47.9
FAC-004,2026-07-04 10:00:00,478.58,1299.8,224.25,117.19,86.64,0.99,26.6,54.8
FAC-004,2026-07-04 11:00:00,513.15,1287.4,273.01,107.94,99.21,0.97,27.1,40.5
FAC-004,2026-07-04 12:00:00,573.72,1229.1,299.93,129.88,103.22,0.94,26.9,45.3
FAC-004,2026-07-04 13:00:00,581.29,1558.4,309.48,128.0,105.24,0.99,28.4,56.0
FAC-004,2026-07-04 14:00:00,543.13,1471.6,267.34,117.24,103.64,0.97,27.5,52.2
FAC-004,2026-07-04 15:00:00,538.04,1145.2,294.7,118.21,82.71,0.96,25.7,50.8
FAC-004,2026-07-04 16:00:00,504.01,1079.8,252.52,92.9,67.96,0.97,24.7,54.1
FAC-004,2026-07-04 17:00:00,530.24,1313.5,262.83,117.45,34.59,0.96,24.9,44.4
FAC-004,2026-07-04 18:00:00,452.5,1090.4,215.68,94.5,0.0,0.85,23.2,40.6
FAC-004,2026-07-04 19:00:00,450.15,1067.4,234.79,95.35,0.0,0.97,21.2,38.8
FAC-004,2026-07-04 20:00:00,161.43,413.2,86.8,38.0,0.0,0.95,18.2,56.6
FAC-004,2026-07-04 21:00:00,168.88,423.4,74.29,36.74,0.0,0.97,18.6,44.0
FAC-004,2026-07-04 22:00:00,150.06,316.0,64.76,30.69,0.0,0.94,18.0,56.0
FAC-004,2026-07-04 23:00:00,148.28,361.2,67.48,36.77,0.0,0.93,15.9,57.5
FAC-004,2026-07-05 00:00:00,154.81,412.6,76.73,37.54,0.0,0.96,15.7,59.4
FAC-004,2026-07-05 01:00:00,164.58,386.6,80.39,35.75,0.0,0.97,16.2,47.0
FAC-004,2026-07-05 02:00:00,149.36,390.8,82.46,30.19,0.0,0.97,18.1,50.6
FAC-004,2026-07-05 03:00:00,149.13,333.4,76.28,34.91,0.0,0.97,18.8,42.8
FAC-004,2026-07-05 04:00:00,152.57,376.9,80.26,32.41,0.0,0.95,18.0,36.9
FAC-004,2026-07-05 05:00:00,166.29,394.0,71.96,30.7,0.0,0.97,19.8,40.8
FAC-004,2026-07-05 06:00:00,150.57,373.4,71.65,34.78,0.0,0.93,21.9,58.4
FAC-004,2026-07-05 07:00:00,163.2,390.6,85.68,31.91,0.0,0.97,22.8,49.7
FAC-004,2026-07-05 08:00:00,454.98,929.7,217.76,102.3,32.7,0.97,24.5,37.4
FAC-004,2026-07-05 09:00:00,463.17,991.2,255.48,97.39,56.85,0.93,25.3,47.5
FAC-004,2026-07-05 10:00:00,536.65,1262.2,253.12,113.81,92.05,0.98,26.9,47.6
FAC-004,2026-07-05 11:00:00,548.17,1476.9,300.2,105.53,105.48,0.94,26.6,57.6
FAC-004,2026-07-05 12:00:00,512.97,1096.6,279.23,101.38,103.6,0.97,26.8,46.5
FAC-004,2026-07-05 13:00:00,580.84,1416.0,258.68,114.3,107.83,0.98,26.5,49.1
FAC-004,2026-07-05 14:00:00,526.04,1297.2,231.17,101.6,111.34,0.96,26.7,59.1
FAC-004,2026-07-05 15:00:00,585.89,1595.4,296.15,110.52,87.35,0.95,25.5,49.3
FAC-004,2026-07-05 16:00:00,570.32,1267.4,281.26,128.2,56.33,0.94,24.3,43.0
FAC-004,2026-07-05 17:00:00,525.57,1252.3,255.1,130.95,30.39,0.97,24.2,37.5
FAC-004,2026-07-05 18:00:00,458.2,1118.0,252.36,104.39,0.0,0.94,21.7,38.6
FAC-004,2026-07-05 19:00:00,428.03,1076.6,194.66,101.55,0.0,0.96,20.1,52.3
FAC-004,2026-07-05 20:00:00,157.76,368.7,87.72,38.95,0.0,0.98,19.0,36.4
FAC-004,2026-07-05 21:00:00,167.59,361.2,89.06,39.39,0.0,0.95,17.2,49.5
FAC-004,2026-07-05 22:00:00,159.03,335.3,77.45,31.82,0.0,0.82,17.8,59.9
FAC-004,2026-07-05 23:00:00,145.28,381.0,66.75,36.03,0.0,0.96,14.7,35.5
FAC-004,2026-07-06 00:00:00,177.77,453.6,99.4,34.28,0.0,0.93,14.7,54.2
FAC-004,2026-07-06 01:00:00,179.75,486.0,97.12,39.24,0.0,0.98,14.9,38.0
FAC-004,2026-07-06 02:00:00,192.12,428.5,88.56,44.93,0.0,0.97,17.7,41.9
FAC-004,2026-07-06 03:00:00,189.83,449.1,93.75,36.39,0.0,0.96,18.7,47.9
FAC-004,2026-07-06 04:00:00,197.52,494.7,105.41,39.97,0.0,0.93,20.2,57.8
FAC-004,2026-07-06 05:00:00,198.73,475.5,107.52,49.11,0.0,0.96,19.2,45.6
FAC-004,2026-07-06 06:00:00,201.89,488.5,110.23,37.07,0.0,0.93,23.2,47.4
FAC-004,2026-07-06 07:00:00,179.08,407.3,86.71,40.69,0.0,0.92,25.0,55.7
FAC-004,2026-07-06 08:00:00,480.16,1120.0,259.85,105.83,32.91,0.98,23.7,58.7
FAC-004,2026-07-06 09:00:00,756.25,1676.3,396.84,173.07,67.13,0.97,25.5,36.0
FAC-004,2026-07-06 10:00:00,487.26,1304.3,213.65,112.47,85.73,0.94,27.6,56.9
FAC-004,2026-07-06 11:00:00,523.54,1235.8,284.13,105.61,96.49,0.86,28.1,58.2
FAC-004,2026-07-06 12:00:00,531.03,1328.7,258.75,108.85,120.92,0.97,29.3,45.8
FAC-004,2026-07-06 13:00:00,533.5,1271.5,278.95,115.97,122.88,0.97,28.5,54.4
FAC-004,2026-07-06 14:00:00,532.55,1227.1,296.45,121.7,107.23,0.92,27.2,40.3
FAC-004,2026-07-06 15:00:00,551.25,1481.9,279.02,108.48,89.57,0.95,27.5,37.3
FAC-004,2026-07-06 16:00:00,532.31,1331.6,269.59,111.68,60.62,0.92,24.2,57.9
FAC-004,2026-07-06 17:00:00,490.32,1226.1,225.81,122.45,29.37,0.98,23.1,59.0
FAC-004,2026-07-06 18:00:00,479.46,1133.4,241.9,118.77,0.0,0.98,21.6,39.1
FAC-004,2026-07-06 19:00:00,466.42,1086.8,231.53,91.5,0.0,0.95,21.5,44.7
FAC-004,2026-07-06 20:00:00,187.65,435.5,96.98,46.47,0.0,0.97,18.3,49.4
FAC-004,2026-07-06 21:00:00,191.06,424.7,105.44,46.62,0.0,0.95,17.8,37.4
FAC-004,2026-07-06 22:00:00,200.28,421.2,97.52,44.72,0.0,0.95,18.0,43.4
FAC-004,2026-07-06 23:00:00,198.58,477.4,94.17,36.65,0.0,0.83,15.3,43.7
FAC-004,2026-07-07 00:00:00,186.15,399.2,86.73,44.84,0.0,0.95,16.4,52.9
FAC-004,2026-07-07 01:00:00,177.71,376.7,91.34,39.85,0.0,0.95,15.3,46.5
FAC-004,2026-07-07 02:00:00,202.07,465.4,108.55,47.11,0.0,0.93,17.3,52.6
FAC-004,2026-07-07 03:00:00,191.07,410.5,97.87,41.6,0.0,0.95,19.1,44.2
FAC-004,2026-07-07 04:00:00,193.8,415.1,89.44,37.48,0.0,0.85,20.5,51.8
FAC-004,2026-07-07 05:00:00,180.77,485.1,88.85,36.16,0.0,0.93,20.7,47.9
FAC-004,2026-07-07 06:00:00,184.23,445.9,88.26,43.38,0.0,0.87,23.4,50.5
FAC-004,2026-07-07 07:00:00,193.02,462.3,88.81,34.94,0.0,0.97,25.0,47.8
FAC-004,2026-07-07 08:00:00,439.47,1205.9,216.22,105.96,29.63,0.99,24.5,40.6
FAC-004,2026-07-07 09:00:00,449.7,1037.8,221.15,82.75,65.81,0.93,27.7,52.4
FAC-004,2026-07-07 10:00:00,534.44,1420.8,281.05,129.56,82.48,0.94,26.5,58.2
FAC-004,2026-07-07 11:00:00,504.04,1189.4,280.59,93.75,99.59,0.99,27.9,52.4
FAC-004,2026-07-07 12:00:00,575.47,1441.0,264.22,115.79,105.43,0.93,29.2,43.2
FAC-004,2026-07-07 13:00:00,549.77,1476.1,241.69,112.92,112.96,0.94,28.6,54.0
FAC-004,2026-07-07 14:00:00,599.51,1442.6,319.79,125.02,113.02,0.94,26.4,38.6
FAC-004,2026-07-07 15:00:00,512.04,1354.4,279.32,125.54,89.56,0.93,26.3,36.7
FAC-004,2026-07-07 16:00:00,518.02,1144.8,225.68,104.46,57.09,0.94,24.2,41.0
FAC-004,2026-07-07 17:00:00,541.19,1180.8,259.94,130.59,31.68,0.94,23.2,51.8
FAC-004,2026-07-07 18:00:00,500.17,1267.5,237.66,105.99,0.0,0.94,22.7,40.9
FAC-004,2026-07-07 19:00:00,467.0,1132.0,228.28,89.21,0.0,0.93,20.2,53.0
FAC-004,2026-07-07 20:00:00,202.41,525.5,95.62,42.72,0.0,0.96,18.7,42.6
FAC-004,2026-07-07 21:00:00,187.34,401.8,98.23,41.32,0.0,0.94,17.4,47.9
FAC-004,2026-07-07 22:00:00,200.34,458.1,91.07,49.33,0.0,0.94,17.7,44.5
FAC-004,2026-07-07 23:00:00,204.32,538.5,108.23,37.27,0.0,0.97,17.0,59.5
FAC-004,2026-07-08 00:00:00,179.17,403.5,87.78,32.83,0.0,0.96,16.6,55.5
FAC-004,2026-07-08 01:00:00,204.82,540.0,90.2,48.91,0.0,0.94,15.6,55.3
FAC-004,2026-07-08 02:00:00,187.26,445.2,94.95,35.53,0.0,0.99,18.1,55.6
FAC-004,2026-07-08 03:00:00,182.63,467.9,83.6,33.09,0.0,0.97,18.6,42.5
FAC-004,2026-07-08 04:00:00,190.11,438.7,84.0,37.72,0.0,0.98,18.8,53.1
FAC-004,2026-07-08 05:00:00,187.6,466.3,98.37,42.74,0.0,0.96,20.1,56.7
FAC-004,2026-07-08 06:00:00,204.32,505.1,96.95,38.57,0.0,0.95,21.8,51.7
FAC-004,2026-07-08 07:00:00,183.55,450.9,88.19,40.84,0.0,0.99,24.8,37.9
FAC-004,2026-07-08 08:00:00,441.24,1082.8,197.57,95.67,32.92,0.97,26.1,38.0
FAC-004,2026-07-08 09:00:00,465.65,1026.1,210.93,101.57,63.62,0.97,24.8,44.9
FAC-004,2026-07-08 10:00:00,513.43,1084.3,243.98,101.53,83.2,0.98,26.6,36.1
FAC-004,2026-07-08 11:00:00,494.96,1110.3,232.67,108.96,103.84,0.94,29.2,43.7
FAC-004,2026-07-08 12:00:00,509.69,1295.7,269.47,111.45,122.07,0.98,28.9,46.9
FAC-004,2026-07-08 13:00:00,559.56,1405.6,277.13,124.62,107.58,0.95,27.0,45.9
FAC-004,2026-07-08 14:00:00,592.49,1496.9,292.36,115.98,95.63,0.94,27.3,42.2
FAC-004,2026-07-08 15:00:00,530.71,1313.9,284.8,106.98,96.99,0.98,25.8,53.4
FAC-004,2026-07-08 16:00:00,508.21,1162.8,242.06,100.85,64.42,0.94,24.7,39.9
FAC-004,2026-07-08 17:00:00,483.48,1066.8,265.3,101.53,31.94,0.96,23.5,36.4
FAC-004,2026-07-08 18:00:00,521.82,1185.4,253.62,116.34,0.0,0.93,23.0,35.4
FAC-004,2026-07-08 19:00:00,482.72,1253.2,221.22,93.08,0.0,0.94,20.1,44.8
FAC-004,2026-07-08 20:00:00,196.15,534.9,94.7,42.64,0.0,0.93,20.4,58.9
FAC-004,2026-07-08 21:00:00,181.57,456.0,88.01,33.31,0.0,0.93,17.7,58.9
FAC-004,2026-07-08 22:00:00,188.08,434.5,105.27,40.86,0.0,0.95,16.8,46.0
FAC-004,2026-07-08 23:00:00,182.04,379.0,85.64,39.25,0.0,0.93,16.3,36.6
FAC-004,2026-07-09 00:00:00,179.0,449.1,94.16,41.62,0.0,0.97,16.7,38.4
FAC-004,2026-07-09 01:00:00,206.14,433.7,102.12,51.06,0.0,0.95,16.6,37.0
FAC-004,2026-07-09 02:00:00,185.07,490.4,97.59,35.44,0.0,0.84,18.2,37.8
FAC-004,2026-07-09 03:00:00,200.24,437.3,94.23,46.1,0.0,0.95,17.6,54.2
FAC-004,2026-07-09 04:00:00,192.99,427.1,106.28,38.3,0.0,0.96,17.6,50.2
FAC-004,2026-07-09 05:00:00,200.12,408.5,107.07,43.76,0.0,0.96,19.7,46.6
FAC-004,2026-07-09 06:00:00,186.28,455.0,85.5,36.28,0.0,0.99,21.4,51.0
FAC-004,2026-07-09 07:00:00,195.49,401.4,88.11,43.87,0.0,0.96,23.1,59.1
FAC-004,2026-07-09 08:00:00,471.92,1164.1,209.94,93.98,33.28,0.97,25.3,57.8
FAC-004,2026-07-09 09:00:00,463.28,959.3,208.95,96.36,65.74,0.93,26.5,41.1
FAC-004,2026-07-09 10:00:00,519.36,1096.2,274.73,105.56,89.4,0.99,28.7,59.5
FAC-004,2026-07-09 11:00:00,493.32,1286.8,246.98,91.8,114.66,0.99,27.9,48.0
FAC-004,2026-07-09 12:00:00,547.75,1455.4,280.78,134.37,117.52,0.98,27.5,51.0
FAC-004,2026-07-09 13:00:00,521.5,1325.4,249.86,130.16,104.24,0.98,28.0,52.7
FAC-004,2026-07-09 14:00:00,522.39,1265.5,289.98,109.84,109.54,0.92,28.1,38.7
FAC-004,2026-07-09 15:00:00,571.38,1396.2,280.78,127.3,80.67,0.93,26.4,56.9
FAC-004,2026-07-09 16:00:00,512.94,1108.8,279.81,112.91,64.33,0.98,25.8,58.5
FAC-004,2026-07-09 17:00:00,541.34,1371.0,267.18,103.65,33.95,0.83,23.3,39.2
FAC-004,2026-07-09 18:00:00,476.16,1297.6,264.28,111.18,0.0,0.97,21.9,45.3
FAC-004,2026-07-09 19:00:00,446.75,1156.4,222.76,96.93,0.0,0.95,20.7,59.0
FAC-004,2026-07-09 20:00:00,204.86,514.5,109.94,46.02,0.0,0.93,17.8,49.1
FAC-004,2026-07-09 21:00:00,190.34,451.0,96.94,46.37,0.0,0.99,16.7,39.8
FAC-004,2026-07-09 22:00:00,178.65,420.2,87.98,34.01,0.0,0.97,15.8,41.3
FAC-004,2026-07-09 23:00:00,179.24,373.7,90.69,39.89,0.0,0.95,15.7,48.9
FAC-004,2026-07-10 00:00:00,189.93,472.1,101.36,36.34,0.0,0.96,16.7,48.8
FAC-004,2026-07-10 01:00:00,197.66,492.8,105.61,49.04,0.0,0.85,15.3,37.4
FAC-004,2026-07-10 02:00:00,200.1,478.8,96.77,45.4,0.0,0.95,16.5,43.7
FAC-004,2026-07-10 03:00:00,180.67,439.6,79.86,40.87,0.0,0.95,17.5,54.7
FAC-004,2026-07-10 04:00:00,198.74,439.9,87.01,45.1,0.0,0.94,19.8,51.2
FAC-004,2026-07-10 05:00:00,197.67,493.4,91.08,41.73,0.0,0.96,19.8,54.3
FAC-004,2026-07-10 06:00:00,197.74,428.9,96.74,48.72,0.0,0.97,21.0,36.7
FAC-004,2026-07-10 07:00:00,181.95,404.0,82.65,45.21,0.0,0.96,24.6,53.2
FAC-004,2026-07-10 08:00:00,434.0,1108.3,222.74,79.34,29.81,0.92,26.0,44.5
FAC-004,2026-07-10 09:00:00,501.16,1105.4,276.07,115.37,63.96,0.92,25.4,56.5
FAC-004,2026-07-10 10:00:00,514.28,1396.6,271.55,120.63,90.59,0.99,28.2,52.6
FAC-004,2026-07-10 11:00:00,500.48,1179.3,232.87,90.29,97.78,0.93,28.7,36.8
FAC-004,2026-07-10 12:00:00,578.62,1587.1,309.21,142.45,127.26,0.95,28.8,42.5
FAC-004,2026-07-10 13:00:00,561.97,1374.6,299.65,112.01,115.39,0.99,29.1,55.1
FAC-004,2026-07-10 14:00:00,584.59,1557.2,297.38,115.21,98.94,0.97,27.5,46.2
FAC-004,2026-07-10 15:00:00,553.32,1363.9,258.18,103.33,87.34,0.92,25.5,35.8
FAC-004,2026-07-10 16:00:00,503.49,1080.4,228.47,118.94,62.12,0.93,25.9,44.1
FAC-004,2026-07-10 17:00:00,503.92,1171.3,253.06,91.75,33.67,0.92,24.2,50.7
FAC-004,2026-07-10 18:00:00,486.88,1021.9,233.86,111.52,0.0,0.97,21.6,56.9
FAC-004,2026-07-10 19:00:00,431.35,1104.7,236.19,90.95,0.0,0.98,20.1,57.9
FAC-004,2026-07-10 20:00:00,185.01,502.5,88.25,44.43,0.0,0.94,18.3,59.3
FAC-004,2026-07-10 21:00:00,177.32,385.7,77.03,33.75,0.0,0.97,19.2,50.9
FAC-004,2026-07-10 22:00:00,183.81,489.4,100.37,41.68,0.0,0.99,15.6,55.1
FAC-004,2026-07-10 23:00:00,195.08,440.9,93.17,44.03,0.0,0.94,15.4,47.1
FAC-004,2026-07-11 00:00:00,166.06,381.2,91.73,39.26,0.0,0.98,17.3,52.1
FAC-004,2026-07-11 01:00:00,145.9,346.2,65.53,36.12,0.0,0.98,16.7,35.6
FAC-004,2026-07-11 02:00:00,155.89,403.8,79.81,29.93,0.0,0.95,15.6,52.0
FAC-004,2026-07-11 03:00:00,164.94,447.4,79.55,37.37,0.0,0.87,18.2,42.3
FAC-004,2026-07-11 04:00:00,145.96,385.4,66.41,30.61,0.0,0.95,20.1,42.7
FAC-004,2026-07-11 05:00:00,166.61,457.4,76.03,34.15,0.0,0.99,19.1,41.8
FAC-004,2026-07-11 06:00:00,156.01,355.4,79.63,37.9,0.0,0.98,20.6,47.6
FAC-004,2026-07-11 07:00:00,154.79,349.5,84.61,30.48,0.0,0.92,24.6,45.2
FAC-004,2026-07-11 08:00:00,484.12,1162.5,257.87,93.71,34.4,0.97,23.9,49.2
FAC-004,2026-07-11 09:00:00,485.97,1150.8,264.49,117.92,62.3,0.96,27.6,51.2
FAC-004,2026-07-11 10:00:00,514.35,1115.1,263.11,115.62,89.53,0.92,27.0,36.5
FAC-004,2026-07-11 11:00:00,521.02,1243.8,285.92,99.42,95.98,0.93,26.3,45.3
FAC-004,2026-07-11 12:00:00,540.33,1174.3,238.88,108.72,115.14,0.95,29.1,36.2
FAC-004,2026-07-11 13:00:00,538.84,1377.3,273.37,110.61,123.53,0.93,26.6,41.4
FAC-004,2026-07-11 14:00:00,529.69,1458.2,270.21,116.24,98.64,0.95,26.1,49.6
FAC-004,2026-07-11 15:00:00,556.85,1336.4,308.15,117.55,86.76,0.97,27.3,35.7
FAC-004,2026-07-11 16:00:00,535.29,1278.7,272.42,106.7,61.96,0.97,25.7,43.5
FAC-004,2026-07-11 17:00:00,540.32,1278.2,250.6,104.64,31.5,0.98,24.6,41.8
FAC-004,2026-07-11 18:00:00,467.78,1179.2,207.78,106.6,0.0,0.97,20.9,54.6
FAC-004,2026-07-11 19:00:00,480.56,1126.3,253.61,108.78,0.0,0.97,20.8,54.9
FAC-004,2026-07-11 20:00:00,147.96,342.8,74.38,29.38,0.0,0.92,19.9,48.6
FAC-004,2026-07-11 21:00:00,227.27,616.1,106.34,47.35,0.0,0.92,18.8,59.0
FAC-004,2026-07-11 22:00:00,158.29,337.2,68.96,34.02,0.0,0.98,16.8,48.0
FAC-004,2026-07-11 23:00:00,161.41,344.2,75.45,31.77,0.0,0.97,16.5,36.0
FAC-004,2026-07-12 00:00:00,161.08,363.9,89.45,35.62,0.0,0.95,16.7,52.7
FAC-004,2026-07-12 01:00:00,148.89,328.7,65.51,36.31,0.0,0.94,15.9,52.9
FAC-004,2026-07-12 02:00:00,149.5,410.5,77.63,30.6,0.0,0.85,15.8,36.1
FAC-004,2026-07-12 03:00:00,163.35,396.5,80.02,37.14,0.0,0.96,18.3,40.0
FAC-004,2026-07-12 04:00:00,155.99,359.5,76.12,36.53,0.0,0.93,18.1,53.3
FAC-004,2026-07-12 05:00:00,162.76,447.3,78.79,39.43,0.0,0.97,20.5,58.4
FAC-004,2026-07-12 06:00:00,169.89,413.0,86.81,39.85,0.0,0.94,23.2,36.4
FAC-004,2026-07-12 07:00:00,154.29,381.3,74.1,37.33,0.0,0.94,23.3,43.8
FAC-004,2026-07-12 08:00:00,458.14,1076.8,214.98,103.66,31.54,0.92,25.0,35.6
FAC-004,2026-07-12 09:00:00,513.3,1290.2,272.27,117.58,58.14,0.97,27.4,41.9
FAC-004,2026-07-12 10:00:00,542.03,1440.5,277.14,97.62,85.23,0.84,28.4,57.5
FAC-004,2026-07-12 11:00:00,538.91,1140.6,254.99,106.2,112.88,0.95,26.6,48.0
FAC-004,2026-07-12 12:00:00,571.87,1571.4,263.36,114.68,116.88,0.94,28.6,55.7
FAC-004,2026-07-12 13:00:00,541.08,1144.8,236.73,111.47,126.86,0.86,26.9,38.2
FAC-004,2026-07-12 14:00:00,583.17,1596.3,258.85,114.35,94.9,0.96,27.7,38.6
FAC-004,2026-07-12 15:00:00,518.05,1101.2,249.78,113.88,89.04,0.92,26.9,37.0
FAC-004,2026-07-12 16:00:00,567.92,1358.0,300.99,141.83,59.66,0.94,23.8,38.2
FAC-004,2026-07-12 17:00:00,527.62,1357.6,260.77,117.79,35.4,0.95,23.4,37.8
FAC-004,2026-07-12 18:00:00,447.58,1093.1,224.45,90.25,0.0,0.94,22.8,41.7
FAC-004,2026-07-12 19:00:00,438.13,1168.6,235.13,101.1,0.0,0.93,19.3,39.0
FAC-004,2026-07-12 20:00:00,169.37,350.2,80.69,41.85,0.0,0.98,20.2,36.4
FAC-004,2026-07-12 21:00:00,149.96,347.0,70.38,32.15,0.0,0.97,18.1,53.0
FAC-004,2026-07-12 22:00:00,160.72,372.8,78.59,38.9,0.0,0.97,16.1,44.4
FAC-004,2026-07-12 23:00:00,151.3,315.7,66.04,36.1,0.0,0.98,14.9,49.1
FAC-004,2026-07-13 00:00:00,192.23,483.9,97.02,38.46,0.0,0.96,17.0,53.2
FAC-004,2026-07-13 01:00:00,203.21,446.0,111.69,44.21,0.0,0.98,14.8,43.2
FAC-004,2026-07-13 02:00:00,205.54,433.0,105.41,50.69,0.0,0.92,18.2,47.6
FAC-004,2026-07-13 03:00:00,183.91,381.0,84.93,37.45,0.0,0.98,18.3,36.7
FAC-004,2026-07-13 04:00:00,195.16,521.5,106.43,42.35,0.0,0.98,18.1,51.4
FAC-004,2026-07-13 05:00:00,186.05,501.5,90.13,39.29,0.0,0.93,20.6,52.5
FAC-004,2026-07-13 06:00:00,206.1,452.3,109.94,45.13,0.0,0.95,23.0,59.0
FAC-004,2026-07-13 07:00:00,193.33,402.0,83.58,35.78,0.0,0.95,24.0,48.4
FAC-004,2026-07-13 08:00:00,452.96,1230.2,211.13,111.74,29.93,0.94,23.8,36.8
FAC-004,2026-07-13 09:00:00,503.32,1167.6,234.05,110.41,59.99,0.98,26.3,41.0
FAC-004,2026-07-13 10:00:00,548.95,1509.4,250.52,129.87,85.52,0.95,27.6,59.0
FAC-004,2026-07-13 11:00:00,552.07,1468.0,291.55,121.15,111.56,0.95,27.9,49.1
FAC-004,2026-07-13 12:00:00,537.79,1290.1,245.8,113.98,108.11,0.98,29.1,39.2
FAC-004,2026-07-13 13:00:00,568.03,1191.2,246.6,127.42,126.14,0.96,26.3,50.8
FAC-004,2026-07-13 14:00:00,545.25,1114.1,278.94,100.16,111.5,0.94,26.8,42.7
FAC-004,2026-07-13 15:00:00,588.81,1591.6,320.07,127.52,95.06,0.95,25.0,47.0
FAC-004,2026-07-13 16:00:00,539.56,1281.1,278.84,101.38,58.2,0.99,26.1,38.0
FAC-004,2026-07-13 17:00:00,520.01,1143.1,281.73,93.72,30.65,0.99,22.2,48.4
FAC-004,2026-07-13 18:00:00,511.26,1309.9,282.91,111.3,0.0,0.94,22.5,45.4
FAC-004,2026-07-13 19:00:00,447.82,1179.3,199.21,103.15,0.0,0.97,21.8,35.6
FAC-004,2026-07-13 20:00:00,185.11,460.7,80.76,38.58,0.0,0.98,19.9,46.7
FAC-004,2026-07-13 21:00:00,203.08,484.9,99.61,47.71,0.0,0.95,18.3,53.2
FAC-004,2026-07-13 22:00:00,194.7,429.0,106.75,48.35,0.0,0.93,16.5,35.6
FAC-004,2026-07-13 23:00:00,201.95,480.7,107.77,43.34,0.0,0.96,16.3,35.3
FAC-004,2026-07-14 00:00:00,187.45,433.8,97.05,42.12,0.0,0.92,16.4,36.8
FAC-004,2026-07-14 01:00:00,197.03,471.4,104.08,39.9,0.0,0.99,15.6,55.2
FAC-004,2026-07-14 02:00:00,207.14,537.1,101.93,48.52,0.0,0.95,16.1,38.1
FAC-004,2026-07-14 03:00:00,206.16,513.2,102.07,46.28,0.0,0.93,18.4,59.3
FAC-004,2026-07-14 04:00:00,189.74,438.5,83.93,37.37,0.0,0.96,18.2,54.4
FAC-004,2026-07-14 05:00:00,187.07,506.6,97.17,37.05,0.0,0.97,19.1,50.0
FAC-004,2026-07-14 06:00:00,186.12,474.4,86.38,41.06,0.0,0.92,21.0,38.5
FAC-004,2026-07-14 07:00:00,186.67,444.0,90.97,38.3,0.0,0.99,24.3,41.4
FAC-004,2026-07-14 08:00:00,458.83,938.0,216.93,97.74,31.26,0.94,25.8,42.0
FAC-004,2026-07-14 09:00:00,448.71,981.8,206.77,105.24,64.32,0.94,25.4,43.4
FAC-004,2026-07-14 10:00:00,516.77,1330.1,253.17,125.57,82.76,0.93,28.3,46.4
FAC-004,2026-07-14 11:00:00,561.75,1379.1,251.49,128.87,115.21,0.93,27.1,37.6
FAC-004,2026-07-14 12:00:00,512.61,1254.4,235.31,108.05,114.56,0.97,26.7,36.5
FAC-004,2026-07-14 13:00:00,517.96,1238.0,272.96,101.32,125.84,0.95,28.4,50.2
FAC-004,2026-07-14 14:00:00,551.98,1229.2,295.37,114.04,113.4,0.94,26.3,40.7
FAC-004,2026-07-14 15:00:00,566.27,1376.8,308.97,128.67,94.02,0.92,26.4,43.2
FAC-004,2026-07-14 16:00:00,531.47,1366.8,274.58,109.99,66.92,0.97,24.4,51.1
FAC-004,2026-07-14 17:00:00,518.28,1078.1,276.05,108.33,33.41,0.99,24.7,52.4
FAC-004,2026-07-14 18:00:00,448.22,1095.6,243.12,93.11,0.0,0.95,22.0,52.4
FAC-004,2026-07-14 19:00:00,432.84,1182.8,204.66,91.15,0.0,0.95,20.9,45.5
FAC-004,2026-07-14 20:00:00,204.65,426.0,101.66,46.07,0.0,0.97,18.6,40.5
FAC-004,2026-07-14 21:00:00,190.24,444.8,97.97,34.69,0.0,0.98,18.1,40.2
FAC-004,2026-07-14 22:00:00,205.67,553.1,103.58,50.01,0.0,0.99,15.3,58.4
FAC-004,2026-07-14 23:00:00,178.33,443.5,77.97,36.45,0.0,0.85,16.0,53.9
FAC-004,2026-07-15 00:00:00,183.8,454.2,85.15,36.99,0.0,0.95,15.6,44.3
FAC-004,2026-07-15 01:00:00,184.28,376.7,98.84,42.31,0.0,0.99,16.8,45.1
FAC-004,2026-07-15 02:00:00,184.9,496.5,80.36,44.1,0.0,0.93,17.5,39.5
FAC-004,2026-07-15 03:00:00,190.12,400.8,100.53,45.37,0.0,0.96,18.6,38.7
FAC-004,2026-07-15 04:00:00,203.51,533.0,95.94,42.69,0.0,0.93,18.4,35.0
FAC-004,2026-07-15 05:00:00,179.86,394.6,79.5,41.1,0.0,0.99,20.3,45.9
FAC-004,2026-07-15 06:00:00,191.03,448.6,85.34,46.16,0.0,0.93,22.4,41.9
FAC-004,2026-07-15 07:00:00,197.73,442.4,101.74,41.42,0.0,0.96,24.3,36.2
FAC-004,2026-07-15 08:00:00,477.63,1215.7,232.35,97.38,33.53,0.93,26.4,49.7
FAC-004,2026-07-15 09:00:00,507.95,1181.4,253.1,100.02,59.03,0.98,25.4,57.3
FAC-004,2026-07-15 10:00:00,522.38,1103.9,239.12,116.18,85.79,0.96,27.7,50.9
FAC-004,2026-07-15 11:00:00,536.02,1320.0,274.78,122.38,109.31,0.93,27.1,58.0
FAC-004,2026-07-15 12:00:00,555.17,1489.4,256.91,104.24,124.86,0.93,27.8,43.1
FAC-004,2026-07-15 13:00:00,569.16,1291.9,302.45,105.41,110.79,0.94,27.1,46.1
FAC-004,2026-07-15 14:00:00,579.97,1319.1,294.89,130.93,99.41,0.92,26.5,36.6
FAC-004,2026-07-15 15:00:00,594.39,1499.3,263.38,141.16,80.89,0.97,25.1,42.9
FAC-004,2026-07-15 16:00:00,526.44,1276.0,288.76,123.56,65.87,0.98,23.9,55.9
FAC-004,2026-07-15 17:00:00,475.22,1058.5,212.13,105.8,33.53,0.97,24.8,49.6
FAC-004,2026-07-15 18:00:00,504.21,1035.5,233.71,101.71,0.0,0.94,20.8,38.2
FAC-004,2026-07-15 19:00:00,471.81,1123.8,254.02,102.97,0.0,0.95,19.4,54.8
FAC-004,2026-07-15 20:00:00,201.44,485.0,105.06,38.99,0.0,0.95,19.1,59.6
FAC-004,2026-07-15 21:00:00,204.93,430.6,88.91,38.9,0.0,0.94,18.2,47.5
FAC-004,2026-07-15 22:00:00,206.05,491.8,92.98,49.39,0.0,0.95,15.6,57.1
FAC-004,2026-07-15 23:00:00,204.06,430.0,114.13,44.13,0.0,0.93,15.0,55.4
FAC-004,2026-07-16 00:00:00,207.16,493.6,108.0,39.8,0.0,0.95,16.1,35.8
FAC-004,2026-07-16 01:00:00,192.11,423.8,102.36,45.54,0.0,0.92,17.6,46.2
FAC-004,2026-07-16 02:00:00,181.93,426.7,85.03,36.92,0.0,0.97,15.5,44.3
FAC-004,2026-07-16 03:00:00,192.45,430.8,106.89,41.43,0.0,0.93,17.9,50.1
FAC-004,2026-07-16 04:00:00,199.46,483.4,86.89,47.11,0.0,0.95,19.3,38.7
FAC-004,2026-07-16 05:00:00,187.44,403.9,89.14,34.94,0.0,0.93,21.6,40.2
FAC-004,2026-07-16 06:00:00,186.7,407.3,99.39,34.26,0.0,0.93,22.2,38.5
FAC-004,2026-07-16 07:00:00,182.27,454.7,81.33,42.98,0.0,0.94,22.8,42.7
FAC-004,2026-07-16 08:00:00,429.55,1153.8,219.17,102.94,30.17,0.93,25.3,49.0
FAC-004,2026-07-16 09:00:00,507.76,1239.4,282.57,97.84,68.15,0.99,27.1,36.5
FAC-004,2026-07-16 10:00:00,526.03,1301.6,251.51,101.7,93.81,0.95,28.2,43.5
FAC-004,2026-07-16 11:00:00,569.52,1529.8,273.57,116.4,99.27,0.94,28.9,35.9
FAC-004,2026-07-16 12:00:00,542.64,1206.3,279.75,111.82,119.93,0.92,26.5,55.6
FAC-004,2026-07-16 13:00:00,549.29,1317.4,294.93,106.79,124.06,0.95,27.3,43.7
FAC-004,2026-07-16 14:00:00,541.92,1299.7,247.17,128.18,112.66,0.96,27.2,45.4
FAC-004,2026-07-16 15:00:00,519.47,1389.2,263.4,125.72,91.42,0.94,27.3,44.9
FAC-004,2026-07-16 16:00:00,504.24,1208.2,266.37,110.14,59.85,0.86,25.1,40.5
FAC-004,2026-07-16 17:00:00,495.67,1342.7,230.98,105.57,34.0,0.93,22.3,54.0
FAC-004,2026-07-16 18:00:00,500.63,1361.4,236.24,119.7,0.0,0.93,22.8,50.0
FAC-004,2026-07-16 19:00:00,709.61,1724.6,332.65,151.85,0.0,0.97,20.3,48.4
FAC-004,2026-07-16 20:00:00,205.27,418.8,110.98,43.49,0.0,0.98,18.2,38.8
FAC-004,2026-07-16 21:00:00,201.83,445.4,101.99,49.84,0.0,0.95,18.7,53.2
FAC-004,2026-07-16 22:00:00,200.8,497.7,95.42,43.6,0.0,0.96,17.3,36.7
FAC-004,2026-07-16 23:00:00,197.55,420.7,92.55,39.89,0.0,0.95,15.6,48.3
FAC-004,2026-07-17 00:00:00,177.52,473.2,97.11,36.76,0.0,0.92,15.5,43.6
FAC-004,2026-07-17 01:00:00,177.44,467.1,91.09,33.57,0.0,0.97,15.3,50.9
FAC-004,2026-07-17 02:00:00,182.95,490.6,93.57,45.63,0.0,0.96,18.3,48.7
FAC-004,2026-07-17 03:00:00,205.11,512.1,94.44,38.32,0.0,0.93,17.5,48.7
FAC-004,2026-07-17 04:00:00,183.91,455.6,88.06,34.81,0.0,0.97,18.2,50.5
FAC-004,2026-07-17 05:00:00,182.37,501.1,88.04,38.38,0.0,0.98,21.6,53.4
FAC-004,2026-07-17 06:00:00,178.78,439.8,87.48,41.53,0.0,0.93,21.5,41.5
FAC-004,2026-07-17 07:00:00,192.96,516.4,104.42,44.76,0.0,0.95,22.2,58.3
FAC-004,2026-07-17 08:00:00,472.55,1241.8,226.42,116.44,32.23,0.94,25.3,59.9
FAC-004,2026-07-17 09:00:00,518.41,1201.8,275.9,122.19,62.07,0.93,27.6,53.7
FAC-004,2026-07-17 10:00:00,490.9,1127.1,274.18,90.65,94.31,0.95,26.0,43.9
FAC-004,2026-07-17 11:00:00,551.37,1205.5,291.2,128.48,96.07,0.95,27.5,54.5
FAC-004,2026-07-17 12:00:00,818.74,1755.7,352.07,170.77,123.46,0.96,27.2,47.8
FAC-004,2026-07-17 13:00:00,560.02,1153.3,252.26,125.41,117.43,0.93,26.7,41.5
FAC-004,2026-07-17 14:00:00,547.46,1324.6,298.8,122.0,114.24,0.93,28.2,39.9
FAC-004,2026-07-17 15:00:00,535.49,1189.1,257.33,107.87,81.2,0.97,26.6,48.4
FAC-004,2026-07-17 16:00:00,512.86,1257.7,255.3,93.16,62.01,0.93,24.2,36.8
FAC-004,2026-07-17 17:00:00,550.99,1381.3,262.27,116.94,33.84,0.99,24.4,58.8
FAC-004,2026-07-17 18:00:00,493.66,1042.7,269.21,110.43,0.0,0.95,21.6,53.5
FAC-004,2026-07-17 19:00:00,469.18,964.3,258.75,97.02,0.0,0.92,21.1,37.7
FAC-004,2026-07-17 20:00:00,201.89,455.7,108.07,38.04,0.0,0.97,20.4,47.0
FAC-004,2026-07-17 21:00:00,192.8,425.2,106.54,40.08,0.0,0.94,17.8,43.9
FAC-004,2026-07-17 22:00:00,181.2,448.6,78.04,36.17,0.0,0.97,18.1,45.3
FAC-004,2026-07-17 23:00:00,179.4,423.9,78.48,33.86,0.0,0.93,16.6,44.0
FAC-004,2026-07-18 00:00:00,155.29,343.2,70.19,28.76,0.0,0.92,16.9,43.5
FAC-004,2026-07-18 01:00:00,165.47,397.3,75.94,31.16,0.0,0.97,16.8,36.4
FAC-004,2026-07-18 02:00:00,150.91,338.4,79.78,36.38,0.0,0.93,15.6,43.1
FAC-004,2026-07-18 03:00:00,169.44,366.0,81.66,33.11,0.0,0.93,18.5,36.5
FAC-004,2026-07-18 04:00:00,158.07,401.0,79.15,32.41,0.0,0.95,18.3,58.1
FAC-004,2026-07-18 05:00:00,155.9,338.9,74.14,29.0,0.0,0.93,20.2,54.5
FAC-004,2026-07-18 06:00:00,149.74,373.7,75.35,34.74,0.0,0.96,20.7,53.3
FAC-004,2026-07-18 07:00:00,159.31,398.7,73.52,38.03,0.0,0.98,24.2,38.7
FAC-004,2026-07-18 08:00:00,463.63,1025.8,236.09,113.35,31.05,0.96,24.8,50.8
FAC-004,2026-07-18 09:00:00,493.14,1285.6,264.76,95.0,65.51,0.95,24.8,54.9
FAC-004,2026-07-18 10:00:00,500.08,1298.1,236.88,107.47,91.7,0.95,27.9,42.4
FAC-004,2026-07-18 11:00:00,568.1,1493.5,294.29,128.03,96.03,0.96,29.2,58.9
FAC-004,2026-07-18 12:00:00,507.43,1137.5,276.62,94.0,123.71,0.87,26.8,45.3
FAC-004,2026-07-18 13:00:00,576.4,1455.4,248.3,120.01,104.08,0.99,27.0,43.9
FAC-004,2026-07-18 14:00:00,534.25,1423.5,268.73,111.14,111.84,0.94,27.3,42.0
FAC-004,2026-07-18 15:00:00,553.91,1167.7,249.27,131.14,79.97,0.94,26.2,45.0
FAC-004,2026-07-18 16:00:00,573.08,1330.9,302.56,110.35,68.69,0.95,24.3,57.4
FAC-004,2026-07-18 17:00:00,518.2,1167.7,239.0,122.2,34.68,0.97,23.7,50.0
FAC-004,2026-07-18 18:00:00,452.16,1202.4,233.83,96.26,0.0,0.92,20.9,35.9
FAC-004,2026-07-18 19:00:00,490.56,1042.5,228.17,111.09,0.0,0.96,19.8,56.2
FAC-004,2026-07-18 20:00:00,159.73,423.0,75.11,36.28,0.0,0.93,18.5,42.1
FAC-004,2026-07-18 21:00:00,155.53,341.9,73.73,34.57,0.0,0.94,17.5,42.4
FAC-004,2026-07-18 22:00:00,158.02,349.1,84.72,37.86,0.0,0.96,16.5,58.3
FAC-004,2026-07-18 23:00:00,150.14,327.5,69.61,28.92,0.0,0.98,14.9,49.8
FAC-004,2026-07-19 00:00:00,154.74,334.6,79.25,38.11,0.0,0.84,15.5,45.8
FAC-004,2026-07-19 01:00:00,164.0,432.2,78.88,33.32,0.0,0.98,15.6,55.6
FAC-004,2026-07-19 02:00:00,153.11,332.2,74.76,29.56,0.0,0.95,17.8,59.5
FAC-004,2026-07-19 03:00:00,150.36,342.2,79.44,32.75,0.0,0.93,17.5,39.4
FAC-004,2026-07-19 04:00:00,147.61,346.1,82.38,35.27,0.0,0.97,18.1,43.5
FAC-004,2026-07-19 05:00:00,160.97,379.7,80.58,34.3,0.0,0.95,20.6,57.2
FAC-004,2026-07-19 06:00:00,163.11,400.7,82.81,36.7,0.0,0.92,20.6,44.9
FAC-004,2026-07-19 07:00:00,147.34,329.5,78.56,30.91,0.0,0.94,23.9,55.4
FAC-004,2026-07-19 08:00:00,446.21,1041.5,248.35,83.96,32.69,0.93,23.6,56.9
FAC-004,2026-07-19 09:00:00,509.01,1371.2,253.39,112.98,65.58,0.93,26.9,59.0
FAC-004,2026-07-19 10:00:00,523.08,1230.5,238.09,98.52,96.21,0.93,26.0,53.2
FAC-004,2026-07-19 11:00:00,499.11,1189.6,236.6,95.08,108.19,0.92,27.3,41.5
FAC-004,2026-07-19 12:00:00,520.46,1388.3,291.4,104.43,112.9,0.96,29.2,53.7
FAC-004,2026-07-19 13:00:00,571.79,1566.2,314.43,122.79,120.86,0.97,27.0,49.9
FAC-004,2026-07-19 14:00:00,599.85,1450.1,289.55,127.17,110.35,0.95,27.5,56.7
FAC-004,2026-07-19 15:00:00,540.07,1252.7,241.2,128.07,96.13,0.97,26.2,55.9
FAC-004,2026-07-19 16:00:00,536.95,1105.9,245.87,109.42,64.83,0.96,25.5,38.5
FAC-004,2026-07-19 17:00:00,523.69,1078.6,291.31,127.67,31.29,0.97,22.1,38.1
FAC-004,2026-07-19 18:00:00,516.51,1069.7,282.97,98.45,0.0,0.95,22.9,47.5
FAC-004,2026-07-19 19:00:00,446.36,1013.3,246.02,87.52,0.0,0.97,21.7,44.7
FAC-004,2026-07-19 20:00:00,156.68,413.4,86.27,36.64,0.0,0.93,18.8,35.6
FAC-004,2026-07-19 21:00:00,161.98,416.1,77.49,39.0,0.0,0.92,16.8,45.6
FAC-004,2026-07-19 22:00:00,166.89,434.5,81.66,39.49,0.0,0.95,17.4,35.8
FAC-004,2026-07-19 23:00:00,164.3,356.4,75.98,40.86,0.0,0.98,17.0,46.4
FAC-004,2026-07-20 00:00:00,181.9,484.4,84.59,34.01,0.0,0.94,17.0,57.5
FAC-004,2026-07-20 01:00:00,204.6,524.8,93.22,47.38,0.0,0.92,16.2,45.5
FAC-004,2026-07-20 02:00:00,188.18,514.5,103.84,39.92,0.0,0.97,15.6,49.7
FAC-004,2026-07-20 03:00:00,186.27,385.2,95.2,43.0,0.0,0.96,16.5,47.5
FAC-004,2026-07-20 04:00:00,178.74,471.9,94.52,39.39,0.0,0.94,17.8,45.1
FAC-004,2026-07-20 05:00:00,204.08,417.7,106.46,37.1,0.0,0.94,20.8,51.6
FAC-004,2026-07-20 06:00:00,206.42,474.5,106.44,37.24,0.0,0.96,22.3,59.0
FAC-004,2026-07-20 07:00:00,180.45,403.9,83.83,43.0,0.0,0.97,23.5,40.0
FAC-004,2026-07-20 08:00:00,467.95,1253.4,211.5,107.32,34.45,0.94,24.0,50.0
FAC-004,2026-07-20 09:00:00,478.3,1146.9,235.21,115.92,64.84,0.83,27.6,54.1
FAC-004,2026-07-20 10:00:00,473.75,1096.4,245.61,86.74,93.17,0.93,26.5,51.5
FAC-004,2026-07-20 11:00:00,551.88,1445.6,308.51,114.28,105.09,0.87,26.5,39.3
FAC-004,2026-07-20 12:00:00,513.33,1140.6,222.45,94.38,113.79,0.93,27.2,35.5
FAC-004,2026-07-20 13:00:00,541.98,1346.2,255.5,114.45,119.29,0.99,27.7,40.3
FAC-004,2026-07-20 14:00:00,526.81,1422.7,260.16,110.36,109.39,0.99,26.5,55.3
FAC-004,2026-07-20 15:00:00,546.37,1344.3,285.41,121.37,96.67,0.95,27.2,50.3
FAC-004,2026-07-20 16:00:00,574.66,1445.2,293.3,118.74,65.45,0.92,25.7,47.5
FAC-004,2026-07-20 17:00:00,507.75,1193.0,283.24,101.81,29.97,0.96,22.8,51.8
FAC-004,2026-07-20 18:00:00,494.77,1211.6,262.86,115.42,0.0,0.95,23.1,43.6
FAC-004,2026-07-20 19:00:00,430.8,1082.6,205.8,94.56,0.0,0.94,21.8,51.3
FAC-004,2026-07-20 20:00:00,194.95,446.9,97.56,46.97,0.0,0.95,19.1,53.0
FAC-004,2026-07-20 21:00:00,194.46,489.3,86.69,39.29,0.0,0.93,18.4,51.3
FAC-004,2026-07-20 22:00:00,194.88,462.0,87.53,38.52,0.0,0.93,15.8,54.5
FAC-004,2026-07-20 23:00:00,207.73,567.0,100.9,50.1,0.0,0.93,14.9,50.5
FAC-004,2026-07-21 00:00:00,183.39,480.6,97.88,33.49,0.0,0.92,14.7,41.3
FAC-004,2026-07-21 01:00:00,185.74,385.5,92.21,45.33,0.0,0.98,15.1,38.0
FAC-004,2026-07-21 02:00:00,182.65,423.1,99.83,45.55,0.0,0.96,16.5,39.0
FAC-004,2026-07-21 03:00:00,200.87,435.1,106.76,39.4,0.0,0.98,18.5,36.2
FAC-004,2026-07-21 04:00:00,204.99,489.1,96.07,37.96,0.0,0.94,19.5,40.2
FAC-004,2026-07-21 05:00:00,201.2,506.7,103.35,40.81,0.0,0.97,19.7,35.0
FAC-004,2026-07-21 06:00:00,202.44,498.3,105.41,37.52,0.0,0.98,21.1,49.7
FAC-004,2026-07-21 07:00:00,178.61,448.0,90.66,40.19,0.0,0.96,22.8,50.5
FAC-004,2026-07-21 08:00:00,673.97,1501.4,348.11,149.53,33.02,0.95,24.8,50.7
FAC-004,2026-07-21 09:00:00,451.85,995.8,199.07,105.95,60.93,0.97,25.5,45.8
FAC-004,2026-07-21 10:00:00,518.76,1388.6,245.85,107.65,94.67,0.98,27.4,51.2
FAC-004,2026-07-21 11:00:00,558.77,1445.9,280.3,104.92,112.76,0.98,27.1,42.4
FAC-004,2026-07-21 12:00:00,518.26,1320.8,248.82,99.9,109.49,0.85,26.6,37.1
FAC-004,2026-07-21 13:00:00,580.0,1252.9,310.77,123.65,123.92,0.94,28.7,40.7
FAC-004,2026-07-21 14:00:00,569.94,1162.8,250.79,104.38,97.09,0.97,26.3,40.8
FAC-004,2026-07-21 15:00:00,550.67,1508.1,286.79,116.57,83.09,0.96,26.0,43.2
FAC-004,2026-07-21 16:00:00,571.41,1479.3,311.14,110.82,60.96,0.93,25.6,51.3
FAC-004,2026-07-21 17:00:00,528.69,1086.8,293.65,107.99,35.4,0.94,24.0,37.5
FAC-004,2026-07-21 18:00:00,495.95,1247.8,215.12,114.09,0.0,0.92,22.7,44.5
FAC-004,2026-07-21 19:00:00,453.53,958.2,246.14,89.64,0.0,0.87,19.9,47.7
FAC-004,2026-07-21 20:00:00,204.89,518.8,108.08,50.13,0.0,0.93,19.0,50.2
FAC-004,2026-07-21 21:00:00,188.93,406.1,98.51,46.72,0.0,0.98,18.5,42.3
FAC-004,2026-07-21 22:00:00,177.94,375.0,98.98,42.16,0.0,0.99,17.9,36.7
FAC-004,2026-07-21 23:00:00,197.73,466.4,87.76,42.36,0.0,0.94,17.6,42.2
FAC-004,2026-07-22 00:00:00,193.62,500.1,100.15,44.68,0.0,0.92,16.8,57.6
FAC-004,2026-07-22 01:00:00,178.71,460.9,86.06,33.1,0.0,0.92,16.0,46.6
FAC-004,2026-07-22 02:00:00,191.37,465.9,100.03,39.39,0.0,0.94,17.1,47.3
FAC-004,2026-07-22 03:00:00,194.36,465.2,103.88,41.02,0.0,0.97,17.4,50.6
FAC-004,2026-07-22 04:00:00,276.31,619.5,179.6,66.7,0.0,0.96,18.2,54.4
FAC-004,2026-07-22 05:00:00,185.04,481.6,102.28,43.98,0.0,0.98,19.3,47.9
FAC-004,2026-07-22 06:00:00,186.68,388.9,100.51,39.67,0.0,0.94,23.2,51.2
FAC-004,2026-07-22 07:00:00,192.7,523.3,99.15,44.87,0.0,0.99,24.1,58.3
FAC-004,2026-07-22 08:00:00,481.18,1122.5,263.78,117.07,35.07,0.93,25.8,40.8
FAC-004,2026-07-22 09:00:00,489.65,1276.1,248.99,120.21,65.06,0.96,25.5,40.2
FAC-004,2026-07-22 10:00:00,527.61,1287.4,272.93,112.23,85.67,0.93,27.1,48.5
FAC-004,2026-07-22 11:00:00,573.45,1428.7,295.2,138.7,107.11,0.92,28.0,44.9
FAC-004,2026-07-22 12:00:00,554.31,1288.4,301.93,137.5,106.65,0.97,27.3,55.3
FAC-004,2026-07-22 13:00:00,583.42,1384.6,290.59,123.09,116.15,0.96,29.0,53.9
FAC-004,2026-07-22 14:00:00,599.17,1653.0,279.8,111.25,113.13,0.96,28.0,36.8
FAC-004,2026-07-22 15:00:00,530.92,1197.4,291.45,112.34,95.33,0.95,25.3,49.5
FAC-004,2026-07-22 16:00:00,557.79,1301.4,249.23,117.47,65.55,0.92,25.0,35.3
FAC-004,2026-07-22 17:00:00,546.15,1142.0,242.73,120.89,34.37,0.92,24.4,39.0
FAC-004,2026-07-22 18:00:00,496.72,1090.7,235.04,107.35,0.0,0.95,20.9,36.1
FAC-004,2026-07-22 19:00:00,641.24,1336.4,416.81,160.19,0.0,0.83,19.9,44.8
FAC-004,2026-07-22 20:00:00,189.29,386.2,93.61,37.33,0.0,0.98,20.4,38.3
FAC-004,2026-07-22 21:00:00,207.88,540.9,93.13,43.59,0.0,0.92,16.5,40.9
FAC-004,2026-07-22 22:00:00,205.05,505.1,92.98,37.49,0.0,0.94,15.7,53.7
FAC-004,2026-07-22 23:00:00,188.32,489.7,85.18,41.72,0.0,0.83,16.8,59.7
FAC-004,2026-07-23 00:00:00,270.47,731.1,118.48,56.37,0.0,0.93,15.7,55.3
FAC-004,2026-07-23 01:00:00,178.31,440.5,98.61,33.13,0.0,0.98,16.4,55.6
FAC-004,2026-07-23 02:00:00,199.41,508.1,92.96,45.66,0.0,0.97,15.6,37.7
FAC-004,2026-07-23 03:00:00,206.48,560.7,101.29,51.05,0.0,0.98,19.0,55.5
FAC-004,2026-07-23 04:00:00,177.85,365.8,79.53,33.68,0.0,0.93,19.5,42.8
FAC-004,2026-07-23 05:00:00,192.14,438.8,86.17,46.48,0.0,0.97,20.4,55.4
FAC-004,2026-07-23 06:00:00,207.2,559.3,90.99,45.04,0.0,0.99,20.9,53.1
FAC-004,2026-07-23 07:00:00,192.05,459.1,102.46,42.1,0.0,0.98,24.2,43.4
FAC-004,2026-07-23 08:00:00,437.21,1114.7,218.3,87.27,33.08,0.97,25.8,51.8
FAC-004,2026-07-23 09:00:00,653.05,1407.2,335.68,124.23,56.88,0.99,26.3,58.5
FAC-004,2026-07-23 10:00:00,530.24,1236.1,247.49,117.3,81.35,0.92,25.9,44.7
FAC-004,2026-07-23 11:00:00,523.92,1158.2,281.93,118.38,106.07,0.98,28.4,50.5
FAC-004,2026-07-23 12:00:00,527.64,1434.0,256.43,127.21,123.36,0.94,26.6,58.6
FAC-004,2026-07-23 13:00:00,550.36,1192.6,301.61,119.35,116.8,0.95,28.0,41.4
FAC-004,2026-07-23 14:00:00,544.29,1315.5,274.56,99.6,108.31,0.87,27.3,44.3
FAC-004,2026-07-23 15:00:00,520.57,1269.0,260.48,105.4,88.46,0.93,26.6,54.2
FAC-004,2026-07-23 16:00:00,517.02,1076.7,266.01,98.01,65.27,0.94,25.8,51.1
FAC-004,2026-07-23 17:00:00,528.9,1308.0,263.14,131.47,34.13,0.95,22.9,35.2
FAC-004,2026-07-23 18:00:00,454.31,982.1,214.19,108.04,0.0,0.98,22.0,44.1
FAC-004,2026-07-23 19:00:00,441.77,1128.7,195.37,88.88,0.0,0.97,19.3,51.5
FAC-004,2026-07-23 20:00:00,188.38,412.2,101.64,46.81,0.0,0.86,18.7,39.8
FAC-004,2026-07-23 21:00:00,202.07,460.8,89.81,36.95,0.0,0.96,17.9,49.5
FAC-004,2026-07-23 22:00:00,193.39,517.1,98.52,41.8,0.0,0.94,15.7,55.5
FAC-004,2026-07-23 23:00:00,187.82,514.6,104.72,45.99,0.0,0.93,15.7,35.3
FAC-004,2026-07-24 00:00:00,192.78,507.0,85.61,41.96,0.0,0.95,15.5,58.1
FAC-004,2026-07-24 01:00:00,190.81,402.4,88.61,46.28,0.0,0.95,17.4,40.4
FAC-004,2026-07-24 02:00:00,181.24,451.5,100.41,40.15,0.0,0.95,15.9,50.1
FAC-004,2026-07-24 03:00:00,188.18,510.7,102.52,35.83,0.0,0.94,17.6,53.0
FAC-004,2026-07-24 04:00:00,191.87,433.5,95.55,34.94,0.0,0.94,19.2,52.7
FAC-004,2026-07-24 05:00:00,184.34,471.1,97.72,33.43,0.0,0.93,20.5,45.9
FAC-004,2026-07-24 06:00:00,178.22,472.3,81.81,39.77,0.0,0.95,22.1,50.6
FAC-004,2026-07-24 07:00:00,204.1,482.6,101.65,37.25,0.0,0.97,25.0,43.0
FAC-004,2026-07-24 08:00:00,419.98,1139.0,228.9,98.79,30.68,0.94,26.0,53.5
FAC-004,2026-07-24 09:00:00,512.83,1281.1,286.83,98.86,60.33,0.97,25.0,56.0
FAC-004,2026-07-24 10:00:00,504.03,1282.2,231.46,91.41,83.09,0.98,27.4,52.4
FAC-005,2026-06-24 10:00:00,813.2,2096.8,425.29,194.06,136.83,0.94,26.3,44.0
FAC-005,2026-06-24 11:00:00,810.54,1821.2,417.26,182.66,151.41,0.96,27.5,52.8
FAC-005,2026-06-24 12:00:00,1209.5,2926.4,542.47,298.91,176.31,0.97,27.2,55.8
FAC-005,2026-06-24 13:00:00,860.47,1827.9,411.93,200.47,173.2,0.94,26.5,47.0
FAC-005,2026-06-24 14:00:00,880.25,1832.5,386.73,185.57,173.66,0.92,26.3,58.4
FAC-005,2026-06-24 15:00:00,835.65,1847.5,435.89,172.35,127.5,0.96,25.6,40.2
FAC-005,2026-06-24 16:00:00,864.25,2333.3,464.41,198.87,101.9,0.92,24.7,44.3
FAC-005,2026-06-24 17:00:00,766.43,1779.8,344.46,165.28,56.16,0.92,22.9,41.1
FAC-005,2026-06-24 18:00:00,788.76,1785.4,423.13,174.45,0.0,0.93,22.4,35.7
FAC-005,2026-06-24 19:00:00,708.95,1533.7,394.48,168.26,0.0,0.97,19.5,52.5
FAC-005,2026-06-24 20:00:00,279.77,599.8,143.82,62.79,0.0,0.94,17.9,56.3
FAC-005,2026-06-24 21:00:00,410.75,957.3,266.99,91.76,0.0,0.94,16.5,42.0
FAC-005,2026-06-24 22:00:00,278.97,623.0,132.77,54.02,0.0,0.98,17.6,51.9
FAC-005,2026-06-24 23:00:00,304.75,820.7,148.65,57.59,0.0,0.96,17.2,37.0
FAC-005,2026-06-25 00:00:00,285.33,690.5,153.51,68.59,0.0,0.93,16.9,58.2
FAC-005,2026-06-25 01:00:00,278.84,735.1,131.9,50.79,0.0,0.95,15.9,43.6
FAC-005,2026-06-25 02:00:00,315.59,716.8,164.24,64.78,0.0,0.92,17.2,47.9
FAC-005,2026-06-25 03:00:00,318.35,686.4,157.74,65.87,0.0,0.98,16.5,51.2
FAC-005,2026-06-25 04:00:00,317.57,815.1,174.49,70.51,0.0,0.92,19.8,47.4
FAC-005,2026-06-25 05:00:00,321.81,816.5,146.67,60.14,0.0,0.98,20.9,55.8
FAC-005,2026-06-25 06:00:00,282.53,624.5,149.48,54.4,0.0,0.95,21.5,39.2
FAC-005,2026-06-25 07:00:00,279.25,734.6,137.25,65.29,0.0,0.95,22.9,36.4
FAC-005,2026-06-25 08:00:00,732.02,1943.0,391.05,163.33,47.8,0.96,25.8,42.4
FAC-005,2026-06-25 09:00:00,722.07,1944.5,319.21,142.28,98.03,0.98,24.8,43.5
FAC-005,2026-06-25 10:00:00,756.47,1927.6,404.06,184.59,133.96,0.93,25.8,38.8
FAC-005,2026-06-25 11:00:00,868.16,2254.7,445.67,185.28,172.47,0.99,28.7,52.4
FAC-005,2026-06-25 12:00:00,812.58,2017.2,366.9,192.92,192.57,0.84,27.8,47.1
FAC-005,2026-06-25 13:00:00,823.33,2190.5,409.57,169.4,199.69,0.95,27.8,39.2
FAC-005,2026-06-25 14:00:00,839.84,1878.5,430.6,206.28,176.37,0.94,26.6,37.3
FAC-005,2026-06-25 15:00:00,893.93,2009.1,471.69,164.63,133.55,0.93,25.6,50.9
FAC-005,2026-06-25 16:00:00,833.63,1792.2,439.38,158.57,107.09,0.93,24.4,48.8
FAC-005,2026-06-25 17:00:00,841.95,2216.3,403.68,185.49,52.86,0.97,24.1,53.6
FAC-005,2026-06-25 18:00:00,724.99,1990.5,376.64,173.66,0.0,0.94,21.6,58.3
FAC-005,2026-06-25 19:00:00,711.66,1891.1,323.34,154.07,0.0,0.94,21.7,36.8
FAC-005,2026-06-25 20:00:00,290.66,740.6,131.61,64.55,0.0,0.87,19.7,41.8
FAC-005,2026-06-25 21:00:00,279.65,674.6,132.58,60.57,0.0,0.93,17.2,49.5
FAC-005,2026-06-25 22:00:00,298.88,701.3,136.58,67.04,0.0,0.85,15.9,49.6
FAC-005,2026-06-25 23:00:00,309.97,808.1,171.66,67.27,0.0,0.97,15.3,55.7
FAC-005,2026-06-26 00:00:00,297.31,740.9,139.97,73.33,0.0,0.95,15.4,39.4
FAC-005,2026-06-26 01:00:00,305.7,802.9,164.27,64.81,0.0,0.94,15.3,44.6
FAC-005,2026-06-26 02:00:00,288.75,596.2,154.58,57.69,0.0,0.93,16.1,51.4
FAC-005,2026-06-26 03:00:00,295.0,803.0,145.06,61.44,0.0,0.94,17.4,51.7
FAC-005,2026-06-26 04:00:00,323.02,764.8,175.93,64.66,0.0,0.97,18.5,46.1
FAC-005,2026-06-26 05:00:00,295.65,773.9,145.6,71.94,0.0,0.94,20.0,57.8
FAC-005,2026-06-26 06:00:00,315.76,802.7,155.66,57.06,0.0,0.95,22.3,47.0
FAC-005,2026-06-26 07:00:00,279.42,705.9,146.02,58.31,0.0,0.92,22.6,39.2
FAC-005,2026-06-26 08:00:00,685.2,1753.3,336.92,135.18,52.39,0.94,26.0,37.4
FAC-005,2026-06-26 09:00:00,739.94,1947.1,329.97,161.45,93.17,0.92,26.3,49.7
FAC-005,2026-06-26 10:00:00,773.23,2000.8,417.1,190.77,138.18,0.96,26.7,37.2
FAC-005,2026-06-26 11:00:00,803.29,1760.4,411.82,160.58,171.72,0.97,29.0,56.0
FAC-005,2026-06-26 12:00:00,805.21,1733.0,368.07,193.38,166.61,0.96,27.2,49.4
FAC-005,2026-06-26 13:00:00,827.81,1750.0,413.52,171.43,189.95,0.96,27.5,40.8
FAC-005,2026-06-26 14:00:00,927.18,2268.6,438.03,211.1,182.02,0.95,28.5,52.1
FAC-005,2026-06-26 15:00:00,854.87,2113.0,461.51,196.58,131.9,0.87,25.1,47.7
FAC-005,2026-06-26 16:00:00,818.48,1777.1,402.74,204.45,96.96,0.96,23.8,36.3
FAC-005,2026-06-26 17:00:00,1153.26,3112.7,559.88,270.88,47.5,0.88,23.0,46.2
FAC-005,2026-06-26 18:00:00,789.32,2022.5,389.24,149.39,0.0,0.94,22.0,55.1
FAC-005,2026-06-26 19:00:00,689.42,1712.5,371.19,131.23,0.0,0.99,19.1,43.0
FAC-005,2026-06-26 20:00:00,324.24,817.8,180.98,63.7,0.0,0.98,18.1,35.3
FAC-005,2026-06-26 21:00:00,321.83,703.9,176.17,60.81,0.0,0.95,18.1,47.8
FAC-005,2026-06-26 22:00:00,282.96,595.3,139.24,70.58,0.0,0.96,16.9,49.3
FAC-005,2026-06-26 23:00:00,319.55,654.4,153.6,69.07,0.0,0.98,17.2,41.6
FAC-005,2026-06-27 00:00:00,339.06,720.7,189.24,63.61,0.0,0.85,15.1,48.0
FAC-005,2026-06-27 01:00:00,244.72,569.5,124.25,45.11,0.0,0.94,16.5,49.7
FAC-005,2026-06-27 02:00:00,233.99,568.4,109.31,45.55,0.0,0.95,17.7,37.3
FAC-005,2026-06-27 03:00:00,232.32,618.7,123.25,47.81,0.0,0.93,17.3,59.8
FAC-005,2026-06-27 04:00:00,235.22,506.0,120.41,51.16,0.0,0.93,18.9,38.1
FAC-005,2026-06-27 05:00:00,238.33,564.3,118.31,48.5,0.0,0.93,19.2,57.2
FAC-005,2026-06-27 06:00:00,257.67,579.7,122.51,54.94,0.0,0.97,21.4,41.1
FAC-005,2026-06-27 07:00:00,235.43,567.3,120.82,43.93,0.0,0.93,23.4,40.4
FAC-005,2026-06-27 08:00:00,357.05,754.7,157.78,88.2,53.32,0.98,25.3,41.9
FAC-005,2026-06-27 09:00:00,394.33,913.1,197.86,77.63,93.74,0.93,26.8,55.8
FAC-005,2026-06-27 10:00:00,384.96,792.8,207.2,93.29,135.59,0.97,25.8,49.9
FAC-005,2026-06-27 11:00:00,411.7,993.2,217.16,86.45,172.54,0.94,28.5,59.3
FAC-005,2026-06-27 12:00:00,402.4,851.0,224.71,90.0,198.03,0.94,29.0,57.0
FAC-005,2026-06-27 13:00:00,417.14,1059.6,186.26,92.26,181.26,0.94,26.4,50.3
FAC-005,2026-06-27 14:00:00,468.66,1261.5,240.63,97.44,158.07,0.92,28.5,51.4
FAC-005,2026-06-27 15:00:00,412.03,897.5,221.81,80.05,130.88,0.93,26.5,50.9
FAC-005,2026-06-27 16:00:00,401.75,957.7,173.06,89.16,99.03,0.92,24.4,41.9
FAC-005,2026-06-27 17:00:00,391.33,1061.1,186.24,78.9,56.71,0.96,25.0,43.9
FAC-005,2026-06-27 18:00:00,408.71,894.3,208.08,79.66,0.0,0.94,21.2,35.1
FAC-005,2026-06-27 19:00:00,345.83,843.9,152.59,64.36,0.0,0.99,19.2,46.0
FAC-005,2026-06-27 20:00:00,239.36,542.4,112.34,50.2,0.0,0.98,18.2,55.2
FAC-005,2026-06-27 21:00:00,232.12,519.1,129.2,53.05,0.0,0.95,16.7,42.3
FAC-005,2026-06-27 22:00:00,260.41,619.0,124.28,53.22,0.0,0.97,16.3,49.7
FAC-005,2026-06-27 23:00:00,256.07,600.9,115.59,50.7,0.0,0.98,17.6,37.6
FAC-005,2026-06-28 00:00:00,244.3,646.4,124.11,57.86,0.0,0.97,17.3,44.6
FAC-005,2026-06-28 01:00:00,264.19,610.7,130.48,61.04,0.0,0.93,15.3,46.4
FAC-005,2026-06-28 02:00:00,231.11,526.6,100.29,51.41,0.0,0.95,15.6,35.1
FAC-005,2026-06-28 03:00:00,236.32,622.8,114.71,58.62,0.0,0.93,18.4,52.5
FAC-005,2026-06-28 04:00:00,245.82,616.1,111.32,52.25,0.0,0.96,17.7,59.1
FAC-005,2026-06-28 05:00:00,239.36,519.6,126.81,49.95,0.0,0.95,20.3,58.0
FAC-005,2026-06-28 06:00:00,253.89,653.4,112.88,52.67,0.0,0.94,21.0,37.6
FAC-005,2026-06-28 07:00:00,254.43,541.0,113.15,62.14,0.0,0.93,22.3,54.9
FAC-005,2026-06-28 08:00:00,351.12,785.6,194.37,72.32,47.91,0.94,24.4,47.9
FAC-005,2026-06-28 09:00:00,397.64,966.5,207.7,77.3,90.87,0.93,26.3,43.2
FAC-005,2026-06-28 10:00:00,390.15,938.9,217.4,90.94,125.34,0.96,27.2,47.1
FAC-005,2026-06-28 11:00:00,404.5,873.9,223.69,81.8,151.06,0.98,28.6,55.2
FAC-005,2026-06-28 12:00:00,436.05,1004.6,197.54,83.01,183.83,0.96,28.3,35.8
FAC-005,2026-06-28 13:00:00,454.73,1249.1,206.95,102.61,182.79,0.98,28.1,37.9
FAC-005,2026-06-28 14:00:00,455.59,1192.9,232.78,97.46,155.02,0.94,27.5,44.3
FAC-005,2026-06-28 15:00:00,414.03,983.6,225.89,98.23,140.39,0.97,26.7,42.7
FAC-005,2026-06-28 16:00:00,433.41,938.7,204.96,103.22,98.61,0.93,26.1,55.2
FAC-005,2026-06-28 17:00:00,379.03,1035.7,167.62,77.38,55.37,0.94,23.8,35.8
FAC-005,2026-06-28 18:00:00,399.38,836.7,186.07,96.98,0.0,0.93,21.8,54.9
FAC-005,2026-06-28 19:00:00,356.39,932.8,190.63,74.72,0.0,0.93,21.1,57.5
FAC-005,2026-06-28 20:00:00,251.63,532.7,122.37,52.04,0.0,0.93,19.7,44.6
FAC-005,2026-06-28 21:00:00,230.9,610.5,118.04,55.59,0.0,0.95,17.5,56.0
FAC-005,2026-06-28 22:00:00,257.99,628.5,113.57,57.09,0.0,0.96,18.1,54.6
FAC-005,2026-06-28 23:00:00,260.41,696.7,116.11,58.22,0.0,0.93,17.1,47.6
FAC-005,2026-06-29 00:00:00,297.92,732.1,165.62,57.83,0.0,0.93,16.8,42.6
FAC-005,2026-06-29 01:00:00,302.54,825.5,150.41,55.23,0.0,0.93,15.9,45.4
FAC-005,2026-06-29 02:00:00,310.35,809.7,139.68,66.72,0.0,0.95,16.2,40.3
FAC-005,2026-06-29 03:00:00,296.57,733.9,148.38,54.89,0.0,0.99,18.7,41.7
FAC-005,2026-06-29 04:00:00,462.03,1001.9,202.02,100.77,0.0,0.98,19.8,55.4
FAC-005,2026-06-29 05:00:00,313.58,667.3,149.32,71.08,0.0,0.97,19.1,37.3
FAC-005,2026-06-29 06:00:00,299.14,712.3,139.94,70.74,0.0,0.95,21.6,43.8
FAC-005,2026-06-29 07:00:00,316.05,724.8,136.49,60.07,0.0,0.94,24.5,39.8
FAC-005,2026-06-29 08:00:00,699.88,1524.7,346.97,156.39,55.79,0.93,24.7,39.1
FAC-005,2026-06-29 09:00:00,768.66,1685.6,360.55,192.03,96.91,0.96,26.2,47.1
FAC-005,2026-06-29 10:00:00,842.3,1920.3,385.91,204.93,146.68,0.93,26.7,48.9
FAC-005,2026-06-29 11:00:00,895.37,1992.0,396.49,178.67,152.67,0.98,27.0,56.8
FAC-005,2026-06-29 12:00:00,900.2,2078.8,486.28,201.08,181.07,0.94,29.2,49.8
FAC-005,2026-06-29 13:00:00,858.21,2149.3,446.58,193.45,187.51,0.94,29.2,36.1
FAC-005,2026-06-29 14:00:00,867.79,2335.9,413.76,203.7,174.94,0.95,28.4,59.8
FAC-005,2026-06-29 15:00:00,895.24,2368.3,401.62,162.6,147.67,0.97,26.7,42.9
FAC-005,2026-06-29 16:00:00,823.9,1894.9,452.13,161.81,100.49,0.97,26.3,37.5
FAC-005,2026-06-29 17:00:00,838.48,2104.2,400.75,160.66,51.56,0.92,24.5,48.0
FAC-005,2026-06-29 18:00:00,734.92,1857.2,377.08,142.54,0.0,0.95,21.7,40.9
FAC-005,2026-06-29 19:00:00,723.38,1683.1,342.58,147.61,0.0,0.94,20.9,46.0
FAC-005,2026-06-29 20:00:00,295.97,660.9,138.17,55.05,0.0,0.94,19.8,44.9
FAC-005,2026-06-29 21:00:00,318.34,790.8,177.64,76.83,0.0,0.96,18.4,50.0
FAC-005,2026-06-29 22:00:00,311.86,725.6,152.1,67.57,0.0,0.97,17.8,54.7
FAC-005,2026-06-29 23:00:00,467.53,1101.8,303.89,90.6,0.0,0.97,16.0,52.0
FAC-005,2026-06-30 00:00:00,291.65,740.7,149.91,56.67,0.0,0.92,15.7,42.6
FAC-005,2026-06-30 01:00:00,309.53,791.3,171.94,73.77,0.0,0.95,14.8,44.0
FAC-005,2026-06-30 02:00:00,296.89,664.3,145.48,59.09,0.0,0.92,16.6,50.1
FAC-005,2026-06-30 03:00:00,316.96,760.5,167.24,74.17,0.0,0.94,16.4,38.8
FAC-005,2026-06-30 04:00:00,308.02,752.3,132.78,70.95,0.0,0.95,19.1,39.0
FAC-005,2026-06-30 05:00:00,292.32,697.4,152.66,64.66,0.0,0.96,19.9,37.4
FAC-005,2026-06-30 06:00:00,307.34,794.4,160.03,65.3,0.0,0.96,23.2,42.6
FAC-005,2026-06-30 07:00:00,282.56,762.7,147.96,64.78,0.0,0.94,23.9,59.5
FAC-005,2026-06-30 08:00:00,767.2,2016.3,344.73,179.13,52.96,0.92,23.7,49.8
FAC-005,2026-06-30 09:00:00,810.96,1659.1,398.01,149.84,92.82,0.97,27.7,45.3
FAC-005,2026-06-30 10:00:00,1116.61,2842.1,725.8,209.09,127.2,0.97,28.1,38.2
FAC-005,2026-06-30 11:00:00,799.53,1934.4,352.25,162.92,155.42,0.97,28.3,44.1
FAC-005,2026-06-30 12:00:00,1349.52,2938.2,724.05,285.35,186.16,0.96,27.1,38.5
FAC-005,2026-06-30 13:00:00,853.39,1910.7,394.03,197.69,190.01,0.98,27.3,45.7
FAC-005,2026-06-30 14:00:00,837.79,2076.0,411.3,189.13,167.73,0.96,26.9,48.3
FAC-005,2026-06-30 15:00:00,886.39,1940.2,430.3,220.01,126.8,0.94,26.6,36.0
FAC-005,2026-06-30 16:00:00,811.93,1762.8,421.26,195.93,105.08,0.84,25.9,46.4
FAC-005,2026-06-30 17:00:00,796.3,1824.9,362.91,165.25,51.39,0.99,24.6,54.0
FAC-005,2026-06-30 18:00:00,761.11,1617.2,327.49,169.68,0.0,0.95,23.4,44.4
FAC-005,2026-06-30 19:00:00,755.18,1693.8,357.52,143.45,0.0,0.98,19.9,46.6
FAC-005,2026-06-30 20:00:00,323.69,698.0,157.1,79.38,0.0,0.93,19.0,39.6
FAC-005,2026-06-30 21:00:00,316.21,774.7,169.96,76.04,0.0,0.98,18.1,54.0
FAC-005,2026-06-30 22:00:00,281.86,614.0,134.03,63.05,0.0,0.93,15.4,53.6
FAC-005,2026-06-30 23:00:00,284.31,584.1,148.09,67.95,0.0,0.94,15.9,58.5
FAC-005,2026-07-01 00:00:00,288.85,775.7,132.25,53.72,0.0,0.99,17.1,56.2
FAC-005,2026-07-01 01:00:00,318.29,796.2,145.49,65.94,0.0,0.98,17.2,46.8
FAC-005,2026-07-01 02:00:00,325.73,787.0,146.56,79.77,0.0,0.97,16.5,45.5
FAC-005,2026-07-01 03:00:00,279.22,756.2,138.09,55.95,0.0,0.93,19.1,57.5
FAC-005,2026-07-01 04:00:00,306.83,645.8,143.13,63.11,0.0,0.98,19.5,43.9
FAC-005,2026-07-01 05:00:00,305.16,710.1,163.03,59.44,0.0,0.93,20.8,39.7
FAC-005,2026-07-01 06:00:00,321.72,668.7,160.69,60.94,0.0,0.93,22.5,51.0
FAC-005,2026-07-01 07:00:00,308.96,704.2,149.11,65.66,0.0,0.93,22.7,42.4
FAC-005,2026-07-01 08:00:00,736.0,1568.1,393.06,141.95,49.92,0.96,25.6,35.0
FAC-005,2026-07-01 09:00:00,753.27,1762.7,417.74,182.56,109.15,0.92,26.8,38.4
FAC-005,2026-07-01 10:00:00,747.1,1745.3,367.38,145.4,126.31,0.94,27.9,37.8
FAC-005,2026-07-01 11:00:00,776.05,1903.8,378.4,171.6,182.35,0.93,27.5,47.0
FAC-005,2026-07-01 12:00:00,865.2,1813.9,388.91,200.8,184.59,0.98,27.4,36.1
FAC-005,2026-07-01 13:00:00,860.53,2343.6,471.56,157.0,163.45,0.86,27.0,52.5
FAC-005,2026-07-01 14:00:00,822.22,1694.9,379.08,149.39,150.37,0.98,27.2,54.7
FAC-005,2026-07-01 15:00:00,855.29,2215.7,369.06,187.96,127.29,0.94,26.7,50.4
FAC-005,2026-07-01 16:00:00,808.41,2004.3,438.32,146.24,92.24,0.98,25.5,48.9
FAC-005,2026-07-01 17:00:00,819.87,2062.2,439.29,204.53,46.42,0.86,22.4,44.5
FAC-005,2026-07-01 18:00:00,744.57,1646.9,367.86,152.74,0.0,0.96,21.2,47.7
FAC-005,2026-07-01 19:00:00,722.39,1488.4,344.97,162.5,0.0,0.95,19.0,47.7
FAC-005,2026-07-01 20:00:00,315.05,780.2,140.11,78.55,0.0,0.95,19.2,57.0
FAC-005,2026-07-01 21:00:00,310.32,697.0,147.87,64.29,0.0,0.97,16.8,44.2
FAC-005,2026-07-01 22:00:00,314.03,657.5,148.69,76.46,0.0,0.92,15.7,37.2
FAC-005,2026-07-01 23:00:00,307.38,794.6,158.05,70.14,0.0,0.93,16.4,58.6
FAC-005,2026-07-02 00:00:00,281.14,630.9,144.77,65.17,0.0,0.96,17.4,37.7
FAC-005,2026-07-02 01:00:00,280.43,722.4,136.16,52.38,0.0,0.98,16.6,36.1
FAC-005,2026-07-02 02:00:00,292.48,624.1,134.46,65.85,0.0,0.98,17.4,58.4
FAC-005,2026-07-02 03:00:00,305.0,779.3,150.79,62.06,0.0,0.96,17.0,42.8
FAC-005,2026-07-02 04:00:00,317.31,745.0,140.53,67.24,0.0,0.93,19.0,36.6
FAC-005,2026-07-02 05:00:00,324.73,782.9,180.96,70.54,0.0,0.94,19.8,46.3
FAC-005,2026-07-02 06:00:00,428.04,1049.5,278.23,93.86,0.0,0.94,20.5,43.3
FAC-005,2026-07-02 07:00:00,322.24,860.2,148.39,70.21,0.0,0.92,22.6,35.5
FAC-005,2026-07-02 08:00:00,769.51,2085.8,352.38,188.88,48.32,0.97,25.2,43.0
FAC-005,2026-07-02 09:00:00,754.2,1717.3,365.75,170.82,104.46,0.98,24.9,35.4
FAC-005,2026-07-02 10:00:00,815.87,2017.8,380.3,161.67,143.4,0.93,27.7,44.1
FAC-005,2026-07-02 11:00:00,787.66,1798.7,386.64,151.1,150.29,0.93,28.3,38.7
FAC-005,2026-07-02 12:00:00,1313.15,3471.7,565.01,281.83,193.16,0.97,28.7,41.2
FAC-005,2026-07-02 13:00:00,884.94,2304.9,458.62,162.58,164.25,0.98,27.6,56.1
FAC-005,2026-07-02 14:00:00,889.51,1998.3,419.46,172.44,163.5,0.94,26.2,55.2
FAC-005,2026-07-02 15:00:00,862.46,2054.3,454.5,184.52,134.16,0.98,26.6,54.8
FAC-005,2026-07-02 16:00:00,1291.66,2901.2,839.58,300.65,99.13,0.98,25.2,51.5
FAC-005,2026-07-02 17:00:00,834.05,2034.5,381.53,177.38,56.73,0.99,24.1,43.7
FAC-005,2026-07-02 18:00:00,778.96,1764.1,378.76,183.77,0.0,0.97,21.5,45.3
FAC-005,2026-07-02 19:00:00,698.93,1533.8,326.65,143.02,0.0,0.96,21.4,40.6
FAC-005,2026-07-02 20:00:00,284.35,748.4,158.44,60.23,0.0,0.97,20.0,37.5
FAC-005,2026-07-02 21:00:00,291.17,783.0,154.95,71.91,0.0,0.93,17.4,38.1
FAC-005,2026-07-02 22:00:00,296.93,738.7,165.97,65.27,0.0,0.95,18.2,49.7
FAC-005,2026-07-02 23:00:00,302.16,745.6,168.92,62.58,0.0,0.93,17.3,42.5
FAC-005,2026-07-03 00:00:00,297.04,781.1,165.05,55.22,0.0,0.94,17.5,43.7
FAC-005,2026-07-03 01:00:00,285.29,635.5,150.81,54.25,0.0,0.93,14.9,56.4
FAC-005,2026-07-03 02:00:00,298.29,769.4,152.0,67.1,0.0,0.96,17.2,52.6
FAC-005,2026-07-03 03:00:00,294.29,676.7,136.86,64.28,0.0,0.96,18.8,36.8
FAC-005,2026-07-03 04:00:00,306.16,800.9,146.92,64.13,0.0,0.94,20.2,51.3
FAC-005,2026-07-03 05:00:00,307.97,690.9,153.46,76.27,0.0,0.93,20.8,39.6
FAC-005,2026-07-03 06:00:00,298.19,675.5,161.17,58.88,0.0,0.92,22.0,58.7
FAC-005,2026-07-03 07:00:00,309.26,645.6,150.18,56.68,0.0,0.98,23.2,51.0
FAC-005,2026-07-03 08:00:00,738.17,1646.0,396.36,175.33,49.18,0.96,26.3,44.0
FAC-005,2026-07-03 09:00:00,812.82,1859.1,377.08,193.55,94.04,0.93,27.3,48.2
FAC-005,2026-07-03 10:00:00,772.27,1618.2,388.58,170.54,140.45,0.97,27.2,53.0
FAC-005,2026-07-03 11:00:00,858.86,2112.4,444.6,197.97,157.96,0.98,29.0,50.5
FAC-005,2026-07-03 12:00:00,882.14,2372.0,425.4,210.53,180.34,0.96,29.5,38.7
FAC-005,2026-07-03 13:00:00,827.57,2204.2,446.1,183.52,197.71,0.93,28.1,48.0
FAC-005,2026-07-03 14:00:00,826.23,2165.6,415.86,151.55,179.44,0.82,27.3,59.9
FAC-005,2026-07-03 15:00:00,843.55,1782.4,377.45,191.66,142.48,0.95,26.2,51.9
FAC-005,2026-07-03 16:00:00,864.66,2006.0,441.06,207.3,107.21,0.93,24.1,58.2
FAC-005,2026-07-03 17:00:00,1244.7,2743.1,809.06,258.77,56.86,0.94,24.9,46.4
FAC-005,2026-07-03 18:00:00,784.32,2001.1,426.42,177.68,0.0,0.97,20.8,36.9
FAC-005,2026-07-03 19:00:00,714.77,1628.4,364.56,176.59,0.0,0.97,19.6,50.4
FAC-005,2026-07-03 20:00:00,284.32,645.8,141.01,52.2,0.0,0.96,19.7,46.6
FAC-005,2026-07-03 21:00:00,292.95,787.2,154.68,62.45,0.0,0.98,16.9,51.7
FAC-005,2026-07-03 22:00:00,314.23,700.2,155.71,56.81,0.0,0.94,17.8,37.6
FAC-005,2026-07-03 23:00:00,287.13,763.6,138.93,56.01,0.0,0.97,16.8,39.6
FAC-005,2026-07-04 00:00:00,242.63,613.6,111.84,58.56,0.0,0.94,14.6,43.7
FAC-005,2026-07-04 01:00:00,238.7,541.3,124.38,49.85,0.0,0.99,15.9,44.6
FAC-005,2026-07-04 02:00:00,236.31,612.6,110.9,56.83,0.0,0.97,16.8,41.7
FAC-005,2026-07-04 03:00:00,240.81,506.6,119.06,44.31,0.0,0.94,17.4,37.9
FAC-005,2026-07-04 04:00:00,238.06,498.0,104.46,48.28,0.0,0.97,18.5,38.2
FAC-005,2026-07-04 05:00:00,236.92,485.9,132.22,56.5,0.0,0.96,19.3,52.6
FAC-005,2026-07-04 06:00:00,245.27,673.0,125.62,53.67,0.0,0.98,21.6,35.2
FAC-005,2026-07-04 07:00:00,267.29,602.3,129.04,66.55,0.0,0.93,24.4,43.5
FAC-005,2026-07-04 08:00:00,360.06,935.1,176.61,84.65,47.2,0.94,25.3,57.5
FAC-005,2026-07-04 09:00:00,389.82,912.5,206.98,77.24,105.68,0.93,25.5,40.7
FAC-005,2026-07-04 10:00:00,381.58,872.9,197.2,84.18,142.53,0.97,27.4,41.9
FAC-005,2026-07-04 11:00:00,408.0,883.9,217.37,98.89,174.84,0.94,27.6,58.5
FAC-005,2026-07-04 12:00:00,463.81,1079.9,255.26,104.93,162.3,0.98,27.1,45.0
FAC-005,2026-07-04 13:00:00,444.63,944.6,240.17,105.76,196.54,0.93,29.1,46.9
FAC-005,2026-07-04 14:00:00,426.62,1082.1,202.94,100.97,174.6,0.92,26.3,50.7
FAC-005,2026-07-04 15:00:00,403.58,838.0,174.04,88.63,141.97,0.94,25.0,40.4
FAC-005,2026-07-04 16:00:00,442.84,1026.6,205.09,110.62,95.86,0.93,24.2,50.7
FAC-005,2026-07-04 17:00:00,394.89,978.4,213.78,91.51,47.78,0.96,23.5,41.5
FAC-005,2026-07-04 18:00:00,397.62,1083.8,179.16,75.0,0.0,0.84,21.3,51.0
FAC-005,2026-07-04 19:00:00,384.07,977.1,176.08,84.94,0.0,0.98,21.0,42.6
FAC-005,2026-07-04 20:00:00,263.17,607.8,145.66,60.61,0.0,0.83,19.5,42.3
FAC-005,2026-07-04 21:00:00,244.97,635.1,119.01,55.72,0.0,0.95,18.6,43.0
FAC-005,2026-07-04 22:00:00,252.71,630.6,111.64,62.67,0.0,0.99,18.2,38.6
FAC-005,2026-07-04 23:00:00,229.01,551.6,112.31,42.55,0.0,0.94,16.6,39.1
FAC-005,2026-07-05 00:00:00,250.75,688.9,137.65,51.54,0.0,0.96,14.6,53.2
FAC-005,2026-07-05 01:00:00,229.81,561.6,116.12,54.27,0.0,0.92,14.9,55.4
FAC-005,2026-07-05 02:00:00,233.14,639.5,108.59,52.3,0.0,0.93,16.4,55.9
FAC-005,2026-07-05 03:00:00,240.44,559.9,120.93,47.66,0.0,0.94,19.0,54.0
FAC-005,2026-07-05 04:00:00,247.67,611.6,110.53,57.53,0.0,0.98,19.8,52.1
FAC-005,2026-07-05 05:00:00,254.13,650.1,139.81,62.08,0.0,0.92,20.9,42.8
FAC-005,2026-07-05 06:00:00,232.3,513.3,101.41,54.08,0.0,0.92,21.9,39.2
FAC-005,2026-07-05 07:00:00,235.19,504.6,121.9,43.69,0.0,0.93,22.4,39.3
FAC-005,2026-07-05 08:00:00,347.76,913.8,183.41,64.42,55.43,0.97,26.0,39.6
FAC-005,2026-07-05 09:00:00,353.02,789.5,194.91,71.15,107.56,0.98,27.5,47.4
FAC-005,2026-07-05 10:00:00,431.1,972.7,203.57,90.24,144.59,0.97,27.3,38.1
FAC-005,2026-07-05 11:00:00,403.63,1054.1,217.58,78.12,177.15,0.95,27.0,46.6
FAC-005,2026-07-05 12:00:00,630.34,1676.4,349.12,138.76,198.61,0.98,27.4,57.3
FAC-005,2026-07-05 13:00:00,438.86,962.4,208.94,91.72,174.7,0.96,27.7,37.4
FAC-005,2026-07-05 14:00:00,416.32,867.2,185.22,93.1,162.8,0.94,27.5,44.1
FAC-005,2026-07-05 15:00:00,441.67,1066.9,240.88,99.48,147.31,0.97,27.1,57.7
FAC-005,2026-07-05 16:00:00,447.0,1123.6,228.33,107.68,89.28,0.98,25.5,55.6
FAC-005,2026-07-05 17:00:00,396.01,836.0,199.6,85.67,46.52,0.93,22.8,53.6
FAC-005,2026-07-05 18:00:00,396.82,1052.3,174.24,84.91,0.0,0.97,20.6,53.0
FAC-005,2026-07-05 19:00:00,376.09,781.2,186.51,81.92,0.0,0.97,19.0,36.7
FAC-005,2026-07-05 20:00:00,241.4,656.4,131.04,59.67,0.0,0.98,18.4,38.8
FAC-005,2026-07-05 21:00:00,247.03,604.1,109.39,56.18,0.0,0.98,18.0,46.0
FAC-005,2026-07-05 22:00:00,265.49,667.0,118.94,56.08,0.0,0.95,16.2,40.8
FAC-005,2026-07-05 23:00:00,262.22,607.5,129.98,51.61,0.0,0.93,15.9,59.5
FAC-005,2026-07-06 00:00:00,318.78,657.6,147.7,59.08,0.0,0.96,15.8,55.5
FAC-005,2026-07-06 01:00:00,293.24,773.0,158.32,62.9,0.0,0.95,15.2,57.9
FAC-005,2026-07-06 02:00:00,325.94,762.3,157.21,77.35,0.0,0.95,15.8,40.5
FAC-005,2026-07-06 03:00:00,316.45,873.1,151.4,64.89,0.0,0.95,18.1,55.0
FAC-005,2026-07-06 04:00:00,308.25,685.9,133.98,66.84,0.0,0.94,20.3,52.8
FAC-005,2026-07-06 05:00:00,310.24,835.2,133.69,61.61,0.0,0.97,19.4,42.4
FAC-005,2026-07-06 06:00:00,294.11,736.0,136.1,62.07,0.0,0.94,22.6,46.5
FAC-005,2026-07-06 07:00:00,300.34,723.1,163.91,65.81,0.0,0.94,23.6,48.2
FAC-005,2026-07-06 08:00:00,683.48,1631.4,352.44,160.28,53.44,0.99,23.8,55.5
FAC-005,2026-07-06 09:00:00,787.47,1820.2,356.93,142.67,91.79,0.93,27.0,54.2
FAC-005,2026-07-06 10:00:00,848.1,2017.5,411.04,204.16,138.96,0.97,28.1,45.7
FAC-005,2026-07-06 11:00:00,788.55,1811.3,355.98,191.1,183.54,0.94,28.8,40.2
FAC-005,2026-07-06 12:00:00,888.25,2208.2,485.54,194.33,188.28,0.98,28.3,50.8
FAC-005,2026-07-06 13:00:00,938.73,2494.9,484.72,169.48,165.94,0.93,27.0,50.0
FAC-005,2026-07-06 14:00:00,848.73,1763.7,387.86,198.19,181.6,0.93,28.1,54.8
FAC-005,2026-07-06 15:00:00,918.71,2418.1,421.0,172.27,141.56,0.96,27.1,52.5
FAC-005,2026-07-06 16:00:00,787.0,2121.6,418.71,152.58,89.06,0.98,25.8,36.2
FAC-005,2026-07-06 17:00:00,820.12,1799.6,434.02,148.22,49.64,0.99,23.3,36.9
FAC-005,2026-07-06 18:00:00,778.75,1835.1,417.51,155.91,0.0,0.94,22.1,58.4
FAC-005,2026-07-06 19:00:00,723.82,1738.3,326.56,137.85,0.0,0.97,19.6,37.5
FAC-005,2026-07-06 20:00:00,322.74,733.6,161.66,65.32,0.0,0.93,19.9,59.2
FAC-005,2026-07-06 21:00:00,286.39,599.0,148.57,66.72,0.0,0.98,17.7,49.0
FAC-005,2026-07-06 22:00:00,311.05,671.0,134.42,58.65,0.0,0.97,16.9,54.3
FAC-005,2026-07-06 23:00:00,314.55,717.1,153.34,64.92,0.0,0.99,14.8,58.9
FAC-005,2026-07-07 00:00:00,285.52,710.8,125.61,57.55,0.0,0.96,15.8,40.3
FAC-005,2026-07-07 01:00:00,303.32,825.5,144.11,66.12,0.0,0.82,16.1,52.7
FAC-005,2026-07-07 02:00:00,302.25,698.5,143.88,60.96,0.0,0.96,17.6,49.4
FAC-005,2026-07-07 03:00:00,302.56,660.7,167.97,54.89,0.0,0.95,16.9,58.3
FAC-005,2026-07-07 04:00:00,320.77,741.7,151.66,76.35,0.0,0.94,17.8,58.6
FAC-005,2026-07-07 05:00:00,326.34,667.4,163.22,76.05,0.0,0.95,21.3,39.0
FAC-005,2026-07-07 06:00:00,298.58,782.6,132.41,63.0,0.0,0.94,23.4,35.8
FAC-005,2026-07-07 07:00:00,314.28,654.5,166.23,72.32,0.0,0.96,22.3,35.3
FAC-005,2026-07-07 08:00:00,739.29,2023.3,357.51,181.74,54.41,0.99,25.8,51.7
FAC-005,2026-07-07 09:00:00,796.54,2094.4,358.38,156.41,93.99,0.98,26.5,55.7
FAC-005,2026-07-07 10:00:00,746.33,1719.5,367.74,182.07,146.66,0.92,28.2,51.6
FAC-005,2026-07-07 11:00:00,789.1,2073.4,432.74,157.28,156.69,0.99,28.2,43.0
FAC-005,2026-07-07 12:00:00,1192.52,2881.0,603.39,288.43,169.13,0.96,27.5,56.8
FAC-005,2026-07-07 13:00:00,906.45,2208.6,464.71,170.59,185.69,0.98,26.7,37.0
FAC-005,2026-07-07 14:00:00,946.7,2372.0,409.74,215.0,170.15,0.94,27.0,37.4
FAC-005,2026-07-07 15:00:00,808.11,1832.3,407.68,167.96,132.2,0.93,25.4,52.5
FAC-005,2026-07-07 16:00:00,899.92,2276.9,397.47,221.42,105.81,0.98,24.0,41.3
FAC-005,2026-07-07 17:00:00,779.87,1729.3,393.7,141.91,50.24,0.96,23.6,45.6
FAC-005,2026-07-07 18:00:00,796.2,1804.1,349.82,196.81,0.0,0.99,22.4,35.5
FAC-005,2026-07-07 19:00:00,696.19,1682.6,334.5,133.05,0.0,0.97,21.8,39.9
FAC-005,2026-07-07 20:00:00,309.49,802.3,167.25,76.36,0.0,0.93,20.3,39.1
FAC-005,2026-07-07 21:00:00,305.19,635.7,148.79,75.96,0.0,0.96,17.8,54.5
FAC-005,2026-07-07 22:00:00,297.34,729.2,164.61,69.37,0.0,0.94,17.6,55.5
FAC-005,2026-07-07 23:00:00,310.34,755.7,137.28,56.37,0.0,0.94,16.9,47.4
FAC-005,2026-07-08 00:00:00,310.43,692.1,162.94,62.56,0.0,0.96,16.9,48.1
FAC-005,2026-07-08 01:00:00,308.56,653.8,170.59,57.31,0.0,0.98,14.8,43.7
FAC-005,2026-07-08 02:00:00,305.86,793.2,151.69,74.61,0.0,0.99,15.6,58.9
FAC-005,2026-07-08 03:00:00,458.0,1062.7,297.7,112.51,0.0,0.94,17.7,39.3
FAC-005,2026-07-08 04:00:00,296.13,719.8,139.77,62.87,0.0,0.93,20.1,41.9
FAC-005,2026-07-08 05:00:00,315.11,783.3,143.02,57.63,0.0,0.94,21.9,42.3
FAC-005,2026-07-08 06:00:00,286.93,601.6,153.93,61.73,0.0,0.97,21.0,53.1
FAC-005,2026-07-08 07:00:00,314.79,748.9,164.58,57.25,0.0,0.99,23.9,35.3
FAC-005,2026-07-08 08:00:00,726.79,1619.5,380.11,176.85,47.69,0.99,25.7,53.1
FAC-005,2026-07-08 09:00:00,728.28,1832.6,333.53,165.06,92.34,0.95,25.6,58.7
FAC-005,2026-07-08 10:00:00,812.09,1718.9,449.41,183.35,151.53,0.98,28.1,56.4
FAC-005,2026-07-08 11:00:00,827.45,1753.8,433.9,154.68,175.3,0.98,28.0,37.9
FAC-005,2026-07-08 12:00:00,851.8,1742.4,420.21,153.33,195.82,0.97,28.1,40.2
FAC-005,2026-07-08 13:00:00,883.55,1844.6,398.79,173.77,164.51,0.92,28.3,42.9
FAC-005,2026-07-08 14:00:00,826.59,2127.5,417.27,168.58,172.52,0.96,27.2,41.3
FAC-005,2026-07-08 15:00:00,901.96,2053.4,445.65,223.31,139.57,0.93,27.3,56.7
FAC-005,2026-07-08 16:00:00,825.38,1966.8,424.69,192.6,97.03,0.97,25.9,35.6
FAC-005,2026-07-08 17:00:00,849.6,2287.3,457.42,176.05,52.44,0.98,22.7,53.3
FAC-005,2026-07-08 18:00:00,809.48,2104.1,363.77,183.24,0.0,0.96,22.6,44.6
FAC-005,2026-07-08 19:00:00,771.25,1865.6,390.83,177.19,0.0,0.97,20.9,59.9
FAC-005,2026-07-08 20:00:00,312.48,740.3,166.77,64.47,0.0,0.84,19.0,35.0
FAC-005,2026-07-08 21:00:00,292.15,654.5,135.41,69.36,0.0,0.97,18.6,54.5
FAC-005,2026-07-08 22:00:00,282.16,677.3,132.58,51.5,0.0,0.95,16.2,47.1
FAC-005,2026-07-08 23:00:00,287.75,758.8,148.02,65.36,0.0,0.98,16.8,36.4
FAC-005,2026-07-09 00:00:00,317.63,681.2,146.2,65.08,0.0,0.93,15.3,46.2
FAC-005,2026-07-09 01:00:00,311.11,810.4,163.23,63.88,0.0,0.94,16.9,59.2
FAC-005,2026-07-09 02:00:00,282.84,611.6,131.29,53.34,0.0,0.94,18.0,39.9
FAC-005,2026-07-09 03:00:00,317.51,819.9,172.91,77.81,0.0,0.98,17.8,58.3
FAC-005,2026-07-09 04:00:00,280.33,736.3,148.34,61.71,0.0,0.93,18.2,57.6
FAC-005,2026-07-09 05:00:00,319.1,705.0,140.89,58.0,0.0,0.94,19.3,45.9
FAC-005,2026-07-09 06:00:00,319.7,797.5,139.34,65.51,0.0,0.98,23.2,36.6
FAC-005,2026-07-09 07:00:00,316.05,736.4,172.98,63.78,0.0,0.96,23.3,48.7
FAC-005,2026-07-09 08:00:00,748.49,2049.4,383.51,170.87,48.6,0.97,25.8,39.3
FAC-005,2026-07-09 09:00:00,764.84,2081.1,383.92,147.79,95.71,0.94,27.7,42.6
FAC-005,2026-07-09 10:00:00,769.66,1809.9,386.0,159.35,151.64,0.96,28.7,37.5
FAC-005,2026-07-09 11:00:00,823.86,1774.9,417.97,169.92,162.89,0.96,26.9,48.5
FAC-005,2026-07-09 12:00:00,894.77,1912.3,440.7,218.44,183.88,0.96,28.8,59.2
FAC-005,2026-07-09 13:00:00,869.17,2159.7,421.37,173.81,192.22,0.92,26.9,59.5
FAC-005,2026-07-09 14:00:00,894.69,2132.6,393.77,182.63,176.94,0.98,28.5,59.6
FAC-005,2026-07-09 15:00:00,874.11,2155.7,470.74,170.89,148.73,0.97,27.0,42.8
FAC-005,2026-07-09 16:00:00,840.93,2312.3,391.62,207.45,104.39,0.95,25.3,52.2
FAC-005,2026-07-09 17:00:00,777.41,1705.4,426.19,163.0,56.52,0.99,24.4,44.9
FAC-005,2026-07-09 18:00:00,767.02,2050.2,397.72,143.15,0.0,0.93,20.6,58.2
FAC-005,2026-07-09 19:00:00,698.32,1439.6,310.0,157.89,0.0,0.95,20.4,35.5
FAC-005,2026-07-09 20:00:00,279.07,616.2,142.46,61.17,0.0,0.97,18.3,55.8
FAC-005,2026-07-09 21:00:00,279.94,718.6,134.03,60.34,0.0,0.94,18.3,44.3
FAC-005,2026-07-09 22:00:00,287.08,744.3,141.64,61.62,0.0,0.97,17.1,35.5
FAC-005,2026-07-09 23:00:00,315.28,864.8,151.94,75.19,0.0,0.96,15.8,35.2
FAC-005,2026-07-10 00:00:00,318.06,832.0,162.81,74.75,0.0,0.98,17.1,51.4
FAC-005,2026-07-10 01:00:00,326.09,863.2,180.5,71.81,0.0,0.94,15.3,48.0
FAC-005,2026-07-10 02:00:00,288.6,601.6,149.34,54.33,0.0,0.95,16.3,41.4
FAC-005,2026-07-10 03:00:00,286.21,630.1,138.08,69.64,0.0,0.97,17.3,43.0
FAC-005,2026-07-10 04:00:00,299.01,640.3,155.41,66.43,0.0,0.99,17.6,42.5
FAC-005,2026-07-10 05:00:00,282.79,705.0,144.39,57.77,0.0,0.92,19.5,51.5
FAC-005,2026-07-10 06:00:00,286.61,635.6,127.4,54.65,0.0,0.93,21.8,48.4
FAC-005,2026-07-10 07:00:00,319.98,684.3,144.69,65.66,0.0,0.97,24.1,48.8
FAC-005,2026-07-10 08:00:00,715.82,1742.8,349.62,141.25,47.17,0.94,24.1,56.0
FAC-005,2026-07-10 09:00:00,739.85,1691.9,399.15,178.38,109.2,0.97,26.6,52.6
FAC-005,2026-07-10 10:00:00,766.53,1863.1,414.18,160.56,129.96,0.98,27.9,35.1
FAC-005,2026-07-10 11:00:00,782.77,1660.9,346.89,161.89,160.69,0.98,28.7,44.3
FAC-005,2026-07-10 12:00:00,839.85,2220.0,409.0,187.06,180.75,0.98,27.2,58.6
FAC-005,2026-07-10 13:00:00,898.01,1930.9,473.16,166.42,164.54,0.93,26.8,56.4
FAC-005,2026-07-10 14:00:00,859.81,2214.1,377.5,190.34,152.92,0.98,26.1,54.7
FAC-005,2026-07-10 15:00:00,826.7,2225.5,406.05,202.2,132.31,0.92,26.8,39.8
FAC-005,2026-07-10 16:00:00,790.84,2013.0,374.22,157.88,103.79,0.99,25.6,52.4
FAC-005,2026-07-10 17:00:00,777.99,2098.0,364.89,180.4,48.58,0.96,24.4,42.8
FAC-005,2026-07-10 18:00:00,820.33,1977.9,423.85,154.18,0.0,0.98,20.8,36.9
FAC-005,2026-07-10 19:00:00,759.01,1927.2,330.55,147.9,0.0,0.98,21.3,38.2
FAC-005,2026-07-10 20:00:00,325.96,831.4,182.07,72.42,0.0,0.99,17.9,51.7
FAC-005,2026-07-10 21:00:00,312.04,658.2,166.76,65.4,0.0,0.93,17.7,35.3
FAC-005,2026-07-10 22:00:00,302.39,639.0,162.9,66.04,0.0,0.96,15.4,56.0
FAC-005,2026-07-10 23:00:00,297.36,714.6,142.27,72.23,0.0,0.95,14.9,37.2
FAC-005,2026-07-11 00:00:00,369.67,813.2,240.29,79.44,0.0,0.98,17.3,41.3
FAC-005,2026-07-11 01:00:00,247.24,592.7,107.94,45.13,0.0,0.84,16.1,44.9
FAC-005,2026-07-11 02:00:00,250.66,582.4,130.93,56.97,0.0,0.93,18.0,46.7
FAC-005,2026-07-11 03:00:00,231.38,524.2,127.89,53.68,0.0,0.94,16.8,48.4
FAC-005,2026-07-11 04:00:00,243.4,654.6,105.92,47.69,0.0,0.96,19.2,58.6
FAC-005,2026-07-11 05:00:00,246.82,623.4,116.34,54.82,0.0,0.95,19.5,43.4
FAC-005,2026-07-11 06:00:00,237.47,591.5,115.69,58.76,0.0,0.99,22.7,49.8
FAC-005,2026-07-11 07:00:00,248.28,547.7,114.92,62.05,0.0,0.96,22.1,38.2
FAC-005,2026-07-11 08:00:00,356.57,784.8,160.09,75.8,48.84,0.99,23.6,59.3
FAC-005,2026-07-11 09:00:00,365.78,895.6,176.73,87.92,95.9,0.96,26.7,46.8
FAC-005,2026-07-11 10:00:00,612.38,1430.4,272.33,135.09,144.19,0.97,27.7,55.7
FAC-005,2026-07-11 11:00:00,425.19,1032.7,200.13,81.4,160.94,0.93,29.0,35.8
FAC-005,2026-07-11 12:00:00,452.57,987.3,209.04,98.06,177.43,0.96,27.6,48.8
FAC-005,2026-07-11 13:00:00,465.65,1000.7,252.57,89.64,196.25,0.93,27.5,48.3
FAC-005,2026-07-11 14:00:00,407.74,846.2,190.86,86.55,158.17,0.93,28.4,38.8
FAC-005,2026-07-11 15:00:00,443.08,1065.3,245.49,89.05,148.54,0.99,27.7,46.0
FAC-005,2026-07-11 16:00:00,417.07,1036.9,208.08,98.57,103.5,0.95,26.3,35.2
FAC-005,2026-07-11 17:00:00,425.65,1098.5,219.17,100.48,55.81,0.97,24.6,55.4
FAC-005,2026-07-11 18:00:00,364.84,768.8,183.29,83.79,0.0,0.94,23.1,57.8
FAC-005,2026-07-11 19:00:00,350.21,882.4,169.11,72.25,0.0,0.85,19.6,35.7
FAC-005,2026-07-11 20:00:00,235.86,583.7,115.3,47.04,0.0,0.99,19.4,58.0
FAC-005,2026-07-11 21:00:00,234.3,586.8,109.36,48.78,0.0,0.92,16.5,57.5
FAC-005,2026-07-11 22:00:00,266.91,680.2,142.86,50.69,0.0,0.93,16.3,43.2
FAC-005,2026-07-11 23:00:00,228.22,580.7,103.89,47.82,0.0,0.97,17.3,38.0
FAC-005,2026-07-12 00:00:00,256.43,526.3,131.47,54.2,0.0,0.92,15.5,37.9
FAC-005,2026-07-12 01:00:00,234.77,544.8,124.73,56.58,0.0,0.96,16.3,59.9
FAC-005,2026-07-12 02:00:00,261.84,717.4,129.52,47.55,0.0,0.99,18.2,38.5
FAC-005,2026-07-12 03:00:00,235.3,543.9,108.72,55.19,0.0,0.92,16.9,52.1
FAC-005,2026-07-12 04:00:00,261.05,588.6,121.32,54.17,0.0,0.97,18.9,43.4
FAC-005,2026-07-12 05:00:00,230.61,485.2,124.04,44.22,0.0,0.93,20.5,59.7
FAC-005,2026-07-12 06:00:00,245.96,560.5,118.11,50.12,0.0,0.87,21.3,44.6
FAC-005,2026-07-12 07:00:00,239.77,631.0,106.02,45.08,0.0,0.93,22.9,57.1
FAC-005,2026-07-12 08:00:00,338.72,829.8,189.06,65.16,52.26,0.95,26.0,55.7
FAC-005,2026-07-12 09:00:00,378.13,823.2,167.37,88.32,96.39,0.95,25.3,56.2
FAC-005,2026-07-12 10:00:00,378.74,855.4,204.63,93.88,132.13,0.95,25.7,40.6
FAC-005,2026-07-12 11:00:00,413.51,1125.8,195.56,99.68,180.96,0.94,28.5,38.9
FAC-005,2026-07-12 12:00:00,399.76,865.2,208.71,92.48,192.04,0.96,29.3,51.9
FAC-005,2026-07-12 13:00:00,417.17,935.4,215.36,89.01,190.02,0.97,27.9,58.9
FAC-005,2026-07-12 14:00:00,407.54,987.6,227.63,77.83,173.99,0.94,26.2,56.5
FAC-005,2026-07-12 15:00:00,430.13,1013.3,190.75,104.04,137.83,0.95,26.3,50.1
FAC-005,2026-07-12 16:00:00,446.49,1153.0,210.43,98.44,94.71,0.93,25.9,39.6
FAC-005,2026-07-12 17:00:00,432.36,1138.4,215.3,83.5,49.58,0.94,24.4,47.5
FAC-005,2026-07-12 18:00:00,369.59,826.8,183.72,84.29,0.0,0.97,22.0,54.9
FAC-005,2026-07-12 19:00:00,379.31,881.7,199.39,76.63,0.0,0.97,19.5,47.9
FAC-005,2026-07-12 20:00:00,238.77,601.0,123.96,44.28,0.0,0.98,18.1,53.7
FAC-005,2026-07-12 21:00:00,231.32,505.7,111.92,56.53,0.0,0.99,16.6,46.2
FAC-005,2026-07-12 22:00:00,238.88,570.2,119.53,51.08,0.0,0.93,16.7,55.5
FAC-005,2026-07-12 23:00:00,240.26,621.7,103.45,58.57,0.0,0.93,14.8,35.7
FAC-005,2026-07-13 00:00:00,282.95,709.6,157.14,68.63,0.0,0.92,15.6,47.0
FAC-005,2026-07-13 01:00:00,306.25,831.2,149.04,75.43,0.0,0.96,15.1,40.6
FAC-005,2026-07-13 02:00:00,312.14,846.8,141.91,68.64,0.0,0.94,18.1,46.5
FAC-005,2026-07-13 03:00:00,291.25,678.7,159.0,69.67,0.0,0.92,16.8,38.6
FAC-005,2026-07-13 04:00:00,283.1,659.3,156.97,51.9,0.0,0.93,17.7,48.7
FAC-005,2026-07-13 05:00:00,324.28,682.2,168.89,60.63,0.0,0.97,20.3,59.4
FAC-005,2026-07-13 06:00:00,319.28,822.3,173.02,71.32,0.0,0.95,21.3,49.8
FAC-005,2026-07-13 07:00:00,283.72,692.9,142.93,58.09,0.0,0.96,23.4,55.3
FAC-005,2026-07-13 08:00:00,708.57,1496.6,350.17,170.33,53.21,0.98,25.8,46.7
FAC-005,2026-07-13 09:00:00,758.9,1796.5,399.0,183.36,107.0,0.98,25.0,48.7
FAC-005,2026-07-13 10:00:00,759.56,2017.1,373.24,141.74,141.18,0.97,28.7,51.6
FAC-005,2026-07-13 11:00:00,862.5,1987.3,481.81,204.84,167.03,0.97,28.2,43.6
FAC-005,2026-07-13 12:00:00,873.13,1935.6,470.71,203.79,166.48,0.83,28.9,57.6
FAC-005,2026-07-13 13:00:00,887.2,1846.4,462.93,218.88,196.75,0.94,28.1,52.8
FAC-005,2026-07-13 14:00:00,928.05,1966.4,453.69,231.91,148.85,0.87,25.9,53.7
FAC-005,2026-07-13 15:00:00,830.86,2275.2,448.14,204.87,135.72,0.96,27.2,42.4
FAC-005,2026-07-13 16:00:00,860.73,2244.1,413.81,163.12,89.86,0.97,26.2,45.3
FAC-005,2026-07-13 17:00:00,856.85,2003.2,462.09,184.89,53.48,0.97,23.4,40.2
FAC-005,2026-07-13 18:00:00,772.27,1831.3,418.86,140.39,0.0,0.97,20.7,48.0
FAC-005,2026-07-13 19:00:00,661.83,1412.4,314.65,149.87,0.0,0.94,21.8,42.2
FAC-005,2026-07-13 20:00:00,297.66,728.6,162.72,55.08,0.0,0.98,19.6,44.5
FAC-005,2026-07-13 21:00:00,295.32,776.7,150.16,68.44,0.0,0.95,19.0,58.0
FAC-005,2026-07-13 22:00:00,309.13,658.1,154.29,59.61,0.0,0.95,17.0,51.1
FAC-005,2026-07-13 23:00:00,280.06,602.3,122.53,52.63,0.0,0.99,15.6,36.3
FAC-005,2026-07-14 00:00:00,309.87,810.7,140.31,75.72,0.0,0.94,15.9,43.7
FAC-005,2026-07-14 01:00:00,283.59,674.2,137.25,59.54,0.0,0.98,15.0,50.4
FAC-005,2026-07-14 02:00:00,281.93,648.5,136.87,55.08,0.0,0.94,17.0,35.7
FAC-005,2026-07-14 03:00:00,294.82,660.7,153.42,69.79,0.0,0.97,17.0,59.8
FAC-005,2026-07-14 04:00:00,418.76,1112.2,222.53,95.85,0.0,0.99,20.4,45.3
FAC-005,2026-07-14 05:00:00,303.17,742.2,155.97,64.29,0.0,0.95,21.8,47.5
FAC-005,2026-07-14 06:00:00,315.02,655.5,149.28,74.7,0.0,0.94,20.8,51.5
FAC-005,2026-07-14 07:00:00,320.48,797.8,159.32,64.31,0.0,0.98,22.6,51.8
FAC-005,2026-07-14 08:00:00,710.78,1636.0,390.79,145.85,52.74,0.93,25.3,45.2
FAC-005,2026-07-14 09:00:00,800.52,2163.6,347.31,160.66,105.36,0.95,25.3,40.5
FAC-005,2026-07-14 10:00:00,856.09,1907.5,392.92,157.65,126.29,0.97,27.1,49.6
FAC-005,2026-07-14 11:00:00,784.67,2074.0,408.27,192.15,156.31,0.83,28.1,47.6
FAC-005,2026-07-14 12:00:00,827.98,1909.0,428.69,164.48,176.8,0.97,27.1,40.0
FAC-005,2026-07-14 13:00:00,837.23,1994.4,426.08,193.61,187.12,0.92,26.8,51.7
FAC-005,2026-07-14 14:00:00,906.11,2248.2,415.31,183.13,149.9,0.96,25.7,55.4
FAC-005,2026-07-14 15:00:00,815.38,1730.9,387.46,183.21,138.09,0.93,25.2,39.3
FAC-005,2026-07-14 16:00:00,854.76,2114.1,434.74,182.54,100.31,0.99,24.1,36.4
FAC-005,2026-07-14 17:00:00,810.52,1846.9,360.24,166.58,48.04,0.99,22.1,41.3
FAC-005,2026-07-14 18:00:00,1142.11,2991.6,742.37,264.23,0.0,0.97,22.1,48.9
FAC-005,2026-07-14 19:00:00,678.3,1388.7,311.37,135.44,0.0,0.98,21.0,49.3
FAC-005,2026-07-14 20:00:00,325.82,749.0,156.42,74.9,0.0,0.98,20.2,35.1
FAC-005,2026-07-14 21:00:00,284.78,633.4,139.26,61.14,0.0,0.97,18.8,39.4
FAC-005,2026-07-14 22:00:00,308.42,817.1,156.89,57.2,0.0,0.96,17.9,48.6
FAC-005,2026-07-14 23:00:00,319.36,840.3,177.1,76.5,0.0,0.95,17.4,53.1
FAC-005,2026-07-15 00:00:00,294.8,618.7,153.06,62.92,0.0,0.93,15.5,47.7
FAC-005,2026-07-15 01:00:00,314.66,775.8,142.14,58.81,0.0,0.97,15.8,56.8
FAC-005,2026-07-15 02:00:00,300.28,662.9,132.22,59.47,0.0,0.94,17.1,38.1
FAC-005,2026-07-15 03:00:00,308.31,768.4,156.51,76.8,0.0,0.99,17.0,47.9
FAC-005,2026-07-15 04:00:00,289.26,733.9,150.69,52.67,0.0,0.95,18.9,59.4
FAC-005,2026-07-15 05:00:00,325.86,771.3,142.87,74.25,0.0,0.98,21.3,37.4
FAC-005,2026-07-15 06:00:00,288.66,688.5,125.09,56.36,0.0,0.97,20.8,51.1
FAC-005,2026-07-15 07:00:00,307.38,843.0,159.79,67.4,0.0,0.96,24.6,59.2
FAC-005,2026-07-15 08:00:00,723.94,1818.4,385.87,157.34,50.54,0.94,26.5,50.9
FAC-005,2026-07-15 09:00:00,798.98,1996.4,411.31,190.84,94.44,0.96,25.2,41.9
FAC-005,2026-07-15 10:00:00,817.32,1846.7,454.78,201.7,130.27,0.92,28.2,57.9
FAC-005,2026-07-15 11:00:00,808.23,2025.2,370.74,165.29,177.02,0.98,27.1,40.7
FAC-005,2026-07-15 12:00:00,1310.77,2717.2,852.0,242.77,191.01,0.93,27.9,55.4
FAC-005,2026-07-15 13:00:00,829.6,1864.2,381.12,165.92,166.67,0.97,28.8,46.7
FAC-005,2026-07-15 14:00:00,866.01,2341.8,452.26,187.21,149.09,0.92,25.8,54.3
FAC-005,2026-07-15 15:00:00,865.88,2322.0,380.52,170.33,146.28,0.96,24.9,52.1
FAC-005,2026-07-15 16:00:00,779.91,1653.3,402.87,166.9,88.71,0.97,26.1,42.8
FAC-005,2026-07-15 17:00:00,837.63,1721.7,417.29,168.75,50.5,0.97,24.2,50.7
FAC-005,2026-07-15 18:00:00,797.17,1694.9,408.19,166.86,0.0,0.97,21.2,56.6
FAC-005,2026-07-15 19:00:00,712.56,1782.3,308.02,147.35,0.0,0.93,21.9,52.9
FAC-005,2026-07-15 20:00:00,304.1,823.6,132.49,75.12,0.0,0.97,18.1,39.6
FAC-005,2026-07-15 21:00:00,288.36,591.9,150.08,62.91,0.0,0.97,18.7,43.9
FAC-005,2026-07-15 22:00:00,278.87,653.8,155.72,62.14,0.0,0.93,16.2,59.7
FAC-005,2026-07-15 23:00:00,313.89,703.6,174.6,58.82,0.0,0.94,17.6,36.5
FAC-005,2026-07-16 00:00:00,315.48,645.0,151.07,57.2,0.0,0.93,15.9,49.6
FAC-005,2026-07-16 01:00:00,296.56,676.0,133.7,69.99,0.0,0.94,17.5,57.9
FAC-005,2026-07-16 02:00:00,302.65,664.3,133.79,74.84,0.0,0.93,18.2,52.4
FAC-005,2026-07-16 03:00:00,301.82,644.5,161.82,66.42,0.0,0.93,17.8,52.6
FAC-005,2026-07-16 04:00:00,304.07,768.0,169.37,61.75,0.0,0.93,19.9,56.1
FAC-005,2026-07-16 05:00:00,285.96,642.8,131.91,69.71,0.0,0.98,21.8,57.9
FAC-005,2026-07-16 06:00:00,315.59,748.3,142.66,61.56,0.0,0.96,22.2,39.3
FAC-005,2026-07-16 07:00:00,443.62,1051.7,288.35,100.03,0.0,0.92,24.1,48.0
FAC-005,2026-07-16 08:00:00,694.82,1645.7,312.21,157.39,48.76,0.95,25.3,35.7
FAC-005,2026-07-16 09:00:00,787.84,1988.5,382.34,152.36,90.13,0.94,25.9,49.8
FAC-005,2026-07-16 10:00:00,822.89,1738.6,446.19,160.72,142.19,0.96,26.3,44.8
FAC-005,2026-07-16 11:00:00,792.46,2030.4,385.52,194.38,166.49,0.98,27.0,54.0
FAC-005,2026-07-16 12:00:00,804.21,1884.9,379.53,167.19,193.55,0.98,28.8,51.7
FAC-005,2026-07-16 13:00:00,817.48,2072.4,412.43,167.84,175.33,0.95,27.5,38.8
FAC-005,2026-07-16 14:00:00,941.7,2550.1,503.05,183.07,162.54,0.93,26.5,49.3
FAC-005,2026-07-16 15:00:00,806.94,1940.7,412.99,150.85,141.3,0.95,26.7,45.8
FAC-005,2026-07-16 16:00:00,852.66,1884.6,433.84,154.38,91.07,0.97,25.8,53.5
FAC-005,2026-07-16 17:00:00,788.36,1870.0,374.36,187.76,48.68,0.93,23.3,40.3
FAC-005,2026-07-16 18:00:00,730.37,1671.5,403.64,150.26,0.0,0.98,22.9,56.2
FAC-005,2026-07-16 19:00:00,763.51,1933.8,390.28,183.89,0.0,0.93,19.2,52.4
FAC-005,2026-07-16 20:00:00,285.64,766.5,159.19,69.43,0.0,0.98,19.5,37.7
FAC-005,2026-07-16 21:00:00,320.95,782.5,169.21,78.6,0.0,0.95,17.6,51.0
FAC-005,2026-07-16 22:00:00,309.1,745.1,161.85,69.15,0.0,0.94,18.0,35.2
FAC-005,2026-07-16 23:00:00,284.1,774.3,156.26,64.32,0.0,0.96,17.1,39.0
FAC-005,2026-07-17 00:00:00,300.87,630.7,141.05,61.98,0.0,0.93,16.9,39.6
FAC-005,2026-07-17 01:00:00,281.44,749.5,141.4,62.7,0.0,0.98,15.1,38.9
FAC-005,2026-07-17 02:00:00,310.88,742.9,135.4,58.93,0.0,0.93,17.0,50.3
FAC-005,2026-07-17 03:00:00,290.69,670.6,147.27,66.91,0.0,0.96,16.7,48.6
FAC-005,2026-07-17 04:00:00,312.32,660.3,135.06,70.88,0.0,0.92,19.4,57.4
FAC-005,2026-07-17 05:00:00,303.95,628.1,158.64,61.59,0.0,0.94,20.0,58.6
FAC-005,2026-07-17 06:00:00,323.6,713.1,181.16,68.07,0.0,0.96,21.9,47.6
FAC-005,2026-07-17 07:00:00,298.65,622.0,143.44,61.11,0.0,0.88,23.7,52.6
FAC-005,2026-07-17 08:00:00,732.64,1654.9,399.04,139.03,47.48,0.93,25.5,40.3
FAC-005,2026-07-17 09:00:00,805.58,1871.7,414.68,151.74,100.4,0.94,27.5,53.6
FAC-005,2026-07-17 10:00:00,801.12,1818.6,377.62,199.04,152.12,0.94,27.1,40.3
FAC-005,2026-07-17 11:00:00,817.41,2060.5,420.95,169.09,173.36,0.96,27.7,37.9
FAC-005,2026-07-17 12:00:00,829.93,1748.9,363.69,190.72,175.96,0.98,27.9,41.2
FAC-005,2026-07-17 13:00:00,872.47,2383.9,475.57,168.55,183.63,0.96,28.4,55.6
FAC-005,2026-07-17 14:00:00,930.57,2234.2,462.4,221.57,182.18,0.96,28.0,55.6
FAC-005,2026-07-17 15:00:00,1301.21,3068.6,845.79,299.22,124.86,0.98,25.4,49.5
FAC-005,2026-07-17 16:00:00,873.61,2268.5,445.94,158.39,103.53,0.97,24.8,59.8
FAC-005,2026-07-17 17:00:00,814.33,1991.7,449.06,198.35,54.93,0.96,22.8,47.8
FAC-005,2026-07-17 18:00:00,730.36,1719.0,401.65,159.96,0.0,0.92,21.5,51.1
FAC-005,2026-07-17 19:00:00,724.67,1624.7,361.13,139.64,0.0,0.96,20.2,40.1
FAC-005,2026-07-17 20:00:00,310.39,783.9,150.55,58.59,0.0,0.93,18.4,58.3
FAC-005,2026-07-17 21:00:00,298.62,747.8,165.65,60.41,0.0,0.94,18.1,57.9
FAC-005,2026-07-17 22:00:00,308.61,766.2,157.13,64.52,0.0,0.94,16.6,56.6
FAC-005,2026-07-17 23:00:00,309.04,774.7,141.46,61.09,0.0,0.97,15.7,57.8
FAC-005,2026-07-18 00:00:00,256.24,695.3,133.17,58.5,0.0,0.97,15.6,44.8
FAC-005,2026-07-18 01:00:00,263.88,677.0,115.99,60.42,0.0,0.98,16.9,42.6
FAC-005,2026-07-18 02:00:00,241.3,547.1,132.08,46.19,0.0,0.95,17.6,40.3
FAC-005,2026-07-18 03:00:00,239.74,563.1,118.16,52.2,0.0,0.97,19.1,41.5
FAC-005,2026-07-18 04:00:00,251.91,580.2,117.54,52.6,0.0,0.93,18.7,39.5
FAC-005,2026-07-18 05:00:00,244.41,612.5,109.27,46.24,0.0,0.97,19.2,37.9
FAC-005,2026-07-18 06:00:00,248.78,650.4,127.12,51.81,0.0,0.97,20.9,36.5
FAC-005,2026-07-18 07:00:00,228.45,518.4,125.93,45.98,0.0,0.94,23.0,50.4
FAC-005,2026-07-18 08:00:00,360.82,747.7,180.14,65.84,55.21,0.98,24.0,46.3
FAC-005,2026-07-18 09:00:00,368.87,776.2,171.54,69.44,100.89,0.97,27.5,37.7
FAC-005,2026-07-18 10:00:00,376.18,1003.6,189.73,89.17,139.31,0.98,27.6,35.2
FAC-005,2026-07-18 11:00:00,402.25,1032.6,221.97,83.82,171.74,0.97,27.2,52.2
FAC-005,2026-07-18 12:00:00,439.28,987.9,188.94,87.01,197.43,0.95,26.9,40.2
FAC-005,2026-07-18 13:00:00,468.6,1076.3,221.37,94.96,183.46,0.98,27.8,48.3
FAC-005,2026-07-18 14:00:00,443.65,1161.1,204.56,83.71,181.68,0.92,27.5,48.0
FAC-005,2026-07-18 15:00:00,655.37,1347.8,425.99,118.69,146.83,0.94,25.2,47.0
FAC-005,2026-07-18 16:00:00,452.99,1057.4,228.94,99.5,93.06,0.93,24.5,53.8
FAC-005,2026-07-18 17:00:00,433.55,1181.9,196.07,78.09,52.55,0.97,23.7,57.7
FAC-005,2026-07-18 18:00:00,522.65,1100.2,339.72,119.95,0.0,0.96,22.6,54.8
FAC-005,2026-07-18 19:00:00,349.59,882.2,152.28,71.8,0.0,0.93,19.6,35.3
FAC-005,2026-07-18 20:00:00,256.47,604.2,121.94,59.61,0.0,0.93,19.6,44.6
FAC-005,2026-07-18 21:00:00,249.09,531.7,118.39,50.92,0.0,0.96,18.7,40.0
FAC-005,2026-07-18 22:00:00,231.55,633.1,108.46,48.62,0.0,0.97,16.3,38.6
FAC-005,2026-07-18 23:00:00,237.86,632.1,120.31,48.5,0.0,0.99,16.8,51.4
FAC-005,2026-07-19 00:00:00,264.05,604.7,120.39,61.15,0.0,0.95,17.1,38.5
FAC-005,2026-07-19 01:00:00,243.62,630.4,106.52,55.58,0.0,0.98,17.5,53.7
FAC-005,2026-07-19 02:00:00,235.35,595.6,116.49,58.74,0.0,0.87,17.4,39.3
FAC-005,2026-07-19 03:00:00,345.09,814.8,224.31,84.33,0.0,0.99,16.9,38.8
FAC-005,2026-07-19 04:00:00,240.92,541.0,108.61,43.51,0.0,0.98,19.4,58.1
FAC-005,2026-07-19 05:00:00,260.9,547.0,123.17,64.81,0.0,0.97,19.5,44.7
FAC-005,2026-07-19 06:00:00,231.44,565.4,117.11,57.76,0.0,0.96,20.9,47.8
FAC-005,2026-07-19 07:00:00,262.41,664.8,124.44,57.21,0.0,0.97,22.1,58.6
FAC-005,2026-07-19 08:00:00,356.14,785.3,195.72,76.26,46.79,0.96,24.8,43.2
FAC-005,2026-07-19 09:00:00,356.99,781.1,185.19,74.42,100.7,0.96,25.0,55.6
FAC-005,2026-07-19 10:00:00,374.02,855.2,190.16,82.88,124.02,0.99,28.5,51.9
FAC-005,2026-07-19 11:00:00,567.65,1489.2,368.97,107.23,170.34,0.97,27.1,59.2
FAC-005,2026-07-19 12:00:00,419.97,911.5,225.58,80.35,169.46,0.93,28.2,41.5
FAC-005,2026-07-19 13:00:00,460.43,1176.6,204.03,103.64,189.47,0.97,27.2,56.1
FAC-005,2026-07-19 14:00:00,423.64,964.7,183.43,101.75,162.04,0.94,26.8,49.2
FAC-005,2026-07-19 15:00:00,465.18,1170.1,256.66,114.16,149.24,0.94,25.0,43.1
FAC-005,2026-07-19 16:00:00,452.98,983.0,220.42,98.17,102.93,0.99,24.3,58.4
FAC-005,2026-07-19 17:00:00,401.05,1067.9,202.7,93.2,47.77,0.99,24.1,56.5
FAC-005,2026-07-19 18:00:00,410.77,992.3,212.97,86.13,0.0,0.93,22.2,54.9
FAC-005,2026-07-19 19:00:00,359.69,962.8,190.51,89.63,0.0,0.98,21.5,39.2
FAC-005,2026-07-19 20:00:00,232.06,496.5,125.66,43.53,0.0,0.94,20.1,45.5
FAC-005,2026-07-19 21:00:00,234.29,547.1,108.84,44.37,0.0,0.96,18.8,59.5
FAC-005,2026-07-19 22:00:00,228.41,524.0,121.67,44.16,0.0,0.95,17.3,36.0
FAC-005,2026-07-19 23:00:00,341.62,774.3,161.03,81.53,0.0,0.95,14.7,58.9
FAC-005,2026-07-20 00:00:00,292.22,792.3,130.57,62.63,0.0,0.93,14.6,54.3
FAC-005,2026-07-20 01:00:00,312.17,728.9,153.4,76.02,0.0,0.96,16.3,39.7
FAC-005,2026-07-20 02:00:00,282.77,601.0,137.49,62.96,0.0,0.96,16.3,40.6
FAC-005,2026-07-20 03:00:00,311.79,787.4,138.34,65.03,0.0,0.96,18.0,55.0
FAC-005,2026-07-20 04:00:00,312.59,815.7,174.69,64.8,0.0,0.94,20.3,35.6
FAC-005,2026-07-20 05:00:00,301.67,657.3,145.48,67.59,0.0,0.92,20.5,49.1
FAC-005,2026-07-20 06:00:00,304.86,641.2,140.83,71.19,0.0,0.93,21.3,47.3
FAC-005,2026-07-20 07:00:00,302.84,754.5,143.87,75.59,0.0,0.98,23.8,49.2
FAC-005,2026-07-20 08:00:00,750.19,1988.9,327.5,181.52,52.46,0.92,23.9,53.0
FAC-005,2026-07-20 09:00:00,783.55,1754.8,400.91,150.0,99.17,0.96,25.0,47.9
FAC-005,2026-07-20 10:00:00,777.88,1647.2,430.86,168.35,128.97,0.96,26.3,35.8
FAC-005,2026-07-20 11:00:00,852.95,2340.8,382.49,189.46,182.18,0.98,26.9,38.9
FAC-005,2026-07-20 12:00:00,881.65,2209.6,476.61,173.01,180.24,0.95,27.2,59.7
FAC-005,2026-07-20 13:00:00,882.92,1929.8,404.74,190.7,171.69,0.85,27.5,57.5
FAC-005,2026-07-20 14:00:00,814.13,1765.7,443.83,153.76,148.91,0.98,26.7,51.7
FAC-005,2026-07-20 15:00:00,921.11,2138.8,402.83,218.23,128.62,0.93,26.8,48.7
FAC-005,2026-07-20 16:00:00,858.45,1845.0,455.78,168.91,97.39,0.95,25.6,52.7
FAC-005,2026-07-20 17:00:00,825.08,2041.4,394.2,203.06,49.82,0.97,23.4,44.0
FAC-005,2026-07-20 18:00:00,740.01,1808.5,381.11,181.52,0.0,0.98,22.0,56.6
FAC-005,2026-07-20 19:00:00,716.64,1764.7,310.48,134.29,0.0,0.93,21.3,53.8
FAC-005,2026-07-20 20:00:00,283.42,725.3,129.17,67.54,0.0,0.98,20.1,48.0
FAC-005,2026-07-20 21:00:00,305.87,793.8,156.92,62.24,0.0,0.93,16.4,47.4
FAC-005,2026-07-20 22:00:00,282.49,758.3,140.48,54.0,0.0,0.98,17.9,53.4
FAC-005,2026-07-20 23:00:00,292.94,762.6,144.89,64.8,0.0,0.94,16.2,38.9
FAC-005,2026-07-21 00:00:00,306.16,837.2,161.15,56.47,0.0,0.92,16.5,36.1
FAC-005,2026-07-21 01:00:00,282.01,688.1,142.58,68.45,0.0,0.96,14.8,35.5
FAC-005,2026-07-21 02:00:00,283.26,715.4,158.62,54.25,0.0,0.99,17.5,43.8
FAC-005,2026-07-21 03:00:00,288.07,646.4,154.61,57.04,0.0,0.99,17.5,59.8
FAC-005,2026-07-21 04:00:00,296.02,653.7,159.14,59.75,0.0,0.95,17.6,44.3
FAC-005,2026-07-21 05:00:00,290.15,718.7,149.44,58.12,0.0,0.96,19.7,39.3
FAC-005,2026-07-21 06:00:00,308.27,765.5,159.52,59.07,0.0,0.99,22.0,53.3
FAC-005,2026-07-21 07:00:00,315.97,730.7,176.1,58.83,0.0,0.93,22.3,48.1
FAC-005,2026-07-21 08:00:00,1074.67,2333.1,530.28,208.2,50.02,0.97,25.4,42.0
FAC-005,2026-07-21 09:00:00,766.41,2016.7,371.74,174.06,97.12,0.97,27.4,55.7
FAC-005,2026-07-21 10:00:00,748.68,1876.1,377.02,153.38,139.37,0.97,27.7,37.7
FAC-005,2026-07-21 11:00:00,857.24,1867.0,414.1,200.08,153.21,0.96,27.1,45.2
FAC-005,2026-07-21 12:00:00,801.01,1784.1,354.32,176.52,194.87,0.92,29.1,38.5
FAC-005,2026-07-21 13:00:00,830.36,2099.4,368.54,187.14,198.83,0.99,29.0,40.1
FAC-005,2026-07-21 14:00:00,906.78,2067.6,433.7,183.39,172.35,0.96,28.0,42.8
FAC-005,2026-07-21 15:00:00,799.09,1754.1,425.86,178.54,129.25,0.94,26.4,41.8
FAC-005,2026-07-21 16:00:00,891.97,2196.2,388.59,186.6,100.82,0.92,23.7,49.2
FAC-005,2026-07-21 17:00:00,760.42,1657.8,359.9,154.43,54.99,0.96,24.5,51.7
FAC-005,2026-07-21 18:00:00,800.85,1658.7,421.63,183.65,0.0,0.97,22.8,55.8
FAC-005,2026-07-21 19:00:00,692.64,1749.8,358.86,159.19,0.0,0.99,19.1,57.7
FAC-005,2026-07-21 20:00:00,312.05,823.2,169.6,62.94,0.0,0.94,17.7,51.4
FAC-005,2026-07-21 21:00:00,302.09,775.9,156.88,73.9,0.0,0.99,17.8,41.6
FAC-005,2026-07-21 22:00:00,280.97,651.4,133.92,56.43,0.0,0.98,18.1,45.6
FAC-005,2026-07-21 23:00:00,303.55,712.0,142.81,64.19,0.0,0.94,15.3,43.4
FAC-005,2026-07-22 00:00:00,297.01,686.5,155.22,73.98,0.0,0.95,15.7,53.2
FAC-005,2026-07-22 01:00:00,287.11,714.6,137.51,68.13,0.0,0.99,15.2,36.1
FAC-005,2026-07-22 02:00:00,303.57,646.6,150.88,57.49,0.0,0.92,18.1,37.9
FAC-005,2026-07-22 03:00:00,282.65,629.9,153.78,69.85,0.0,0.94,17.8,52.1
FAC-005,2026-07-22 04:00:00,324.33,739.7,143.67,76.51,0.0,0.95,20.3,52.9
FAC-005,2026-07-22 05:00:00,314.64,819.6,148.42,73.31,0.0,0.96,21.2,55.4
FAC-005,2026-07-22 06:00:00,317.1,810.6,169.92,62.27,0.0,0.93,22.2,57.7
FAC-005,2026-07-22 07:00:00,318.3,849.9,157.83,76.48,0.0,0.97,22.6,42.6
FAC-005,2026-07-22 08:00:00,742.73,1892.7,334.21,143.17,55.63,0.98,24.7,42.1
FAC-005,2026-07-22 09:00:00,1066.09,2210.5,511.03,234.17,96.44,0.97,27.2,47.1
FAC-005,2026-07-22 10:00:00,857.48,2188.2,430.18,181.05,123.75,0.96,27.5,59.8
FAC-005,2026-07-22 11:00:00,900.64,2347.1,425.64,171.53,176.75,0.93,28.0,37.7
FAC-005,2026-07-22 12:00:00,924.76,2371.3,458.53,217.51,163.06,0.99,27.5,51.2
FAC-005,2026-07-22 13:00:00,832.9,2023.2,401.86,159.03,180.89,0.99,28.0,57.1
FAC-005,2026-07-22 14:00:00,902.8,2168.6,477.07,183.39,154.59,0.94,28.6,47.6
FAC-005,2026-07-22 15:00:00,822.92,1909.7,454.36,193.89,147.19,0.95,27.1,56.2
FAC-005,2026-07-22 16:00:00,893.99,2350.5,493.37,198.02,92.35,0.96,25.9,37.2
FAC-005,2026-07-22 17:00:00,802.04,2154.2,443.52,161.02,48.33,0.93,23.0,49.2
FAC-005,2026-07-22 18:00:00,751.42,1765.8,418.35,142.19,0.0,0.96,20.8,58.7
FAC-005,2026-07-22 19:00:00,697.0,1472.2,340.19,136.03,0.0,0.93,19.5,45.5
FAC-005,2026-07-22 20:00:00,308.74,812.7,132.76,75.48,0.0,0.99,19.5,39.2
FAC-005,2026-07-22 21:00:00,286.11,706.1,135.15,61.33,0.0,0.96,17.5,58.1
FAC-005,2026-07-22 22:00:00,306.89,670.3,154.8,57.64,0.0,0.94,17.5,46.5
FAC-005,2026-07-22 23:00:00,299.56,647.0,135.14,69.67,0.0,0.95,15.4,36.9
FAC-005,2026-07-23 00:00:00,280.92,639.7,142.26,65.38,0.0,0.95,15.9,59.9
FAC-005,2026-07-23 01:00:00,312.61,658.5,160.94,75.36,0.0,0.94,17.5,45.7
FAC-005,2026-07-23 02:00:00,292.55,722.6,130.6,58.73,0.0,0.98,18.0,41.1
FAC-005,2026-07-23 03:00:00,313.91,722.9,146.16,57.1,0.0,0.92,19.1,53.4
FAC-005,2026-07-23 04:00:00,289.96,708.3,127.47,68.47,0.0,0.97,18.7,38.6
FAC-005,2026-07-23 05:00:00,300.26,659.4,161.39,63.25,0.0,0.93,20.7,45.1
FAC-005,2026-07-23 06:00:00,304.9,686.2,140.6,62.95,0.0,0.95,21.0,44.8
FAC-005,2026-07-23 07:00:00,292.14,632.7,163.54,54.09,0.0,0.98,23.3,55.6
FAC-005,2026-07-23 08:00:00,673.82,1555.5,317.41,137.4,50.41,0.95,24.2,35.5
FAC-005,2026-07-23 09:00:00,755.19,1668.2,330.63,143.01,99.08,0.98,24.8,46.2
FAC-005,2026-07-23 10:00:00,821.43,1797.8,391.02,148.83,137.77,0.97,26.5,36.7
FAC-005,2026-07-23 11:00:00,851.18,1809.1,459.19,168.69,171.7,0.94,28.8,43.0
FAC-005,2026-07-23 12:00:00,889.69,2230.2,422.89,214.72,181.37,0.95,29.0,42.4
FAC-005,2026-07-23 13:00:00,931.69,2353.8,500.55,191.61,169.03,0.93,26.6,49.9
FAC-005,2026-07-23 14:00:00,1299.9,2945.0,672.72,249.91,152.39,0.95,25.7,52.8
FAC-005,2026-07-23 15:00:00,857.41,2356.1,406.96,204.89,146.49,0.95,25.0,45.3
FAC-005,2026-07-23 16:00:00,831.76,2027.2,425.25,159.63,106.5,0.86,24.7,47.6
FAC-005,2026-07-23 17:00:00,769.1,1698.3,351.2,176.29,51.75,0.95,24.1,35.1
FAC-005,2026-07-23 18:00:00,774.36,1770.7,408.02,187.59,0.0,0.93,20.7,55.1
FAC-005,2026-07-23 19:00:00,705.53,1871.7,327.19,132.82,0.0,0.98,20.8,41.5
FAC-005,2026-07-23 20:00:00,279.33,572.3,141.07,53.21,0.0,0.93,19.5,40.1
FAC-005,2026-07-23 21:00:00,292.26,649.6,138.26,57.07,0.0,0.93,18.8,52.2
FAC-005,2026-07-23 22:00:00,283.38,725.2,138.64,55.56,0.0,0.99,15.4,42.9
FAC-005,2026-07-23 23:00:00,406.35,946.1,178.93,81.8,0.0,0.95,15.1,38.9
FAC-005,2026-07-24 00:00:00,305.97,696.7,137.69,73.33,0.0,0.95,15.5,48.9
FAC-005,2026-07-24 01:00:00,290.86,739.6,159.27,58.63,0.0,0.94,15.4,53.8
FAC-005,2026-07-24 02:00:00,279.38,748.7,122.32,68.33,0.0,0.96,17.7,38.5
FAC-005,2026-07-24 03:00:00,301.34,743.3,158.7,54.88,0.0,0.96,18.3,57.0
FAC-005,2026-07-24 04:00:00,298.06,795.6,133.49,66.8,0.0,0.93,17.8,35.7
FAC-005,2026-07-24 05:00:00,311.3,653.2,158.17,74.76,0.0,0.93,20.5,41.8
FAC-005,2026-07-24 06:00:00,321.59,721.5,167.11,75.71,0.0,0.94,22.3,40.9
FAC-005,2026-07-24 07:00:00,311.5,703.6,142.8,70.35,0.0,0.97,22.7,57.0
FAC-005,2026-07-24 08:00:00,714.88,1538.3,327.0,145.76,52.33,0.95,24.9,37.6
FAC-005,2026-07-24 09:00:00,818.03,2055.0,455.9,171.65,104.89,0.93,25.7,49.9
FAC-005,2026-07-24 10:00:00,858.7,2247.1,457.43,206.07,149.59,0.94,27.4,52.2
