zone_id,entity_id,entity_type,event_type,access_granted,timestamp
FAC-005-Z3,E-48,employee,badge_swipe,True,2026-07-19 19:22:07
FAC-003-Z2,V-3,visitor,badge_swipe,True,2026-07-19 19:22:07
FAC-002-Z2,E-9,employee,badge_swipe,True,2026-07-19 19:22:07
FAC-004-Z2,E-43,employee,badge_swipe,True,2026-07-19 19:37:07
FAC-004-Z3,E-2,employee,motion,,2026-07-19 19:37:07
FAC-002-Z1,E-35,employee,badge_swipe,True,2026-07-19 20:22:07
FAC-004-Z3,V-7,visitor,badge_swipe,True,2026-07-19 20:22:07
FAC-002-Z3,E-37,employee,badge_swipe,True,2026-07-19 20:52:07
FAC-003-Z2,E-12,employee,badge_swipe,False,2026-07-19 21:07:07
FAC-004-Z3,E-28,employee,motion,,2026-07-19 21:07:07
FAC-003-Z1,E-8,employee,badge_swipe,True,2026-07-19 21:07:07
FAC-005-Z2,E-13,employee,badge_swipe,True,2026-07-19 21:22:07
FAC-005-Z3,E-20,employee,badge_swipe,True,2026-07-19 21:37:07
FAC-001-Z2,E-40,employee,badge_swipe,True,2026-07-19 21:37:07
FAC-001-Z2,V-4,visitor,motion,,2026-07-19 21:37:07
FAC-005-Z3,E-25,employee,badge_swipe,True,2026-07-19 22:07:07
FAC-003-Z3,E-31,employee,badge_swipe,True,2026-07-19 22:22:07
FAC-002-Z1,E-6,employee,badge_swipe,True,2026-07-19 22:22:07
FAC-003-Z2,E-23,employee,badge_swipe,True,2026-07-19 22:52:07
FAC-005-Z1,E-50,employee,motion,,2026-07-19 23:07:07
FAC-005-Z1,E-28,employee,badge_swipe,True,2026-07-19 23:07:07
FAC-004-Z3,E-23,employee,badge_swipe,True,2026-07-19 23:37:07
FAC-002-Z1,E-46,employee,motion,,2026-07-19 23:52:07
FAC-002-Z1,E-5,employee,badge_swipe,True,2026-07-19 23:52:07
FAC-004-Z2,E-3,employee,badge_swipe,True,2026-07-20 00:07:07
FAC-003-Z2,V-3,visitor,badge_swipe,True,2026-07-20 00:07:07
FAC-004-Z2,V-9,visitor,motion,,2026-07-20 00:07:07
FAC-003-Z1,E-7,employee,badge_swipe,True,2026-07-20 00:22:07
FAC-003-Z1,V-5,visitor,motion,,2026-07-20 00:22:07
FAC-001-Z3,E-30,employee,badge_swipe,True,2026-07-20 00:37:07
FAC-001-Z1,E-50,employee,motion,,2026-07-20 00:52:07
FAC-004-Z3,E-10,employee,badge_swipe,True,2026-07-20 01:07:07
FAC-002-Z2,E-4,employee,motion,,2026-07-20 01:07:07
FAC-003-Z3,E-26,employee,motion,,2026-07-20 01:07:07
FAC-002-Z2,E-49,employee,badge_swipe,True,2026-07-20 01:22:07
FAC-005-Z1,E-46,employee,badge_swipe,True,2026-07-20 02:52:07
FAC-001-Z1,E-45,employee,motion,,2026-07-20 03:07:07
FAC-005-Z3,E-6,employee,motion,,2026-07-20 03:22:07
FAC-003-Z1,E-44,employee,badge_swipe,True,2026-07-20 03:22:07
FAC-004-Z3,E-7,employee,badge_swipe,True,2026-07-20 03:37:07
FAC-005-Z1,E-7,employee,badge_swipe,True,2026-07-20 03:37:07
FAC-003-Z3,E-5,employee,badge_swipe,True,2026-07-20 04:07:07
FAC-005-Z1,E-4,employee,badge_swipe,True,2026-07-20 04:07:07
FAC-004-Z3,E-24,employee,badge_swipe,True,2026-07-20 04:07:07
FAC-005-Z3,E-17,employee,motion,,2026-07-20 04:37:07
FAC-003-Z3,E-5,employee,badge_swipe,True,2026-07-20 04:37:07
FAC-001-Z3,E-4,employee,motion,,2026-07-20 04:52:07
FAC-002-Z3,E-23,employee,motion,,2026-07-20 04:52:07
FAC-002-Z2,E-45,employee,badge_swipe,True,2026-07-20 04:52:07
FAC-005-Z1,E-27,employee,badge_swipe,True,2026-07-20 05:07:07
FAC-002-Z3,V-5,visitor,badge_swipe,True,2026-07-20 05:07:07
FAC-004-Z3,E-25,employee,badge_swipe,True,2026-07-20 05:07:07
FAC-002-Z1,E-13,employee,badge_swipe,True,2026-07-20 05:22:07
FAC-004-Z1,E-28,employee,badge_swipe,True,2026-07-20 05:37:07
FAC-002-Z2,E-48,employee,motion,,2026-07-20 05:37:07
FAC-002-Z3,E-5,employee,badge_swipe,True,2026-07-20 06:22:07
FAC-004-Z3,E-23,employee,motion,,2026-07-20 07:07:07
FAC-005-Z1,V-1,visitor,motion,,2026-07-20 07:07:07
FAC-001-Z1,E-14,employee,motion,,2026-07-20 07:07:07
FAC-003-Z3,E-8,employee,badge_swipe,True,2026-07-20 08:07:07
FAC-004-Z3,E-13,employee,badge_swipe,True,2026-07-20 08:07:07
FAC-002-Z3,E-36,employee,motion,,2026-07-20 08:07:07
FAC-003-Z2,E-36,employee,badge_swipe,True,2026-07-20 08:07:07
FAC-002-Z3,V-6,visitor,badge_swipe,True,2026-07-20 08:07:07
FAC-003-Z2,V-4,visitor,badge_swipe,True,2026-07-20 08:07:07
FAC-005-Z1,E-12,employee,motion,,2026-07-20 08:07:07
FAC-002-Z1,E-32,employee,badge_swipe,True,2026-07-20 08:07:07
FAC-002-Z2,V-5,visitor,motion,,2026-07-20 08:07:07
FAC-004-Z1,E-24,employee,badge_swipe,True,2026-07-20 08:07:07
FAC-005-Z3,E-28,employee,motion,,2026-07-20 08:07:07
FAC-005-Z2,E-15,employee,badge_swipe,True,2026-07-20 08:07:07
FAC-005-Z2,E-4,employee,badge_swipe,True,2026-07-20 08:07:07
FAC-002-Z2,E-10,employee,badge_swipe,True,2026-07-20 08:07:07
FAC-005-Z1,E-16,employee,motion,,2026-07-20 08:07:07
FAC-004-Z3,E-9,employee,motion,,2026-07-20 08:07:07
FAC-001-Z3,E-34,employee,badge_swipe,True,2026-07-20 08:07:07
FAC-002-Z3,V-2,visitor,motion,,2026-07-20 08:07:07
FAC-005-Z2,E-29,employee,badge_swipe,True,2026-07-20 08:22:07
FAC-001-Z3,E-22,employee,badge_swipe,True,2026-07-20 08:22:07
FAC-005-Z2,E-18,employee,motion,,2026-07-20 08:22:07
FAC-003-Z1,E-35,employee,motion,,2026-07-20 08:22:07
FAC-004-Z3,E-16,employee,motion,,2026-07-20 08:22:07
FAC-002-Z2,E-34,employee,badge_swipe,True,2026-07-20 08:22:07
FAC-003-Z1,E-50,employee,motion,,2026-07-20 08:22:07
FAC-002-Z1,E-23,employee,badge_swipe,True,2026-07-20 08:22:07
FAC-001-Z1,E-17,employee,motion,,2026-07-20 08:22:07
FAC-001-Z1,E-15,employee,badge_swipe,True,2026-07-20 08:22:07
FAC-005-Z1,E-24,employee,motion,,2026-07-20 08:22:07
FAC-002-Z3,E-17,employee,motion,,2026-07-20 08:22:07
FAC-004-Z1,E-42,employee,badge_swipe,True,2026-07-20 08:22:07
FAC-004-Z3,E-24,employee,badge_swipe,True,2026-07-20 08:22:07
FAC-005-Z2,E-18,employee,badge_swipe,True,2026-07-20 08:22:07
FAC-003-Z2,E-24,employee,motion,,2026-07-20 08:22:07
FAC-003-Z1,E-37,employee,badge_swipe,True,2026-07-20 08:22:07
FAC-005-Z2,E-31,employee,motion,,2026-07-20 08:37:07
FAC-002-Z1,E-46,employee,motion,,2026-07-20 08:37:07
FAC-003-Z1,E-45,employee,motion,,2026-07-20 08:37:07
FAC-001-Z3,E-37,employee,badge_swipe,True,2026-07-20 08:37:07
FAC-004-Z1,E-23,employee,motion,,2026-07-20 08:37:07
FAC-005-Z3,E-38,employee,motion,,2026-07-20 08:37:07
FAC-005-Z1,E-23,employee,motion,,2026-07-20 08:37:07
FAC-001-Z1,E-1,employee,motion,,2026-07-20 08:37:07
FAC-004-Z3,E-27,employee,badge_swipe,False,2026-07-20 08:37:07
FAC-001-Z3,E-45,employee,badge_swipe,True,2026-07-20 08:37:07
FAC-001-Z3,E-18,employee,badge_swipe,True,2026-07-20 08:52:07
FAC-002-Z3,E-8,employee,motion,,2026-07-20 08:52:07
FAC-001-Z3,E-11,employee,badge_swipe,True,2026-07-20 08:52:07
FAC-002-Z1,E-39,employee,motion,,2026-07-20 08:52:07
FAC-002-Z3,E-7,employee,badge_swipe,True,2026-07-20 08:52:07
FAC-002-Z2,E-36,employee,motion,,2026-07-20 08:52:07
FAC-004-Z1,E-46,employee,badge_swipe,True,2026-07-20 08:52:07
FAC-002-Z1,E-2,employee,badge_swipe,True,2026-07-20 08:52:07
FAC-004-Z3,V-4,visitor,motion,,2026-07-20 08:52:07
FAC-004-Z2,E-20,employee,badge_swipe,True,2026-07-20 08:52:07
FAC-001-Z2,E-22,employee,motion,,2026-07-20 08:52:07
FAC-003-Z1,E-40,employee,motion,,2026-07-20 08:52:07
FAC-004-Z2,E-16,employee,badge_swipe,True,2026-07-20 08:52:07
FAC-001-Z1,V-8,visitor,badge_swipe,True,2026-07-20 08:52:07
FAC-004-Z3,E-13,employee,badge_swipe,True,2026-07-20 08:52:07
FAC-005-Z2,E-34,employee,motion,,2026-07-20 08:52:07
FAC-005-Z1,E-44,employee,badge_swipe,True,2026-07-20 08:52:07
FAC-001-Z3,E-38,employee,motion,,2026-07-20 09:07:07
FAC-005-Z2,E-48,employee,badge_swipe,True,2026-07-20 09:07:07
FAC-001-Z1,E-22,employee,badge_swipe,True,2026-07-20 09:07:07
FAC-002-Z1,E-21,employee,badge_swipe,False,2026-07-20 09:07:07
FAC-005-Z3,E-30,employee,motion,,2026-07-20 09:07:07
FAC-003-Z1,E-43,employee,badge_swipe,True,2026-07-20 09:07:07
FAC-003-Z2,E-26,employee,badge_swipe,True,2026-07-20 09:07:07
FAC-003-Z2,E-1,employee,badge_swipe,True,2026-07-20 09:07:07
FAC-001-Z3,E-7,employee,motion,,2026-07-20 09:22:07
FAC-004-Z1,E-6,employee,motion,,2026-07-20 09:22:07
FAC-003-Z1,E-37,employee,badge_swipe,True,2026-07-20 09:22:07
FAC-003-Z1,E-40,employee,badge_swipe,True,2026-07-20 09:22:07
FAC-001-Z1,E-12,employee,motion,,2026-07-20 09:22:07
FAC-001-Z2,E-33,employee,badge_swipe,True,2026-07-20 09:22:07
FAC-001-Z1,E-37,employee,badge_swipe,True,2026-07-20 09:22:07
FAC-004-Z2,E-3,employee,motion,,2026-07-20 09:22:07
FAC-004-Z3,E-19,employee,badge_swipe,True,2026-07-20 09:22:07
FAC-001-Z3,E-26,employee,badge_swipe,True,2026-07-20 09:22:07
FAC-005-Z1,E-3,employee,motion,,2026-07-20 09:22:07
FAC-004-Z2,V-9,visitor,badge_swipe,True,2026-07-20 09:22:07
FAC-001-Z3,E-39,employee,motion,,2026-07-20 09:22:07
FAC-005-Z3,E-47,employee,motion,,2026-07-20 09:22:07
FAC-002-Z1,E-4,employee,badge_swipe,True,2026-07-20 09:22:07
FAC-001-Z1,V-5,visitor,motion,,2026-07-20 09:22:07
FAC-002-Z2,E-25,employee,motion,,2026-07-20 09:22:07
FAC-003-Z1,V-7,visitor,badge_swipe,True,2026-07-20 09:37:07
FAC-002-Z1,E-32,employee,badge_swipe,True,2026-07-20 09:37:07
FAC-005-Z2,E-50,employee,motion,,2026-07-20 09:37:07
FAC-005-Z3,E-6,employee,badge_swipe,True,2026-07-20 09:37:07
FAC-001-Z3,E-30,employee,motion,,2026-07-20 09:37:07
FAC-001-Z3,E-32,employee,motion,,2026-07-20 09:37:07
FAC-003-Z1,E-42,employee,badge_swipe,True,2026-07-20 09:37:07
FAC-001-Z1,E-21,employee,badge_swipe,False,2026-07-20 09:52:07
FAC-005-Z3,E-48,employee,motion,,2026-07-20 09:52:07
FAC-004-Z3,E-38,employee,badge_swipe,True,2026-07-20 09:52:07
FAC-001-Z3,E-23,employee,motion,,2026-07-20 09:52:07
FAC-005-Z3,E-14,employee,badge_swipe,True,2026-07-20 09:52:07
FAC-001-Z2,V-7,visitor,motion,,2026-07-20 09:52:07
FAC-002-Z2,E-27,employee,badge_swipe,True,2026-07-20 09:52:07
FAC-005-Z3,E-26,employee,motion,,2026-07-20 09:52:07
FAC-003-Z3,E-16,employee,motion,,2026-07-20 09:52:07
FAC-001-Z1,E-32,employee,badge_swipe,True,2026-07-20 09:52:07
FAC-003-Z2,E-3,employee,motion,,2026-07-20 09:52:07
FAC-002-Z2,V-8,visitor,motion,,2026-07-20 09:52:07
FAC-002-Z1,E-7,employee,badge_swipe,True,2026-07-20 09:52:07
FAC-004-Z1,E-17,employee,motion,,2026-07-20 09:52:07
FAC-003-Z3,E-23,employee,motion,,2026-07-20 09:52:07
FAC-003-Z1,E-28,employee,motion,,2026-07-20 09:52:07
FAC-001-Z1,E-35,employee,badge_swipe,True,2026-07-20 09:52:07
FAC-005-Z2,E-34,employee,motion,,2026-07-20 09:52:07
FAC-004-Z2,E-2,employee,motion,,2026-07-20 10:07:07
FAC-001-Z3,E-38,employee,motion,,2026-07-20 10:07:07
FAC-004-Z2,V-7,visitor,badge_swipe,True,2026-07-20 10:07:07
FAC-004-Z3,V-5,visitor,motion,,2026-07-20 10:07:07
FAC-003-Z3,E-47,employee,motion,,2026-07-20 10:07:07
FAC-005-Z2,E-39,employee,badge_swipe,True,2026-07-20 10:07:07
FAC-003-Z2,E-37,employee,badge_swipe,True,2026-07-20 10:07:07
FAC-003-Z1,V-4,visitor,motion,,2026-07-20 10:07:07
FAC-005-Z1,E-2,employee,motion,,2026-07-20 10:07:07
FAC-003-Z1,E-40,employee,motion,,2026-07-20 10:07:07
FAC-001-Z1,E-49,employee,motion,,2026-07-20 10:07:07
FAC-002-Z3,E-41,employee,motion,,2026-07-20 10:22:07
FAC-001-Z3,E-35,employee,badge_swipe,True,2026-07-20 10:22:07
FAC-002-Z2,E-1,employee,motion,,2026-07-20 10:22:07
FAC-004-Z1,E-11,employee,motion,,2026-07-20 10:22:07
FAC-002-Z1,E-49,employee,motion,,2026-07-20 10:22:07
FAC-003-Z3,E-33,employee,motion,,2026-07-20 10:22:07
FAC-001-Z2,E-26,employee,motion,,2026-07-20 10:22:07
FAC-001-Z3,E-2,employee,motion,,2026-07-20 10:22:07
FAC-004-Z1,E-16,employee,motion,,2026-07-20 10:22:07
FAC-001-Z2,E-47,employee,motion,,2026-07-20 10:22:07
FAC-003-Z1,E-31,employee,badge_swipe,True,2026-07-20 10:22:07
FAC-004-Z3,E-32,employee,badge_swipe,True,2026-07-20 10:22:07
FAC-002-Z1,E-19,employee,badge_swipe,True,2026-07-20 10:22:07
FAC-005-Z3,E-12,employee,badge_swipe,True,2026-07-20 10:22:07
FAC-005-Z1,E-32,employee,motion,,2026-07-20 10:22:07
FAC-003-Z2,E-14,employee,motion,,2026-07-20 10:22:07
FAC-002-Z1,E-35,employee,motion,,2026-07-20 10:37:07
FAC-004-Z3,E-32,employee,motion,,2026-07-20 10:37:07
FAC-005-Z3,V-6,visitor,badge_swipe,True,2026-07-20 10:37:07
FAC-002-Z3,E-13,employee,badge_swipe,True,2026-07-20 10:37:07
FAC-005-Z3,E-10,employee,badge_swipe,True,2026-07-20 10:37:07
FAC-001-Z3,E-3,employee,motion,,2026-07-20 10:37:07
FAC-004-Z1,E-50,employee,motion,,2026-07-20 10:37:07
FAC-002-Z3,E-8,employee,motion,,2026-07-20 10:37:07
FAC-002-Z2,E-19,employee,motion,,2026-07-20 10:37:07
FAC-005-Z1,E-41,employee,badge_swipe,True,2026-07-20 10:52:07
FAC-001-Z2,E-16,employee,badge_swipe,True,2026-07-20 10:52:07
FAC-002-Z2,E-25,employee,badge_swipe,True,2026-07-20 10:52:07
FAC-005-Z1,E-10,employee,motion,,2026-07-20 10:52:07
FAC-001-Z2,E-34,employee,badge_swipe,True,2026-07-20 10:52:07
FAC-003-Z3,E-19,employee,badge_swipe,True,2026-07-20 10:52:07
FAC-002-Z1,E-42,employee,motion,,2026-07-20 10:52:07
FAC-003-Z1,E-25,employee,motion,,2026-07-20 10:52:07
FAC-001-Z1,V-1,visitor,motion,,2026-07-20 10:52:07
FAC-003-Z3,E-21,employee,badge_swipe,True,2026-07-20 10:52:07
FAC-005-Z3,E-11,employee,badge_swipe,True,2026-07-20 10:52:07
FAC-002-Z3,E-28,employee,motion,,2026-07-20 11:07:07
FAC-001-Z3,E-35,employee,motion,,2026-07-20 11:07:07
FAC-005-Z3,E-50,employee,motion,,2026-07-20 11:07:07
FAC-005-Z2,E-30,employee,badge_swipe,True,2026-07-20 11:07:07
FAC-003-Z3,E-13,employee,motion,,2026-07-20 11:07:07
FAC-003-Z3,E-45,employee,badge_swipe,True,2026-07-20 11:07:07
FAC-002-Z2,E-40,employee,motion,,2026-07-20 11:07:07
FAC-004-Z3,E-30,employee,badge_swipe,False,2026-07-20 11:07:07
FAC-004-Z1,E-25,employee,motion,,2026-07-20 11:07:07
FAC-005-Z3,E-43,employee,badge_swipe,True,2026-07-20 11:07:07
FAC-003-Z3,E-16,employee,motion,,2026-07-20 11:07:07
FAC-005-Z3,E-23,employee,motion,,2026-07-20 11:07:07
FAC-001-Z1,V-2,visitor,badge_swipe,True,2026-07-20 11:22:07
FAC-003-Z2,E-9,employee,motion,,2026-07-20 11:22:07
FAC-005-Z3,E-10,employee,badge_swipe,True,2026-07-20 11:22:07
FAC-002-Z3,E-30,employee,motion,,2026-07-20 11:22:07
FAC-001-Z1,E-45,employee,badge_swipe,True,2026-07-20 11:22:07
FAC-001-Z2,E-20,employee,motion,,2026-07-20 11:22:07
FAC-004-Z3,E-41,employee,motion,,2026-07-20 11:22:07
FAC-005-Z3,E-12,employee,badge_swipe,True,2026-07-20 11:22:07
FAC-002-Z1,E-6,employee,badge_swipe,True,2026-07-20 11:22:07
FAC-002-Z1,E-13,employee,motion,,2026-07-20 11:22:07
FAC-004-Z3,V-3,visitor,motion,,2026-07-20 11:22:07
FAC-004-Z1,E-24,employee,badge_swipe,True,2026-07-20 11:22:07
FAC-001-Z2,E-31,employee,badge_swipe,True,2026-07-20 11:22:07
FAC-003-Z1,E-25,employee,motion,,2026-07-20 11:22:07
FAC-003-Z2,E-27,employee,badge_swipe,True,2026-07-20 11:22:07
FAC-001-Z2,E-4,employee,badge_swipe,False,2026-07-20 11:37:07
FAC-004-Z3,E-23,employee,motion,,2026-07-20 11:37:07
FAC-003-Z2,E-17,employee,badge_swipe,True,2026-07-20 11:37:07
FAC-001-Z3,E-8,employee,motion,,2026-07-20 11:37:07
FAC-001-Z2,E-46,employee,motion,,2026-07-20 11:37:07
FAC-005-Z2,E-25,employee,motion,,2026-07-20 11:37:07
FAC-001-Z3,E-48,employee,motion,,2026-07-20 11:37:07
FAC-002-Z1,E-22,employee,motion,,2026-07-20 11:37:07
FAC-002-Z2,E-2,employee,motion,,2026-07-20 11:37:07
FAC-002-Z3,V-8,visitor,badge_swipe,True,2026-07-20 11:37:07
FAC-003-Z2,E-35,employee,badge_swipe,True,2026-07-20 11:37:07
FAC-003-Z1,E-21,employee,badge_swipe,True,2026-07-20 11:37:07
FAC-003-Z3,E-21,employee,motion,,2026-07-20 11:37:07
FAC-002-Z2,E-14,employee,badge_swipe,True,2026-07-20 11:37:07
FAC-004-Z2,E-13,employee,motion,,2026-07-20 11:37:07
FAC-005-Z3,E-27,employee,motion,,2026-07-20 11:37:07
FAC-005-Z2,E-15,employee,badge_swipe,True,2026-07-20 11:37:07
FAC-005-Z1,E-10,employee,badge_swipe,True,2026-07-20 11:37:07
FAC-001-Z2,E-34,employee,motion,,2026-07-20 11:37:07
FAC-004-Z3,E-37,employee,motion,,2026-07-20 11:37:07
FAC-004-Z1,E-16,employee,badge_swipe,True,2026-07-20 11:52:07
FAC-004-Z2,E-35,employee,motion,,2026-07-20 11:52:07
FAC-002-Z1,E-39,employee,motion,,2026-07-20 11:52:07
FAC-004-Z1,E-13,employee,motion,,2026-07-20 11:52:07
FAC-004-Z3,E-35,employee,badge_swipe,True,2026-07-20 11:52:07
FAC-002-Z3,E-11,employee,motion,,2026-07-20 11:52:07
FAC-004-Z3,E-25,employee,badge_swipe,True,2026-07-20 11:52:07
FAC-004-Z1,E-15,employee,motion,,2026-07-20 12:07:07
FAC-001-Z1,E-45,employee,badge_swipe,True,2026-07-20 12:07:07
FAC-004-Z2,V-3,visitor,badge_swipe,True,2026-07-20 12:07:07
FAC-002-Z2,V-3,visitor,motion,,2026-07-20 12:07:07
FAC-002-Z2,V-5,visitor,badge_swipe,True,2026-07-20 12:07:07
FAC-002-Z3,E-28,employee,badge_swipe,True,2026-07-20 12:07:07
FAC-005-Z2,E-1,employee,badge_swipe,True,2026-07-20 12:07:07
FAC-002-Z3,E-42,employee,badge_swipe,True,2026-07-20 12:07:07
FAC-001-Z1,E-35,employee,badge_swipe,True,2026-07-20 12:07:07
FAC-005-Z1,E-38,employee,motion,,2026-07-20 12:22:07
FAC-003-Z3,E-3,employee,badge_swipe,False,2026-07-20 12:22:07
FAC-005-Z1,E-24,employee,badge_swipe,True,2026-07-20 12:22:07
FAC-001-Z1,E-5,employee,badge_swipe,True,2026-07-20 12:22:07
FAC-003-Z2,E-48,employee,badge_swipe,True,2026-07-20 12:22:07
FAC-001-Z1,E-33,employee,badge_swipe,True,2026-07-20 12:22:07
FAC-005-Z3,E-29,employee,motion,,2026-07-20 12:22:07
FAC-005-Z2,E-17,employee,motion,,2026-07-20 12:22:07
FAC-002-Z3,E-48,employee,motion,,2026-07-20 12:22:07
FAC-005-Z3,E-9,employee,motion,,2026-07-20 12:22:07
FAC-001-Z2,E-32,employee,motion,,2026-07-20 12:22:07
FAC-003-Z1,E-46,employee,badge_swipe,True,2026-07-20 12:22:07
FAC-004-Z2,E-35,employee,badge_swipe,True,2026-07-20 12:22:07
FAC-001-Z1,E-50,employee,badge_swipe,True,2026-07-20 12:22:07
FAC-002-Z1,E-21,employee,badge_swipe,True,2026-07-20 12:22:07
FAC-003-Z3,E-21,employee,motion,,2026-07-20 12:22:07
FAC-004-Z3,E-10,employee,badge_swipe,True,2026-07-20 12:22:07
FAC-005-Z2,E-29,employee,badge_swipe,True,2026-07-20 12:22:07
FAC-003-Z1,E-44,employee,badge_swipe,True,2026-07-20 12:37:07
FAC-001-Z2,V-9,visitor,badge_swipe,True,2026-07-20 12:37:07
FAC-004-Z1,V-6,visitor,badge_swipe,True,2026-07-20 12:37:07
FAC-004-Z3,E-18,employee,motion,,2026-07-20 12:37:07
FAC-001-Z1,E-5,employee,badge_swipe,True,2026-07-20 12:37:07
FAC-005-Z1,E-28,employee,badge_swipe,True,2026-07-20 12:37:07
FAC-005-Z1,E-6,employee,motion,,2026-07-20 12:37:07
FAC-003-Z2,E-47,employee,badge_swipe,True,2026-07-20 12:37:07
FAC-004-Z2,E-40,employee,motion,,2026-07-20 12:37:07
FAC-004-Z3,E-16,employee,badge_swipe,True,2026-07-20 12:37:07
FAC-004-Z3,E-13,employee,badge_swipe,True,2026-07-20 12:37:07
FAC-001-Z1,E-50,employee,badge_swipe,True,2026-07-20 12:52:07
FAC-001-Z2,E-6,employee,motion,,2026-07-20 12:52:07
FAC-002-Z2,E-28,employee,badge_swipe,True,2026-07-20 12:52:07
FAC-004-Z2,E-29,employee,motion,,2026-07-20 12:52:07
FAC-001-Z1,E-2,employee,motion,,2026-07-20 12:52:07
FAC-005-Z2,E-33,employee,badge_swipe,True,2026-07-20 12:52:07
FAC-004-Z2,E-46,employee,badge_swipe,True,2026-07-20 12:52:07
FAC-003-Z2,E-28,employee,badge_swipe,True,2026-07-20 12:52:07
FAC-002-Z2,E-18,employee,motion,,2026-07-20 12:52:07
FAC-001-Z3,E-38,employee,badge_swipe,True,2026-07-20 12:52:07
FAC-002-Z1,E-35,employee,motion,,2026-07-20 12:52:07
FAC-005-Z1,E-28,employee,badge_swipe,True,2026-07-20 13:07:07
FAC-005-Z2,E-48,employee,motion,,2026-07-20 13:07:07
FAC-002-Z2,E-10,employee,badge_swipe,True,2026-07-20 13:07:07
FAC-005-Z1,E-37,employee,motion,,2026-07-20 13:07:07
FAC-005-Z2,E-17,employee,badge_swipe,True,2026-07-20 13:07:07
FAC-001-Z1,E-38,employee,badge_swipe,True,2026-07-20 13:07:07
FAC-004-Z2,E-47,employee,motion,,2026-07-20 13:07:07
FAC-001-Z2,E-20,employee,badge_swipe,True,2026-07-20 13:07:07
FAC-001-Z2,E-29,employee,badge_swipe,True,2026-07-20 13:07:07
FAC-004-Z3,E-39,employee,badge_swipe,True,2026-07-20 13:07:07
FAC-001-Z3,E-43,employee,badge_swipe,True,2026-07-20 13:07:07
FAC-004-Z1,E-24,employee,badge_swipe,True,2026-07-20 13:07:07
FAC-005-Z1,E-33,employee,badge_swipe,True,2026-07-20 13:07:07
FAC-001-Z3,E-33,employee,motion,,2026-07-20 13:07:07
FAC-003-Z1,E-10,employee,motion,,2026-07-20 13:07:07
FAC-001-Z3,E-24,employee,motion,,2026-07-20 13:07:07
FAC-004-Z1,E-47,employee,badge_swipe,True,2026-07-20 13:07:07
FAC-004-Z3,E-27,employee,badge_swipe,True,2026-07-20 13:07:07
FAC-005-Z1,E-4,employee,badge_swipe,True,2026-07-20 13:22:07
FAC-002-Z2,E-29,employee,motion,,2026-07-20 13:22:07
FAC-004-Z3,E-30,employee,motion,,2026-07-20 13:22:07
FAC-001-Z2,E-47,employee,motion,,2026-07-20 13:22:07
FAC-002-Z1,E-21,employee,motion,,2026-07-20 13:22:07
FAC-003-Z2,E-5,employee,badge_swipe,True,2026-07-20 13:22:07
FAC-001-Z1,E-37,employee,badge_swipe,False,2026-07-20 13:22:07
FAC-004-Z1,E-34,employee,motion,,2026-07-20 13:22:07
FAC-001-Z1,E-25,employee,badge_swipe,True,2026-07-20 13:22:07
FAC-005-Z1,V-4,visitor,motion,,2026-07-20 13:22:07
FAC-003-Z3,E-27,employee,motion,,2026-07-20 13:22:07
FAC-001-Z3,E-39,employee,badge_swipe,True,2026-07-20 13:22:07
FAC-003-Z2,E-18,employee,badge_swipe,True,2026-07-20 13:22:07
FAC-005-Z3,V-6,visitor,badge_swipe,True,2026-07-20 13:22:07
FAC-001-Z2,E-29,employee,motion,,2026-07-20 13:37:07
FAC-001-Z1,E-35,employee,motion,,2026-07-20 13:37:07
FAC-002-Z1,E-46,employee,badge_swipe,True,2026-07-20 13:37:07
FAC-005-Z2,E-31,employee,badge_swipe,True,2026-07-20 13:37:07
FAC-004-Z2,E-5,employee,motion,,2026-07-20 13:37:07
FAC-003-Z2,V-10,visitor,motion,,2026-07-20 13:37:07
FAC-001-Z1,E-21,employee,badge_swipe,True,2026-07-20 13:37:07
FAC-001-Z2,E-18,employee,motion,,2026-07-20 13:37:07
FAC-004-Z2,E-8,employee,badge_swipe,True,2026-07-20 13:37:07
FAC-001-Z2,E-13,employee,badge_swipe,True,2026-07-20 13:37:07
FAC-001-Z3,E-31,employee,motion,,2026-07-20 13:37:07
FAC-003-Z1,E-29,employee,badge_swipe,True,2026-07-20 13:37:07
FAC-002-Z3,E-41,employee,motion,,2026-07-20 13:37:07
FAC-002-Z3,E-45,employee,badge_swipe,False,2026-07-20 13:37:07
FAC-005-Z2,E-31,employee,motion,,2026-07-20 13:37:07
FAC-001-Z3,E-35,employee,motion,,2026-07-20 13:37:07
FAC-002-Z1,E-33,employee,badge_swipe,True,2026-07-20 13:37:07
FAC-004-Z2,E-34,employee,motion,,2026-07-20 13:52:07
FAC-004-Z1,E-33,employee,badge_swipe,True,2026-07-20 13:52:07
FAC-001-Z3,E-3,employee,motion,,2026-07-20 13:52:07
FAC-002-Z2,E-39,employee,motion,,2026-07-20 13:52:07
FAC-005-Z3,E-35,employee,motion,,2026-07-20 13:52:07
FAC-004-Z2,E-12,employee,motion,,2026-07-20 13:52:07
FAC-001-Z3,V-7,visitor,badge_swipe,True,2026-07-20 13:52:07
FAC-005-Z3,E-20,employee,badge_swipe,True,2026-07-20 13:52:07
FAC-003-Z2,E-9,employee,motion,,2026-07-20 13:52:07
FAC-005-Z3,E-11,employee,badge_swipe,True,2026-07-20 13:52:07
FAC-003-Z1,E-4,employee,motion,,2026-07-20 13:52:07
FAC-005-Z3,E-45,employee,badge_swipe,True,2026-07-20 13:52:07
FAC-001-Z3,E-8,employee,badge_swipe,True,2026-07-20 14:07:07
FAC-005-Z2,E-39,employee,motion,,2026-07-20 14:07:07
FAC-005-Z3,E-24,employee,motion,,2026-07-20 14:07:07
FAC-005-Z3,E-25,employee,motion,,2026-07-20 14:07:07
FAC-002-Z1,E-1,employee,motion,,2026-07-20 14:07:07
FAC-002-Z3,E-2,employee,badge_swipe,True,2026-07-20 14:07:07
FAC-001-Z3,V-8,visitor,motion,,2026-07-20 14:07:07
FAC-005-Z3,E-1,employee,motion,,2026-07-20 14:07:07
FAC-001-Z1,E-41,employee,motion,,2026-07-20 14:07:07
FAC-003-Z1,E-19,employee,motion,,2026-07-20 14:07:07
FAC-004-Z3,E-32,employee,motion,,2026-07-20 14:07:07
FAC-004-Z2,E-10,employee,badge_swipe,True,2026-07-20 14:07:07
FAC-004-Z3,E-31,employee,badge_swipe,True,2026-07-20 14:07:07
FAC-003-Z3,E-36,employee,motion,,2026-07-20 14:07:07
FAC-004-Z2,V-6,visitor,motion,,2026-07-20 14:07:07
FAC-005-Z2,E-4,employee,motion,,2026-07-20 14:07:07
FAC-002-Z1,E-11,employee,motion,,2026-07-20 14:07:07
FAC-004-Z1,E-49,employee,motion,,2026-07-20 14:22:07
FAC-004-Z2,E-39,employee,badge_swipe,True,2026-07-20 14:22:07
FAC-003-Z2,V-6,visitor,motion,,2026-07-20 14:22:07
FAC-002-Z3,E-43,employee,badge_swipe,True,2026-07-20 14:22:07
FAC-002-Z1,E-19,employee,badge_swipe,True,2026-07-20 14:22:07
FAC-002-Z2,E-14,employee,motion,,2026-07-20 14:22:07
FAC-003-Z3,E-3,employee,motion,,2026-07-20 14:22:07
FAC-003-Z1,E-33,employee,badge_swipe,True,2026-07-20 14:37:07
FAC-002-Z2,E-38,employee,badge_swipe,True,2026-07-20 14:37:07
FAC-004-Z1,E-27,employee,motion,,2026-07-20 14:37:07
FAC-003-Z3,E-1,employee,badge_swipe,True,2026-07-20 14:37:07
FAC-003-Z2,E-6,employee,motion,,2026-07-20 14:37:07
FAC-004-Z2,E-23,employee,motion,,2026-07-20 14:37:07
FAC-002-Z1,E-19,employee,badge_swipe,True,2026-07-20 14:37:07
FAC-003-Z3,E-45,employee,badge_swipe,True,2026-07-20 14:37:07
FAC-003-Z2,E-19,employee,motion,,2026-07-20 14:37:07
FAC-001-Z2,E-37,employee,badge_swipe,True,2026-07-20 14:37:07
FAC-002-Z3,E-20,employee,badge_swipe,True,2026-07-20 14:37:07
FAC-001-Z2,E-13,employee,badge_swipe,True,2026-07-20 14:52:07
FAC-003-Z1,E-40,employee,badge_swipe,True,2026-07-20 14:52:07
FAC-002-Z3,E-10,employee,badge_swipe,True,2026-07-20 14:52:07
FAC-005-Z3,E-25,employee,badge_swipe,True,2026-07-20 14:52:07
FAC-001-Z2,E-25,employee,motion,,2026-07-20 14:52:07
FAC-001-Z2,E-44,employee,badge_swipe,True,2026-07-20 14:52:07
FAC-004-Z1,E-12,employee,motion,,2026-07-20 14:52:07
FAC-003-Z1,V-6,visitor,badge_swipe,True,2026-07-20 14:52:07
FAC-002-Z3,E-3,employee,motion,,2026-07-20 14:52:07
FAC-003-Z3,E-11,employee,badge_swipe,True,2026-07-20 14:52:07
FAC-004-Z2,V-2,visitor,motion,,2026-07-20 15:07:07
FAC-005-Z3,E-36,employee,motion,,2026-07-20 15:07:07
FAC-005-Z3,E-3,employee,badge_swipe,True,2026-07-20 15:07:07
FAC-004-Z2,E-44,employee,motion,,2026-07-20 15:07:07
FAC-003-Z1,E-10,employee,badge_swipe,True,2026-07-20 15:07:07
FAC-004-Z3,E-42,employee,badge_swipe,True,2026-07-20 15:07:07
FAC-002-Z2,E-31,employee,badge_swipe,True,2026-07-20 15:22:07
FAC-001-Z2,E-20,employee,motion,,2026-07-20 15:22:07
FAC-004-Z1,E-19,employee,badge_swipe,True,2026-07-20 15:22:07
FAC-005-Z3,E-48,employee,badge_swipe,True,2026-07-20 15:22:07
FAC-001-Z3,E-1,employee,motion,,2026-07-20 15:22:07
FAC-002-Z2,E-24,employee,motion,,2026-07-20 15:22:07
FAC-002-Z3,E-6,employee,motion,,2026-07-20 15:22:07
FAC-001-Z1,E-50,employee,motion,,2026-07-20 15:22:07
FAC-001-Z1,E-23,employee,badge_swipe,True,2026-07-20 15:22:07
FAC-005-Z1,E-25,employee,motion,,2026-07-20 15:22:07
FAC-004-Z1,E-28,employee,badge_swipe,True,2026-07-20 15:22:07
FAC-003-Z1,E-42,employee,motion,,2026-07-20 15:37:07
FAC-003-Z2,E-37,employee,badge_swipe,True,2026-07-20 15:37:07
FAC-005-Z3,E-1,employee,motion,,2026-07-20 15:37:07
FAC-005-Z3,E-12,employee,motion,,2026-07-20 15:37:07
FAC-004-Z3,E-15,employee,badge_swipe,True,2026-07-20 15:37:07
FAC-001-Z2,E-5,employee,badge_swipe,True,2026-07-20 15:37:07
FAC-005-Z2,V-8,visitor,badge_swipe,True,2026-07-20 15:37:07
FAC-004-Z1,V-8,visitor,badge_swipe,False,2026-07-20 15:37:07
FAC-005-Z2,E-2,employee,motion,,2026-07-20 15:52:07
FAC-004-Z3,E-9,employee,motion,,2026-07-20 15:52:07
FAC-002-Z3,E-12,employee,badge_swipe,True,2026-07-20 15:52:07
FAC-004-Z3,E-31,employee,motion,,2026-07-20 15:52:07
FAC-004-Z3,V-9,visitor,motion,,2026-07-20 15:52:07
FAC-005-Z1,E-46,employee,badge_swipe,True,2026-07-20 15:52:07
FAC-002-Z3,E-23,employee,badge_swipe,True,2026-07-20 15:52:07
FAC-003-Z3,E-6,employee,badge_swipe,True,2026-07-20 15:52:07
FAC-001-Z1,E-39,employee,badge_swipe,True,2026-07-20 16:07:07
FAC-002-Z3,E-20,employee,motion,,2026-07-20 16:07:07
FAC-002-Z2,E-24,employee,badge_swipe,True,2026-07-20 16:07:07
FAC-004-Z2,E-38,employee,motion,,2026-07-20 16:07:07
FAC-002-Z3,E-20,employee,badge_swipe,True,2026-07-20 16:07:07
FAC-001-Z1,E-19,employee,badge_swipe,True,2026-07-20 16:07:07
FAC-003-Z2,E-36,employee,motion,,2026-07-20 16:07:07
FAC-005-Z1,E-36,employee,badge_swipe,True,2026-07-20 16:07:07
FAC-001-Z1,E-16,employee,motion,,2026-07-20 16:07:07
FAC-004-Z3,E-47,employee,motion,,2026-07-20 16:07:07
FAC-001-Z3,E-44,employee,motion,,2026-07-20 16:07:07
FAC-001-Z1,E-18,employee,motion,,2026-07-20 16:07:07
FAC-003-Z1,E-8,employee,badge_swipe,True,2026-07-20 16:07:07
FAC-002-Z2,E-23,employee,motion,,2026-07-20 16:07:07
FAC-005-Z3,E-49,employee,badge_swipe,True,2026-07-20 16:22:07
FAC-003-Z3,E-10,employee,badge_swipe,True,2026-07-20 16:22:07
FAC-001-Z3,E-13,employee,motion,,2026-07-20 16:22:07
FAC-002-Z2,V-7,visitor,badge_swipe,True,2026-07-20 16:22:07
FAC-001-Z3,V-6,visitor,badge_swipe,True,2026-07-20 16:22:07
FAC-004-Z2,E-24,employee,badge_swipe,False,2026-07-20 16:22:07
FAC-005-Z1,E-11,employee,badge_swipe,True,2026-07-20 16:22:07
FAC-003-Z1,E-30,employee,badge_swipe,True,2026-07-20 16:22:07
FAC-002-Z2,E-35,employee,motion,,2026-07-20 16:22:07
FAC-004-Z1,E-42,employee,motion,,2026-07-20 16:22:07
FAC-001-Z1,E-7,employee,badge_swipe,True,2026-07-20 16:22:07
FAC-001-Z1,E-50,employee,badge_swipe,True,2026-07-20 16:22:07
FAC-005-Z2,E-6,employee,motion,,2026-07-20 16:22:07
FAC-003-Z3,E-27,employee,motion,,2026-07-20 16:22:07
FAC-002-Z2,E-30,employee,badge_swipe,True,2026-07-20 16:22:07
FAC-003-Z1,E-2,employee,badge_swipe,True,2026-07-20 16:22:07
FAC-004-Z3,E-39,employee,badge_swipe,True,2026-07-20 16:37:07
FAC-001-Z3,E-9,employee,badge_swipe,True,2026-07-20 16:37:07
FAC-001-Z3,E-40,employee,badge_swipe,True,2026-07-20 16:37:07
FAC-004-Z2,V-1,visitor,motion,,2026-07-20 16:37:07
FAC-003-Z2,E-31,employee,badge_swipe,True,2026-07-20 16:37:07
FAC-005-Z1,V-7,visitor,badge_swipe,True,2026-07-20 16:37:07
FAC-004-Z2,E-29,employee,motion,,2026-07-20 16:37:07
FAC-004-Z2,E-39,employee,badge_swipe,True,2026-07-20 16:37:07
FAC-001-Z2,E-5,employee,badge_swipe,False,2026-07-20 16:37:07
FAC-003-Z3,E-21,employee,motion,,2026-07-20 16:37:07
FAC-005-Z2,E-9,employee,badge_swipe,True,2026-07-20 16:37:07
FAC-002-Z2,E-18,employee,motion,,2026-07-20 16:37:07
FAC-004-Z1,E-8,employee,badge_swipe,True,2026-07-20 16:37:07
FAC-001-Z2,E-25,employee,badge_swipe,True,2026-07-20 16:37:07
FAC-003-Z2,E-47,employee,badge_swipe,True,2026-07-20 16:37:07
FAC-003-Z3,E-49,employee,badge_swipe,True,2026-07-20 16:37:07
FAC-004-Z2,E-37,employee,badge_swipe,True,2026-07-20 16:37:07
FAC-004-Z3,E-42,employee,badge_swipe,False,2026-07-20 16:52:07
FAC-002-Z2,E-5,employee,motion,,2026-07-20 16:52:07
FAC-002-Z3,E-7,employee,badge_swipe,True,2026-07-20 16:52:07
FAC-001-Z3,E-14,employee,motion,,2026-07-20 16:52:07
FAC-001-Z2,E-21,employee,badge_swipe,True,2026-07-20 16:52:07
FAC-004-Z1,E-30,employee,motion,,2026-07-20 16:52:07
FAC-001-Z2,E-44,employee,motion,,2026-07-20 16:52:07
FAC-005-Z2,E-5,employee,motion,,2026-07-20 16:52:07
FAC-005-Z3,E-47,employee,badge_swipe,True,2026-07-20 16:52:07
FAC-001-Z1,E-19,employee,motion,,2026-07-20 16:52:07
FAC-005-Z1,E-39,employee,motion,,2026-07-20 16:52:07
FAC-001-Z2,E-2,employee,motion,,2026-07-20 16:52:07
FAC-002-Z2,E-26,employee,motion,,2026-07-20 16:52:07
FAC-005-Z1,E-42,employee,badge_swipe,True,2026-07-20 16:52:07
FAC-005-Z2,E-2,employee,badge_swipe,True,2026-07-20 16:52:07
FAC-001-Z1,E-20,employee,motion,,2026-07-20 16:52:07
FAC-003-Z3,E-33,employee,motion,,2026-07-20 16:52:07
FAC-003-Z3,E-38,employee,motion,,2026-07-20 16:52:07
FAC-001-Z2,E-40,employee,motion,,2026-07-20 16:52:07
FAC-002-Z2,E-2,employee,badge_swipe,True,2026-07-20 17:07:07
FAC-002-Z3,E-44,employee,badge_swipe,True,2026-07-20 17:07:07
FAC-005-Z3,E-8,employee,motion,,2026-07-20 17:07:07
FAC-004-Z1,E-39,employee,motion,,2026-07-20 17:07:07
FAC-005-Z2,E-7,employee,badge_swipe,True,2026-07-20 17:07:07
FAC-003-Z2,E-34,employee,motion,,2026-07-20 17:07:07
FAC-004-Z3,E-3,employee,motion,,2026-07-20 17:07:07
FAC-005-Z2,E-34,employee,badge_swipe,True,2026-07-20 17:07:07
FAC-002-Z1,E-9,employee,badge_swipe,True,2026-07-20 17:07:07
FAC-002-Z3,E-36,employee,badge_swipe,True,2026-07-20 17:07:07
FAC-002-Z1,E-47,employee,badge_swipe,True,2026-07-20 17:07:07
FAC-001-Z2,E-44,employee,motion,,2026-07-20 17:07:07
FAC-004-Z3,E-14,employee,motion,,2026-07-20 17:07:07
FAC-005-Z1,E-34,employee,motion,,2026-07-20 17:22:07
FAC-004-Z3,E-42,employee,badge_swipe,False,2026-07-20 17:22:07
FAC-002-Z3,E-10,employee,motion,,2026-07-20 17:22:07
FAC-002-Z3,E-20,employee,badge_swipe,True,2026-07-20 17:22:07
FAC-004-Z3,E-13,employee,badge_swipe,True,2026-07-20 17:22:07
FAC-005-Z3,E-19,employee,badge_swipe,True,2026-07-20 17:22:07
FAC-003-Z3,E-13,employee,badge_swipe,True,2026-07-20 17:22:07
FAC-005-Z3,E-29,employee,badge_swipe,True,2026-07-20 17:22:07
FAC-001-Z1,E-2,employee,motion,,2026-07-20 17:22:07
FAC-003-Z3,V-8,visitor,motion,,2026-07-20 17:22:07
FAC-004-Z3,E-43,employee,badge_swipe,True,2026-07-20 17:22:07
FAC-003-Z1,E-30,employee,badge_swipe,True,2026-07-20 17:22:07
FAC-004-Z2,E-43,employee,badge_swipe,True,2026-07-20 17:22:07
FAC-004-Z1,E-23,employee,badge_swipe,True,2026-07-20 17:22:07
FAC-001-Z3,E-43,employee,motion,,2026-07-20 17:22:07
FAC-004-Z2,E-17,employee,motion,,2026-07-20 17:22:07
FAC-002-Z2,E-27,employee,badge_swipe,True,2026-07-20 17:22:07
FAC-002-Z2,E-4,employee,badge_swipe,True,2026-07-20 17:22:07
FAC-005-Z3,V-4,visitor,badge_swipe,True,2026-07-20 17:22:07
FAC-002-Z2,E-22,employee,badge_swipe,True,2026-07-20 17:37:07
FAC-005-Z2,E-13,employee,badge_swipe,True,2026-07-20 17:37:07
FAC-002-Z3,E-31,employee,motion,,2026-07-20 17:37:07
FAC-002-Z1,E-15,employee,badge_swipe,True,2026-07-20 17:37:07
FAC-001-Z3,E-5,employee,badge_swipe,True,2026-07-20 17:37:07
FAC-003-Z2,E-17,employee,badge_swipe,True,2026-07-20 17:37:07
FAC-001-Z2,E-46,employee,motion,,2026-07-20 17:37:07
FAC-001-Z3,E-26,employee,badge_swipe,True,2026-07-20 17:52:07
FAC-004-Z2,V-9,visitor,motion,,2026-07-20 17:52:07
FAC-002-Z3,E-40,employee,badge_swipe,True,2026-07-20 17:52:07
FAC-003-Z1,E-6,employee,badge_swipe,True,2026-07-20 17:52:07
FAC-005-Z1,E-47,employee,badge_swipe,True,2026-07-20 17:52:07
FAC-001-Z1,E-7,employee,motion,,2026-07-20 17:52:07
FAC-004-Z2,E-19,employee,motion,,2026-07-20 17:52:07
FAC-002-Z3,E-20,employee,badge_swipe,True,2026-07-20 17:52:07
FAC-004-Z3,E-19,employee,badge_swipe,True,2026-07-20 17:52:07
FAC-003-Z2,E-8,employee,motion,,2026-07-20 17:52:07
FAC-005-Z1,V-1,visitor,motion,,2026-07-20 18:07:07
FAC-004-Z3,E-50,employee,badge_swipe,False,2026-07-20 18:07:07
FAC-004-Z2,E-26,employee,motion,,2026-07-20 18:07:07
FAC-002-Z3,E-4,employee,badge_swipe,True,2026-07-20 18:07:07
FAC-001-Z3,E-1,employee,badge_swipe,True,2026-07-20 18:07:07
FAC-005-Z2,E-14,employee,badge_swipe,True,2026-07-20 18:07:07
FAC-004-Z2,E-39,employee,badge_swipe,True,2026-07-20 18:07:07
FAC-001-Z2,E-18,employee,badge_swipe,True,2026-07-20 18:07:07
FAC-005-Z2,E-18,employee,motion,,2026-07-20 18:07:07
FAC-002-Z1,E-7,employee,motion,,2026-07-20 18:07:07
FAC-005-Z1,E-8,employee,motion,,2026-07-20 18:07:07
FAC-004-Z1,E-15,employee,badge_swipe,True,2026-07-20 18:07:07
FAC-002-Z2,E-3,employee,motion,,2026-07-20 18:07:07
FAC-001-Z1,E-20,employee,badge_swipe,True,2026-07-20 18:07:07
FAC-001-Z2,V-8,visitor,motion,,2026-07-20 18:07:07
FAC-004-Z1,E-17,employee,motion,,2026-07-20 18:07:07
FAC-002-Z3,E-10,employee,motion,,2026-07-20 18:22:07
FAC-001-Z2,E-1,employee,badge_swipe,True,2026-07-20 18:22:07
FAC-003-Z1,E-25,employee,badge_swipe,True,2026-07-20 18:22:07
FAC-001-Z2,E-6,employee,badge_swipe,True,2026-07-20 18:22:07
FAC-002-Z3,V-6,visitor,motion,,2026-07-20 18:22:07
FAC-001-Z2,E-20,employee,badge_swipe,True,2026-07-20 18:22:07
FAC-004-Z1,E-1,employee,motion,,2026-07-20 18:22:07
FAC-005-Z1,E-13,employee,badge_swipe,True,2026-07-20 18:22:07
FAC-004-Z2,E-21,employee,motion,,2026-07-20 18:22:07
FAC-004-Z3,V-7,visitor,motion,,2026-07-20 18:22:07
FAC-004-Z2,V-1,visitor,badge_swipe,True,2026-07-20 18:22:07
FAC-003-Z3,E-22,employee,motion,,2026-07-20 18:22:07
FAC-005-Z2,E-42,employee,badge_swipe,True,2026-07-20 18:22:07
FAC-004-Z3,E-8,employee,badge_swipe,True,2026-07-20 18:22:07
FAC-001-Z3,E-11,employee,badge_swipe,True,2026-07-20 18:22:07
FAC-002-Z3,V-5,visitor,badge_swipe,True,2026-07-20 18:22:07
FAC-001-Z3,E-48,employee,motion,,2026-07-20 18:22:07
FAC-001-Z1,E-33,employee,badge_swipe,True,2026-07-20 18:22:07
FAC-002-Z3,E-29,employee,badge_swipe,True,2026-07-20 18:22:07
FAC-001-Z2,E-46,employee,motion,,2026-07-20 18:22:07
FAC-004-Z3,E-48,employee,badge_swipe,True,2026-07-20 18:37:07
FAC-001-Z3,E-28,employee,badge_swipe,True,2026-07-20 18:37:07
FAC-002-Z2,E-9,employee,badge_swipe,True,2026-07-20 18:37:07
FAC-005-Z2,E-29,employee,motion,,2026-07-20 18:37:07
FAC-005-Z2,E-46,employee,motion,,2026-07-20 18:37:07
FAC-004-Z1,E-13,employee,badge_swipe,True,2026-07-20 18:37:07
FAC-004-Z3,E-16,employee,badge_swipe,True,2026-07-20 18:37:07
FAC-004-Z2,E-28,employee,motion,,2026-07-20 18:37:07
FAC-005-Z2,E-27,employee,badge_swipe,True,2026-07-20 18:37:07
FAC-003-Z2,E-14,employee,motion,,2026-07-20 18:37:07
FAC-004-Z1,E-21,employee,motion,,2026-07-20 18:37:07
FAC-002-Z2,E-5,employee,badge_swipe,True,2026-07-20 18:37:07
FAC-004-Z1,E-15,employee,badge_swipe,True,2026-07-20 18:37:07
FAC-001-Z2,E-44,employee,motion,,2026-07-20 18:37:07
FAC-005-Z3,E-30,employee,motion,,2026-07-20 18:52:07
FAC-005-Z1,E-13,employee,motion,,2026-07-20 18:52:07
FAC-004-Z3,V-5,visitor,motion,,2026-07-20 18:52:07
FAC-001-Z1,E-7,employee,motion,,2026-07-20 18:52:07
FAC-003-Z1,E-11,employee,badge_swipe,True,2026-07-20 18:52:07
FAC-003-Z2,E-2,employee,motion,,2026-07-20 18:52:07
FAC-001-Z2,E-23,employee,badge_swipe,True,2026-07-20 18:52:07
FAC-001-Z3,V-7,visitor,motion,,2026-07-20 18:52:07
FAC-003-Z1,E-22,employee,motion,,2026-07-20 18:52:07
FAC-003-Z3,E-22,employee,motion,,2026-07-20 18:52:07
FAC-003-Z2,E-24,employee,badge_swipe,False,2026-07-20 18:52:07
FAC-003-Z1,V-2,visitor,motion,,2026-07-20 18:52:07
FAC-001-Z2,E-7,employee,badge_swipe,True,2026-07-20 19:07:07
FAC-001-Z3,E-50,employee,motion,,2026-07-20 19:07:07
FAC-004-Z2,E-10,employee,motion,,2026-07-20 19:07:07
FAC-002-Z3,E-40,employee,badge_swipe,True,2026-07-20 19:22:07
FAC-001-Z1,E-43,employee,badge_swipe,True,2026-07-20 19:52:07
FAC-003-Z1,E-22,employee,motion,,2026-07-20 20:07:07
FAC-005-Z1,V-5,visitor,motion,,2026-07-20 20:07:07
FAC-004-Z1,E-16,employee,badge_swipe,True,2026-07-20 20:07:07
FAC-003-Z2,E-19,employee,motion,,2026-07-20 20:37:07
FAC-002-Z2,V-6,visitor,badge_swipe,True,2026-07-20 20:37:07
FAC-002-Z2,V-8,visitor,badge_swipe,True,2026-07-20 20:52:07
FAC-004-Z2,E-27,employee,badge_swipe,True,2026-07-20 20:52:07
FAC-005-Z3,E-10,employee,badge_swipe,True,2026-07-20 21:22:07
FAC-002-Z3,V-5,visitor,motion,,2026-07-20 21:22:07
FAC-002-Z1,E-24,employee,motion,,2026-07-20 21:52:07
FAC-004-Z1,E-2,employee,badge_swipe,True,2026-07-20 22:37:07
FAC-001-Z3,E-50,employee,motion,,2026-07-20 22:37:07
FAC-005-Z2,E-43,employee,motion,,2026-07-20 22:37:07
FAC-005-Z3,E-35,employee,badge_swipe,True,2026-07-20 23:22:07
FAC-003-Z3,E-25,employee,badge_swipe,True,2026-07-20 23:37:07
FAC-005-Z1,V-9,visitor,motion,,2026-07-20 23:37:07
FAC-003-Z1,E-43,employee,motion,,2026-07-20 23:37:07
FAC-003-Z3,E-49,employee,motion,,2026-07-20 23:52:07
FAC-001-Z1,E-45,employee,badge_swipe,True,2026-07-20 23:52:07
FAC-001-Z1,E-3,employee,badge_swipe,True,2026-07-21 00:22:07
FAC-001-Z2,E-8,employee,badge_swipe,True,2026-07-21 00:37:07
FAC-003-Z2,E-5,employee,motion,,2026-07-21 01:07:07
FAC-002-Z3,E-5,employee,badge_swipe,True,2026-07-21 01:07:07
FAC-003-Z1,E-41,employee,badge_swipe,True,2026-07-21 01:07:07
FAC-004-Z2,E-33,employee,motion,,2026-07-21 01:52:07
FAC-005-Z1,E-34,employee,badge_swipe,True,2026-07-21 01:52:07
FAC-005-Z2,E-17,employee,motion,,2026-07-21 03:07:07
FAC-002-Z2,E-43,employee,badge_swipe,True,2026-07-21 03:22:07
FAC-003-Z1,E-46,employee,badge_swipe,True,2026-07-21 03:22:07
FAC-005-Z1,E-10,employee,badge_swipe,True,2026-07-21 03:22:07
FAC-004-Z1,E-3,employee,motion,,2026-07-21 03:37:07
FAC-004-Z3,V-9,visitor,motion,,2026-07-21 04:07:07
FAC-005-Z1,E-47,employee,badge_swipe,True,2026-07-21 04:07:07
FAC-002-Z2,E-44,employee,motion,,2026-07-21 04:22:07
FAC-003-Z2,E-27,employee,motion,,2026-07-21 04:22:07
FAC-004-Z2,E-20,employee,motion,,2026-07-21 04:37:07
FAC-002-Z2,E-12,employee,badge_swipe,True,2026-07-21 04:52:07
FAC-001-Z3,V-9,visitor,badge_swipe,True,2026-07-21 04:52:07
FAC-001-Z1,V-6,visitor,badge_swipe,True,2026-07-21 04:52:07
FAC-003-Z2,E-10,employee,motion,,2026-07-21 05:07:07
FAC-002-Z2,E-9,employee,badge_swipe,True,2026-07-21 05:22:07
FAC-002-Z2,E-4,employee,motion,,2026-07-21 05:22:07
FAC-004-Z2,E-48,employee,motion,,2026-07-21 05:22:07
FAC-004-Z2,V-10,visitor,badge_swipe,True,2026-07-21 05:37:07
FAC-001-Z2,E-14,employee,motion,,2026-07-21 05:37:07
FAC-005-Z1,E-32,employee,motion,,2026-07-21 05:52:07
FAC-005-Z2,E-1,employee,motion,,2026-07-21 05:52:07
FAC-005-Z2,E-1,employee,badge_swipe,True,2026-07-21 05:52:07
FAC-002-Z3,E-1,employee,motion,,2026-07-21 06:07:07
FAC-002-Z2,E-35,employee,badge_swipe,True,2026-07-21 06:22:07
FAC-004-Z1,E-7,employee,badge_swipe,True,2026-07-21 06:37:07
FAC-005-Z1,E-29,employee,badge_swipe,True,2026-07-21 06:37:07
FAC-004-Z2,E-31,employee,motion,,2026-07-21 06:37:07
FAC-002-Z1,E-28,employee,badge_swipe,True,2026-07-21 06:52:07
FAC-002-Z3,E-47,employee,motion,,2026-07-21 07:07:07
FAC-002-Z1,E-20,employee,badge_swipe,True,2026-07-21 07:07:07
FAC-003-Z2,E-14,employee,badge_swipe,True,2026-07-21 07:07:07
FAC-004-Z3,E-47,employee,motion,,2026-07-21 07:37:07
FAC-003-Z3,E-27,employee,motion,,2026-07-21 07:37:07
FAC-003-Z3,V-10,visitor,motion,,2026-07-21 07:37:07
FAC-005-Z1,E-4,employee,motion,,2026-07-21 07:52:07
FAC-003-Z3,E-33,employee,motion,,2026-07-21 08:07:07
FAC-005-Z1,E-22,employee,motion,,2026-07-21 08:07:07
FAC-001-Z2,E-31,employee,motion,,2026-07-21 08:07:07
FAC-003-Z3,E-49,employee,badge_swipe,True,2026-07-21 08:07:07
FAC-004-Z3,E-34,employee,badge_swipe,True,2026-07-21 08:07:07
FAC-003-Z1,E-32,employee,motion,,2026-07-21 08:07:07
FAC-001-Z3,E-28,employee,badge_swipe,True,2026-07-21 08:07:07
FAC-001-Z2,E-38,employee,motion,,2026-07-21 08:07:07
FAC-003-Z1,V-9,visitor,badge_swipe,True,2026-07-21 08:07:07
FAC-001-Z3,E-19,employee,motion,,2026-07-21 08:07:07
FAC-001-Z2,E-8,employee,motion,,2026-07-21 08:07:07
FAC-002-Z2,E-33,employee,badge_swipe,False,2026-07-21 08:07:07
FAC-003-Z2,E-3,employee,badge_swipe,True,2026-07-21 08:07:07
FAC-005-Z1,E-9,employee,badge_swipe,True,2026-07-21 08:07:07
FAC-004-Z3,E-30,employee,motion,,2026-07-21 08:07:07
FAC-003-Z3,E-50,employee,badge_swipe,False,2026-07-21 08:07:07
FAC-003-Z2,E-4,employee,badge_swipe,True,2026-07-21 08:07:07
FAC-003-Z3,E-49,employee,motion,,2026-07-21 08:07:07
FAC-004-Z3,E-48,employee,badge_swipe,True,2026-07-21 08:22:07
FAC-003-Z2,E-4,employee,badge_swipe,True,2026-07-21 08:22:07
FAC-001-Z3,V-3,visitor,motion,,2026-07-21 08:22:07
FAC-003-Z2,E-30,employee,motion,,2026-07-21 08:22:07
FAC-003-Z2,E-9,employee,badge_swipe,True,2026-07-21 08:22:07
FAC-005-Z1,E-8,employee,motion,,2026-07-21 08:22:07
FAC-003-Z1,E-44,employee,motion,,2026-07-21 08:22:07
FAC-002-Z2,E-38,employee,motion,,2026-07-21 08:22:07
FAC-005-Z2,E-36,employee,motion,,2026-07-21 08:22:07
FAC-005-Z2,E-19,employee,badge_swipe,True,2026-07-21 08:22:07
FAC-003-Z3,V-1,visitor,motion,,2026-07-21 08:22:07
FAC-001-Z3,E-2,employee,motion,,2026-07-21 08:22:07
FAC-003-Z3,E-34,employee,badge_swipe,True,2026-07-21 08:37:07
FAC-005-Z1,E-3,employee,motion,,2026-07-21 08:37:07
FAC-003-Z3,E-2,employee,motion,,2026-07-21 08:37:07
FAC-003-Z1,V-2,visitor,badge_swipe,True,2026-07-21 08:37:07
FAC-004-Z1,E-48,employee,motion,,2026-07-21 08:37:07
FAC-001-Z3,E-30,employee,motion,,2026-07-21 08:37:07
FAC-001-Z2,E-24,employee,badge_swipe,True,2026-07-21 08:37:07
FAC-005-Z2,E-10,employee,motion,,2026-07-21 08:37:07
FAC-003-Z3,E-19,employee,motion,,2026-07-21 08:37:07
FAC-005-Z1,E-17,employee,badge_swipe,True,2026-07-21 08:37:07
FAC-001-Z2,V-6,visitor,badge_swipe,True,2026-07-21 08:37:07
FAC-003-Z3,V-5,visitor,motion,,2026-07-21 08:37:07
FAC-004-Z1,E-1,employee,motion,,2026-07-21 08:37:07
FAC-005-Z1,E-50,employee,badge_swipe,True,2026-07-21 08:37:07
FAC-005-Z1,V-8,visitor,motion,,2026-07-21 08:37:07
FAC-005-Z1,E-11,employee,motion,,2026-07-21 08:52:07
FAC-005-Z3,E-17,employee,motion,,2026-07-21 08:52:07
FAC-005-Z3,E-5,employee,badge_swipe,True,2026-07-21 08:52:07
FAC-005-Z2,E-37,employee,badge_swipe,True,2026-07-21 08:52:07
FAC-001-Z2,E-36,employee,badge_swipe,True,2026-07-21 08:52:07
FAC-002-Z2,E-2,employee,badge_swipe,True,2026-07-21 08:52:07
FAC-005-Z3,E-12,employee,motion,,2026-07-21 08:52:07
FAC-001-Z2,V-4,visitor,badge_swipe,True,2026-07-21 08:52:07
FAC-004-Z2,E-32,employee,motion,,2026-07-21 08:52:07
FAC-003-Z1,E-3,employee,badge_swipe,True,2026-07-21 09:07:07
FAC-003-Z3,E-15,employee,badge_swipe,True,2026-07-21 09:07:07
FAC-004-Z3,E-27,employee,motion,,2026-07-21 09:07:07
FAC-004-Z2,E-23,employee,badge_swipe,True,2026-07-21 09:07:07
FAC-002-Z2,E-7,employee,badge_swipe,True,2026-07-21 09:07:07
FAC-002-Z1,E-37,employee,motion,,2026-07-21 09:07:07
FAC-004-Z1,E-45,employee,badge_swipe,True,2026-07-21 09:07:07
FAC-001-Z2,E-24,employee,badge_swipe,True,2026-07-21 09:07:07
FAC-003-Z1,E-32,employee,badge_swipe,True,2026-07-21 09:07:07
FAC-002-Z3,E-44,employee,motion,,2026-07-21 09:07:07
FAC-005-Z3,E-16,employee,motion,,2026-07-21 09:07:07
FAC-005-Z2,E-13,employee,motion,,2026-07-21 09:07:07
FAC-002-Z1,E-16,employee,motion,,2026-07-21 09:07:07
FAC-005-Z3,V-4,visitor,motion,,2026-07-21 09:07:07
FAC-001-Z2,E-48,employee,badge_swipe,True,2026-07-21 09:07:07
FAC-004-Z3,E-49,employee,motion,,2026-07-21 09:22:07
FAC-001-Z1,E-8,employee,motion,,2026-07-21 09:22:07
FAC-002-Z2,E-30,employee,badge_swipe,False,2026-07-21 09:22:07
FAC-004-Z1,E-49,employee,motion,,2026-07-21 09:22:07
FAC-005-Z2,E-41,employee,badge_swipe,True,2026-07-21 09:22:07
FAC-002-Z3,E-14,employee,motion,,2026-07-21 09:22:07
FAC-002-Z1,E-28,employee,badge_swipe,True,2026-07-21 09:22:07
FAC-003-Z3,E-26,employee,motion,,2026-07-21 09:22:07
FAC-001-Z1,E-12,employee,motion,,2026-07-21 09:22:07
FAC-003-Z3,E-46,employee,badge_swipe,True,2026-07-21 09:22:07
FAC-001-Z2,E-46,employee,badge_swipe,True,2026-07-21 09:22:07
FAC-005-Z3,E-5,employee,motion,,2026-07-21 09:37:07
FAC-001-Z1,E-6,employee,badge_swipe,True,2026-07-21 09:37:07
FAC-005-Z1,E-30,employee,badge_swipe,True,2026-07-21 09:37:07
FAC-002-Z1,E-18,employee,badge_swipe,True,2026-07-21 09:37:07
FAC-001-Z3,V-6,visitor,motion,,2026-07-21 09:37:07
FAC-005-Z3,E-15,employee,badge_swipe,True,2026-07-21 09:37:07
FAC-002-Z3,E-10,employee,motion,,2026-07-21 09:37:07
FAC-001-Z3,E-50,employee,badge_swipe,True,2026-07-21 09:37:07
FAC-005-Z2,E-31,employee,badge_swipe,True,2026-07-21 09:37:07
FAC-004-Z2,E-35,employee,badge_swipe,True,2026-07-21 09:37:07
FAC-004-Z1,E-18,employee,motion,,2026-07-21 09:37:07
FAC-004-Z1,E-14,employee,motion,,2026-07-21 09:37:07
FAC-002-Z3,E-42,employee,badge_swipe,True,2026-07-21 09:37:07
FAC-004-Z2,E-8,employee,badge_swipe,True,2026-07-21 09:37:07
FAC-003-Z2,E-23,employee,badge_swipe,True,2026-07-21 09:37:07
FAC-002-Z3,E-2,employee,badge_swipe,True,2026-07-21 09:52:07
FAC-001-Z3,E-22,employee,motion,,2026-07-21 09:52:07
FAC-002-Z3,E-19,employee,motion,,2026-07-21 09:52:07
FAC-002-Z3,E-44,employee,badge_swipe,True,2026-07-21 09:52:07
FAC-002-Z1,E-31,employee,badge_swipe,True,2026-07-21 09:52:07
FAC-002-Z1,E-16,employee,badge_swipe,True,2026-07-21 09:52:07
FAC-001-Z1,E-3,employee,motion,,2026-07-21 09:52:07
FAC-004-Z3,E-50,employee,badge_swipe,True,2026-07-21 10:07:07
FAC-001-Z3,E-1,employee,badge_swipe,True,2026-07-21 10:07:07
FAC-001-Z1,E-15,employee,badge_swipe,True,2026-07-21 10:07:07
FAC-004-Z1,E-32,employee,badge_swipe,True,2026-07-21 10:07:07
FAC-004-Z2,E-17,employee,badge_swipe,True,2026-07-21 10:07:07
FAC-005-Z3,V-8,visitor,badge_swipe,True,2026-07-21 10:22:07
FAC-002-Z1,E-7,employee,badge_swipe,True,2026-07-21 10:22:07
FAC-003-Z2,E-26,employee,motion,,2026-07-21 10:22:07
FAC-003-Z2,E-22,employee,motion,,2026-07-21 10:22:07
FAC-001-Z3,E-1,employee,motion,,2026-07-21 10:22:07
FAC-001-Z1,E-50,employee,motion,,2026-07-21 10:22:07
FAC-005-Z2,E-23,employee,badge_swipe,True,2026-07-21 10:22:07
FAC-002-Z1,V-7,visitor,motion,,2026-07-21 10:22:07
FAC-004-Z2,E-20,employee,motion,,2026-07-21 10:22:07
FAC-005-Z1,E-12,employee,badge_swipe,True,2026-07-21 10:37:07
FAC-004-Z1,V-4,visitor,motion,,2026-07-21 10:37:07
FAC-002-Z1,E-17,employee,badge_swipe,False,2026-07-21 10:37:07
FAC-005-Z2,E-46,employee,badge_swipe,True,2026-07-21 10:37:07
FAC-001-Z3,E-2,employee,badge_swipe,True,2026-07-21 10:37:07
FAC-005-Z3,E-10,employee,badge_swipe,True,2026-07-21 10:52:07
FAC-001-Z3,E-26,employee,badge_swipe,True,2026-07-21 10:52:07
FAC-001-Z2,E-38,employee,badge_swipe,True,2026-07-21 10:52:07
FAC-001-Z2,V-6,visitor,badge_swipe,True,2026-07-21 10:52:07
FAC-001-Z3,E-5,employee,motion,,2026-07-21 10:52:07
FAC-003-Z1,E-4,employee,motion,,2026-07-21 10:52:07
FAC-003-Z2,V-6,visitor,badge_swipe,True,2026-07-21 10:52:07
FAC-001-Z2,E-3,employee,badge_swipe,True,2026-07-21 10:52:07
FAC-003-Z2,E-26,employee,badge_swipe,True,2026-07-21 10:52:07
FAC-004-Z1,E-20,employee,motion,,2026-07-21 10:52:07
FAC-005-Z1,V-1,visitor,motion,,2026-07-21 10:52:07
FAC-005-Z2,E-16,employee,motion,,2026-07-21 11:07:07
FAC-004-Z1,E-4,employee,motion,,2026-07-21 11:07:07
FAC-002-Z2,E-36,employee,motion,,2026-07-21 11:07:07
FAC-004-Z1,E-25,employee,badge_swipe,True,2026-07-21 11:07:07
FAC-003-Z1,E-15,employee,badge_swipe,True,2026-07-21 11:07:07
FAC-005-Z2,E-25,employee,motion,,2026-07-21 11:07:07
FAC-005-Z3,E-27,employee,badge_swipe,True,2026-07-21 11:07:07
FAC-003-Z2,E-23,employee,motion,,2026-07-21 11:07:07
FAC-004-Z3,E-42,employee,motion,,2026-07-21 11:07:07
FAC-002-Z2,E-40,employee,badge_swipe,True,2026-07-21 11:22:07
FAC-001-Z2,E-22,employee,badge_swipe,True,2026-07-21 11:22:07
FAC-001-Z3,E-34,employee,badge_swipe,True,2026-07-21 11:22:07
FAC-003-Z3,E-22,employee,motion,,2026-07-21 11:22:07
FAC-003-Z1,E-17,employee,motion,,2026-07-21 11:22:07
FAC-004-Z1,E-35,employee,motion,,2026-07-21 11:22:07
FAC-004-Z3,E-37,employee,motion,,2026-07-21 11:22:07
FAC-001-Z3,E-47,employee,badge_swipe,True,2026-07-21 11:37:07
FAC-005-Z2,E-46,employee,motion,,2026-07-21 11:37:07
FAC-005-Z1,E-26,employee,badge_swipe,True,2026-07-21 11:37:07
FAC-004-Z2,E-43,employee,badge_swipe,True,2026-07-21 11:37:07
FAC-002-Z1,V-8,visitor,motion,,2026-07-21 11:37:07
FAC-001-Z3,E-17,employee,motion,,2026-07-21 11:37:07
FAC-001-Z3,E-13,employee,badge_swipe,True,2026-07-21 11:37:07
FAC-001-Z3,E-30,employee,motion,,2026-07-21 11:37:07
FAC-003-Z2,E-4,employee,badge_swipe,True,2026-07-21 11:37:07
FAC-001-Z1,E-20,employee,motion,,2026-07-21 11:37:07
FAC-001-Z3,E-28,employee,badge_swipe,True,2026-07-21 11:37:07
FAC-005-Z1,E-12,employee,motion,,2026-07-21 11:37:07
FAC-002-Z1,E-1,employee,badge_swipe,True,2026-07-21 11:37:07
FAC-005-Z2,E-30,employee,badge_swipe,True,2026-07-21 11:52:07
FAC-004-Z2,E-31,employee,badge_swipe,True,2026-07-21 11:52:07
FAC-004-Z3,E-46,employee,badge_swipe,True,2026-07-21 11:52:07
FAC-003-Z2,E-3,employee,motion,,2026-07-21 11:52:07
FAC-002-Z2,V-7,visitor,motion,,2026-07-21 11:52:07
FAC-001-Z3,E-49,employee,badge_swipe,True,2026-07-21 11:52:07
FAC-002-Z2,V-1,visitor,badge_swipe,True,2026-07-21 11:52:07
FAC-003-Z1,E-38,employee,badge_swipe,True,2026-07-21 11:52:07
FAC-005-Z1,E-18,employee,badge_swipe,True,2026-07-21 11:52:07
FAC-002-Z3,V-10,visitor,motion,,2026-07-21 11:52:07
FAC-005-Z3,E-41,employee,badge_swipe,True,2026-07-21 11:52:07
FAC-005-Z2,E-43,employee,badge_swipe,True,2026-07-21 11:52:07
FAC-002-Z1,E-33,employee,motion,,2026-07-21 11:52:07
FAC-004-Z1,E-12,employee,badge_swipe,True,2026-07-21 11:52:07
FAC-004-Z1,E-4,employee,badge_swipe,True,2026-07-21 12:07:07
FAC-001-Z1,E-21,employee,badge_swipe,True,2026-07-21 12:07:07
FAC-005-Z1,E-49,employee,badge_swipe,True,2026-07-21 12:07:07
FAC-005-Z2,E-8,employee,badge_swipe,False,2026-07-21 12:07:07
FAC-005-Z2,V-1,visitor,badge_swipe,True,2026-07-21 12:07:07
FAC-005-Z3,E-2,employee,motion,,2026-07-21 12:07:07
FAC-003-Z1,E-22,employee,motion,,2026-07-21 12:07:07
FAC-002-Z2,E-25,employee,motion,,2026-07-21 12:07:07
FAC-003-Z1,E-15,employee,badge_swipe,True,2026-07-21 12:07:07
FAC-005-Z2,E-24,employee,badge_swipe,True,2026-07-21 12:22:07
FAC-005-Z2,E-23,employee,badge_swipe,True,2026-07-21 12:22:07
FAC-001-Z2,E-46,employee,motion,,2026-07-21 12:22:07
FAC-003-Z2,E-42,employee,motion,,2026-07-21 12:22:07
FAC-002-Z1,E-9,employee,badge_swipe,True,2026-07-21 12:22:07
FAC-005-Z2,E-37,employee,badge_swipe,True,2026-07-21 12:22:07
FAC-003-Z3,E-19,employee,motion,,2026-07-21 12:22:07
FAC-003-Z2,E-36,employee,badge_swipe,True,2026-07-21 12:22:07
FAC-003-Z1,E-23,employee,badge_swipe,True,2026-07-21 12:22:07
FAC-005-Z2,E-25,employee,badge_swipe,True,2026-07-21 12:22:07
FAC-002-Z1,E-36,employee,badge_swipe,True,2026-07-21 12:22:07
FAC-001-Z3,E-16,employee,motion,,2026-07-21 12:22:07
FAC-005-Z1,E-14,employee,motion,,2026-07-21 12:22:07
FAC-003-Z2,E-9,employee,badge_swipe,True,2026-07-21 12:22:07
FAC-004-Z1,E-33,employee,motion,,2026-07-21 12:22:07
FAC-004-Z3,E-28,employee,badge_swipe,True,2026-07-21 12:22:07
FAC-002-Z1,E-7,employee,badge_swipe,True,2026-07-21 12:22:07
FAC-003-Z1,E-46,employee,motion,,2026-07-21 12:37:07
FAC-003-Z3,E-7,employee,motion,,2026-07-21 12:37:07
FAC-001-Z1,V-4,visitor,badge_swipe,True,2026-07-21 12:37:07
FAC-005-Z3,E-8,employee,motion,,2026-07-21 12:37:07
FAC-002-Z2,E-37,employee,badge_swipe,True,2026-07-21 12:37:07
FAC-002-Z2,E-24,employee,badge_swipe,True,2026-07-21 12:37:07
FAC-003-Z3,E-26,employee,motion,,2026-07-21 12:37:07
FAC-002-Z1,E-41,employee,badge_swipe,False,2026-07-21 12:37:07
FAC-005-Z3,E-10,employee,badge_swipe,True,2026-07-21 12:37:07
FAC-001-Z3,V-5,visitor,motion,,2026-07-21 12:37:07
FAC-004-Z1,E-47,employee,badge_swipe,True,2026-07-21 12:37:07
FAC-002-Z2,E-2,employee,motion,,2026-07-21 12:37:07
FAC-002-Z1,E-25,employee,badge_swipe,True,2026-07-21 12:52:07
FAC-001-Z1,E-41,employee,motion,,2026-07-21 12:52:07
FAC-003-Z2,E-35,employee,motion,,2026-07-21 12:52:07
FAC-001-Z1,E-12,employee,badge_swipe,True,2026-07-21 12:52:07
FAC-005-Z2,E-43,employee,motion,,2026-07-21 12:52:07
FAC-001-Z1,E-40,employee,badge_swipe,True,2026-07-21 12:52:07
FAC-004-Z1,E-6,employee,badge_swipe,True,2026-07-21 12:52:07
FAC-002-Z2,E-20,employee,motion,,2026-07-21 12:52:07
FAC-003-Z2,E-42,employee,badge_swipe,True,2026-07-21 12:52:07
FAC-003-Z2,V-7,visitor,badge_swipe,True,2026-07-21 12:52:07
FAC-002-Z1,E-20,employee,motion,,2026-07-21 12:52:07
FAC-001-Z1,E-5,employee,badge_swipe,True,2026-07-21 12:52:07
FAC-001-Z1,E-10,employee,motion,,2026-07-21 12:52:07
FAC-003-Z1,E-34,employee,motion,,2026-07-21 12:52:07
FAC-005-Z2,E-29,employee,badge_swipe,True,2026-07-21 12:52:07
FAC-005-Z3,E-31,employee,motion,,2026-07-21 12:52:07
FAC-004-Z2,V-3,visitor,motion,,2026-07-21 13:07:07
FAC-002-Z2,E-40,employee,badge_swipe,True,2026-07-21 13:07:07
FAC-001-Z2,E-50,employee,motion,,2026-07-21 13:07:07
FAC-004-Z2,E-34,employee,badge_swipe,True,2026-07-21 13:07:07
FAC-002-Z1,E-9,employee,motion,,2026-07-21 13:07:07
FAC-004-Z1,V-3,visitor,badge_swipe,True,2026-07-21 13:07:07
FAC-004-Z1,E-26,employee,motion,,2026-07-21 13:07:07
FAC-003-Z3,E-5,employee,motion,,2026-07-21 13:07:07
FAC-004-Z3,E-5,employee,motion,,2026-07-21 13:07:07
FAC-002-Z1,E-3,employee,badge_swipe,True,2026-07-21 13:07:07
FAC-004-Z2,E-38,employee,badge_swipe,True,2026-07-21 13:07:07
FAC-002-Z1,E-5,employee,badge_swipe,True,2026-07-21 13:07:07
FAC-004-Z3,E-29,employee,badge_swipe,True,2026-07-21 13:07:07
FAC-003-Z3,E-3,employee,badge_swipe,True,2026-07-21 13:07:07
FAC-004-Z2,E-45,employee,badge_swipe,True,2026-07-21 13:07:07
FAC-003-Z2,E-17,employee,badge_swipe,True,2026-07-21 13:07:07
FAC-003-Z3,E-30,employee,motion,,2026-07-21 13:22:07
FAC-003-Z3,E-5,employee,badge_swipe,True,2026-07-21 13:22:07
FAC-001-Z3,E-13,employee,motion,,2026-07-21 13:22:07
FAC-004-Z3,E-30,employee,motion,,2026-07-21 13:22:07
FAC-004-Z2,E-43,employee,motion,,2026-07-21 13:22:07
FAC-001-Z2,E-33,employee,motion,,2026-07-21 13:22:07
FAC-004-Z3,E-29,employee,motion,,2026-07-21 13:22:07
FAC-004-Z3,V-1,visitor,badge_swipe,False,2026-07-21 13:22:07
FAC-004-Z2,E-37,employee,motion,,2026-07-21 13:22:07
FAC-005-Z2,E-50,employee,motion,,2026-07-21 13:22:07
FAC-001-Z3,E-2,employee,motion,,2026-07-21 13:22:07
FAC-003-Z1,E-13,employee,motion,,2026-07-21 13:22:07
FAC-003-Z3,E-19,employee,motion,,2026-07-21 13:22:07
FAC-003-Z3,E-24,employee,motion,,2026-07-21 13:22:07
FAC-003-Z2,E-7,employee,motion,,2026-07-21 13:22:07
FAC-005-Z2,E-22,employee,badge_swipe,True,2026-07-21 13:22:07
FAC-003-Z1,E-21,employee,badge_swipe,False,2026-07-21 13:37:07
FAC-005-Z1,E-29,employee,badge_swipe,True,2026-07-21 13:37:07
FAC-002-Z3,E-28,employee,motion,,2026-07-21 13:37:07
FAC-002-Z1,V-6,visitor,motion,,2026-07-21 13:37:07
FAC-003-Z1,E-30,employee,motion,,2026-07-21 13:37:07
FAC-001-Z1,E-39,employee,motion,,2026-07-21 13:37:07
FAC-003-Z3,E-3,employee,badge_swipe,True,2026-07-21 13:37:07
FAC-004-Z2,E-11,employee,badge_swipe,True,2026-07-21 13:37:07
FAC-001-Z2,E-16,employee,badge_swipe,True,2026-07-21 13:37:07
FAC-005-Z1,E-32,employee,badge_swipe,True,2026-07-21 13:37:07
FAC-005-Z1,E-37,employee,motion,,2026-07-21 13:37:07
FAC-005-Z1,E-9,employee,motion,,2026-07-21 13:37:07
FAC-004-Z2,E-50,employee,motion,,2026-07-21 13:37:07
FAC-005-Z1,E-48,employee,badge_swipe,False,2026-07-21 13:37:07
FAC-003-Z3,E-34,employee,badge_swipe,True,2026-07-21 13:37:07
FAC-003-Z3,E-20,employee,motion,,2026-07-21 13:37:07
FAC-002-Z2,E-49,employee,motion,,2026-07-21 13:37:07
FAC-005-Z2,V-9,visitor,motion,,2026-07-21 13:37:07
FAC-001-Z3,E-22,employee,badge_swipe,True,2026-07-21 13:37:07
FAC-003-Z3,E-1,employee,motion,,2026-07-21 13:37:07
FAC-005-Z2,V-8,visitor,motion,,2026-07-21 13:52:07
FAC-003-Z1,E-7,employee,badge_swipe,True,2026-07-21 13:52:07
FAC-004-Z3,E-45,employee,badge_swipe,True,2026-07-21 13:52:07
FAC-001-Z2,E-21,employee,badge_swipe,True,2026-07-21 13:52:07
FAC-003-Z2,E-24,employee,badge_swipe,True,2026-07-21 13:52:07
FAC-001-Z3,E-47,employee,motion,,2026-07-21 13:52:07
FAC-001-Z3,E-24,employee,motion,,2026-07-21 14:07:07
FAC-005-Z1,E-11,employee,motion,,2026-07-21 14:07:07
FAC-001-Z2,E-33,employee,motion,,2026-07-21 14:07:07
FAC-001-Z2,E-37,employee,badge_swipe,True,2026-07-21 14:07:07
FAC-002-Z1,E-9,employee,badge_swipe,True,2026-07-21 14:07:07
FAC-004-Z2,E-45,employee,motion,,2026-07-21 14:07:07
FAC-002-Z1,E-14,employee,badge_swipe,True,2026-07-21 14:07:07
FAC-002-Z2,E-50,employee,motion,,2026-07-21 14:07:07
FAC-004-Z3,E-41,employee,badge_swipe,True,2026-07-21 14:07:07
FAC-004-Z1,E-34,employee,badge_swipe,True,2026-07-21 14:07:07
FAC-003-Z3,E-2,employee,badge_swipe,True,2026-07-21 14:07:07
FAC-005-Z2,E-14,employee,badge_swipe,True,2026-07-21 14:07:07
FAC-003-Z2,E-35,employee,badge_swipe,True,2026-07-21 14:07:07
FAC-001-Z3,E-46,employee,motion,,2026-07-21 14:07:07
FAC-002-Z1,E-9,employee,badge_swipe,True,2026-07-21 14:22:07
FAC-001-Z1,V-9,visitor,badge_swipe,True,2026-07-21 14:22:07
FAC-003-Z1,E-28,employee,badge_swipe,True,2026-07-21 14:22:07
FAC-002-Z3,V-4,visitor,motion,,2026-07-21 14:22:07
FAC-001-Z2,E-22,employee,badge_swipe,True,2026-07-21 14:22:07
FAC-004-Z2,E-14,employee,motion,,2026-07-21 14:22:07
FAC-003-Z2,E-27,employee,motion,,2026-07-21 14:22:07
FAC-004-Z3,E-11,employee,badge_swipe,True,2026-07-21 14:37:07
FAC-001-Z1,E-27,employee,badge_swipe,True,2026-07-21 14:37:07
FAC-003-Z1,E-17,employee,badge_swipe,False,2026-07-21 14:37:07
FAC-003-Z1,E-34,employee,badge_swipe,True,2026-07-21 14:37:07
FAC-001-Z3,E-48,employee,motion,,2026-07-21 14:37:07
FAC-005-Z1,E-8,employee,badge_swipe,True,2026-07-21 14:37:07
FAC-001-Z1,E-10,employee,badge_swipe,True,2026-07-21 14:37:07
FAC-001-Z2,V-8,visitor,motion,,2026-07-21 14:37:07
FAC-004-Z3,E-43,employee,motion,,2026-07-21 14:37:07
FAC-005-Z2,E-43,employee,badge_swipe,True,2026-07-21 14:37:07
FAC-004-Z3,E-9,employee,badge_swipe,True,2026-07-21 14:37:07
FAC-003-Z2,E-40,employee,motion,,2026-07-21 14:37:07
FAC-003-Z3,E-36,employee,badge_swipe,True,2026-07-21 14:37:07
FAC-004-Z2,V-5,visitor,motion,,2026-07-21 14:37:07
FAC-003-Z1,E-26,employee,motion,,2026-07-21 14:52:07
FAC-003-Z2,E-36,employee,badge_swipe,True,2026-07-21 14:52:07
FAC-005-Z3,E-46,employee,badge_swipe,True,2026-07-21 14:52:07
FAC-001-Z2,V-10,visitor,badge_swipe,True,2026-07-21 14:52:07
FAC-002-Z3,E-17,employee,motion,,2026-07-21 14:52:07
FAC-002-Z3,E-37,employee,badge_swipe,True,2026-07-21 14:52:07
FAC-003-Z1,E-3,employee,motion,,2026-07-21 14:52:07
FAC-005-Z1,E-11,employee,badge_swipe,True,2026-07-21 14:52:07
FAC-002-Z1,E-35,employee,motion,,2026-07-21 14:52:07
FAC-002-Z3,E-6,employee,badge_swipe,True,2026-07-21 14:52:07
FAC-003-Z1,E-8,employee,badge_swipe,True,2026-07-21 14:52:07
FAC-005-Z2,E-10,employee,badge_swipe,True,2026-07-21 14:52:07
FAC-004-Z2,V-7,visitor,motion,,2026-07-21 14:52:07
FAC-001-Z1,E-18,employee,badge_swipe,True,2026-07-21 14:52:07
FAC-005-Z2,E-50,employee,badge_swipe,False,2026-07-21 14:52:07
FAC-002-Z2,E-30,employee,badge_swipe,True,2026-07-21 14:52:07
FAC-004-Z1,E-20,employee,badge_swipe,True,2026-07-21 14:52:07
FAC-003-Z3,E-7,employee,motion,,2026-07-21 14:52:07
FAC-003-Z3,E-26,employee,motion,,2026-07-21 14:52:07
FAC-003-Z1,E-13,employee,motion,,2026-07-21 14:52:07
FAC-004-Z2,E-9,employee,motion,,2026-07-21 15:07:07
FAC-003-Z2,V-2,visitor,motion,,2026-07-21 15:07:07
FAC-005-Z2,E-4,employee,badge_swipe,True,2026-07-21 15:07:07
FAC-001-Z2,V-8,visitor,motion,,2026-07-21 15:07:07
FAC-003-Z1,E-41,employee,motion,,2026-07-21 15:07:07
FAC-003-Z3,E-11,employee,badge_swipe,True,2026-07-21 15:07:07
FAC-005-Z2,E-11,employee,badge_swipe,True,2026-07-21 15:07:07
FAC-003-Z1,E-28,employee,motion,,2026-07-21 15:07:07
FAC-005-Z1,V-7,visitor,badge_swipe,True,2026-07-21 15:07:07
FAC-005-Z2,E-13,employee,badge_swipe,False,2026-07-21 15:07:07
FAC-003-Z1,E-14,employee,badge_swipe,True,2026-07-21 15:07:07
FAC-003-Z3,E-24,employee,badge_swipe,True,2026-07-21 15:07:07
FAC-003-Z2,E-30,employee,badge_swipe,True,2026-07-21 15:07:07
FAC-003-Z3,E-9,employee,badge_swipe,True,2026-07-21 15:07:07
FAC-001-Z1,E-49,employee,motion,,2026-07-21 15:07:07
FAC-005-Z3,E-47,employee,motion,,2026-07-21 15:22:07
FAC-003-Z2,E-24,employee,motion,,2026-07-21 15:22:07
FAC-001-Z1,E-45,employee,motion,,2026-07-21 15:22:07
FAC-005-Z1,E-27,employee,motion,,2026-07-21 15:22:07
FAC-002-Z1,E-31,employee,motion,,2026-07-21 15:22:07
FAC-001-Z1,E-8,employee,motion,,2026-07-21 15:22:07
FAC-003-Z3,E-25,employee,motion,,2026-07-21 15:22:07
FAC-001-Z2,E-25,employee,badge_swipe,True,2026-07-21 15:22:07
FAC-005-Z3,E-25,employee,motion,,2026-07-21 15:22:07
FAC-003-Z3,V-8,visitor,badge_swipe,True,2026-07-21 15:22:07
FAC-005-Z3,E-42,employee,motion,,2026-07-21 15:22:07
FAC-003-Z2,E-25,employee,motion,,2026-07-21 15:22:07
FAC-002-Z1,E-37,employee,motion,,2026-07-21 15:37:07
FAC-002-Z3,V-6,visitor,badge_swipe,True,2026-07-21 15:37:07
FAC-005-Z2,E-23,employee,badge_swipe,True,2026-07-21 15:37:07
FAC-002-Z1,E-8,employee,motion,,2026-07-21 15:37:07
FAC-003-Z2,E-23,employee,badge_swipe,True,2026-07-21 15:37:07
FAC-005-Z3,E-50,employee,motion,,2026-07-21 15:37:07
FAC-002-Z3,E-22,employee,motion,,2026-07-21 15:37:07
FAC-003-Z1,E-13,employee,badge_swipe,True,2026-07-21 15:37:07
FAC-004-Z3,E-4,employee,badge_swipe,True,2026-07-21 15:37:07
FAC-001-Z1,E-8,employee,badge_swipe,True,2026-07-21 15:37:07
FAC-002-Z1,E-27,employee,motion,,2026-07-21 15:37:07
FAC-005-Z1,E-26,employee,badge_swipe,True,2026-07-21 15:37:07
FAC-004-Z1,E-42,employee,motion,,2026-07-21 15:37:07
FAC-002-Z3,E-20,employee,badge_swipe,True,2026-07-21 15:52:07
FAC-004-Z1,E-1,employee,badge_swipe,True,2026-07-21 15:52:07
FAC-001-Z2,V-6,visitor,badge_swipe,True,2026-07-21 15:52:07
FAC-004-Z2,V-8,visitor,motion,,2026-07-21 15:52:07
FAC-005-Z2,E-6,employee,motion,,2026-07-21 15:52:07
FAC-001-Z1,E-39,employee,motion,,2026-07-21 15:52:07
FAC-001-Z1,E-50,employee,motion,,2026-07-21 15:52:07
FAC-002-Z2,E-24,employee,motion,,2026-07-21 15:52:07
FAC-002-Z2,E-40,employee,motion,,2026-07-21 15:52:07
FAC-004-Z3,E-28,employee,badge_swipe,True,2026-07-21 15:52:07
FAC-005-Z1,E-1,employee,motion,,2026-07-21 15:52:07
FAC-005-Z2,E-6,employee,motion,,2026-07-21 15:52:07
FAC-001-Z1,E-18,employee,badge_swipe,True,2026-07-21 15:52:07
FAC-004-Z2,E-1,employee,badge_swipe,True,2026-07-21 15:52:07
FAC-001-Z2,E-28,employee,badge_swipe,True,2026-07-21 15:52:07
FAC-001-Z1,E-41,employee,motion,,2026-07-21 15:52:07
FAC-002-Z3,E-36,employee,badge_swipe,True,2026-07-21 16:07:07
FAC-004-Z2,E-14,employee,motion,,2026-07-21 16:07:07
FAC-005-Z3,E-17,employee,motion,,2026-07-21 16:07:07
FAC-004-Z2,E-24,employee,badge_swipe,True,2026-07-21 16:07:07
FAC-005-Z2,E-33,employee,badge_swipe,True,2026-07-21 16:07:07
FAC-005-Z3,E-7,employee,badge_swipe,True,2026-07-21 16:07:07
FAC-003-Z2,E-23,employee,badge_swipe,True,2026-07-21 16:07:07
FAC-005-Z1,E-40,employee,motion,,2026-07-21 16:07:07
FAC-001-Z1,E-42,employee,motion,,2026-07-21 16:07:07
FAC-001-Z3,E-49,employee,motion,,2026-07-21 16:07:07
FAC-004-Z3,E-25,employee,motion,,2026-07-21 16:22:07
FAC-004-Z2,E-7,employee,badge_swipe,True,2026-07-21 16:22:07
FAC-005-Z2,E-40,employee,motion,,2026-07-21 16:22:07
FAC-005-Z1,E-1,employee,motion,,2026-07-21 16:22:07
FAC-005-Z2,E-31,employee,badge_swipe,True,2026-07-21 16:22:07
FAC-001-Z1,E-50,employee,motion,,2026-07-21 16:22:07
FAC-005-Z2,E-1,employee,badge_swipe,True,2026-07-21 16:22:07
FAC-003-Z1,V-1,visitor,motion,,2026-07-21 16:22:07
FAC-003-Z2,E-10,employee,motion,,2026-07-21 16:22:07
FAC-002-Z2,E-7,employee,badge_swipe,True,2026-07-21 16:22:07
FAC-003-Z3,V-4,visitor,badge_swipe,True,2026-07-21 16:22:07
FAC-004-Z2,E-35,employee,motion,,2026-07-21 16:22:07
FAC-003-Z3,E-22,employee,badge_swipe,True,2026-07-21 16:22:07
FAC-005-Z2,E-12,employee,motion,,2026-07-21 16:22:07
FAC-001-Z3,E-28,employee,badge_swipe,True,2026-07-21 16:22:07
FAC-002-Z1,E-33,employee,motion,,2026-07-21 16:22:07
FAC-003-Z1,E-29,employee,motion,,2026-07-21 16:22:07
FAC-002-Z2,E-35,employee,badge_swipe,True,2026-07-21 16:37:07
FAC-004-Z3,E-19,employee,badge_swipe,True,2026-07-21 16:37:07
FAC-002-Z1,E-11,employee,badge_swipe,True,2026-07-21 16:37:07
FAC-002-Z3,E-39,employee,motion,,2026-07-21 16:37:07
FAC-004-Z1,E-44,employee,motion,,2026-07-21 16:37:07
FAC-001-Z2,E-4,employee,motion,,2026-07-21 16:37:07
FAC-004-Z1,V-3,visitor,badge_swipe,True,2026-07-21 16:37:07
FAC-002-Z3,E-49,employee,motion,,2026-07-21 16:37:07
FAC-003-Z1,E-41,employee,badge_swipe,True,2026-07-21 16:37:07
FAC-003-Z1,E-44,employee,motion,,2026-07-21 16:37:07
FAC-002-Z1,E-4,employee,badge_swipe,True,2026-07-21 16:37:07
FAC-001-Z3,E-4,employee,badge_swipe,True,2026-07-21 16:37:07
FAC-002-Z1,E-1,employee,badge_swipe,True,2026-07-21 16:37:07
FAC-004-Z1,E-19,employee,badge_swipe,True,2026-07-21 16:37:07
FAC-001-Z1,E-9,employee,motion,,2026-07-21 16:37:07
FAC-005-Z3,E-50,employee,motion,,2026-07-21 16:37:07
FAC-005-Z1,E-2,employee,motion,,2026-07-21 16:37:07
FAC-004-Z3,E-18,employee,motion,,2026-07-21 16:37:07
FAC-004-Z3,E-43,employee,motion,,2026-07-21 16:37:07
FAC-002-Z3,E-12,employee,badge_swipe,True,2026-07-21 16:52:07
FAC-005-Z3,E-15,employee,motion,,2026-07-21 16:52:07
FAC-004-Z1,E-13,employee,badge_swipe,True,2026-07-21 16:52:07
FAC-001-Z1,E-19,employee,badge_swipe,True,2026-07-21 16:52:07
FAC-001-Z2,E-38,employee,badge_swipe,True,2026-07-21 16:52:07
FAC-005-Z2,E-26,employee,motion,,2026-07-21 16:52:07
FAC-005-Z1,E-49,employee,badge_swipe,True,2026-07-21 16:52:07
FAC-002-Z3,E-7,employee,badge_swipe,True,2026-07-21 16:52:07
FAC-004-Z1,E-14,employee,badge_swipe,True,2026-07-21 16:52:07
FAC-001-Z3,V-6,visitor,motion,,2026-07-21 17:07:07
FAC-003-Z3,V-8,visitor,motion,,2026-07-21 17:07:07
FAC-001-Z3,E-46,employee,motion,,2026-07-21 17:07:07
FAC-002-Z2,E-47,employee,badge_swipe,True,2026-07-21 17:07:07
FAC-004-Z3,E-13,employee,badge_swipe,True,2026-07-21 17:07:07
FAC-005-Z3,E-39,employee,badge_swipe,True,2026-07-21 17:07:07
FAC-005-Z1,V-3,visitor,motion,,2026-07-21 17:07:07
FAC-003-Z1,E-40,employee,motion,,2026-07-21 17:07:07
FAC-004-Z1,E-33,employee,badge_swipe,True,2026-07-21 17:07:07
FAC-001-Z3,E-26,employee,motion,,2026-07-21 17:07:07
FAC-004-Z1,E-1,employee,motion,,2026-07-21 17:07:07
FAC-002-Z1,E-19,employee,badge_swipe,True,2026-07-21 17:22:07
FAC-003-Z1,E-21,employee,motion,,2026-07-21 17:22:07
FAC-001-Z2,E-33,employee,badge_swipe,True,2026-07-21 17:22:07
FAC-004-Z3,E-24,employee,motion,,2026-07-21 17:22:07
FAC-002-Z1,E-33,employee,badge_swipe,True,2026-07-21 17:22:07
FAC-003-Z1,E-36,employee,motion,,2026-07-21 17:22:07
FAC-003-Z1,E-16,employee,badge_swipe,True,2026-07-21 17:22:07
FAC-001-Z1,E-31,employee,badge_swipe,True,2026-07-21 17:37:07
FAC-001-Z3,E-42,employee,badge_swipe,True,2026-07-21 17:37:07
FAC-004-Z1,E-15,employee,motion,,2026-07-21 17:37:07
FAC-005-Z3,E-44,employee,motion,,2026-07-21 17:37:07
FAC-004-Z3,E-29,employee,motion,,2026-07-21 17:37:07
FAC-001-Z3,E-29,employee,badge_swipe,True,2026-07-21 17:52:07
FAC-001-Z2,E-2,employee,motion,,2026-07-21 17:52:07
FAC-002-Z1,E-6,employee,motion,,2026-07-21 17:52:07
FAC-003-Z2,E-46,employee,motion,,2026-07-21 17:52:07
FAC-004-Z1,E-44,employee,motion,,2026-07-21 17:52:07
FAC-001-Z2,E-37,employee,badge_swipe,True,2026-07-21 18:07:07
FAC-002-Z3,E-41,employee,motion,,2026-07-21 18:07:07
FAC-001-Z3,E-28,employee,badge_swipe,True,2026-07-21 18:07:07
FAC-001-Z3,E-20,employee,motion,,2026-07-21 18:07:07
FAC-004-Z3,V-5,visitor,motion,,2026-07-21 18:07:07
FAC-002-Z1,E-24,employee,badge_swipe,True,2026-07-21 18:07:07
FAC-001-Z1,E-18,employee,motion,,2026-07-21 18:07:07
FAC-003-Z2,E-14,employee,motion,,2026-07-21 18:07:07
FAC-002-Z2,E-28,employee,badge_swipe,True,2026-07-21 18:07:07
FAC-005-Z1,E-47,employee,badge_swipe,True,2026-07-21 18:07:07
FAC-002-Z1,E-27,employee,badge_swipe,True,2026-07-21 18:07:07
FAC-002-Z3,E-40,employee,motion,,2026-07-21 18:07:07
FAC-002-Z3,E-27,employee,motion,,2026-07-21 18:07:07
FAC-001-Z2,E-44,employee,badge_swipe,True,2026-07-21 18:07:07
FAC-005-Z2,E-19,employee,badge_swipe,True,2026-07-21 18:22:07
FAC-005-Z3,E-31,employee,badge_swipe,True,2026-07-21 18:22:07
FAC-004-Z2,E-41,employee,motion,,2026-07-21 18:22:07
FAC-003-Z3,E-13,employee,badge_swipe,True,2026-07-21 18:22:07
FAC-001-Z3,E-48,employee,badge_swipe,True,2026-07-21 18:22:07
FAC-002-Z1,E-7,employee,badge_swipe,True,2026-07-21 18:22:07
FAC-003-Z2,E-13,employee,motion,,2026-07-21 18:22:07
FAC-004-Z2,E-45,employee,motion,,2026-07-21 18:22:07
FAC-002-Z2,E-35,employee,badge_swipe,True,2026-07-21 18:22:07
FAC-005-Z3,E-5,employee,motion,,2026-07-21 18:22:07
FAC-002-Z2,V-4,visitor,badge_swipe,True,2026-07-21 18:22:07
FAC-002-Z3,E-46,employee,motion,,2026-07-21 18:22:07
FAC-003-Z2,E-29,employee,badge_swipe,True,2026-07-21 18:37:07
FAC-002-Z2,E-12,employee,motion,,2026-07-21 18:37:07
FAC-004-Z3,E-20,employee,motion,,2026-07-21 18:37:07
FAC-004-Z1,E-33,employee,badge_swipe,True,2026-07-21 18:37:07
FAC-003-Z3,E-44,employee,motion,,2026-07-21 18:37:07
FAC-005-Z1,E-2,employee,badge_swipe,True,2026-07-21 18:37:07
FAC-005-Z1,E-17,employee,badge_swipe,True,2026-07-21 18:37:07
FAC-001-Z1,E-32,employee,badge_swipe,True,2026-07-21 18:37:07
FAC-001-Z1,E-1,employee,motion,,2026-07-21 18:37:07
FAC-001-Z2,E-23,employee,motion,,2026-07-21 18:37:07
FAC-001-Z3,E-2,employee,motion,,2026-07-21 18:37:07
FAC-003-Z2,E-36,employee,badge_swipe,True,2026-07-21 18:37:07
FAC-001-Z2,E-25,employee,motion,,2026-07-21 18:37:07
FAC-001-Z3,E-23,employee,motion,,2026-07-21 18:37:07
FAC-003-Z1,E-16,employee,motion,,2026-07-21 18:37:07
FAC-004-Z3,E-19,employee,badge_swipe,True,2026-07-21 18:37:07
FAC-004-Z2,E-7,employee,motion,,2026-07-21 18:37:07
FAC-003-Z1,E-4,employee,motion,,2026-07-21 18:37:07
FAC-001-Z3,E-8,employee,motion,,2026-07-21 18:52:07
FAC-002-Z2,E-31,employee,badge_swipe,True,2026-07-21 18:52:07
FAC-005-Z1,V-8,visitor,motion,,2026-07-21 18:52:07
FAC-001-Z3,V-1,visitor,motion,,2026-07-21 18:52:07
FAC-002-Z3,E-41,employee,motion,,2026-07-21 18:52:07
FAC-005-Z3,E-39,employee,motion,,2026-07-21 18:52:07
FAC-003-Z1,E-21,employee,badge_swipe,True,2026-07-21 18:52:07
FAC-003-Z2,E-41,employee,motion,,2026-07-21 18:52:07
FAC-003-Z2,E-18,employee,badge_swipe,True,2026-07-21 18:52:07
FAC-001-Z3,E-2,employee,motion,,2026-07-21 19:22:07
FAC-004-Z2,E-8,employee,motion,,2026-07-21 19:22:07
FAC-003-Z2,E-48,employee,badge_swipe,True,2026-07-21 19:37:07
FAC-003-Z1,E-48,employee,motion,,2026-07-21 19:52:07
FAC-003-Z2,E-26,employee,motion,,2026-07-21 19:52:07
FAC-001-Z1,E-44,employee,badge_swipe,True,2026-07-21 20:07:07
FAC-003-Z2,E-6,employee,badge_swipe,True,2026-07-21 20:07:07
FAC-003-Z3,E-21,employee,motion,,2026-07-21 20:07:07
FAC-004-Z2,E-33,employee,badge_swipe,True,2026-07-21 20:22:07
FAC-004-Z3,E-50,employee,motion,,2026-07-21 20:22:07
FAC-002-Z1,E-5,employee,badge_swipe,True,2026-07-21 20:22:07
FAC-001-Z2,E-18,employee,badge_swipe,True,2026-07-21 20:37:07
FAC-002-Z2,E-13,employee,motion,,2026-07-21 20:37:07
FAC-001-Z2,E-13,employee,motion,,2026-07-21 20:37:07
FAC-001-Z2,E-23,employee,badge_swipe,True,2026-07-21 21:07:07
FAC-003-Z2,E-18,employee,badge_swipe,True,2026-07-21 21:22:07
FAC-003-Z1,E-46,employee,motion,,2026-07-21 21:37:07
FAC-001-Z2,V-5,visitor,motion,,2026-07-21 21:37:07
FAC-002-Z3,E-9,employee,badge_swipe,True,2026-07-21 21:52:07
FAC-002-Z1,E-26,employee,motion,,2026-07-21 22:07:07
FAC-005-Z2,V-2,visitor,motion,,2026-07-21 22:22:07
FAC-005-Z1,E-5,employee,badge_swipe,True,2026-07-21 22:22:07
FAC-004-Z3,E-15,employee,badge_swipe,True,2026-07-21 22:52:07
FAC-004-Z3,E-4,employee,badge_swipe,True,2026-07-21 22:52:07
FAC-001-Z2,E-33,employee,badge_swipe,True,2026-07-21 22:52:07
FAC-001-Z3,E-1,employee,badge_swipe,True,2026-07-21 23:22:07
FAC-005-Z1,E-14,employee,badge_swipe,True,2026-07-21 23:22:07
FAC-004-Z1,E-29,employee,badge_swipe,True,2026-07-21 23:22:07
FAC-001-Z3,V-8,visitor,motion,,2026-07-21 23:37:07
FAC-005-Z2,E-22,employee,badge_swipe,True,2026-07-21 23:37:07
FAC-003-Z1,E-19,employee,badge_swipe,True,2026-07-21 23:37:07
FAC-002-Z2,E-39,employee,badge_swipe,True,2026-07-21 23:52:07
FAC-002-Z3,E-38,employee,motion,,2026-07-21 23:52:07
FAC-001-Z1,E-33,employee,motion,,2026-07-21 23:52:07
FAC-001-Z3,E-39,employee,motion,,2026-07-22 00:07:07
FAC-005-Z1,E-6,employee,badge_swipe,True,2026-07-22 00:07:07
FAC-001-Z1,E-38,employee,motion,,2026-07-22 00:22:07
FAC-001-Z1,V-4,visitor,motion,,2026-07-22 00:22:07
FAC-003-Z2,E-16,employee,motion,,2026-07-22 00:37:07
FAC-002-Z2,E-23,employee,motion,,2026-07-22 00:37:07
FAC-001-Z2,E-39,employee,badge_swipe,True,2026-07-22 00:37:07
FAC-003-Z2,E-19,employee,badge_swipe,True,2026-07-22 00:52:07
FAC-003-Z2,E-13,employee,motion,,2026-07-22 00:52:07
FAC-002-Z1,E-39,employee,badge_swipe,True,2026-07-22 01:07:07
FAC-003-Z2,E-49,employee,badge_swipe,True,2026-07-22 01:07:07
FAC-005-Z3,E-46,employee,motion,,2026-07-22 02:07:07
FAC-001-Z1,E-21,employee,motion,,2026-07-22 02:22:07
FAC-002-Z1,E-36,employee,badge_swipe,True,2026-07-22 02:37:07
FAC-003-Z2,E-5,employee,badge_swipe,True,2026-07-22 02:37:07
FAC-001-Z2,E-41,employee,motion,,2026-07-22 02:37:07
FAC-001-Z2,V-5,visitor,motion,,2026-07-22 02:52:07
FAC-001-Z1,V-7,visitor,motion,,2026-07-22 02:52:07
FAC-001-Z2,E-24,employee,motion,,2026-07-22 02:52:07
FAC-005-Z2,E-30,employee,motion,,2026-07-22 03:07:07
FAC-002-Z3,E-10,employee,motion,,2026-07-22 03:07:07
FAC-003-Z3,E-36,employee,motion,,2026-07-22 03:22:07
FAC-002-Z3,E-15,employee,badge_swipe,True,2026-07-22 03:22:07
FAC-002-Z3,E-48,employee,badge_swipe,True,2026-07-22 03:37:07
FAC-002-Z1,E-20,employee,motion,,2026-07-22 03:37:07
FAC-004-Z1,E-45,employee,motion,,2026-07-22 03:52:07
FAC-003-Z2,E-24,employee,badge_swipe,True,2026-07-22 03:52:07
FAC-002-Z1,E-19,employee,motion,,2026-07-22 04:07:07
FAC-002-Z3,E-28,employee,badge_swipe,False,2026-07-22 04:07:07
FAC-004-Z2,E-11,employee,badge_swipe,True,2026-07-22 04:22:07
FAC-002-Z1,E-25,employee,badge_swipe,True,2026-07-22 04:22:07
FAC-001-Z2,E-44,employee,motion,,2026-07-22 04:37:07
FAC-003-Z2,E-4,employee,motion,,2026-07-22 04:37:07
FAC-003-Z2,V-9,visitor,motion,,2026-07-22 04:37:07
FAC-005-Z2,E-22,employee,motion,,2026-07-22 04:52:07
FAC-002-Z1,E-30,employee,motion,,2026-07-22 04:52:07
FAC-004-Z2,E-25,employee,badge_swipe,False,2026-07-22 04:52:07
FAC-001-Z3,E-10,employee,motion,,2026-07-22 05:07:07
FAC-003-Z3,E-46,employee,badge_swipe,True,2026-07-22 05:37:07
FAC-001-Z3,E-42,employee,motion,,2026-07-22 05:52:07
FAC-001-Z2,E-23,employee,motion,,2026-07-22 05:52:07
FAC-005-Z2,E-32,employee,motion,,2026-07-22 06:07:07
FAC-004-Z3,E-44,employee,badge_swipe,True,2026-07-22 06:22:07
FAC-002-Z1,E-15,employee,motion,,2026-07-22 06:52:07
FAC-005-Z3,V-9,visitor,motion,,2026-07-22 06:52:07
FAC-001-Z3,E-32,employee,badge_swipe,True,2026-07-22 06:52:07
FAC-005-Z2,E-28,employee,motion,,2026-07-22 07:07:07
FAC-002-Z2,E-27,employee,motion,,2026-07-22 07:07:07
FAC-001-Z3,V-8,visitor,motion,,2026-07-22 07:07:07
FAC-003-Z2,V-7,visitor,motion,,2026-07-22 07:22:07
FAC-003-Z3,E-24,employee,motion,,2026-07-22 07:37:07
FAC-003-Z1,E-34,employee,badge_swipe,True,2026-07-22 07:52:07
FAC-001-Z1,E-50,employee,badge_swipe,True,2026-07-22 07:52:07
FAC-003-Z3,E-7,employee,motion,,2026-07-22 07:52:07
FAC-004-Z2,E-15,employee,badge_swipe,True,2026-07-22 08:07:07
FAC-005-Z3,E-33,employee,motion,,2026-07-22 08:07:07
FAC-002-Z2,E-10,employee,motion,,2026-07-22 08:07:07
FAC-004-Z2,E-44,employee,badge_swipe,True,2026-07-22 08:07:07
FAC-002-Z1,E-41,employee,badge_swipe,True,2026-07-22 08:07:07
FAC-003-Z1,E-43,employee,badge_swipe,True,2026-07-22 08:07:07
FAC-003-Z1,E-40,employee,badge_swipe,True,2026-07-22 08:07:07
FAC-005-Z2,E-7,employee,badge_swipe,True,2026-07-22 08:07:07
FAC-004-Z2,E-11,employee,badge_swipe,True,2026-07-22 08:07:07
FAC-001-Z1,E-46,employee,motion,,2026-07-22 08:07:07
FAC-002-Z3,E-34,employee,motion,,2026-07-22 08:07:07
FAC-004-Z2,E-36,employee,badge_swipe,True,2026-07-22 08:07:07
FAC-003-Z1,E-4,employee,motion,,2026-07-22 08:22:07
FAC-002-Z3,V-1,visitor,motion,,2026-07-22 08:22:07
FAC-005-Z1,E-28,employee,badge_swipe,True,2026-07-22 08:22:07
FAC-005-Z2,E-19,employee,badge_swipe,True,2026-07-22 08:22:07
FAC-005-Z3,E-26,employee,motion,,2026-07-22 08:22:07
FAC-001-Z1,E-18,employee,motion,,2026-07-22 08:22:07
FAC-001-Z1,V-4,visitor,motion,,2026-07-22 08:22:07
FAC-003-Z1,E-3,employee,badge_swipe,True,2026-07-22 08:22:07
FAC-003-Z3,E-25,employee,badge_swipe,True,2026-07-22 08:37:07
FAC-001-Z3,E-14,employee,motion,,2026-07-22 08:37:07
FAC-005-Z2,E-43,employee,badge_swipe,True,2026-07-22 08:37:07
FAC-004-Z2,E-35,employee,badge_swipe,True,2026-07-22 08:37:07
FAC-004-Z1,V-6,visitor,motion,,2026-07-22 08:37:07
FAC-003-Z3,E-13,employee,badge_swipe,True,2026-07-22 08:37:07
FAC-004-Z1,E-25,employee,motion,,2026-07-22 08:37:07
FAC-003-Z2,E-19,employee,motion,,2026-07-22 08:52:07
FAC-002-Z1,E-8,employee,motion,,2026-07-22 08:52:07
FAC-005-Z1,E-13,employee,badge_swipe,True,2026-07-22 08:52:07
FAC-004-Z3,E-30,employee,motion,,2026-07-22 08:52:07
FAC-002-Z2,E-30,employee,motion,,2026-07-22 08:52:07
FAC-001-Z1,E-18,employee,motion,,2026-07-22 08:52:07
FAC-001-Z1,E-23,employee,badge_swipe,False,2026-07-22 08:52:07
FAC-003-Z1,E-14,employee,badge_swipe,True,2026-07-22 08:52:07
FAC-003-Z2,E-32,employee,motion,,2026-07-22 08:52:07
FAC-005-Z3,E-41,employee,badge_swipe,True,2026-07-22 08:52:07
FAC-003-Z1,E-20,employee,badge_swipe,True,2026-07-22 08:52:07
FAC-004-Z2,V-9,visitor,motion,,2026-07-22 08:52:07
FAC-004-Z3,E-23,employee,motion,,2026-07-22 08:52:07
FAC-005-Z2,E-31,employee,badge_swipe,True,2026-07-22 08:52:07
FAC-002-Z1,E-30,employee,badge_swipe,True,2026-07-22 08:52:07
FAC-001-Z3,E-13,employee,motion,,2026-07-22 09:07:07
FAC-005-Z3,E-42,employee,badge_swipe,False,2026-07-22 09:07:07
FAC-005-Z1,E-19,employee,badge_swipe,True,2026-07-22 09:07:07
FAC-002-Z3,E-40,employee,motion,,2026-07-22 09:07:07
FAC-005-Z2,E-13,employee,motion,,2026-07-22 09:07:07
FAC-003-Z3,E-3,employee,motion,,2026-07-22 09:07:07
FAC-002-Z2,E-5,employee,motion,,2026-07-22 09:07:07
FAC-001-Z2,E-44,employee,motion,,2026-07-22 09:07:07
FAC-002-Z1,E-26,employee,badge_swipe,True,2026-07-22 09:07:07
FAC-004-Z1,E-50,employee,badge_swipe,True,2026-07-22 09:07:07
FAC-002-Z2,E-41,employee,motion,,2026-07-22 09:07:07
FAC-005-Z2,E-6,employee,badge_swipe,True,2026-07-22 09:07:07
FAC-003-Z2,E-32,employee,badge_swipe,True,2026-07-22 09:07:07
FAC-002-Z3,E-40,employee,badge_swipe,True,2026-07-22 09:07:07
FAC-005-Z1,V-1,visitor,badge_swipe,True,2026-07-22 09:22:07
FAC-002-Z2,E-4,employee,motion,,2026-07-22 09:22:07
FAC-004-Z2,V-8,visitor,badge_swipe,True,2026-07-22 09:22:07
FAC-002-Z2,V-6,visitor,badge_swipe,True,2026-07-22 09:22:07
FAC-002-Z1,E-45,employee,badge_swipe,True,2026-07-22 09:22:07
FAC-003-Z1,E-24,employee,motion,,2026-07-22 09:22:07
FAC-002-Z2,E-16,employee,badge_swipe,True,2026-07-22 09:22:07
FAC-001-Z3,V-7,visitor,badge_swipe,True,2026-07-22 09:22:07
FAC-005-Z1,E-19,employee,badge_swipe,True,2026-07-22 09:22:07
FAC-001-Z2,E-27,employee,badge_swipe,False,2026-07-22 09:22:07
FAC-003-Z2,E-32,employee,badge_swipe,True,2026-07-22 09:22:07
FAC-004-Z3,E-4,employee,badge_swipe,True,2026-07-22 09:22:07
FAC-004-Z3,E-22,employee,motion,,2026-07-22 09:22:07
FAC-004-Z1,E-18,employee,motion,,2026-07-22 09:22:07
FAC-004-Z1,E-34,employee,motion,,2026-07-22 09:22:07
FAC-005-Z2,E-18,employee,badge_swipe,True,2026-07-22 09:22:07
FAC-002-Z3,E-26,employee,motion,,2026-07-22 09:22:07
FAC-005-Z1,E-39,employee,motion,,2026-07-22 09:22:07
FAC-002-Z3,E-45,employee,badge_swipe,True,2026-07-22 09:22:07
FAC-001-Z1,E-14,employee,badge_swipe,True,2026-07-22 09:22:07
FAC-005-Z3,E-22,employee,motion,,2026-07-22 09:37:07
FAC-004-Z2,E-50,employee,motion,,2026-07-22 09:37:07
FAC-002-Z1,V-10,visitor,badge_swipe,True,2026-07-22 09:37:07
FAC-002-Z3,E-50,employee,badge_swipe,True,2026-07-22 09:37:07
FAC-005-Z2,E-21,employee,badge_swipe,True,2026-07-22 09:37:07
FAC-001-Z2,V-2,visitor,badge_swipe,True,2026-07-22 09:37:07
FAC-004-Z1,V-1,visitor,badge_swipe,True,2026-07-22 09:37:07
FAC-001-Z1,V-7,visitor,badge_swipe,True,2026-07-22 09:37:07
FAC-003-Z3,E-48,employee,badge_swipe,True,2026-07-22 09:37:07
FAC-001-Z2,E-17,employee,motion,,2026-07-22 09:37:07
FAC-004-Z2,E-21,employee,badge_swipe,True,2026-07-22 09:37:07
FAC-001-Z1,E-16,employee,badge_swipe,True,2026-07-22 09:52:07
FAC-002-Z2,E-14,employee,motion,,2026-07-22 09:52:07
FAC-002-Z2,E-33,employee,badge_swipe,True,2026-07-22 09:52:07
FAC-001-Z1,E-23,employee,badge_swipe,True,2026-07-22 09:52:07
FAC-001-Z1,E-8,employee,motion,,2026-07-22 09:52:07
FAC-004-Z2,V-9,visitor,badge_swipe,True,2026-07-22 09:52:07
FAC-002-Z2,E-12,employee,badge_swipe,True,2026-07-22 09:52:07
FAC-004-Z2,E-38,employee,badge_swipe,True,2026-07-22 09:52:07
FAC-004-Z3,E-47,employee,badge_swipe,True,2026-07-22 09:52:07
FAC-002-Z1,E-26,employee,motion,,2026-07-22 09:52:07
FAC-002-Z1,E-36,employee,motion,,2026-07-22 10:07:07
FAC-005-Z2,E-17,employee,badge_swipe,True,2026-07-22 10:07:07
FAC-002-Z3,E-39,employee,badge_swipe,True,2026-07-22 10:07:07
FAC-003-Z1,V-3,visitor,badge_swipe,True,2026-07-22 10:07:07
FAC-005-Z1,E-24,employee,motion,,2026-07-22 10:07:07
FAC-001-Z1,E-19,employee,motion,,2026-07-22 10:22:07
FAC-004-Z3,E-34,employee,motion,,2026-07-22 10:22:07
FAC-004-Z2,E-6,employee,badge_swipe,True,2026-07-22 10:22:07
FAC-001-Z1,E-14,employee,badge_swipe,True,2026-07-22 10:22:07
FAC-005-Z3,E-23,employee,badge_swipe,True,2026-07-22 10:22:07
FAC-001-Z1,E-46,employee,motion,,2026-07-22 10:22:07
FAC-002-Z1,E-34,employee,badge_swipe,True,2026-07-22 10:22:07
FAC-002-Z1,E-13,employee,badge_swipe,True,2026-07-22 10:22:07
FAC-003-Z2,E-44,employee,badge_swipe,True,2026-07-22 10:22:07
FAC-001-Z3,V-5,visitor,badge_swipe,True,2026-07-22 10:22:07
FAC-001-Z3,E-12,employee,badge_swipe,True,2026-07-22 10:22:07
FAC-003-Z3,E-49,employee,badge_swipe,True,2026-07-22 10:22:07
FAC-002-Z2,V-5,visitor,motion,,2026-07-22 10:22:07
FAC-004-Z3,E-28,employee,badge_swipe,True,2026-07-22 10:22:07
FAC-003-Z3,E-29,employee,badge_swipe,True,2026-07-22 10:37:07
FAC-001-Z2,E-31,employee,motion,,2026-07-22 10:37:07
FAC-004-Z1,E-44,employee,motion,,2026-07-22 10:37:07
FAC-003-Z1,E-33,employee,badge_swipe,True,2026-07-22 10:37:07
FAC-003-Z1,E-46,employee,badge_swipe,True,2026-07-22 10:37:07
FAC-005-Z1,E-7,employee,badge_swipe,True,2026-07-22 10:37:07
FAC-001-Z1,E-13,employee,badge_swipe,True,2026-07-22 10:37:07
FAC-005-Z2,E-2,employee,badge_swipe,True,2026-07-22 10:37:07
FAC-005-Z1,E-25,employee,motion,,2026-07-22 10:37:07
FAC-003-Z1,E-42,employee,badge_swipe,True,2026-07-22 10:37:07
FAC-005-Z1,E-14,employee,motion,,2026-07-22 10:37:07
FAC-002-Z3,E-11,employee,badge_swipe,True,2026-07-22 10:37:07
FAC-001-Z1,E-16,employee,badge_swipe,True,2026-07-22 10:37:07
FAC-003-Z3,E-15,employee,badge_swipe,True,2026-07-22 10:37:07
FAC-004-Z2,V-8,visitor,motion,,2026-07-22 10:37:07
FAC-002-Z2,E-21,employee,motion,,2026-07-22 10:37:07
FAC-003-Z1,V-2,visitor,badge_swipe,True,2026-07-22 10:37:07
FAC-002-Z1,E-26,employee,motion,,2026-07-22 10:37:07
FAC-002-Z2,V-3,visitor,motion,,2026-07-22 10:52:07
FAC-001-Z3,E-44,employee,badge_swipe,True,2026-07-22 10:52:07
FAC-005-Z2,V-8,visitor,motion,,2026-07-22 10:52:07
FAC-004-Z3,E-30,employee,badge_swipe,True,2026-07-22 10:52:07
FAC-005-Z3,E-4,employee,motion,,2026-07-22 10:52:07
FAC-005-Z3,E-30,employee,badge_swipe,True,2026-07-22 10:52:07
FAC-005-Z2,E-28,employee,motion,,2026-07-22 10:52:07
FAC-001-Z2,E-5,employee,motion,,2026-07-22 10:52:07
FAC-001-Z1,E-1,employee,badge_swipe,True,2026-07-22 10:52:07
FAC-004-Z2,E-28,employee,motion,,2026-07-22 10:52:07
FAC-003-Z1,E-20,employee,badge_swipe,True,2026-07-22 10:52:07
FAC-002-Z1,E-1,employee,motion,,2026-07-22 10:52:07
FAC-005-Z2,E-4,employee,badge_swipe,True,2026-07-22 10:52:07
FAC-002-Z2,E-15,employee,badge_swipe,True,2026-07-22 11:07:07
FAC-003-Z3,E-18,employee,motion,,2026-07-22 11:07:07
FAC-001-Z3,E-15,employee,motion,,2026-07-22 11:07:07
FAC-005-Z1,E-32,employee,badge_swipe,True,2026-07-22 11:07:07
FAC-004-Z1,E-15,employee,badge_swipe,True,2026-07-22 11:07:07
FAC-002-Z2,E-19,employee,motion,,2026-07-22 11:07:07
FAC-002-Z3,E-5,employee,badge_swipe,True,2026-07-22 11:07:07
FAC-002-Z2,E-17,employee,motion,,2026-07-22 11:07:07
FAC-003-Z1,E-41,employee,badge_swipe,True,2026-07-22 11:07:07
FAC-003-Z1,E-10,employee,motion,,2026-07-22 11:07:07
FAC-005-Z3,E-18,employee,badge_swipe,True,2026-07-22 11:07:07
FAC-004-Z1,E-21,employee,motion,,2026-07-22 11:07:07
FAC-004-Z3,E-20,employee,badge_swipe,True,2026-07-22 11:07:07
FAC-004-Z1,E-25,employee,motion,,2026-07-22 11:07:07
FAC-005-Z1,E-43,employee,badge_swipe,True,2026-07-22 11:07:07
FAC-003-Z3,V-5,visitor,motion,,2026-07-22 11:07:07
FAC-005-Z3,E-32,employee,motion,,2026-07-22 11:07:07
FAC-005-Z2,E-42,employee,motion,,2026-07-22 11:22:07
FAC-004-Z1,E-24,employee,badge_swipe,True,2026-07-22 11:22:07
FAC-003-Z2,E-45,employee,badge_swipe,True,2026-07-22 11:22:07
FAC-002-Z2,V-3,visitor,motion,,2026-07-22 11:22:07
FAC-004-Z3,E-10,employee,badge_swipe,True,2026-07-22 11:22:07
FAC-004-Z2,V-10,visitor,badge_swipe,True,2026-07-22 11:22:07
FAC-002-Z1,V-2,visitor,badge_swipe,True,2026-07-22 11:22:07
FAC-001-Z2,E-46,employee,motion,,2026-07-22 11:22:07
FAC-005-Z3,E-19,employee,motion,,2026-07-22 11:22:07
FAC-003-Z3,E-20,employee,motion,,2026-07-22 11:22:07
FAC-002-Z3,E-45,employee,motion,,2026-07-22 11:22:07
FAC-001-Z1,E-14,employee,motion,,2026-07-22 11:22:07
FAC-001-Z1,E-29,employee,motion,,2026-07-22 11:22:07
FAC-001-Z1,E-10,employee,badge_swipe,True,2026-07-22 11:22:07
FAC-002-Z1,E-33,employee,motion,,2026-07-22 11:22:07
FAC-002-Z3,E-1,employee,motion,,2026-07-22 11:22:07
FAC-003-Z3,V-5,visitor,badge_swipe,True,2026-07-22 11:37:07
FAC-002-Z2,E-32,employee,badge_swipe,True,2026-07-22 11:37:07
FAC-003-Z1,V-10,visitor,badge_swipe,True,2026-07-22 11:37:07
FAC-003-Z1,E-2,employee,motion,,2026-07-22 11:37:07
FAC-004-Z1,V-6,visitor,motion,,2026-07-22 11:37:07
FAC-001-Z1,E-8,employee,badge_swipe,True,2026-07-22 11:37:07
FAC-002-Z3,E-14,employee,motion,,2026-07-22 11:37:07
FAC-004-Z1,E-13,employee,motion,,2026-07-22 11:37:07
FAC-005-Z1,E-5,employee,badge_swipe,True,2026-07-22 11:37:07
FAC-001-Z2,E-23,employee,motion,,2026-07-22 11:37:07
FAC-005-Z2,E-6,employee,badge_swipe,True,2026-07-22 11:37:07
FAC-004-Z3,E-1,employee,badge_swipe,True,2026-07-22 11:52:07
FAC-003-Z1,E-30,employee,badge_swipe,True,2026-07-22 11:52:07
FAC-003-Z2,E-12,employee,motion,,2026-07-22 11:52:07
FAC-001-Z2,E-3,employee,badge_swipe,True,2026-07-22 11:52:07
FAC-003-Z3,E-16,employee,motion,,2026-07-22 11:52:07
FAC-003-Z3,E-45,employee,badge_swipe,True,2026-07-22 11:52:07
FAC-003-Z3,E-25,employee,motion,,2026-07-22 11:52:07
FAC-002-Z1,E-49,employee,motion,,2026-07-22 11:52:07
FAC-001-Z1,E-40,employee,motion,,2026-07-22 11:52:07
FAC-003-Z3,E-16,employee,badge_swipe,True,2026-07-22 11:52:07
FAC-001-Z3,E-30,employee,motion,,2026-07-22 11:52:07
FAC-001-Z1,E-19,employee,badge_swipe,False,2026-07-22 11:52:07
FAC-001-Z2,E-1,employee,motion,,2026-07-22 11:52:07
FAC-001-Z3,E-12,employee,motion,,2026-07-22 11:52:07
FAC-003-Z3,E-22,employee,motion,,2026-07-22 12:07:07
FAC-005-Z3,V-3,visitor,motion,,2026-07-22 12:07:07
FAC-004-Z1,E-36,employee,badge_swipe,True,2026-07-22 12:07:07
FAC-001-Z1,E-25,employee,badge_swipe,False,2026-07-22 12:07:07
FAC-001-Z3,E-6,employee,motion,,2026-07-22 12:07:07
FAC-003-Z1,E-26,employee,motion,,2026-07-22 12:07:07
FAC-004-Z1,E-33,employee,motion,,2026-07-22 12:07:07
FAC-005-Z3,E-9,employee,badge_swipe,True,2026-07-22 12:07:07
FAC-004-Z2,E-7,employee,motion,,2026-07-22 12:07:07
FAC-005-Z3,V-7,visitor,badge_swipe,True,2026-07-22 12:07:07
FAC-005-Z1,E-36,employee,motion,,2026-07-22 12:22:07
FAC-004-Z3,E-48,employee,badge_swipe,True,2026-07-22 12:22:07
FAC-002-Z1,E-45,employee,badge_swipe,True,2026-07-22 12:22:07
FAC-004-Z3,E-44,employee,motion,,2026-07-22 12:22:07
FAC-004-Z2,E-15,employee,badge_swipe,True,2026-07-22 12:22:07
FAC-002-Z3,E-41,employee,badge_swipe,True,2026-07-22 12:22:07
FAC-001-Z3,E-42,employee,motion,,2026-07-22 12:22:07
FAC-002-Z2,E-39,employee,badge_swipe,True,2026-07-22 12:22:07
FAC-003-Z3,E-15,employee,motion,,2026-07-22 12:22:07
FAC-001-Z2,E-43,employee,motion,,2026-07-22 12:22:07
FAC-001-Z3,E-5,employee,motion,,2026-07-22 12:22:07
FAC-004-Z1,E-33,employee,motion,,2026-07-22 12:22:07
FAC-001-Z2,E-14,employee,motion,,2026-07-22 12:22:07
FAC-001-Z2,E-48,employee,motion,,2026-07-22 12:22:07
FAC-004-Z1,E-1,employee,badge_swipe,False,2026-07-22 12:22:07
FAC-001-Z1,E-28,employee,badge_swipe,True,2026-07-22 12:22:07
FAC-005-Z1,E-37,employee,badge_swipe,True,2026-07-22 12:22:07
FAC-005-Z2,E-22,employee,motion,,2026-07-22 12:22:07
FAC-003-Z2,E-13,employee,motion,,2026-07-22 12:37:07
FAC-004-Z3,E-4,employee,badge_swipe,True,2026-07-22 12:37:07
FAC-002-Z1,E-43,employee,motion,,2026-07-22 12:37:07
FAC-001-Z2,E-16,employee,badge_swipe,True,2026-07-22 12:37:07
FAC-003-Z2,E-23,employee,badge_swipe,True,2026-07-22 12:37:07
FAC-002-Z1,E-5,employee,motion,,2026-07-22 12:37:07
FAC-002-Z1,E-33,employee,motion,,2026-07-22 12:37:07
FAC-003-Z1,V-5,visitor,badge_swipe,True,2026-07-22 12:37:07
FAC-001-Z3,E-5,employee,badge_swipe,True,2026-07-22 12:37:07
FAC-003-Z1,E-41,employee,motion,,2026-07-22 12:37:07
FAC-004-Z1,E-11,employee,motion,,2026-07-22 12:37:07
FAC-001-Z1,E-41,employee,motion,,2026-07-22 12:37:07
FAC-003-Z3,E-20,employee,badge_swipe,True,2026-07-22 12:37:07
FAC-005-Z3,E-22,employee,badge_swipe,True,2026-07-22 12:37:07
FAC-002-Z2,E-29,employee,motion,,2026-07-22 12:37:07
FAC-001-Z2,E-25,employee,badge_swipe,True,2026-07-22 12:37:07
FAC-004-Z3,E-27,employee,badge_swipe,True,2026-07-22 12:37:07
FAC-002-Z3,E-23,employee,motion,,2026-07-22 12:37:07
FAC-002-Z1,E-8,employee,motion,,2026-07-22 12:37:07
FAC-001-Z3,E-42,employee,motion,,2026-07-22 12:52:07
FAC-005-Z1,E-46,employee,badge_swipe,True,2026-07-22 12:52:07
FAC-003-Z1,E-2,employee,motion,,2026-07-22 12:52:07
FAC-002-Z1,E-10,employee,motion,,2026-07-22 12:52:07
FAC-003-Z3,E-30,employee,motion,,2026-07-22 12:52:07
FAC-003-Z1,E-38,employee,badge_swipe,True,2026-07-22 12:52:07
FAC-004-Z3,E-49,employee,badge_swipe,True,2026-07-22 12:52:07
FAC-001-Z2,E-36,employee,badge_swipe,True,2026-07-22 13:07:07
FAC-001-Z2,E-14,employee,badge_swipe,True,2026-07-22 13:07:07
FAC-002-Z1,E-18,employee,motion,,2026-07-22 13:07:07
FAC-002-Z3,E-8,employee,badge_swipe,True,2026-07-22 13:07:07
FAC-005-Z2,E-13,employee,badge_swipe,True,2026-07-22 13:07:07
FAC-004-Z3,E-18,employee,motion,,2026-07-22 13:07:07
FAC-003-Z1,V-7,visitor,badge_swipe,True,2026-07-22 13:07:07
FAC-005-Z2,E-35,employee,motion,,2026-07-22 13:07:07
FAC-002-Z2,E-20,employee,badge_swipe,True,2026-07-22 13:07:07
FAC-003-Z1,E-41,employee,badge_swipe,True,2026-07-22 13:07:07
FAC-005-Z2,E-25,employee,motion,,2026-07-22 13:07:07
FAC-002-Z1,E-47,employee,motion,,2026-07-22 13:07:07
FAC-003-Z1,E-41,employee,motion,,2026-07-22 13:07:07
FAC-005-Z3,E-40,employee,badge_swipe,True,2026-07-22 13:07:07
FAC-003-Z3,E-24,employee,badge_swipe,True,2026-07-22 13:07:07
FAC-001-Z3,E-38,employee,motion,,2026-07-22 13:07:07
FAC-004-Z2,E-32,employee,badge_swipe,False,2026-07-22 13:07:07
FAC-004-Z2,E-20,employee,motion,,2026-07-22 13:22:07
FAC-001-Z3,E-15,employee,motion,,2026-07-22 13:22:07
FAC-004-Z2,E-37,employee,badge_swipe,True,2026-07-22 13:22:07
FAC-004-Z2,E-28,employee,badge_swipe,True,2026-07-22 13:22:07
FAC-001-Z3,E-47,employee,badge_swipe,True,2026-07-22 13:22:07
FAC-001-Z1,E-48,employee,badge_swipe,True,2026-07-22 13:22:07
FAC-004-Z2,E-43,employee,badge_swipe,False,2026-07-22 13:22:07
FAC-005-Z2,E-13,employee,badge_swipe,True,2026-07-22 13:22:07
FAC-001-Z1,E-4,employee,badge_swipe,True,2026-07-22 13:22:07
FAC-005-Z3,E-17,employee,motion,,2026-07-22 13:22:07
FAC-003-Z1,E-13,employee,badge_swipe,True,2026-07-22 13:37:07
FAC-005-Z2,E-44,employee,badge_swipe,True,2026-07-22 13:37:07
FAC-002-Z2,V-10,visitor,motion,,2026-07-22 13:37:07
FAC-003-Z3,E-37,employee,badge_swipe,True,2026-07-22 13:37:07
FAC-004-Z3,E-11,employee,motion,,2026-07-22 13:37:07
FAC-001-Z2,V-3,visitor,badge_swipe,True,2026-07-22 13:37:07
FAC-002-Z3,E-41,employee,badge_swipe,True,2026-07-22 13:37:07
FAC-001-Z2,E-29,employee,motion,,2026-07-22 13:37:07
FAC-005-Z3,E-23,employee,badge_swipe,True,2026-07-22 13:37:07
FAC-004-Z3,E-7,employee,motion,,2026-07-22 13:37:07
FAC-004-Z1,E-10,employee,badge_swipe,True,2026-07-22 13:37:07
FAC-005-Z1,E-3,employee,badge_swipe,True,2026-07-22 13:37:07
FAC-002-Z2,E-46,employee,motion,,2026-07-22 13:52:07
FAC-004-Z1,E-18,employee,badge_swipe,True,2026-07-22 13:52:07
FAC-001-Z1,E-27,employee,badge_swipe,True,2026-07-22 13:52:07
FAC-002-Z2,E-1,employee,motion,,2026-07-22 13:52:07
FAC-001-Z1,E-27,employee,badge_swipe,True,2026-07-22 13:52:07
FAC-002-Z1,E-27,employee,motion,,2026-07-22 13:52:07
FAC-003-Z2,E-47,employee,badge_swipe,True,2026-07-22 14:07:07
FAC-005-Z1,E-5,employee,badge_swipe,True,2026-07-22 14:07:07
FAC-002-Z2,E-28,employee,badge_swipe,True,2026-07-22 14:07:07
FAC-004-Z2,E-18,employee,badge_swipe,True,2026-07-22 14:07:07
FAC-003-Z1,E-45,employee,motion,,2026-07-22 14:07:07
FAC-004-Z1,E-34,employee,badge_swipe,True,2026-07-22 14:07:07
FAC-003-Z3,E-39,employee,badge_swipe,True,2026-07-22 14:07:07
FAC-002-Z1,E-9,employee,badge_swipe,True,2026-07-22 14:07:07
FAC-002-Z2,E-38,employee,badge_swipe,True,2026-07-22 14:07:07
FAC-001-Z3,E-30,employee,badge_swipe,True,2026-07-22 14:07:07
FAC-005-Z1,E-39,employee,motion,,2026-07-22 14:07:07
FAC-004-Z2,E-20,employee,badge_swipe,True,2026-07-22 14:07:07
FAC-001-Z1,E-39,employee,motion,,2026-07-22 14:07:07
FAC-005-Z2,E-18,employee,motion,,2026-07-22 14:07:07
FAC-003-Z1,E-34,employee,motion,,2026-07-22 14:07:07
FAC-001-Z2,E-6,employee,badge_swipe,True,2026-07-22 14:07:07
FAC-003-Z3,E-12,employee,badge_swipe,True,2026-07-22 14:07:07
FAC-004-Z3,E-36,employee,badge_swipe,True,2026-07-22 14:07:07
FAC-004-Z3,E-2,employee,motion,,2026-07-22 14:22:07
FAC-001-Z3,E-20,employee,badge_swipe,True,2026-07-22 14:22:07
FAC-001-Z1,E-27,employee,motion,,2026-07-22 14:22:07
FAC-003-Z1,E-36,employee,motion,,2026-07-22 14:22:07
FAC-005-Z2,E-43,employee,motion,,2026-07-22 14:22:07
FAC-001-Z1,E-10,employee,motion,,2026-07-22 14:37:07
FAC-001-Z2,E-23,employee,badge_swipe,False,2026-07-22 14:37:07
FAC-001-Z1,E-40,employee,motion,,2026-07-22 14:37:07
FAC-003-Z3,E-2,employee,motion,,2026-07-22 14:37:07
FAC-003-Z1,E-42,employee,badge_swipe,True,2026-07-22 14:37:07
FAC-005-Z1,E-21,employee,badge_swipe,True,2026-07-22 14:37:07
FAC-001-Z3,E-50,employee,motion,,2026-07-22 14:37:07
FAC-001-Z2,V-1,visitor,motion,,2026-07-22 14:37:07
FAC-005-Z1,E-36,employee,badge_swipe,True,2026-07-22 14:37:07
FAC-005-Z2,E-22,employee,motion,,2026-07-22 14:37:07
FAC-004-Z3,E-37,employee,badge_swipe,True,2026-07-22 14:52:07
FAC-002-Z2,E-46,employee,motion,,2026-07-22 14:52:07
FAC-005-Z1,E-18,employee,badge_swipe,True,2026-07-22 14:52:07
FAC-005-Z2,E-11,employee,motion,,2026-07-22 14:52:07
FAC-004-Z1,E-30,employee,motion,,2026-07-22 14:52:07
FAC-002-Z1,E-12,employee,motion,,2026-07-22 14:52:07
FAC-001-Z3,V-1,visitor,badge_swipe,True,2026-07-22 15:07:07
FAC-005-Z1,E-40,employee,motion,,2026-07-22 15:07:07
FAC-005-Z2,E-11,employee,motion,,2026-07-22 15:07:07
FAC-004-Z1,E-6,employee,badge_swipe,True,2026-07-22 15:07:07
FAC-005-Z1,E-43,employee,motion,,2026-07-22 15:07:07
FAC-002-Z1,E-4,employee,motion,,2026-07-22 15:07:07
FAC-003-Z1,E-36,employee,badge_swipe,True,2026-07-22 15:07:07
FAC-001-Z1,E-26,employee,badge_swipe,True,2026-07-22 15:07:07
FAC-002-Z2,E-16,employee,badge_swipe,True,2026-07-22 15:07:07
FAC-003-Z3,V-4,visitor,motion,,2026-07-22 15:07:07
FAC-004-Z3,E-32,employee,badge_swipe,True,2026-07-22 15:07:07
FAC-001-Z1,E-35,employee,badge_swipe,True,2026-07-22 15:07:07
FAC-001-Z1,E-40,employee,badge_swipe,True,2026-07-22 15:07:07
FAC-004-Z1,E-10,employee,badge_swipe,False,2026-07-22 15:07:07
FAC-004-Z1,V-4,visitor,motion,,2026-07-22 15:07:07
FAC-001-Z3,E-38,employee,badge_swipe,True,2026-07-22 15:07:07
FAC-001-Z3,E-16,employee,motion,,2026-07-22 15:07:07
FAC-003-Z1,E-14,employee,motion,,2026-07-22 15:07:07
FAC-001-Z1,E-14,employee,badge_swipe,True,2026-07-22 15:22:07
FAC-001-Z2,E-17,employee,motion,,2026-07-22 15:22:07
FAC-003-Z3,V-3,visitor,badge_swipe,True,2026-07-22 15:22:07
FAC-002-Z2,V-10,visitor,badge_swipe,True,2026-07-22 15:22:07
FAC-003-Z1,E-30,employee,motion,,2026-07-22 15:22:07
FAC-002-Z3,E-38,employee,badge_swipe,True,2026-07-22 15:22:07
FAC-005-Z1,E-38,employee,motion,,2026-07-22 15:22:07
FAC-005-Z2,V-5,visitor,badge_swipe,True,2026-07-22 15:22:07
FAC-002-Z1,E-38,employee,badge_swipe,True,2026-07-22 15:22:07
FAC-002-Z3,E-49,employee,motion,,2026-07-22 15:22:07
FAC-003-Z3,E-25,employee,badge_swipe,True,2026-07-22 15:22:07
FAC-005-Z1,E-1,employee,badge_swipe,True,2026-07-22 15:22:07
FAC-004-Z3,V-9,visitor,badge_swipe,True,2026-07-22 15:37:07
FAC-002-Z2,E-3,employee,badge_swipe,True,2026-07-22 15:37:07
FAC-001-Z1,E-41,employee,motion,,2026-07-22 15:37:07
FAC-002-Z3,E-13,employee,badge_swipe,True,2026-07-22 15:37:07
FAC-005-Z1,E-26,employee,motion,,2026-07-22 15:37:07
FAC-002-Z2,E-5,employee,motion,,2026-07-22 15:37:07
FAC-004-Z2,E-43,employee,badge_swipe,True,2026-07-22 15:52:07
FAC-001-Z2,E-43,employee,motion,,2026-07-22 15:52:07
FAC-001-Z1,E-8,employee,badge_swipe,True,2026-07-22 15:52:07
FAC-001-Z1,E-42,employee,badge_swipe,True,2026-07-22 15:52:07
FAC-001-Z1,E-4,employee,motion,,2026-07-22 15:52:07
FAC-003-Z3,E-27,employee,motion,,2026-07-22 15:52:07
FAC-002-Z1,E-29,employee,motion,,2026-07-22 15:52:07
FAC-002-Z3,E-12,employee,motion,,2026-07-22 15:52:07
FAC-001-Z3,E-39,employee,badge_swipe,True,2026-07-22 15:52:07
FAC-003-Z1,E-18,employee,motion,,2026-07-22 15:52:07
FAC-005-Z3,E-45,employee,badge_swipe,True,2026-07-22 15:52:07
FAC-003-Z1,E-3,employee,motion,,2026-07-22 15:52:07
FAC-002-Z2,E-34,employee,motion,,2026-07-22 15:52:07
FAC-002-Z3,E-5,employee,badge_swipe,True,2026-07-22 15:52:07
FAC-001-Z1,E-45,employee,motion,,2026-07-22 15:52:07
FAC-003-Z2,E-26,employee,motion,,2026-07-22 15:52:07
FAC-003-Z1,E-28,employee,motion,,2026-07-22 15:52:07
FAC-004-Z3,V-1,visitor,motion,,2026-07-22 16:07:07
FAC-005-Z2,E-43,employee,motion,,2026-07-22 16:07:07
FAC-003-Z1,E-7,employee,badge_swipe,True,2026-07-22 16:07:07
FAC-003-Z3,E-20,employee,badge_swipe,True,2026-07-22 16:07:07
FAC-004-Z1,E-30,employee,badge_swipe,True,2026-07-22 16:07:07
FAC-001-Z1,E-46,employee,motion,,2026-07-22 16:07:07
FAC-001-Z1,E-35,employee,motion,,2026-07-22 16:07:07
FAC-004-Z2,E-26,employee,badge_swipe,True,2026-07-22 16:07:07
FAC-005-Z3,E-49,employee,badge_swipe,True,2026-07-22 16:07:07
FAC-003-Z1,E-27,employee,motion,,2026-07-22 16:07:07
FAC-004-Z1,E-8,employee,badge_swipe,True,2026-07-22 16:07:07
FAC-003-Z3,E-7,employee,motion,,2026-07-22 16:07:07
FAC-005-Z1,E-17,employee,motion,,2026-07-22 16:07:07
FAC-005-Z3,E-46,employee,badge_swipe,True,2026-07-22 16:07:07
FAC-003-Z1,E-40,employee,badge_swipe,True,2026-07-22 16:22:07
FAC-003-Z1,E-17,employee,motion,,2026-07-22 16:22:07
FAC-004-Z2,E-47,employee,badge_swipe,False,2026-07-22 16:22:07
FAC-003-Z1,E-37,employee,motion,,2026-07-22 16:22:07
FAC-005-Z3,E-29,employee,badge_swipe,True,2026-07-22 16:22:07
FAC-003-Z3,E-37,employee,badge_swipe,True,2026-07-22 16:37:07
FAC-004-Z2,E-6,employee,badge_swipe,True,2026-07-22 16:37:07
FAC-002-Z3,E-49,employee,badge_swipe,True,2026-07-22 16:37:07
FAC-003-Z3,E-5,employee,badge_swipe,True,2026-07-22 16:37:07
FAC-004-Z2,E-21,employee,motion,,2026-07-22 16:37:07
FAC-001-Z3,E-41,employee,motion,,2026-07-22 16:37:07
FAC-001-Z3,E-31,employee,motion,,2026-07-22 16:37:07
FAC-005-Z2,E-19,employee,motion,,2026-07-22 16:37:07
FAC-005-Z2,E-45,employee,badge_swipe,True,2026-07-22 16:37:07
FAC-003-Z1,E-45,employee,motion,,2026-07-22 16:37:07
FAC-001-Z1,E-19,employee,motion,,2026-07-22 16:37:07
FAC-001-Z2,E-16,employee,motion,,2026-07-22 16:37:07
FAC-002-Z2,V-5,visitor,motion,,2026-07-22 16:37:07
FAC-003-Z3,E-41,employee,badge_swipe,True,2026-07-22 16:52:07
FAC-001-Z1,E-16,employee,badge_swipe,True,2026-07-22 16:52:07
FAC-005-Z2,E-3,employee,badge_swipe,True,2026-07-22 16:52:07
FAC-001-Z3,E-9,employee,badge_swipe,True,2026-07-22 16:52:07
FAC-003-Z3,E-17,employee,motion,,2026-07-22 16:52:07
FAC-001-Z3,E-32,employee,badge_swipe,True,2026-07-22 17:07:07
FAC-005-Z1,E-35,employee,motion,,2026-07-22 17:07:07
FAC-003-Z3,E-36,employee,motion,,2026-07-22 17:07:07
FAC-004-Z2,E-40,employee,badge_swipe,True,2026-07-22 17:07:07
FAC-001-Z1,E-38,employee,motion,,2026-07-22 17:07:07
FAC-002-Z3,E-30,employee,motion,,2026-07-22 17:07:07
FAC-003-Z2,E-6,employee,badge_swipe,True,2026-07-22 17:07:07
FAC-001-Z1,E-37,employee,badge_swipe,True,2026-07-22 17:07:07
FAC-001-Z1,E-42,employee,motion,,2026-07-22 17:22:07
FAC-002-Z1,E-26,employee,badge_swipe,True,2026-07-22 17:22:07
FAC-002-Z2,E-49,employee,badge_swipe,True,2026-07-22 17:22:07
FAC-002-Z3,E-18,employee,motion,,2026-07-22 17:22:07
FAC-002-Z3,E-6,employee,motion,,2026-07-22 17:22:07
FAC-004-Z3,V-2,visitor,badge_swipe,True,2026-07-22 17:22:07
FAC-001-Z2,E-36,employee,badge_swipe,True,2026-07-22 17:22:07
FAC-003-Z2,V-1,visitor,badge_swipe,True,2026-07-22 17:37:07
FAC-001-Z3,E-21,employee,motion,,2026-07-22 17:37:07
FAC-001-Z3,E-17,employee,motion,,2026-07-22 17:37:07
FAC-003-Z3,E-20,employee,motion,,2026-07-22 17:37:07
FAC-003-Z3,E-18,employee,motion,,2026-07-22 17:37:07
FAC-001-Z3,E-24,employee,motion,,2026-07-22 17:37:07
FAC-002-Z2,E-2,employee,badge_swipe,True,2026-07-22 17:37:07
FAC-002-Z2,E-35,employee,motion,,2026-07-22 17:37:07
FAC-005-Z3,E-28,employee,motion,,2026-07-22 17:37:07
FAC-003-Z3,E-13,employee,badge_swipe,True,2026-07-22 17:37:07
FAC-005-Z3,V-6,visitor,motion,,2026-07-22 17:37:07
FAC-004-Z1,E-41,employee,motion,,2026-07-22 17:37:07
FAC-002-Z2,E-14,employee,badge_swipe,True,2026-07-22 17:52:07
FAC-003-Z2,E-41,employee,badge_swipe,True,2026-07-22 17:52:07
FAC-003-Z2,V-10,visitor,badge_swipe,True,2026-07-22 17:52:07
FAC-002-Z1,E-2,employee,badge_swipe,True,2026-07-22 17:52:07
FAC-004-Z1,E-16,employee,motion,,2026-07-22 17:52:07
FAC-004-Z3,E-9,employee,motion,,2026-07-22 17:52:07
FAC-003-Z3,E-43,employee,badge_swipe,True,2026-07-22 17:52:07
FAC-005-Z3,E-47,employee,badge_swipe,True,2026-07-22 17:52:07
FAC-005-Z1,E-12,employee,motion,,2026-07-22 17:52:07
FAC-002-Z2,E-11,employee,badge_swipe,True,2026-07-22 18:07:07
FAC-003-Z1,E-32,employee,motion,,2026-07-22 18:07:07
FAC-005-Z3,E-36,employee,motion,,2026-07-22 18:07:07
FAC-005-Z3,E-50,employee,badge_swipe,True,2026-07-22 18:07:07
FAC-005-Z2,E-19,employee,motion,,2026-07-22 18:07:07
FAC-005-Z3,V-2,visitor,badge_swipe,True,2026-07-22 18:07:07
FAC-005-Z3,E-4,employee,badge_swipe,True,2026-07-22 18:22:07
FAC-003-Z2,E-26,employee,motion,,2026-07-22 18:22:07
FAC-001-Z2,E-8,employee,motion,,2026-07-22 18:22:07
FAC-003-Z2,E-17,employee,badge_swipe,True,2026-07-22 18:22:07
FAC-003-Z2,E-46,employee,motion,,2026-07-22 18:22:07
FAC-005-Z1,V-8,visitor,badge_swipe,True,2026-07-22 18:22:07
FAC-004-Z3,E-42,employee,motion,,2026-07-22 18:22:07
FAC-001-Z2,E-32,employee,motion,,2026-07-22 18:22:07
FAC-004-Z3,E-16,employee,motion,,2026-07-22 18:22:07
FAC-005-Z1,E-24,employee,badge_swipe,True,2026-07-22 18:22:07
FAC-001-Z3,V-8,visitor,badge_swipe,True,2026-07-22 18:22:07
FAC-002-Z3,E-2,employee,motion,,2026-07-22 18:22:07
FAC-004-Z3,E-25,employee,badge_swipe,True,2026-07-22 18:22:07
FAC-004-Z1,E-20,employee,motion,,2026-07-22 18:22:07
FAC-003-Z2,V-10,visitor,badge_swipe,True,2026-07-22 18:22:07
FAC-002-Z2,E-36,employee,motion,,2026-07-22 18:22:07
FAC-002-Z3,V-4,visitor,badge_swipe,True,2026-07-22 18:22:07
FAC-001-Z1,E-2,employee,motion,,2026-07-22 18:22:07
FAC-002-Z1,E-6,employee,motion,,2026-07-22 18:22:07
FAC-005-Z1,E-33,employee,motion,,2026-07-22 18:37:07
FAC-001-Z1,E-8,employee,motion,,2026-07-22 18:37:07
FAC-003-Z1,E-25,employee,badge_swipe,True,2026-07-22 18:37:07
FAC-003-Z1,E-46,employee,motion,,2026-07-22 18:37:07
FAC-001-Z2,E-28,employee,motion,,2026-07-22 18:37:07
FAC-004-Z3,E-8,employee,motion,,2026-07-22 18:37:07
FAC-004-Z2,E-21,employee,badge_swipe,True,2026-07-22 18:37:07
FAC-004-Z3,V-9,visitor,badge_swipe,True,2026-07-22 18:37:07
FAC-001-Z2,E-44,employee,motion,,2026-07-22 18:37:07
FAC-005-Z1,E-8,employee,badge_swipe,True,2026-07-22 18:37:07
FAC-003-Z1,V-2,visitor,motion,,2026-07-22 18:37:07
FAC-005-Z3,E-28,employee,badge_swipe,True,2026-07-22 18:37:07
FAC-001-Z2,E-38,employee,badge_swipe,True,2026-07-22 18:52:07
FAC-005-Z2,E-10,employee,motion,,2026-07-22 18:52:07
FAC-005-Z1,E-39,employee,motion,,2026-07-22 18:52:07
FAC-005-Z1,E-18,employee,motion,,2026-07-22 18:52:07
FAC-005-Z3,V-7,visitor,motion,,2026-07-22 18:52:07
FAC-001-Z3,E-27,employee,badge_swipe,True,2026-07-22 18:52:07
FAC-002-Z1,E-15,employee,badge_swipe,True,2026-07-22 18:52:07
FAC-002-Z2,E-45,employee,badge_swipe,True,2026-07-22 18:52:07
FAC-001-Z2,E-24,employee,motion,,2026-07-22 18:52:07
FAC-005-Z3,E-34,employee,badge_swipe,True,2026-07-22 18:52:07
FAC-005-Z1,E-26,employee,badge_swipe,True,2026-07-22 18:52:07
FAC-005-Z3,E-28,employee,motion,,2026-07-22 18:52:07
FAC-004-Z1,E-20,employee,motion,,2026-07-22 18:52:07
FAC-001-Z2,E-21,employee,badge_swipe,True,2026-07-22 18:52:07
FAC-003-Z2,E-26,employee,badge_swipe,True,2026-07-22 18:52:07
FAC-002-Z1,E-32,employee,motion,,2026-07-22 18:52:07
FAC-001-Z1,E-35,employee,badge_swipe,True,2026-07-22 19:07:07
FAC-002-Z3,E-48,employee,motion,,2026-07-22 19:37:07
FAC-003-Z1,E-14,employee,badge_swipe,True,2026-07-22 19:37:07
FAC-005-Z3,E-18,employee,badge_swipe,True,2026-07-22 19:37:07
FAC-003-Z2,E-35,employee,badge_swipe,True,2026-07-22 19:52:07
FAC-005-Z1,E-13,employee,motion,,2026-07-22 19:52:07
FAC-004-Z3,E-34,employee,motion,,2026-07-22 19:52:07
FAC-004-Z1,V-1,visitor,motion,,2026-07-22 20:37:07
FAC-002-Z3,V-6,visitor,motion,,2026-07-22 20:37:07
FAC-003-Z2,E-50,employee,badge_swipe,True,2026-07-22 20:37:07
FAC-002-Z2,E-11,employee,motion,,2026-07-22 20:52:07
FAC-004-Z1,E-42,employee,motion,,2026-07-22 21:52:07
FAC-001-Z2,V-7,visitor,motion,,2026-07-22 21:52:07
FAC-002-Z1,E-40,employee,badge_swipe,True,2026-07-22 21:52:07
FAC-002-Z2,E-41,employee,motion,,2026-07-22 22:07:07
FAC-003-Z2,E-4,employee,badge_swipe,True,2026-07-22 22:07:07
FAC-005-Z2,E-33,employee,badge_swipe,True,2026-07-22 22:07:07
FAC-005-Z3,E-44,employee,badge_swipe,True,2026-07-22 22:22:07
FAC-004-Z2,E-46,employee,motion,,2026-07-22 22:22:07
FAC-003-Z1,E-14,employee,badge_swipe,True,2026-07-22 22:37:07
FAC-005-Z3,E-35,employee,badge_swipe,True,2026-07-22 22:37:07
FAC-005-Z1,E-6,employee,badge_swipe,True,2026-07-22 22:52:07
FAC-001-Z2,E-22,employee,motion,,2026-07-22 22:52:07
FAC-001-Z2,E-50,employee,motion,,2026-07-22 23:07:07
FAC-001-Z3,E-34,employee,badge_swipe,False,2026-07-22 23:07:07
FAC-001-Z3,E-24,employee,motion,,2026-07-22 23:22:07
FAC-001-Z2,E-37,employee,badge_swipe,True,2026-07-22 23:22:07
FAC-005-Z2,E-18,employee,badge_swipe,True,2026-07-22 23:37:07
FAC-004-Z3,E-29,employee,motion,,2026-07-22 23:37:07
FAC-005-Z3,E-24,employee,badge_swipe,True,2026-07-22 23:52:07
FAC-002-Z2,E-1,employee,badge_swipe,True,2026-07-23 00:07:07
FAC-001-Z2,V-7,visitor,motion,,2026-07-23 00:07:07
FAC-002-Z1,E-42,employee,badge_swipe,True,2026-07-23 00:07:07
FAC-002-Z1,E-36,employee,badge_swipe,True,2026-07-23 00:22:07
FAC-002-Z3,E-23,employee,badge_swipe,True,2026-07-23 00:52:07
FAC-003-Z2,E-19,employee,badge_swipe,True,2026-07-23 00:52:07
FAC-001-Z3,E-9,employee,motion,,2026-07-23 00:52:07
FAC-002-Z2,E-49,employee,motion,,2026-07-23 01:07:07
FAC-004-Z1,E-31,employee,motion,,2026-07-23 01:07:07
FAC-003-Z2,E-19,employee,motion,,2026-07-23 01:07:07
FAC-001-Z1,E-9,employee,motion,,2026-07-23 01:37:07
FAC-003-Z1,E-21,employee,badge_swipe,True,2026-07-23 01:52:07
FAC-005-Z2,V-7,visitor,motion,,2026-07-23 01:52:07
FAC-005-Z1,E-30,employee,motion,,2026-07-23 02:07:07
FAC-005-Z1,E-49,employee,motion,,2026-07-23 02:07:07
FAC-002-Z3,E-22,employee,badge_swipe,False,2026-07-23 02:22:07
FAC-005-Z3,E-39,employee,motion,,2026-07-23 02:37:07
FAC-003-Z3,E-34,employee,motion,,2026-07-23 02:37:07
FAC-001-Z1,E-6,employee,badge_swipe,True,2026-07-23 02:52:07
FAC-003-Z1,E-9,employee,motion,,2026-07-23 03:22:07
FAC-005-Z3,E-18,employee,motion,,2026-07-23 03:22:07
FAC-003-Z3,E-13,employee,motion,,2026-07-23 03:22:07
FAC-003-Z3,E-34,employee,badge_swipe,True,2026-07-23 03:37:07
FAC-003-Z1,E-44,employee,badge_swipe,True,2026-07-23 03:52:07
FAC-004-Z3,E-49,employee,badge_swipe,True,2026-07-23 03:52:07
FAC-001-Z3,E-36,employee,badge_swipe,True,2026-07-23 03:52:07
FAC-005-Z3,E-2,employee,badge_swipe,True,2026-07-23 04:22:07
FAC-003-Z3,E-49,employee,motion,,2026-07-23 04:22:07
FAC-003-Z3,E-13,employee,badge_swipe,True,2026-07-23 04:37:07
FAC-002-Z1,E-35,employee,motion,,2026-07-23 04:37:07
FAC-004-Z3,V-5,visitor,badge_swipe,True,2026-07-23 05:07:07
FAC-005-Z2,E-28,employee,badge_swipe,True,2026-07-23 05:07:07
FAC-005-Z3,V-5,visitor,badge_swipe,True,2026-07-23 05:22:07
FAC-002-Z2,E-33,employee,badge_swipe,True,2026-07-23 05:37:07
FAC-002-Z2,E-35,employee,motion,,2026-07-23 05:37:07
FAC-004-Z1,E-6,employee,motion,,2026-07-23 05:37:07
FAC-005-Z2,E-30,employee,motion,,2026-07-23 05:52:07
FAC-004-Z2,E-21,employee,badge_swipe,True,2026-07-23 05:52:07
FAC-005-Z3,E-20,employee,motion,,2026-07-23 05:52:07
FAC-004-Z1,E-46,employee,motion,,2026-07-23 06:07:07
FAC-002-Z2,E-17,employee,motion,,2026-07-23 06:37:07
FAC-003-Z2,E-33,employee,badge_swipe,True,2026-07-23 06:52:07
FAC-003-Z1,E-42,employee,motion,,2026-07-23 06:52:07
FAC-002-Z1,E-32,employee,badge_swipe,True,2026-07-23 07:37:07
FAC-005-Z2,E-43,employee,badge_swipe,False,2026-07-23 07:37:07
FAC-004-Z2,E-20,employee,badge_swipe,True,2026-07-23 07:52:07
FAC-004-Z2,E-18,employee,motion,,2026-07-23 07:52:07
FAC-002-Z3,V-10,visitor,badge_swipe,True,2026-07-23 08:07:07
FAC-005-Z3,V-5,visitor,motion,,2026-07-23 08:07:07
FAC-003-Z2,E-9,employee,motion,,2026-07-23 08:07:07
FAC-002-Z3,E-45,employee,motion,,2026-07-23 08:07:07
FAC-005-Z2,E-15,employee,motion,,2026-07-23 08:07:07
FAC-004-Z1,V-2,visitor,motion,,2026-07-23 08:07:07
FAC-004-Z2,E-39,employee,motion,,2026-07-23 08:07:07
FAC-001-Z2,V-9,visitor,badge_swipe,True,2026-07-23 08:07:07
FAC-001-Z1,E-17,employee,badge_swipe,True,2026-07-23 08:07:07
FAC-003-Z1,E-36,employee,badge_swipe,True,2026-07-23 08:07:07
FAC-003-Z2,E-7,employee,badge_swipe,True,2026-07-23 08:07:07
FAC-003-Z1,E-4,employee,badge_swipe,True,2026-07-23 08:07:07
FAC-001-Z2,E-16,employee,badge_swipe,True,2026-07-23 08:07:07
FAC-004-Z1,E-9,employee,badge_swipe,False,2026-07-23 08:07:07
FAC-005-Z2,E-37,employee,badge_swipe,True,2026-07-23 08:07:07
FAC-003-Z2,E-17,employee,motion,,2026-07-23 08:22:07
FAC-003-Z2,E-7,employee,motion,,2026-07-23 08:22:07
FAC-001-Z1,E-50,employee,badge_swipe,True,2026-07-23 08:22:07
FAC-004-Z1,E-17,employee,motion,,2026-07-23 08:22:07
FAC-003-Z3,E-39,employee,motion,,2026-07-23 08:22:07
FAC-001-Z2,E-50,employee,motion,,2026-07-23 08:22:07
FAC-002-Z2,E-48,employee,badge_swipe,True,2026-07-23 08:22:07
FAC-003-Z1,E-23,employee,motion,,2026-07-23 08:22:07
FAC-005-Z1,V-7,visitor,motion,,2026-07-23 08:22:07
FAC-001-Z3,E-35,employee,motion,,2026-07-23 08:22:07
FAC-004-Z2,E-11,employee,badge_swipe,True,2026-07-23 08:22:07
FAC-003-Z2,E-49,employee,badge_swipe,True,2026-07-23 08:22:07
FAC-001-Z1,E-36,employee,motion,,2026-07-23 08:22:07
FAC-003-Z3,E-41,employee,badge_swipe,True,2026-07-23 08:22:07
FAC-001-Z2,E-21,employee,badge_swipe,True,2026-07-23 08:22:07
FAC-005-Z2,E-5,employee,badge_swipe,True,2026-07-23 08:22:07
FAC-003-Z3,E-32,employee,badge_swipe,True,2026-07-23 08:22:07
FAC-002-Z1,E-22,employee,badge_swipe,True,2026-07-23 08:22:07
FAC-001-Z1,E-8,employee,motion,,2026-07-23 08:22:07
FAC-004-Z2,E-31,employee,motion,,2026-07-23 08:22:07
FAC-003-Z1,E-41,employee,motion,,2026-07-23 08:37:07
FAC-005-Z2,E-8,employee,badge_swipe,True,2026-07-23 08:37:07
FAC-003-Z1,E-12,employee,badge_swipe,True,2026-07-23 08:37:07
FAC-002-Z3,E-42,employee,badge_swipe,True,2026-07-23 08:37:07
FAC-003-Z3,E-23,employee,motion,,2026-07-23 08:37:07
FAC-001-Z3,E-49,employee,motion,,2026-07-23 08:37:07
FAC-004-Z3,V-7,visitor,badge_swipe,True,2026-07-23 08:52:07
FAC-003-Z3,E-9,employee,badge_swipe,True,2026-07-23 08:52:07
FAC-002-Z3,E-5,employee,motion,,2026-07-23 08:52:07
FAC-002-Z2,E-30,employee,badge_swipe,True,2026-07-23 08:52:07
FAC-004-Z3,E-27,employee,motion,,2026-07-23 08:52:07
FAC-005-Z1,V-3,visitor,motion,,2026-07-23 08:52:07
FAC-002-Z3,V-3,visitor,badge_swipe,True,2026-07-23 08:52:07
FAC-005-Z3,E-27,employee,badge_swipe,True,2026-07-23 08:52:07
FAC-001-Z2,E-25,employee,motion,,2026-07-23 08:52:07
FAC-002-Z1,E-29,employee,badge_swipe,True,2026-07-23 08:52:07
FAC-005-Z2,E-18,employee,badge_swipe,True,2026-07-23 08:52:07
FAC-002-Z3,E-18,employee,badge_swipe,True,2026-07-23 08:52:07
FAC-004-Z2,E-1,employee,badge_swipe,True,2026-07-23 08:52:07
FAC-003-Z2,E-21,employee,motion,,2026-07-23 09:07:07
FAC-002-Z3,V-5,visitor,badge_swipe,True,2026-07-23 09:07:07
FAC-005-Z3,E-37,employee,badge_swipe,True,2026-07-23 09:07:07
FAC-004-Z1,E-40,employee,badge_swipe,True,2026-07-23 09:07:07
FAC-004-Z1,E-26,employee,badge_swipe,True,2026-07-23 09:07:07
FAC-005-Z1,E-4,employee,badge_swipe,True,2026-07-23 09:07:07
FAC-001-Z2,E-34,employee,badge_swipe,True,2026-07-23 09:07:07
FAC-001-Z1,E-35,employee,badge_swipe,True,2026-07-23 09:07:07
FAC-001-Z1,E-27,employee,badge_swipe,True,2026-07-23 09:07:07
FAC-003-Z1,E-18,employee,motion,,2026-07-23 09:07:07
FAC-004-Z1,E-36,employee,motion,,2026-07-23 09:07:07
FAC-003-Z3,E-34,employee,badge_swipe,True,2026-07-23 09:22:07
FAC-004-Z1,E-28,employee,badge_swipe,True,2026-07-23 09:22:07
FAC-002-Z1,E-8,employee,badge_swipe,True,2026-07-23 09:22:07
FAC-004-Z2,E-13,employee,badge_swipe,True,2026-07-23 09:22:07
FAC-005-Z1,V-3,visitor,badge_swipe,True,2026-07-23 09:22:07
FAC-003-Z2,E-43,employee,badge_swipe,True,2026-07-23 09:22:07
FAC-004-Z2,E-14,employee,motion,,2026-07-23 09:22:07
FAC-005-Z3,E-16,employee,motion,,2026-07-23 09:22:07
FAC-001-Z1,V-1,visitor,motion,,2026-07-23 09:22:07
FAC-004-Z2,E-22,employee,motion,,2026-07-23 09:22:07
FAC-002-Z2,E-15,employee,badge_swipe,True,2026-07-23 09:22:07
FAC-005-Z2,E-7,employee,motion,,2026-07-23 09:37:07
FAC-001-Z2,E-44,employee,motion,,2026-07-23 09:37:07
FAC-003-Z3,E-42,employee,badge_swipe,True,2026-07-23 09:37:07
FAC-002-Z3,E-15,employee,motion,,2026-07-23 09:37:07
FAC-002-Z1,E-36,employee,motion,,2026-07-23 09:37:07
FAC-003-Z3,E-9,employee,motion,,2026-07-23 09:37:07
FAC-005-Z1,E-6,employee,badge_swipe,True,2026-07-23 09:37:07
FAC-001-Z2,E-22,employee,badge_swipe,True,2026-07-23 09:37:07
FAC-005-Z2,E-20,employee,motion,,2026-07-23 09:37:07
FAC-005-Z2,E-19,employee,motion,,2026-07-23 09:37:07
FAC-003-Z3,V-9,visitor,motion,,2026-07-23 09:37:07
FAC-002-Z1,V-4,visitor,motion,,2026-07-23 09:37:07
FAC-003-Z3,E-45,employee,badge_swipe,True,2026-07-23 09:37:07
FAC-002-Z2,E-18,employee,motion,,2026-07-23 09:37:07
FAC-004-Z1,E-16,employee,badge_swipe,True,2026-07-23 09:37:07
FAC-001-Z1,E-47,employee,motion,,2026-07-23 09:37:07
FAC-001-Z3,E-10,employee,motion,,2026-07-23 09:37:07
FAC-005-Z1,E-28,employee,motion,,2026-07-23 09:37:07
FAC-001-Z1,E-3,employee,badge_swipe,True,2026-07-23 09:52:07
FAC-002-Z1,E-3,employee,motion,,2026-07-23 09:52:07
FAC-005-Z2,E-35,employee,badge_swipe,True,2026-07-23 09:52:07
FAC-003-Z3,E-39,employee,badge_swipe,True,2026-07-23 09:52:07
FAC-003-Z1,E-35,employee,badge_swipe,True,2026-07-23 09:52:07
FAC-003-Z2,E-14,employee,motion,,2026-07-23 09:52:07
FAC-001-Z1,E-30,employee,motion,,2026-07-23 09:52:07
FAC-005-Z2,E-5,employee,motion,,2026-07-23 09:52:07
FAC-005-Z1,E-8,employee,badge_swipe,True,2026-07-23 09:52:07
FAC-005-Z3,E-24,employee,badge_swipe,True,2026-07-23 09:52:07
FAC-005-Z1,E-3,employee,badge_swipe,True,2026-07-23 10:07:07
FAC-004-Z3,E-38,employee,badge_swipe,True,2026-07-23 10:07:07
FAC-001-Z2,E-28,employee,motion,,2026-07-23 10:07:07
FAC-004-Z1,E-17,employee,motion,,2026-07-23 10:07:07
FAC-003-Z1,E-25,employee,badge_swipe,True,2026-07-23 10:07:07
FAC-002-Z1,E-41,employee,motion,,2026-07-23 10:07:07
FAC-001-Z1,E-20,employee,badge_swipe,True,2026-07-23 10:07:07
FAC-001-Z2,V-3,visitor,badge_swipe,True,2026-07-23 10:07:07
FAC-005-Z2,E-41,employee,badge_swipe,True,2026-07-23 10:07:07
FAC-003-Z3,E-15,employee,badge_swipe,True,2026-07-23 10:07:07
FAC-005-Z2,E-33,employee,motion,,2026-07-23 10:07:07
FAC-004-Z1,E-47,employee,badge_swipe,True,2026-07-23 10:07:07
FAC-003-Z3,E-14,employee,motion,,2026-07-23 10:07:07
FAC-005-Z3,E-15,employee,badge_swipe,True,2026-07-23 10:22:07
FAC-005-Z1,E-13,employee,motion,,2026-07-23 10:22:07
FAC-002-Z2,E-16,employee,motion,,2026-07-23 10:22:07
FAC-003-Z1,E-39,employee,motion,,2026-07-23 10:22:07
FAC-005-Z2,E-8,employee,motion,,2026-07-23 10:22:07
FAC-005-Z2,E-22,employee,motion,,2026-07-23 10:22:07
FAC-001-Z3,E-13,employee,motion,,2026-07-23 10:22:07
FAC-004-Z2,E-3,employee,motion,,2026-07-23 10:22:07
FAC-002-Z2,E-15,employee,badge_swipe,True,2026-07-23 10:22:07
FAC-005-Z2,E-27,employee,badge_swipe,True,2026-07-23 10:22:07
FAC-004-Z2,E-20,employee,motion,,2026-07-23 10:22:07
FAC-004-Z2,E-35,employee,badge_swipe,True,2026-07-23 10:22:07
FAC-005-Z2,E-39,employee,motion,,2026-07-23 10:22:07
FAC-002-Z3,E-14,employee,motion,,2026-07-23 10:22:07
FAC-001-Z2,E-4,employee,motion,,2026-07-23 10:22:07
FAC-005-Z3,E-25,employee,motion,,2026-07-23 10:22:07
FAC-002-Z3,E-43,employee,badge_swipe,True,2026-07-23 10:37:07
FAC-005-Z2,E-29,employee,motion,,2026-07-23 10:37:07
FAC-003-Z3,E-17,employee,badge_swipe,True,2026-07-23 10:37:07
FAC-005-Z1,E-22,employee,motion,,2026-07-23 10:37:07
FAC-003-Z3,E-7,employee,motion,,2026-07-23 10:37:07
FAC-004-Z1,E-41,employee,motion,,2026-07-23 10:37:07
FAC-003-Z2,E-20,employee,motion,,2026-07-23 10:37:07
FAC-001-Z1,E-32,employee,motion,,2026-07-23 10:37:07
FAC-002-Z3,E-1,employee,motion,,2026-07-23 10:37:07
FAC-005-Z1,E-47,employee,motion,,2026-07-23 10:37:07
FAC-004-Z1,V-2,visitor,badge_swipe,True,2026-07-23 10:37:07
FAC-002-Z1,E-32,employee,badge_swipe,True,2026-07-23 10:37:07
FAC-003-Z1,E-13,employee,badge_swipe,True,2026-07-23 10:37:07
FAC-004-Z2,E-30,employee,motion,,2026-07-23 10:37:07
FAC-004-Z3,E-2,employee,badge_swipe,True,2026-07-23 10:37:07
FAC-003-Z2,E-19,employee,badge_swipe,True,2026-07-23 10:37:07
FAC-003-Z2,E-33,employee,motion,,2026-07-23 10:52:07
FAC-001-Z1,E-40,employee,motion,,2026-07-23 10:52:07
FAC-003-Z1,E-18,employee,badge_swipe,True,2026-07-23 10:52:07
FAC-004-Z2,E-23,employee,motion,,2026-07-23 10:52:07
FAC-004-Z3,E-43,employee,motion,,2026-07-23 10:52:07
FAC-002-Z3,V-3,visitor,motion,,2026-07-23 10:52:07
FAC-005-Z1,E-16,employee,badge_swipe,True,2026-07-23 10:52:07
FAC-002-Z3,E-31,employee,motion,,2026-07-23 10:52:07
FAC-002-Z3,E-1,employee,motion,,2026-07-23 10:52:07
FAC-003-Z2,E-16,employee,badge_swipe,True,2026-07-23 10:52:07
FAC-002-Z1,E-45,employee,motion,,2026-07-23 10:52:07
FAC-001-Z3,E-29,employee,badge_swipe,True,2026-07-23 10:52:07
FAC-003-Z1,E-48,employee,motion,,2026-07-23 10:52:07
FAC-002-Z3,E-21,employee,motion,,2026-07-23 10:52:07
FAC-002-Z2,E-36,employee,motion,,2026-07-23 10:52:07
FAC-003-Z3,E-21,employee,badge_swipe,True,2026-07-23 10:52:07
FAC-001-Z2,E-41,employee,motion,,2026-07-23 11:07:07
FAC-001-Z1,E-20,employee,motion,,2026-07-23 11:07:07
FAC-005-Z1,E-22,employee,badge_swipe,True,2026-07-23 11:07:07
FAC-004-Z1,E-19,employee,badge_swipe,True,2026-07-23 11:07:07
FAC-003-Z1,E-8,employee,badge_swipe,True,2026-07-23 11:07:07
FAC-003-Z2,E-17,employee,badge_swipe,True,2026-07-23 11:07:07
FAC-001-Z1,E-4,employee,motion,,2026-07-23 11:07:07
FAC-001-Z1,E-1,employee,badge_swipe,True,2026-07-23 11:07:07
FAC-003-Z1,E-46,employee,badge_swipe,True,2026-07-23 11:07:07
FAC-001-Z3,E-23,employee,motion,,2026-07-23 11:07:07
FAC-005-Z3,V-7,visitor,badge_swipe,True,2026-07-23 11:22:07
FAC-005-Z3,V-5,visitor,motion,,2026-07-23 11:22:07
FAC-005-Z1,E-40,employee,badge_swipe,True,2026-07-23 11:22:07
FAC-003-Z1,E-20,employee,badge_swipe,True,2026-07-23 11:22:07
FAC-001-Z3,E-49,employee,badge_swipe,True,2026-07-23 11:22:07
FAC-005-Z3,E-8,employee,badge_swipe,True,2026-07-23 11:37:07
FAC-005-Z1,E-4,employee,motion,,2026-07-23 11:37:07
FAC-003-Z2,E-21,employee,motion,,2026-07-23 11:37:07
FAC-002-Z1,E-6,employee,badge_swipe,True,2026-07-23 11:37:07
FAC-003-Z1,E-15,employee,badge_swipe,True,2026-07-23 11:37:07
FAC-001-Z3,E-16,employee,badge_swipe,True,2026-07-23 11:37:07
FAC-003-Z1,E-7,employee,motion,,2026-07-23 11:37:07
FAC-001-Z1,E-12,employee,motion,,2026-07-23 11:37:07
FAC-003-Z3,E-25,employee,motion,,2026-07-23 11:37:07
FAC-005-Z3,E-20,employee,badge_swipe,True,2026-07-23 11:37:07
FAC-001-Z1,E-41,employee,motion,,2026-07-23 11:37:07
FAC-003-Z2,E-42,employee,badge_swipe,True,2026-07-23 11:37:07
FAC-002-Z3,E-17,employee,badge_swipe,True,2026-07-23 11:37:07
FAC-003-Z1,E-50,employee,motion,,2026-07-23 11:52:07
FAC-002-Z1,E-13,employee,badge_swipe,True,2026-07-23 11:52:07
FAC-002-Z1,V-10,visitor,badge_swipe,True,2026-07-23 11:52:07
FAC-004-Z1,E-28,employee,badge_swipe,True,2026-07-23 11:52:07
FAC-003-Z3,E-27,employee,motion,,2026-07-23 11:52:07
FAC-005-Z2,E-3,employee,motion,,2026-07-23 11:52:07
FAC-003-Z3,V-2,visitor,badge_swipe,True,2026-07-23 11:52:07
FAC-005-Z2,E-35,employee,motion,,2026-07-23 11:52:07
FAC-004-Z3,E-7,employee,motion,,2026-07-23 11:52:07
FAC-004-Z2,E-15,employee,badge_swipe,True,2026-07-23 11:52:07
FAC-001-Z2,E-26,employee,motion,,2026-07-23 11:52:07
FAC-002-Z2,E-1,employee,motion,,2026-07-23 11:52:07
FAC-005-Z3,E-40,employee,motion,,2026-07-23 11:52:07
FAC-001-Z2,E-26,employee,motion,,2026-07-23 11:52:07
FAC-002-Z1,E-33,employee,badge_swipe,True,2026-07-23 11:52:07
FAC-004-Z2,E-46,employee,motion,,2026-07-23 11:52:07
FAC-005-Z2,E-39,employee,badge_swipe,True,2026-07-23 11:52:07
FAC-003-Z2,E-39,employee,badge_swipe,True,2026-07-23 11:52:07
FAC-005-Z1,E-23,employee,motion,,2026-07-23 11:52:07
FAC-004-Z1,E-42,employee,motion,,2026-07-23 11:52:07
FAC-004-Z1,E-5,employee,badge_swipe,True,2026-07-23 12:07:07
FAC-003-Z3,E-29,employee,badge_swipe,True,2026-07-23 12:07:07
FAC-003-Z3,E-27,employee,badge_swipe,True,2026-07-23 12:07:07
FAC-003-Z1,E-10,employee,motion,,2026-07-23 12:07:07
FAC-004-Z1,E-44,employee,motion,,2026-07-23 12:07:07
FAC-005-Z3,E-13,employee,motion,,2026-07-23 12:07:07
FAC-003-Z2,E-5,employee,motion,,2026-07-23 12:07:07
FAC-005-Z1,E-7,employee,motion,,2026-07-23 12:07:07
FAC-004-Z2,E-44,employee,motion,,2026-07-23 12:07:07
FAC-003-Z1,E-11,employee,motion,,2026-07-23 12:07:07
FAC-002-Z1,E-7,employee,motion,,2026-07-23 12:07:07
FAC-002-Z3,E-23,employee,motion,,2026-07-23 12:07:07
FAC-004-Z2,E-38,employee,badge_swipe,True,2026-07-23 12:07:07
FAC-004-Z3,E-37,employee,badge_swipe,True,2026-07-23 12:07:07
FAC-005-Z1,E-49,employee,motion,,2026-07-23 12:07:07
FAC-004-Z1,E-34,employee,badge_swipe,True,2026-07-23 12:07:07
FAC-005-Z3,E-11,employee,motion,,2026-07-23 12:07:07
FAC-005-Z2,E-25,employee,motion,,2026-07-23 12:07:07
FAC-002-Z3,V-6,visitor,badge_swipe,True,2026-07-23 12:22:07
FAC-003-Z2,E-32,employee,badge_swipe,True,2026-07-23 12:22:07
FAC-002-Z3,E-14,employee,motion,,2026-07-23 12:22:07
FAC-002-Z3,E-3,employee,badge_swipe,True,2026-07-23 12:22:07
FAC-001-Z2,V-2,visitor,motion,,2026-07-23 12:22:07
FAC-005-Z2,E-44,employee,motion,,2026-07-23 12:22:07
FAC-005-Z1,E-1,employee,badge_swipe,True,2026-07-23 12:22:07
FAC-003-Z2,V-3,visitor,badge_swipe,True,2026-07-23 12:22:07
FAC-004-Z1,E-35,employee,motion,,2026-07-23 12:22:07
FAC-004-Z2,E-42,employee,badge_swipe,True,2026-07-23 12:22:07
FAC-001-Z2,E-36,employee,badge_swipe,True,2026-07-23 12:22:07
FAC-005-Z2,E-41,employee,badge_swipe,True,2026-07-23 12:22:07
FAC-004-Z3,E-25,employee,motion,,2026-07-23 12:22:07
FAC-001-Z1,E-47,employee,motion,,2026-07-23 12:22:07
FAC-003-Z3,E-50,employee,motion,,2026-07-23 12:37:07
FAC-002-Z3,E-26,employee,motion,,2026-07-23 12:37:07
FAC-002-Z1,E-30,employee,badge_swipe,True,2026-07-23 12:37:07
FAC-001-Z2,E-37,employee,motion,,2026-07-23 12:37:07
FAC-001-Z2,E-16,employee,badge_swipe,True,2026-07-23 12:37:07
FAC-004-Z2,E-23,employee,motion,,2026-07-23 12:37:07
FAC-001-Z3,E-30,employee,badge_swipe,False,2026-07-23 12:37:07
FAC-004-Z2,V-2,visitor,badge_swipe,False,2026-07-23 12:37:07
FAC-005-Z2,E-16,employee,badge_swipe,True,2026-07-23 12:37:07
FAC-003-Z3,E-42,employee,motion,,2026-07-23 12:37:07
FAC-003-Z3,E-33,employee,badge_swipe,False,2026-07-23 12:37:07
FAC-003-Z3,E-18,employee,badge_swipe,True,2026-07-23 12:37:07
FAC-004-Z2,E-33,employee,motion,,2026-07-23 12:37:07
FAC-005-Z2,E-11,employee,motion,,2026-07-23 12:37:07
FAC-002-Z3,V-4,visitor,badge_swipe,True,2026-07-23 12:37:07
FAC-005-Z2,V-9,visitor,badge_swipe,True,2026-07-23 12:37:07
FAC-004-Z1,E-35,employee,motion,,2026-07-23 12:37:07
FAC-003-Z2,E-45,employee,badge_swipe,True,2026-07-23 12:52:07
FAC-005-Z1,E-2,employee,motion,,2026-07-23 12:52:07
FAC-004-Z1,E-48,employee,motion,,2026-07-23 12:52:07
FAC-001-Z3,E-12,employee,motion,,2026-07-23 12:52:07
FAC-005-Z2,E-45,employee,motion,,2026-07-23 12:52:07
FAC-003-Z2,E-10,employee,motion,,2026-07-23 12:52:07
FAC-004-Z2,E-13,employee,badge_swipe,True,2026-07-23 12:52:07
FAC-003-Z2,E-38,employee,badge_swipe,True,2026-07-23 12:52:07
FAC-001-Z2,V-1,visitor,motion,,2026-07-23 12:52:07
FAC-002-Z3,E-9,employee,motion,,2026-07-23 12:52:07
FAC-002-Z3,E-5,employee,badge_swipe,True,2026-07-23 12:52:07
FAC-004-Z1,E-48,employee,motion,,2026-07-23 12:52:07
FAC-003-Z1,V-4,visitor,badge_swipe,True,2026-07-23 13:07:07
FAC-001-Z1,E-43,employee,badge_swipe,True,2026-07-23 13:07:07
FAC-001-Z2,E-26,employee,motion,,2026-07-23 13:07:07
FAC-005-Z3,E-10,employee,motion,,2026-07-23 13:07:07
FAC-004-Z1,E-29,employee,badge_swipe,True,2026-07-23 13:07:07
FAC-001-Z3,E-48,employee,motion,,2026-07-23 13:22:07
FAC-002-Z2,E-19,employee,motion,,2026-07-23 13:22:07
FAC-002-Z1,E-46,employee,badge_swipe,True,2026-07-23 13:22:07
FAC-001-Z2,E-21,employee,badge_swipe,True,2026-07-23 13:22:07
FAC-002-Z1,E-13,employee,badge_swipe,True,2026-07-23 13:22:07
FAC-005-Z2,E-32,employee,badge_swipe,True,2026-07-23 13:22:07
FAC-002-Z1,E-50,employee,motion,,2026-07-23 13:22:07
FAC-005-Z3,E-7,employee,motion,,2026-07-23 13:37:07
FAC-002-Z2,E-5,employee,badge_swipe,True,2026-07-23 13:37:07
FAC-003-Z2,E-13,employee,motion,,2026-07-23 13:37:07
FAC-003-Z1,V-2,visitor,motion,,2026-07-23 13:37:07
FAC-003-Z3,E-35,employee,motion,,2026-07-23 13:37:07
FAC-004-Z2,E-27,employee,motion,,2026-07-23 13:37:07
FAC-001-Z2,E-14,employee,badge_swipe,True,2026-07-23 13:37:07
FAC-005-Z3,E-40,employee,motion,,2026-07-23 13:37:07
FAC-003-Z1,V-5,visitor,motion,,2026-07-23 13:37:07
FAC-003-Z2,E-33,employee,motion,,2026-07-23 13:37:07
FAC-001-Z2,E-15,employee,badge_swipe,False,2026-07-23 13:37:07
FAC-003-Z1,E-5,employee,badge_swipe,True,2026-07-23 13:37:07
FAC-002-Z1,E-21,employee,motion,,2026-07-23 13:37:07
FAC-002-Z2,E-18,employee,badge_swipe,True,2026-07-23 13:37:07
FAC-004-Z2,E-40,employee,motion,,2026-07-23 13:37:07
FAC-004-Z2,E-12,employee,badge_swipe,True,2026-07-23 13:37:07
FAC-003-Z1,E-7,employee,badge_swipe,True,2026-07-23 13:37:07
FAC-004-Z1,E-21,employee,motion,,2026-07-23 13:52:07
FAC-005-Z3,E-15,employee,motion,,2026-07-23 13:52:07
FAC-002-Z2,E-2,employee,motion,,2026-07-23 13:52:07
FAC-001-Z2,E-36,employee,motion,,2026-07-23 13:52:07
FAC-003-Z2,V-6,visitor,motion,,2026-07-23 13:52:07
FAC-004-Z3,E-15,employee,badge_swipe,True,2026-07-23 13:52:07
FAC-005-Z1,E-12,employee,motion,,2026-07-23 13:52:07
FAC-005-Z3,E-39,employee,motion,,2026-07-23 13:52:07
FAC-001-Z2,V-4,visitor,badge_swipe,True,2026-07-23 13:52:07
FAC-002-Z1,E-40,employee,motion,,2026-07-23 13:52:07
FAC-005-Z2,E-15,employee,badge_swipe,True,2026-07-23 13:52:07
FAC-002-Z1,E-22,employee,motion,,2026-07-23 13:52:07
FAC-002-Z3,V-10,visitor,motion,,2026-07-23 13:52:07
FAC-002-Z2,V-2,visitor,badge_swipe,True,2026-07-23 13:52:07
FAC-002-Z2,E-22,employee,badge_swipe,True,2026-07-23 13:52:07
FAC-004-Z1,E-35,employee,motion,,2026-07-23 13:52:07
FAC-004-Z2,E-42,employee,badge_swipe,True,2026-07-23 13:52:07
FAC-004-Z1,E-22,employee,badge_swipe,True,2026-07-23 13:52:07
FAC-004-Z3,E-13,employee,motion,,2026-07-23 14:07:07
FAC-002-Z1,E-25,employee,motion,,2026-07-23 14:07:07
FAC-004-Z3,E-23,employee,motion,,2026-07-23 14:07:07
FAC-003-Z2,E-35,employee,motion,,2026-07-23 14:07:07
FAC-003-Z2,E-29,employee,motion,,2026-07-23 14:07:07
FAC-002-Z2,E-2,employee,badge_swipe,False,2026-07-23 14:07:07
FAC-001-Z2,V-6,visitor,badge_swipe,True,2026-07-23 14:07:07
FAC-002-Z2,E-47,employee,motion,,2026-07-23 14:07:07
FAC-001-Z3,E-20,employee,badge_swipe,True,2026-07-23 14:07:07
FAC-002-Z3,E-9,employee,motion,,2026-07-23 14:07:07
FAC-004-Z3,E-9,employee,motion,,2026-07-23 14:07:07
FAC-001-Z3,E-50,employee,badge_swipe,True,2026-07-23 14:07:07
FAC-004-Z2,E-32,employee,badge_swipe,True,2026-07-23 14:07:07
FAC-004-Z2,E-6,employee,motion,,2026-07-23 14:07:07
FAC-003-Z2,E-23,employee,motion,,2026-07-23 14:07:07
FAC-002-Z3,E-39,employee,badge_swipe,True,2026-07-23 14:07:07
FAC-004-Z3,V-5,visitor,motion,,2026-07-23 14:07:07
FAC-003-Z3,E-30,employee,motion,,2026-07-23 14:07:07
FAC-001-Z3,E-23,employee,badge_swipe,True,2026-07-23 14:22:07
FAC-001-Z2,E-24,employee,badge_swipe,True,2026-07-23 14:22:07
FAC-004-Z1,E-40,employee,badge_swipe,True,2026-07-23 14:22:07
FAC-004-Z2,E-21,employee,badge_swipe,True,2026-07-23 14:22:07
FAC-003-Z1,E-22,employee,badge_swipe,True,2026-07-23 14:22:07
FAC-003-Z2,E-42,employee,badge_swipe,True,2026-07-23 14:22:07
FAC-005-Z2,E-12,employee,badge_swipe,True,2026-07-23 14:22:07
FAC-001-Z1,E-6,employee,motion,,2026-07-23 14:22:07
FAC-005-Z3,E-25,employee,motion,,2026-07-23 14:37:07
FAC-004-Z3,E-9,employee,motion,,2026-07-23 14:37:07
FAC-005-Z3,E-28,employee,badge_swipe,True,2026-07-23 14:37:07
FAC-004-Z3,E-34,employee,badge_swipe,True,2026-07-23 14:37:07
FAC-002-Z1,E-32,employee,badge_swipe,True,2026-07-23 14:37:07
FAC-005-Z3,E-1,employee,badge_swipe,True,2026-07-23 14:37:07
FAC-003-Z1,E-5,employee,badge_swipe,True,2026-07-23 14:37:07
FAC-004-Z1,E-44,employee,motion,,2026-07-23 14:37:07
FAC-004-Z2,V-7,visitor,motion,,2026-07-23 14:37:07
FAC-001-Z2,E-48,employee,motion,,2026-07-23 14:37:07
FAC-003-Z2,E-43,employee,motion,,2026-07-23 14:37:07
FAC-004-Z2,E-35,employee,motion,,2026-07-23 14:37:07
FAC-003-Z1,E-49,employee,badge_swipe,True,2026-07-23 14:37:07
FAC-002-Z2,E-40,employee,motion,,2026-07-23 14:37:07
FAC-003-Z2,E-38,employee,motion,,2026-07-23 14:37:07
FAC-002-Z2,V-3,visitor,badge_swipe,True,2026-07-23 14:37:07
FAC-002-Z2,E-8,employee,motion,,2026-07-23 14:52:07
FAC-003-Z1,E-49,employee,motion,,2026-07-23 14:52:07
FAC-002-Z2,E-13,employee,motion,,2026-07-23 14:52:07
FAC-004-Z1,E-7,employee,motion,,2026-07-23 14:52:07
FAC-002-Z2,E-44,employee,badge_swipe,True,2026-07-23 14:52:07
FAC-003-Z3,E-45,employee,motion,,2026-07-23 14:52:07
FAC-002-Z2,E-15,employee,badge_swipe,True,2026-07-23 14:52:07
FAC-004-Z1,E-49,employee,badge_swipe,True,2026-07-23 14:52:07
FAC-002-Z2,E-8,employee,badge_swipe,True,2026-07-23 14:52:07
FAC-004-Z2,E-9,employee,badge_swipe,True,2026-07-23 15:07:07
FAC-001-Z1,E-29,employee,motion,,2026-07-23 15:07:07
FAC-005-Z1,E-46,employee,motion,,2026-07-23 15:07:07
FAC-002-Z3,E-11,employee,badge_swipe,True,2026-07-23 15:07:07
FAC-001-Z3,E-27,employee,motion,,2026-07-23 15:07:07
FAC-003-Z1,E-27,employee,motion,,2026-07-23 15:07:07
FAC-005-Z3,E-48,employee,badge_swipe,True,2026-07-23 15:22:07
FAC-003-Z2,E-27,employee,badge_swipe,True,2026-07-23 15:22:07
FAC-003-Z1,E-25,employee,badge_swipe,True,2026-07-23 15:22:07
FAC-005-Z3,E-24,employee,motion,,2026-07-23 15:22:07
FAC-005-Z2,E-32,employee,motion,,2026-07-23 15:22:07
FAC-003-Z3,E-17,employee,badge_swipe,True,2026-07-23 15:22:07
FAC-001-Z2,E-22,employee,badge_swipe,True,2026-07-23 15:22:07
FAC-003-Z1,V-2,visitor,motion,,2026-07-23 15:22:07
FAC-003-Z2,E-45,employee,motion,,2026-07-23 15:22:07
FAC-001-Z2,E-37,employee,motion,,2026-07-23 15:22:07
FAC-001-Z1,E-17,employee,badge_swipe,True,2026-07-23 15:22:07
FAC-004-Z1,E-39,employee,motion,,2026-07-23 15:22:07
FAC-001-Z3,E-39,employee,motion,,2026-07-23 15:22:07
FAC-005-Z1,E-1,employee,motion,,2026-07-23 15:22:07
FAC-001-Z3,E-8,employee,motion,,2026-07-23 15:22:07
FAC-003-Z1,E-21,employee,motion,,2026-07-23 15:22:07
FAC-003-Z1,E-25,employee,motion,,2026-07-23 15:22:07
FAC-005-Z1,E-35,employee,motion,,2026-07-23 15:37:07
FAC-005-Z3,E-1,employee,motion,,2026-07-23 15:37:07
FAC-001-Z1,E-21,employee,badge_swipe,True,2026-07-23 15:37:07
FAC-005-Z3,V-1,visitor,badge_swipe,True,2026-07-23 15:37:07
FAC-002-Z3,E-31,employee,badge_swipe,True,2026-07-23 15:37:07
FAC-004-Z2,E-2,employee,motion,,2026-07-23 15:37:07
FAC-004-Z1,E-23,employee,motion,,2026-07-23 15:37:07
FAC-005-Z2,E-47,employee,badge_swipe,True,2026-07-23 15:37:07
FAC-003-Z2,E-43,employee,motion,,2026-07-23 15:37:07
FAC-003-Z3,V-8,visitor,motion,,2026-07-23 15:37:07
FAC-005-Z1,E-30,employee,badge_swipe,True,2026-07-23 15:37:07
FAC-003-Z3,E-14,employee,badge_swipe,True,2026-07-23 15:37:07
FAC-001-Z3,E-7,employee,motion,,2026-07-23 15:37:07
FAC-004-Z1,E-19,employee,badge_swipe,True,2026-07-23 15:52:07
FAC-002-Z3,E-48,employee,badge_swipe,True,2026-07-23 15:52:07
FAC-005-Z3,E-49,employee,motion,,2026-07-23 15:52:07
FAC-005-Z1,E-44,employee,motion,,2026-07-23 15:52:07
FAC-005-Z1,E-28,employee,motion,,2026-07-23 15:52:07
FAC-005-Z3,E-46,employee,badge_swipe,True,2026-07-23 15:52:07
FAC-002-Z3,E-45,employee,motion,,2026-07-23 15:52:07
FAC-002-Z2,E-39,employee,motion,,2026-07-23 15:52:07
FAC-005-Z3,E-32,employee,badge_swipe,True,2026-07-23 15:52:07
FAC-004-Z1,E-32,employee,badge_swipe,True,2026-07-23 15:52:07
FAC-001-Z1,E-9,employee,badge_swipe,True,2026-07-23 15:52:07
FAC-003-Z3,E-23,employee,badge_swipe,True,2026-07-23 15:52:07
FAC-002-Z3,E-44,employee,motion,,2026-07-23 15:52:07
FAC-001-Z2,E-43,employee,motion,,2026-07-23 15:52:07
FAC-003-Z1,E-14,employee,motion,,2026-07-23 15:52:07
FAC-004-Z1,E-14,employee,badge_swipe,True,2026-07-23 16:07:07
FAC-001-Z1,E-9,employee,badge_swipe,False,2026-07-23 16:07:07
FAC-002-Z2,E-43,employee,motion,,2026-07-23 16:07:07
FAC-005-Z1,E-16,employee,badge_swipe,True,2026-07-23 16:07:07
FAC-001-Z2,E-9,employee,motion,,2026-07-23 16:07:07
FAC-002-Z2,E-15,employee,motion,,2026-07-23 16:07:07
FAC-005-Z1,E-13,employee,motion,,2026-07-23 16:07:07
FAC-003-Z1,E-19,employee,motion,,2026-07-23 16:07:07
FAC-005-Z1,E-23,employee,badge_swipe,True,2026-07-23 16:07:07
FAC-005-Z3,E-46,employee,motion,,2026-07-23 16:07:07
FAC-001-Z1,E-7,employee,motion,,2026-07-23 16:07:07
FAC-001-Z3,E-5,employee,badge_swipe,True,2026-07-23 16:07:07
FAC-003-Z3,E-48,employee,badge_swipe,True,2026-07-23 16:07:07
FAC-002-Z2,E-38,employee,motion,,2026-07-23 16:07:07
FAC-003-Z2,E-27,employee,motion,,2026-07-23 16:07:07
FAC-003-Z3,E-24,employee,badge_swipe,True,2026-07-23 16:07:07
FAC-005-Z3,E-10,employee,badge_swipe,True,2026-07-23 16:07:07
FAC-005-Z3,E-13,employee,motion,,2026-07-23 16:07:07
FAC-005-Z2,E-9,employee,badge_swipe,True,2026-07-23 16:07:07
FAC-005-Z1,V-1,visitor,motion,,2026-07-23 16:22:07
FAC-004-Z3,E-35,employee,badge_swipe,True,2026-07-23 16:22:07
FAC-003-Z1,E-11,employee,motion,,2026-07-23 16:22:07
FAC-001-Z2,E-12,employee,motion,,2026-07-23 16:22:07
FAC-003-Z2,E-41,employee,motion,,2026-07-23 16:22:07
FAC-004-Z1,E-12,employee,badge_swipe,False,2026-07-23 16:22:07
FAC-005-Z3,E-38,employee,badge_swipe,True,2026-07-23 16:22:07
FAC-004-Z3,V-9,visitor,motion,,2026-07-23 16:22:07
FAC-002-Z3,E-25,employee,motion,,2026-07-23 16:22:07
FAC-003-Z1,E-8,employee,motion,,2026-07-23 16:22:07
FAC-004-Z2,E-27,employee,motion,,2026-07-23 16:22:07
FAC-005-Z3,E-38,employee,motion,,2026-07-23 16:22:07
FAC-002-Z1,E-16,employee,badge_swipe,True,2026-07-23 16:22:07
FAC-002-Z3,E-2,employee,motion,,2026-07-23 16:22:07
FAC-002-Z2,E-2,employee,motion,,2026-07-23 16:22:07
FAC-005-Z1,E-4,employee,motion,,2026-07-23 16:37:07
FAC-003-Z3,E-6,employee,motion,,2026-07-23 16:37:07
FAC-005-Z2,E-43,employee,badge_swipe,True,2026-07-23 16:37:07
FAC-004-Z3,E-49,employee,badge_swipe,True,2026-07-23 16:37:07
FAC-002-Z2,E-26,employee,motion,,2026-07-23 16:37:07
FAC-002-Z2,E-6,employee,badge_swipe,True,2026-07-23 16:37:07
FAC-004-Z1,E-14,employee,motion,,2026-07-23 16:37:07
FAC-001-Z1,E-31,employee,motion,,2026-07-23 16:37:07
FAC-004-Z2,E-44,employee,badge_swipe,True,2026-07-23 16:37:07
FAC-005-Z1,E-23,employee,motion,,2026-07-23 16:37:07
FAC-005-Z2,E-9,employee,motion,,2026-07-23 16:37:07
FAC-001-Z2,E-13,employee,badge_swipe,True,2026-07-23 16:37:07
FAC-003-Z1,E-37,employee,motion,,2026-07-23 16:37:07
FAC-004-Z2,E-14,employee,motion,,2026-07-23 16:37:07
FAC-001-Z2,E-29,employee,badge_swipe,True,2026-07-23 16:52:07
FAC-002-Z3,E-3,employee,badge_swipe,True,2026-07-23 16:52:07
FAC-004-Z1,V-2,visitor,motion,,2026-07-23 16:52:07
FAC-005-Z2,E-23,employee,badge_swipe,True,2026-07-23 16:52:07
FAC-004-Z2,E-31,employee,motion,,2026-07-23 16:52:07
FAC-001-Z1,E-46,employee,motion,,2026-07-23 16:52:07
FAC-004-Z3,E-26,employee,motion,,2026-07-23 16:52:07
FAC-004-Z1,E-4,employee,motion,,2026-07-23 16:52:07
FAC-004-Z3,E-46,employee,badge_swipe,True,2026-07-23 17:07:07
FAC-004-Z3,E-19,employee,badge_swipe,True,2026-07-23 17:07:07
FAC-003-Z2,E-47,employee,motion,,2026-07-23 17:07:07
FAC-004-Z3,E-6,employee,badge_swipe,True,2026-07-23 17:07:07
FAC-005-Z3,E-38,employee,motion,,2026-07-23 17:07:07
FAC-004-Z1,E-13,employee,badge_swipe,False,2026-07-23 17:07:07
FAC-004-Z1,E-41,employee,badge_swipe,True,2026-07-23 17:07:07
FAC-003-Z2,E-27,employee,motion,,2026-07-23 17:07:07
FAC-004-Z1,E-22,employee,badge_swipe,True,2026-07-23 17:22:07
FAC-005-Z1,V-10,visitor,motion,,2026-07-23 17:22:07
FAC-005-Z1,E-3,employee,motion,,2026-07-23 17:22:07
FAC-002-Z3,E-33,employee,motion,,2026-07-23 17:22:07
FAC-003-Z2,E-44,employee,badge_swipe,True,2026-07-23 17:22:07
FAC-005-Z1,E-45,employee,badge_swipe,True,2026-07-23 17:22:07
FAC-003-Z2,E-46,employee,badge_swipe,True,2026-07-23 17:22:07
FAC-001-Z1,E-35,employee,badge_swipe,True,2026-07-23 17:37:07
FAC-003-Z3,E-26,employee,motion,,2026-07-23 17:37:07
FAC-005-Z1,E-14,employee,motion,,2026-07-23 17:37:07
FAC-004-Z3,E-32,employee,badge_swipe,True,2026-07-23 17:37:07
FAC-001-Z2,E-17,employee,motion,,2026-07-23 17:37:07
FAC-003-Z2,E-4,employee,badge_swipe,True,2026-07-23 17:37:07
FAC-002-Z1,E-1,employee,motion,,2026-07-23 17:37:07
FAC-004-Z3,E-9,employee,motion,,2026-07-23 17:37:07
FAC-002-Z2,E-24,employee,motion,,2026-07-23 17:37:07
FAC-004-Z2,V-5,visitor,motion,,2026-07-23 17:37:07
FAC-002-Z3,E-30,employee,motion,,2026-07-23 17:37:07
FAC-003-Z1,E-31,employee,motion,,2026-07-23 17:37:07
FAC-003-Z1,E-1,employee,badge_swipe,True,2026-07-23 17:37:07
FAC-005-Z1,E-19,employee,motion,,2026-07-23 17:52:07
FAC-001-Z1,E-29,employee,motion,,2026-07-23 17:52:07
FAC-005-Z3,E-23,employee,motion,,2026-07-23 17:52:07
FAC-003-Z1,E-1,employee,badge_swipe,True,2026-07-23 17:52:07
FAC-005-Z1,E-32,employee,badge_swipe,True,2026-07-23 17:52:07
FAC-005-Z3,E-43,employee,badge_swipe,True,2026-07-23 17:52:07
FAC-004-Z1,E-25,employee,motion,,2026-07-23 17:52:07
FAC-005-Z2,E-3,employee,motion,,2026-07-23 17:52:07
FAC-004-Z3,E-45,employee,badge_swipe,True,2026-07-23 17:52:07
FAC-005-Z1,E-47,employee,badge_swipe,True,2026-07-23 17:52:07
FAC-003-Z3,V-10,visitor,motion,,2026-07-23 17:52:07
FAC-001-Z1,E-26,employee,badge_swipe,True,2026-07-23 17:52:07
FAC-002-Z3,E-16,employee,badge_swipe,True,2026-07-23 17:52:07
FAC-005-Z1,E-40,employee,badge_swipe,True,2026-07-23 18:07:07
FAC-004-Z2,E-21,employee,motion,,2026-07-23 18:07:07
FAC-005-Z1,E-5,employee,motion,,2026-07-23 18:07:07
FAC-004-Z3,E-6,employee,badge_swipe,True,2026-07-23 18:07:07
FAC-003-Z2,E-33,employee,badge_swipe,True,2026-07-23 18:07:07
FAC-003-Z2,E-50,employee,badge_swipe,True,2026-07-23 18:07:07
FAC-004-Z2,E-36,employee,motion,,2026-07-23 18:07:07
FAC-001-Z2,E-18,employee,motion,,2026-07-23 18:07:07
FAC-003-Z2,E-7,employee,motion,,2026-07-23 18:07:07
FAC-005-Z3,E-11,employee,badge_swipe,True,2026-07-23 18:22:07
FAC-005-Z1,E-37,employee,motion,,2026-07-23 18:22:07
FAC-002-Z1,E-22,employee,badge_swipe,True,2026-07-23 18:22:07
FAC-003-Z2,E-28,employee,motion,,2026-07-23 18:22:07
FAC-003-Z2,E-47,employee,badge_swipe,True,2026-07-23 18:22:07
FAC-002-Z2,E-20,employee,badge_swipe,True,2026-07-23 18:22:07
FAC-004-Z1,E-40,employee,badge_swipe,True,2026-07-23 18:22:07
FAC-003-Z1,E-14,employee,badge_swipe,True,2026-07-23 18:22:07
FAC-004-Z3,E-38,employee,motion,,2026-07-23 18:22:07
FAC-003-Z3,V-8,visitor,motion,,2026-07-23 18:22:07
FAC-001-Z3,E-46,employee,motion,,2026-07-23 18:22:07
FAC-004-Z3,E-25,employee,motion,,2026-07-23 18:37:07
FAC-002-Z3,E-40,employee,badge_swipe,True,2026-07-23 18:37:07
FAC-004-Z2,V-6,visitor,motion,,2026-07-23 18:37:07
FAC-002-Z3,E-43,employee,badge_swipe,True,2026-07-23 18:37:07
FAC-001-Z3,E-4,employee,badge_swipe,True,2026-07-23 18:37:07
FAC-004-Z3,E-13,employee,motion,,2026-07-23 18:37:07
FAC-002-Z2,E-41,employee,badge_swipe,True,2026-07-23 18:37:07
FAC-004-Z3,E-45,employee,badge_swipe,True,2026-07-23 18:37:07
FAC-004-Z3,E-43,employee,badge_swipe,True,2026-07-23 18:37:07
FAC-002-Z2,E-26,employee,motion,,2026-07-23 18:37:07
FAC-005-Z2,E-6,employee,motion,,2026-07-23 18:37:07
FAC-005-Z1,E-24,employee,motion,,2026-07-23 18:37:07
FAC-004-Z1,E-28,employee,motion,,2026-07-23 18:37:07
FAC-001-Z2,E-11,employee,motion,,2026-07-23 18:37:07
FAC-003-Z2,E-38,employee,motion,,2026-07-23 18:37:07
FAC-003-Z3,E-18,employee,motion,,2026-07-23 18:37:07
FAC-002-Z1,E-28,employee,motion,,2026-07-23 18:37:07
FAC-003-Z2,E-6,employee,badge_swipe,True,2026-07-23 18:52:07
FAC-003-Z2,E-24,employee,badge_swipe,True,2026-07-23 18:52:07
FAC-005-Z2,V-7,visitor,badge_swipe,False,2026-07-23 18:52:07
FAC-002-Z1,E-43,employee,badge_swipe,True,2026-07-23 18:52:07
FAC-002-Z2,E-18,employee,motion,,2026-07-23 18:52:07
FAC-001-Z2,E-21,employee,motion,,2026-07-23 18:52:07
FAC-005-Z3,E-22,employee,motion,,2026-07-23 18:52:07
FAC-004-Z1,V-7,visitor,badge_swipe,True,2026-07-23 18:52:07
FAC-004-Z1,E-24,employee,motion,,2026-07-23 18:52:07
FAC-003-Z1,E-34,employee,motion,,2026-07-23 18:52:07
FAC-005-Z3,E-24,employee,motion,,2026-07-23 18:52:07
FAC-001-Z1,E-41,employee,motion,,2026-07-23 18:52:07
FAC-004-Z1,E-15,employee,motion,,2026-07-23 19:07:07
FAC-005-Z1,E-8,employee,motion,,2026-07-23 19:22:07
FAC-003-Z2,E-29,employee,motion,,2026-07-23 20:07:07
FAC-002-Z1,E-26,employee,motion,,2026-07-23 20:37:07
FAC-002-Z3,E-29,employee,motion,,2026-07-23 20:37:07
FAC-004-Z1,E-8,employee,badge_swipe,True,2026-07-23 20:37:07
FAC-004-Z3,E-3,employee,badge_swipe,True,2026-07-23 21:07:07
FAC-001-Z1,E-39,employee,badge_swipe,True,2026-07-23 21:07:07
FAC-001-Z3,E-43,employee,badge_swipe,True,2026-07-23 21:22:07
FAC-001-Z2,E-40,employee,badge_swipe,True,2026-07-23 21:37:07
FAC-001-Z2,E-4,employee,badge_swipe,True,2026-07-23 21:37:07
FAC-003-Z3,E-38,employee,badge_swipe,True,2026-07-23 21:37:07
FAC-005-Z3,E-50,employee,badge_swipe,True,2026-07-23 21:52:07
FAC-002-Z1,E-25,employee,badge_swipe,True,2026-07-23 21:52:07
FAC-004-Z2,E-5,employee,motion,,2026-07-23 21:52:07
FAC-004-Z3,E-27,employee,badge_swipe,True,2026-07-23 22:07:07
FAC-004-Z1,E-19,employee,motion,,2026-07-23 22:07:07
FAC-003-Z1,E-50,employee,motion,,2026-07-23 22:22:07
FAC-003-Z3,E-27,employee,badge_swipe,True,2026-07-23 22:22:07
FAC-004-Z1,V-5,visitor,motion,,2026-07-23 22:22:07
FAC-002-Z1,V-5,visitor,badge_swipe,True,2026-07-23 22:52:07
FAC-004-Z1,E-41,employee,motion,,2026-07-23 22:52:07
FAC-003-Z3,E-14,employee,motion,,2026-07-23 22:52:07
FAC-005-Z1,E-34,employee,motion,,2026-07-23 23:07:07
FAC-002-Z3,E-37,employee,badge_swipe,True,2026-07-23 23:07:07
FAC-003-Z2,E-50,employee,badge_swipe,True,2026-07-23 23:22:07
FAC-001-Z2,V-5,visitor,motion,,2026-07-23 23:22:07
FAC-002-Z3,E-47,employee,badge_swipe,True,2026-07-23 23:22:07
FAC-002-Z2,E-35,employee,motion,,2026-07-24 00:22:07
FAC-001-Z1,E-31,employee,motion,,2026-07-24 00:22:07
FAC-005-Z3,E-6,employee,motion,,2026-07-24 00:22:07
FAC-002-Z2,V-3,visitor,badge_swipe,True,2026-07-24 00:37:07
FAC-002-Z3,E-25,employee,badge_swipe,True,2026-07-24 00:37:07
FAC-003-Z1,E-19,employee,motion,,2026-07-24 00:37:07
FAC-005-Z3,E-47,employee,motion,,2026-07-24 01:22:07
FAC-005-Z2,E-39,employee,motion,,2026-07-24 01:22:07
FAC-001-Z3,E-24,employee,motion,,2026-07-24 01:22:07
FAC-002-Z3,E-9,employee,motion,,2026-07-24 01:37:07
FAC-002-Z3,E-40,employee,motion,,2026-07-24 01:37:07
FAC-002-Z3,E-41,employee,badge_swipe,True,2026-07-24 01:52:07
FAC-003-Z1,E-43,employee,motion,,2026-07-24 01:52:07
FAC-004-Z3,V-6,visitor,motion,,2026-07-24 01:52:07
FAC-005-Z1,E-18,employee,badge_swipe,True,2026-07-24 02:07:07
FAC-005-Z1,E-22,employee,badge_swipe,True,2026-07-24 02:07:07
FAC-001-Z3,E-32,employee,motion,,2026-07-24 02:07:07
FAC-004-Z1,E-7,employee,badge_swipe,True,2026-07-24 02:22:07
FAC-003-Z2,E-31,employee,motion,,2026-07-24 02:22:07
FAC-002-Z1,E-26,employee,motion,,2026-07-24 02:22:07
FAC-003-Z1,E-13,employee,badge_swipe,True,2026-07-24 02:52:07
FAC-004-Z3,E-25,employee,motion,,2026-07-24 02:52:07
FAC-002-Z2,V-8,visitor,motion,,2026-07-24 03:07:07
FAC-003-Z3,E-29,employee,badge_swipe,True,2026-07-24 03:07:07
FAC-004-Z3,E-47,employee,motion,,2026-07-24 03:22:07
FAC-002-Z2,E-13,employee,badge_swipe,True,2026-07-24 03:22:07
FAC-003-Z1,E-6,employee,motion,,2026-07-24 03:22:07
FAC-001-Z1,E-7,employee,motion,,2026-07-24 03:52:07
FAC-003-Z1,E-31,employee,badge_swipe,True,2026-07-24 04:07:07
FAC-001-Z1,E-18,employee,badge_swipe,True,2026-07-24 04:22:07
FAC-005-Z3,E-3,employee,badge_swipe,True,2026-07-24 04:22:07
FAC-003-Z3,E-7,employee,badge_swipe,True,2026-07-24 04:52:07
FAC-005-Z2,E-18,employee,motion,,2026-07-24 04:52:07
FAC-004-Z1,E-23,employee,motion,,2026-07-24 05:07:07
FAC-001-Z1,E-33,employee,motion,,2026-07-24 05:07:07
FAC-001-Z3,E-4,employee,badge_swipe,True,2026-07-24 05:37:07
FAC-003-Z3,E-6,employee,badge_swipe,True,2026-07-24 05:37:07
FAC-001-Z1,V-10,visitor,badge_swipe,True,2026-07-24 05:52:07
FAC-002-Z2,V-4,visitor,badge_swipe,True,2026-07-24 05:52:07
FAC-004-Z3,E-20,employee,motion,,2026-07-24 06:37:07
FAC-004-Z2,V-3,visitor,badge_swipe,True,2026-07-24 06:37:07
FAC-004-Z2,E-39,employee,motion,,2026-07-24 06:37:07
FAC-004-Z1,E-8,employee,badge_swipe,True,2026-07-24 06:52:07
FAC-004-Z2,E-13,employee,motion,,2026-07-24 07:37:07
FAC-003-Z2,E-29,employee,badge_swipe,True,2026-07-24 07:37:07
FAC-004-Z3,E-19,employee,badge_swipe,True,2026-07-24 07:37:07
FAC-001-Z1,E-4,employee,badge_swipe,True,2026-07-24 07:52:07
FAC-004-Z2,E-30,employee,badge_swipe,True,2026-07-24 07:52:07
FAC-002-Z3,V-8,visitor,badge_swipe,True,2026-07-24 08:07:07
FAC-002-Z2,E-29,employee,badge_swipe,True,2026-07-24 08:07:07
FAC-001-Z1,E-4,employee,motion,,2026-07-24 08:07:07
FAC-002-Z3,V-3,visitor,badge_swipe,True,2026-07-24 08:07:07
FAC-003-Z3,E-48,employee,motion,,2026-07-24 08:07:07
FAC-003-Z1,E-38,employee,motion,,2026-07-24 08:07:07
FAC-001-Z1,E-37,employee,badge_swipe,False,2026-07-24 08:07:07
FAC-004-Z1,E-36,employee,badge_swipe,True,2026-07-24 08:07:07
FAC-003-Z2,E-33,employee,badge_swipe,True,2026-07-24 08:07:07
FAC-002-Z1,E-40,employee,badge_swipe,True,2026-07-24 08:07:07
FAC-004-Z3,E-11,employee,motion,,2026-07-24 08:22:07
FAC-002-Z2,E-34,employee,motion,,2026-07-24 08:22:07
FAC-003-Z1,E-39,employee,motion,,2026-07-24 08:22:07
FAC-005-Z2,E-32,employee,badge_swipe,True,2026-07-24 08:22:07
FAC-002-Z3,E-45,employee,motion,,2026-07-24 08:22:07
FAC-003-Z3,E-11,employee,motion,,2026-07-24 08:22:07
FAC-002-Z1,E-18,employee,motion,,2026-07-24 08:22:07
FAC-001-Z2,E-13,employee,motion,,2026-07-24 08:22:07
FAC-004-Z2,E-30,employee,motion,,2026-07-24 08:22:07
FAC-004-Z2,V-7,visitor,motion,,2026-07-24 08:22:07
FAC-003-Z3,E-37,employee,motion,,2026-07-24 08:22:07
FAC-004-Z1,E-49,employee,motion,,2026-07-24 08:22:07
FAC-001-Z3,E-11,employee,motion,,2026-07-24 08:22:07
FAC-004-Z2,V-3,visitor,badge_swipe,True,2026-07-24 08:22:07
FAC-004-Z3,E-17,employee,motion,,2026-07-24 08:22:07
FAC-003-Z2,E-25,employee,motion,,2026-07-24 08:22:07
FAC-004-Z3,E-26,employee,badge_swipe,True,2026-07-24 08:22:07
FAC-001-Z1,E-18,employee,badge_swipe,True,2026-07-24 08:22:07
FAC-001-Z1,E-15,employee,motion,,2026-07-24 08:22:07
FAC-001-Z1,E-20,employee,badge_swipe,True,2026-07-24 08:22:07
FAC-004-Z2,E-37,employee,badge_swipe,True,2026-07-24 08:37:07
FAC-003-Z2,E-32,employee,badge_swipe,True,2026-07-24 08:37:07
FAC-001-Z2,E-12,employee,badge_swipe,True,2026-07-24 08:37:07
FAC-002-Z3,E-44,employee,badge_swipe,True,2026-07-24 08:37:07
FAC-001-Z2,E-18,employee,badge_swipe,True,2026-07-24 08:37:07
FAC-002-Z1,V-7,visitor,motion,,2026-07-24 08:37:07
FAC-001-Z3,E-15,employee,motion,,2026-07-24 08:37:07
FAC-002-Z3,E-41,employee,motion,,2026-07-24 08:37:07
FAC-003-Z1,E-40,employee,motion,,2026-07-24 08:37:07
FAC-005-Z2,E-35,employee,motion,,2026-07-24 08:37:07
FAC-002-Z3,E-16,employee,badge_swipe,True,2026-07-24 08:37:07
FAC-003-Z3,E-29,employee,badge_swipe,True,2026-07-24 08:37:07
FAC-001-Z1,E-31,employee,motion,,2026-07-24 08:37:07
FAC-005-Z2,E-15,employee,badge_swipe,True,2026-07-24 08:37:07
FAC-002-Z3,E-13,employee,motion,,2026-07-24 08:37:07
FAC-002-Z1,E-31,employee,motion,,2026-07-24 08:37:07
FAC-004-Z3,E-15,employee,motion,,2026-07-24 08:37:07
FAC-001-Z1,E-10,employee,motion,,2026-07-24 08:37:07
FAC-003-Z1,E-42,employee,badge_swipe,True,2026-07-24 08:37:07
FAC-004-Z1,E-14,employee,badge_swipe,True,2026-07-24 08:37:07
FAC-001-Z1,E-5,employee,badge_swipe,True,2026-07-24 08:52:07
FAC-001-Z2,E-11,employee,badge_swipe,True,2026-07-24 08:52:07
FAC-003-Z2,E-2,employee,motion,,2026-07-24 08:52:07
FAC-004-Z2,E-3,employee,motion,,2026-07-24 08:52:07
FAC-005-Z3,E-33,employee,badge_swipe,True,2026-07-24 08:52:07
FAC-001-Z2,E-6,employee,badge_swipe,True,2026-07-24 08:52:07
FAC-002-Z2,E-1,employee,motion,,2026-07-24 08:52:07
FAC-002-Z3,E-19,employee,badge_swipe,True,2026-07-24 08:52:07
FAC-001-Z1,E-4,employee,badge_swipe,True,2026-07-24 08:52:07
FAC-005-Z3,E-2,employee,badge_swipe,True,2026-07-24 08:52:07
FAC-003-Z1,E-9,employee,motion,,2026-07-24 08:52:07
FAC-003-Z3,E-8,employee,motion,,2026-07-24 08:52:07
FAC-002-Z1,E-14,employee,motion,,2026-07-24 09:07:07
FAC-004-Z3,V-1,visitor,motion,,2026-07-24 09:07:07
FAC-004-Z3,E-49,employee,motion,,2026-07-24 09:07:07
FAC-004-Z1,E-28,employee,badge_swipe,True,2026-07-24 09:07:07
FAC-003-Z1,E-40,employee,badge_swipe,True,2026-07-24 09:07:07
FAC-003-Z2,E-28,employee,motion,,2026-07-24 09:07:07
FAC-004-Z3,E-27,employee,motion,,2026-07-24 09:07:07
FAC-004-Z1,E-6,employee,badge_swipe,False,2026-07-24 09:07:07
FAC-003-Z3,E-18,employee,motion,,2026-07-24 09:22:07
FAC-002-Z1,E-15,employee,motion,,2026-07-24 09:22:07
FAC-005-Z2,E-27,employee,motion,,2026-07-24 09:22:07
FAC-005-Z3,E-19,employee,badge_swipe,True,2026-07-24 09:22:07
FAC-003-Z2,E-40,employee,motion,,2026-07-24 09:22:07
FAC-003-Z2,E-28,employee,badge_swipe,True,2026-07-24 09:22:07
FAC-002-Z1,E-13,employee,badge_swipe,True,2026-07-24 09:22:07
FAC-004-Z2,V-7,visitor,badge_swipe,True,2026-07-24 09:22:07
FAC-001-Z2,V-4,visitor,motion,,2026-07-24 09:37:07
FAC-001-Z3,E-50,employee,badge_swipe,True,2026-07-24 09:37:07
FAC-002-Z2,E-10,employee,motion,,2026-07-24 09:37:07
FAC-005-Z2,E-45,employee,motion,,2026-07-24 09:37:07
FAC-004-Z1,E-7,employee,motion,,2026-07-24 09:37:07
FAC-001-Z2,E-25,employee,motion,,2026-07-24 09:37:07
FAC-001-Z3,E-23,employee,badge_swipe,True,2026-07-24 09:37:07
FAC-004-Z1,E-20,employee,motion,,2026-07-24 09:37:07
FAC-002-Z3,E-42,employee,motion,,2026-07-24 09:37:07
FAC-004-Z1,E-9,employee,badge_swipe,True,2026-07-24 09:37:07
FAC-005-Z2,V-2,visitor,badge_swipe,True,2026-07-24 09:37:07
FAC-001-Z3,E-2,employee,motion,,2026-07-24 09:37:07
FAC-002-Z2,E-32,employee,motion,,2026-07-24 09:37:07
FAC-005-Z2,E-28,employee,motion,,2026-07-24 09:37:07
FAC-001-Z3,E-10,employee,motion,,2026-07-24 09:37:07
FAC-004-Z1,E-4,employee,badge_swipe,True,2026-07-24 09:37:07
FAC-002-Z1,E-30,employee,badge_swipe,True,2026-07-24 09:52:07
FAC-003-Z1,E-6,employee,motion,,2026-07-24 09:52:07
FAC-004-Z3,E-19,employee,badge_swipe,True,2026-07-24 09:52:07
FAC-001-Z1,E-47,employee,badge_swipe,True,2026-07-24 09:52:07
FAC-005-Z2,E-10,employee,motion,,2026-07-24 09:52:07
FAC-004-Z3,V-2,visitor,motion,,2026-07-24 09:52:07
FAC-002-Z3,E-11,employee,badge_swipe,True,2026-07-24 09:52:07
FAC-002-Z1,E-36,employee,motion,,2026-07-24 09:52:07
FAC-003-Z3,E-46,employee,motion,,2026-07-24 09:52:07
FAC-001-Z3,E-40,employee,motion,,2026-07-24 09:52:07
FAC-005-Z2,E-12,employee,motion,,2026-07-24 09:52:07
FAC-005-Z1,E-40,employee,badge_swipe,False,2026-07-24 09:52:07
FAC-004-Z2,E-7,employee,motion,,2026-07-24 09:52:07
FAC-005-Z3,E-16,employee,badge_swipe,False,2026-07-24 09:52:07
FAC-003-Z3,E-8,employee,badge_swipe,True,2026-07-24 10:07:07
FAC-005-Z2,E-27,employee,motion,,2026-07-24 10:07:07
FAC-003-Z1,E-49,employee,motion,,2026-07-24 10:07:07
FAC-004-Z3,E-49,employee,motion,,2026-07-24 10:07:07
FAC-003-Z3,E-30,employee,badge_swipe,True,2026-07-24 10:07:07
FAC-001-Z1,E-11,employee,motion,,2026-07-24 10:07:07
FAC-004-Z1,E-39,employee,motion,,2026-07-24 10:07:07
FAC-005-Z2,E-8,employee,motion,,2026-07-24 10:07:07
FAC-002-Z3,E-19,employee,motion,,2026-07-24 10:07:07
FAC-004-Z2,E-37,employee,motion,,2026-07-24 10:07:07
FAC-005-Z1,E-35,employee,badge_swipe,True,2026-07-24 10:07:07
FAC-003-Z3,E-36,employee,motion,,2026-07-24 10:07:07
FAC-001-Z1,E-17,employee,badge_swipe,True,2026-07-24 10:07:07
FAC-003-Z2,E-23,employee,badge_swipe,True,2026-07-24 10:07:07
FAC-005-Z1,E-49,employee,badge_swipe,True,2026-07-24 10:07:07
FAC-005-Z2,E-19,employee,badge_swipe,True,2026-07-24 10:07:07
FAC-002-Z2,E-39,employee,motion,,2026-07-24 10:07:07
FAC-002-Z3,E-42,employee,motion,,2026-07-24 10:07:07
FAC-003-Z2,E-14,employee,badge_swipe,True,2026-07-24 10:07:07
FAC-005-Z3,E-27,employee,badge_swipe,False,2026-07-24 10:07:07
FAC-005-Z3,E-11,employee,badge_swipe,True,2026-07-24 10:22:07
FAC-001-Z2,E-25,employee,badge_swipe,True,2026-07-24 10:22:07
FAC-005-Z1,V-1,visitor,badge_swipe,True,2026-07-24 10:22:07
FAC-001-Z1,E-11,employee,badge_swipe,True,2026-07-24 10:22:07
FAC-004-Z2,V-7,visitor,motion,,2026-07-24 10:22:07
FAC-001-Z1,E-44,employee,motion,,2026-07-24 10:22:07
FAC-001-Z3,E-47,employee,motion,,2026-07-24 10:22:07
FAC-004-Z3,E-41,employee,motion,,2026-07-24 10:22:07
FAC-001-Z1,E-12,employee,motion,,2026-07-24 10:22:07
FAC-002-Z1,E-1,employee,motion,,2026-07-24 10:22:07
FAC-003-Z2,E-39,employee,motion,,2026-07-24 10:22:07
FAC-005-Z3,E-10,employee,motion,,2026-07-24 10:22:07
FAC-004-Z3,E-10,employee,motion,,2026-07-24 10:22:07
FAC-003-Z2,E-19,employee,badge_swipe,True,2026-07-24 10:22:07
FAC-002-Z2,E-43,employee,motion,,2026-07-24 10:22:07
FAC-003-Z1,E-10,employee,motion,,2026-07-24 10:22:07
FAC-003-Z3,E-29,employee,badge_swipe,True,2026-07-24 10:22:07
FAC-003-Z1,E-5,employee,badge_swipe,True,2026-07-24 10:22:07
FAC-003-Z1,E-26,employee,motion,,2026-07-24 10:22:07
FAC-001-Z2,E-11,employee,badge_swipe,True,2026-07-24 10:22:07
FAC-003-Z1,E-35,employee,badge_swipe,True,2026-07-24 10:37:07
FAC-004-Z2,E-34,employee,badge_swipe,True,2026-07-24 10:37:07
FAC-003-Z3,E-2,employee,motion,,2026-07-24 10:37:07
FAC-001-Z3,E-48,employee,badge_swipe,True,2026-07-24 10:37:07
FAC-004-Z3,E-17,employee,badge_swipe,True,2026-07-24 10:37:07
FAC-001-Z3,V-2,visitor,badge_swipe,True,2026-07-24 10:37:07
FAC-003-Z1,E-37,employee,motion,,2026-07-24 10:37:07
FAC-005-Z3,E-21,employee,motion,,2026-07-24 10:37:07
FAC-004-Z2,E-19,employee,motion,,2026-07-24 10:37:07
FAC-004-Z3,E-44,employee,motion,,2026-07-24 10:37:07
FAC-003-Z1,E-35,employee,badge_swipe,True,2026-07-24 10:37:07
FAC-001-Z1,E-32,employee,motion,,2026-07-24 10:37:07
FAC-001-Z2,E-23,employee,motion,,2026-07-24 10:37:07
FAC-003-Z3,E-39,employee,badge_swipe,True,2026-07-24 10:37:07
FAC-004-Z2,E-48,employee,motion,,2026-07-24 10:37:07
FAC-001-Z1,V-9,visitor,badge_swipe,True,2026-07-24 10:37:07
FAC-001-Z2,E-3,employee,badge_swipe,True,2026-07-24 10:37:07
FAC-002-Z2,E-15,employee,badge_swipe,True,2026-07-24 10:52:07
FAC-001-Z1,E-17,employee,motion,,2026-07-24 10:52:07
FAC-002-Z1,E-43,employee,motion,,2026-07-24 10:52:07
FAC-004-Z3,E-37,employee,badge_swipe,True,2026-07-24 10:52:07
FAC-001-Z1,E-35,employee,motion,,2026-07-24 10:52:07
FAC-002-Z2,E-29,employee,badge_swipe,True,2026-07-24 10:52:07
FAC-003-Z1,E-2,employee,motion,,2026-07-24 10:52:07
FAC-002-Z3,E-16,employee,motion,,2026-07-24 10:52:07
FAC-003-Z1,E-21,employee,motion,,2026-07-24 10:52:07
FAC-001-Z3,E-24,employee,badge_swipe,True,2026-07-24 10:52:07
FAC-003-Z3,E-3,employee,badge_swipe,True,2026-07-24 10:52:07
FAC-005-Z3,E-6,employee,badge_swipe,True,2026-07-24 10:52:07
FAC-005-Z1,E-23,employee,motion,,2026-07-24 10:52:07
FAC-002-Z1,E-38,employee,badge_swipe,True,2026-07-24 10:52:07
FAC-002-Z3,E-40,employee,badge_swipe,True,2026-07-24 10:52:07
FAC-004-Z3,V-3,visitor,badge_swipe,True,2026-07-24 10:52:07
FAC-005-Z2,E-14,employee,badge_swipe,True,2026-07-24 11:07:07
FAC-005-Z3,E-26,employee,badge_swipe,True,2026-07-24 11:07:07
FAC-003-Z2,E-16,employee,badge_swipe,True,2026-07-24 11:07:07
FAC-002-Z3,V-2,visitor,motion,,2026-07-24 11:07:07
FAC-003-Z3,E-13,employee,badge_swipe,True,2026-07-24 11:07:07
FAC-005-Z3,E-6,employee,badge_swipe,True,2026-07-24 11:22:07
FAC-003-Z2,E-7,employee,badge_swipe,True,2026-07-24 11:22:07
FAC-003-Z1,V-7,visitor,badge_swipe,True,2026-07-24 11:22:07
FAC-005-Z3,V-2,visitor,motion,,2026-07-24 11:22:07
FAC-003-Z2,E-10,employee,motion,,2026-07-24 11:22:07
FAC-004-Z1,E-7,employee,badge_swipe,True,2026-07-24 11:22:07
FAC-004-Z1,E-19,employee,motion,,2026-07-24 11:22:07
FAC-004-Z2,E-14,employee,motion,,2026-07-24 11:22:07
FAC-005-Z2,E-25,employee,motion,,2026-07-24 11:37:07
FAC-005-Z2,E-8,employee,motion,,2026-07-24 11:37:07
FAC-003-Z2,E-5,employee,motion,,2026-07-24 11:37:07
FAC-003-Z2,E-37,employee,motion,,2026-07-24 11:37:07
FAC-005-Z1,E-2,employee,motion,,2026-07-24 11:37:07
FAC-003-Z2,E-45,employee,motion,,2026-07-24 11:52:07
FAC-002-Z2,E-24,employee,motion,,2026-07-24 11:52:07
FAC-004-Z2,E-39,employee,badge_swipe,True,2026-07-24 11:52:07
FAC-004-Z1,E-15,employee,motion,,2026-07-24 11:52:07
FAC-004-Z1,E-50,employee,motion,,2026-07-24 11:52:07
FAC-001-Z1,E-8,employee,motion,,2026-07-24 11:52:07
FAC-005-Z1,E-33,employee,motion,,2026-07-24 11:52:07
FAC-005-Z3,E-45,employee,motion,,2026-07-24 11:52:07
FAC-005-Z2,E-4,employee,badge_swipe,True,2026-07-24 11:52:07
FAC-005-Z3,V-10,visitor,badge_swipe,True,2026-07-24 11:52:07
FAC-001-Z3,E-41,employee,motion,,2026-07-24 12:07:07
FAC-001-Z3,E-17,employee,badge_swipe,True,2026-07-24 12:07:07
FAC-002-Z2,E-26,employee,badge_swipe,True,2026-07-24 12:07:07
FAC-003-Z2,V-5,visitor,motion,,2026-07-24 12:07:07
FAC-005-Z1,E-35,employee,badge_swipe,True,2026-07-24 12:07:07
FAC-003-Z3,E-45,employee,badge_swipe,True,2026-07-24 12:07:07
FAC-001-Z1,V-4,visitor,badge_swipe,True,2026-07-24 12:07:07
FAC-003-Z3,E-15,employee,badge_swipe,True,2026-07-24 12:07:07
FAC-005-Z3,E-6,employee,badge_swipe,False,2026-07-24 12:07:07
FAC-003-Z2,E-45,employee,motion,,2026-07-24 12:07:07
FAC-005-Z2,E-11,employee,badge_swipe,True,2026-07-24 12:07:07
FAC-001-Z1,E-22,employee,motion,,2026-07-24 12:07:07
FAC-004-Z3,E-24,employee,badge_swipe,True,2026-07-24 12:07:07
FAC-003-Z1,E-50,employee,badge_swipe,True,2026-07-24 12:07:07
FAC-002-Z2,E-14,employee,motion,,2026-07-24 12:07:07
FAC-003-Z2,E-34,employee,badge_swipe,True,2026-07-24 12:07:07
FAC-004-Z2,E-38,employee,motion,,2026-07-24 12:07:07
FAC-003-Z1,E-4,employee,motion,,2026-07-24 12:07:07
FAC-003-Z1,E-34,employee,badge_swipe,True,2026-07-24 12:07:07
FAC-003-Z3,V-3,visitor,badge_swipe,True,2026-07-24 12:07:07
FAC-005-Z2,E-17,employee,motion,,2026-07-24 12:22:07
FAC-002-Z2,E-23,employee,motion,,2026-07-24 12:22:07
FAC-004-Z3,E-44,employee,motion,,2026-07-24 12:22:07
FAC-002-Z3,E-31,employee,badge_swipe,True,2026-07-24 12:22:07
FAC-001-Z3,E-27,employee,motion,,2026-07-24 12:22:07
FAC-004-Z1,E-31,employee,badge_swipe,True,2026-07-24 12:22:07
FAC-001-Z1,E-17,employee,motion,,2026-07-24 12:22:07
FAC-001-Z3,V-3,visitor,motion,,2026-07-24 12:22:07
FAC-005-Z2,E-28,employee,badge_swipe,True,2026-07-24 12:22:07
FAC-001-Z1,E-48,employee,motion,,2026-07-24 12:22:07
FAC-005-Z2,E-21,employee,motion,,2026-07-24 12:22:07
FAC-001-Z1,E-11,employee,badge_swipe,True,2026-07-24 12:22:07
FAC-001-Z3,E-18,employee,badge_swipe,True,2026-07-24 12:22:07
FAC-001-Z3,E-39,employee,motion,,2026-07-24 12:22:07
FAC-005-Z1,E-12,employee,badge_swipe,True,2026-07-24 12:22:07
FAC-003-Z2,E-8,employee,badge_swipe,True,2026-07-24 12:22:07
FAC-002-Z2,V-6,visitor,badge_swipe,True,2026-07-24 12:22:07
FAC-002-Z1,E-32,employee,badge_swipe,True,2026-07-24 12:37:07
FAC-004-Z2,E-24,employee,motion,,2026-07-24 12:37:07
FAC-004-Z2,E-41,employee,motion,,2026-07-24 12:37:07
FAC-005-Z1,E-37,employee,badge_swipe,True,2026-07-24 12:37:07
FAC-003-Z2,E-8,employee,motion,,2026-07-24 12:37:07
FAC-002-Z2,E-20,employee,badge_swipe,True,2026-07-24 12:37:07
FAC-003-Z1,V-1,visitor,motion,,2026-07-24 12:37:07
FAC-002-Z2,E-23,employee,badge_swipe,True,2026-07-24 12:37:07
FAC-004-Z1,E-2,employee,motion,,2026-07-24 12:37:07
FAC-004-Z2,V-4,visitor,motion,,2026-07-24 12:37:07
FAC-004-Z1,E-15,employee,motion,,2026-07-24 12:37:07
FAC-003-Z2,E-35,employee,motion,,2026-07-24 12:37:07
FAC-004-Z2,E-29,employee,motion,,2026-07-24 12:37:07
FAC-005-Z3,E-43,employee,motion,,2026-07-24 12:37:07
FAC-003-Z3,E-35,employee,motion,,2026-07-24 12:37:07
FAC-001-Z2,V-10,visitor,badge_swipe,True,2026-07-24 12:37:07
FAC-002-Z3,V-4,visitor,badge_swipe,True,2026-07-24 12:52:07
FAC-002-Z1,E-29,employee,badge_swipe,True,2026-07-24 12:52:07
FAC-005-Z3,E-34,employee,badge_swipe,False,2026-07-24 12:52:07
FAC-004-Z1,E-1,employee,badge_swipe,True,2026-07-24 12:52:07
FAC-001-Z3,E-20,employee,badge_swipe,True,2026-07-24 12:52:07
FAC-001-Z2,E-19,employee,motion,,2026-07-24 12:52:07
FAC-004-Z3,V-6,visitor,motion,,2026-07-24 12:52:07
FAC-002-Z2,E-15,employee,badge_swipe,True,2026-07-24 12:52:07
FAC-003-Z2,E-37,employee,badge_swipe,True,2026-07-24 12:52:07
FAC-002-Z1,E-32,employee,badge_swipe,True,2026-07-24 13:07:07
FAC-001-Z2,E-9,employee,badge_swipe,True,2026-07-24 13:07:07
FAC-003-Z3,E-36,employee,badge_swipe,True,2026-07-24 13:07:07
FAC-005-Z3,E-22,employee,motion,,2026-07-24 13:07:07
FAC-002-Z3,E-34,employee,motion,,2026-07-24 13:07:07
FAC-003-Z1,V-5,visitor,badge_swipe,True,2026-07-24 13:07:07
FAC-003-Z3,E-18,employee,badge_swipe,True,2026-07-24 13:07:07
FAC-002-Z2,E-48,employee,badge_swipe,True,2026-07-24 13:07:07
FAC-004-Z2,E-44,employee,motion,,2026-07-24 13:07:07
FAC-004-Z3,E-36,employee,motion,,2026-07-24 13:07:07
FAC-002-Z1,E-50,employee,motion,,2026-07-24 13:07:07
FAC-004-Z3,E-26,employee,motion,,2026-07-24 13:07:07
FAC-001-Z3,E-32,employee,motion,,2026-07-24 13:07:07
FAC-004-Z3,E-49,employee,badge_swipe,True,2026-07-24 13:07:07
FAC-001-Z2,E-38,employee,motion,,2026-07-24 13:07:07
FAC-003-Z1,V-1,visitor,badge_swipe,True,2026-07-24 13:07:07
FAC-002-Z1,E-6,employee,badge_swipe,True,2026-07-24 13:07:07
FAC-003-Z1,E-50,employee,badge_swipe,True,2026-07-24 13:07:07
FAC-001-Z3,E-38,employee,motion,,2026-07-24 13:07:07
FAC-004-Z2,V-7,visitor,badge_swipe,True,2026-07-24 13:22:07
FAC-001-Z3,E-30,employee,motion,,2026-07-24 13:22:07
FAC-002-Z3,V-2,visitor,motion,,2026-07-24 13:22:07
FAC-002-Z2,E-14,employee,badge_swipe,True,2026-07-24 13:22:07
FAC-002-Z2,E-22,employee,badge_swipe,True,2026-07-24 13:22:07
FAC-002-Z1,E-17,employee,badge_swipe,True,2026-07-24 13:22:07
FAC-001-Z3,E-15,employee,motion,,2026-07-24 13:22:07
FAC-005-Z1,E-32,employee,motion,,2026-07-24 13:22:07
FAC-003-Z3,E-33,employee,motion,,2026-07-24 13:22:07
FAC-002-Z3,E-35,employee,badge_swipe,True,2026-07-24 13:22:07
FAC-005-Z3,E-26,employee,motion,,2026-07-24 13:22:07
FAC-005-Z2,E-22,employee,badge_swipe,True,2026-07-24 13:22:07
FAC-003-Z3,E-34,employee,motion,,2026-07-24 13:22:07
FAC-005-Z2,E-44,employee,motion,,2026-07-24 13:22:07
FAC-005-Z1,E-9,employee,badge_swipe,True,2026-07-24 13:22:07
FAC-005-Z2,E-2,employee,badge_swipe,True,2026-07-24 13:37:07
FAC-005-Z2,E-6,employee,motion,,2026-07-24 13:37:07
FAC-003-Z1,E-9,employee,badge_swipe,True,2026-07-24 13:37:07
FAC-005-Z3,E-41,employee,badge_swipe,True,2026-07-24 13:37:07
FAC-001-Z2,E-17,employee,motion,,2026-07-24 13:37:07
FAC-001-Z3,E-30,employee,motion,,2026-07-24 13:37:07
FAC-002-Z1,E-47,employee,motion,,2026-07-24 13:37:07
FAC-002-Z2,E-25,employee,badge_swipe,True,2026-07-24 13:52:07
FAC-004-Z1,E-37,employee,motion,,2026-07-24 13:52:07
FAC-001-Z3,E-39,employee,badge_swipe,True,2026-07-24 13:52:07
FAC-001-Z3,E-36,employee,motion,,2026-07-24 13:52:07
FAC-005-Z3,V-9,visitor,motion,,2026-07-24 13:52:07
FAC-005-Z2,E-15,employee,motion,,2026-07-24 13:52:07
FAC-004-Z3,E-47,employee,motion,,2026-07-24 13:52:07
FAC-001-Z2,E-27,employee,motion,,2026-07-24 13:52:07
FAC-004-Z3,E-25,employee,badge_swipe,True,2026-07-24 13:52:07
FAC-001-Z3,E-4,employee,motion,,2026-07-24 14:07:07
FAC-005-Z2,E-45,employee,badge_swipe,True,2026-07-24 14:07:07
FAC-001-Z2,E-37,employee,motion,,2026-07-24 14:07:07
FAC-003-Z1,E-50,employee,badge_swipe,True,2026-07-24 14:07:07
FAC-005-Z1,E-28,employee,badge_swipe,True,2026-07-24 14:07:07
FAC-001-Z1,E-23,employee,badge_swipe,True,2026-07-24 14:07:07
FAC-005-Z2,E-2,employee,motion,,2026-07-24 14:07:07
FAC-004-Z1,E-14,employee,motion,,2026-07-24 14:07:07
FAC-003-Z1,E-13,employee,badge_swipe,True,2026-07-24 14:07:07
FAC-001-Z3,E-20,employee,badge_swipe,True,2026-07-24 14:07:07
FAC-001-Z3,E-2,employee,badge_swipe,True,2026-07-24 14:07:07
FAC-003-Z2,E-13,employee,motion,,2026-07-24 14:07:07
FAC-004-Z2,E-50,employee,badge_swipe,True,2026-07-24 14:07:07
FAC-004-Z1,E-33,employee,motion,,2026-07-24 14:07:07
FAC-003-Z1,E-39,employee,badge_swipe,True,2026-07-24 14:07:07
FAC-005-Z1,E-35,employee,motion,,2026-07-24 14:07:07
FAC-003-Z3,V-5,visitor,motion,,2026-07-24 14:07:07
FAC-001-Z3,V-4,visitor,motion,,2026-07-24 14:22:07
FAC-003-Z3,E-3,employee,badge_swipe,True,2026-07-24 14:22:07
FAC-005-Z1,E-6,employee,motion,,2026-07-24 14:22:07
FAC-001-Z3,E-40,employee,badge_swipe,True,2026-07-24 14:22:07
FAC-004-Z3,E-35,employee,badge_swipe,True,2026-07-24 14:22:07
FAC-005-Z3,E-50,employee,motion,,2026-07-24 14:22:07
FAC-003-Z1,E-36,employee,motion,,2026-07-24 14:22:07
FAC-005-Z3,E-15,employee,badge_swipe,True,2026-07-24 14:22:07
FAC-001-Z3,V-3,visitor,badge_swipe,True,2026-07-24 14:22:07
FAC-001-Z2,E-4,employee,motion,,2026-07-24 14:22:07
FAC-004-Z1,E-14,employee,motion,,2026-07-24 14:22:07
FAC-005-Z1,V-10,visitor,badge_swipe,True,2026-07-24 14:37:07
FAC-003-Z1,E-33,employee,motion,,2026-07-24 14:37:07
FAC-002-Z3,E-27,employee,motion,,2026-07-24 14:37:07
FAC-004-Z3,E-2,employee,motion,,2026-07-24 14:37:07
FAC-002-Z3,E-3,employee,motion,,2026-07-24 14:37:07
FAC-004-Z1,E-17,employee,badge_swipe,True,2026-07-24 14:37:07
FAC-004-Z1,E-50,employee,motion,,2026-07-24 14:37:07
FAC-003-Z3,E-45,employee,badge_swipe,True,2026-07-24 14:37:07
FAC-003-Z3,E-8,employee,badge_swipe,True,2026-07-24 14:37:07
FAC-004-Z1,E-17,employee,badge_swipe,True,2026-07-24 14:37:07
FAC-004-Z2,V-8,visitor,motion,,2026-07-24 14:37:07
FAC-003-Z2,E-23,employee,motion,,2026-07-24 14:37:07
FAC-003-Z2,E-15,employee,motion,,2026-07-24 14:37:07
FAC-002-Z3,E-46,employee,motion,,2026-07-24 14:37:07
FAC-005-Z1,E-9,employee,badge_swipe,True,2026-07-24 14:52:07
FAC-005-Z1,V-2,visitor,motion,,2026-07-24 14:52:07
FAC-005-Z1,V-8,visitor,motion,,2026-07-24 14:52:07
FAC-005-Z3,E-38,employee,motion,,2026-07-24 14:52:07
FAC-002-Z2,E-15,employee,motion,,2026-07-24 14:52:07
FAC-002-Z1,E-29,employee,motion,,2026-07-24 14:52:07
FAC-001-Z1,E-2,employee,badge_swipe,True,2026-07-24 14:52:07
FAC-005-Z2,E-24,employee,badge_swipe,True,2026-07-24 14:52:07
FAC-002-Z3,E-31,employee,badge_swipe,True,2026-07-24 14:52:07
FAC-001-Z1,E-2,employee,motion,,2026-07-24 14:52:07
FAC-005-Z1,E-21,employee,motion,,2026-07-24 14:52:07
FAC-004-Z2,E-40,employee,motion,,2026-07-24 14:52:07
FAC-005-Z3,E-2,employee,badge_swipe,True,2026-07-24 14:52:07
FAC-001-Z1,E-22,employee,motion,,2026-07-24 14:52:07
FAC-005-Z1,E-24,employee,motion,,2026-07-24 14:52:07
FAC-001-Z1,E-31,employee,badge_swipe,True,2026-07-24 15:07:07
FAC-001-Z2,E-41,employee,badge_swipe,True,2026-07-24 15:07:07
FAC-001-Z3,E-31,employee,badge_swipe,True,2026-07-24 15:07:07
FAC-002-Z3,E-25,employee,motion,,2026-07-24 15:07:07
FAC-001-Z1,E-26,employee,badge_swipe,True,2026-07-24 15:07:07
FAC-001-Z3,E-48,employee,motion,,2026-07-24 15:22:07
FAC-001-Z3,E-22,employee,motion,,2026-07-24 15:22:07
FAC-001-Z3,E-49,employee,motion,,2026-07-24 15:22:07
FAC-003-Z2,E-20,employee,badge_swipe,True,2026-07-24 15:22:07
FAC-003-Z3,E-50,employee,motion,,2026-07-24 15:22:07
FAC-004-Z2,V-2,visitor,badge_swipe,True,2026-07-24 15:22:07
FAC-002-Z3,E-6,employee,motion,,2026-07-24 15:22:07
FAC-005-Z3,E-10,employee,badge_swipe,True,2026-07-24 15:37:07
FAC-001-Z1,E-41,employee,badge_swipe,True,2026-07-24 15:37:07
FAC-005-Z3,E-31,employee,motion,,2026-07-24 15:37:07
FAC-005-Z2,E-42,employee,badge_swipe,True,2026-07-24 15:37:07
FAC-005-Z2,E-24,employee,badge_swipe,True,2026-07-24 15:37:07
FAC-004-Z3,V-6,visitor,motion,,2026-07-24 15:37:07
FAC-002-Z1,E-49,employee,badge_swipe,True,2026-07-24 15:37:07
FAC-001-Z2,E-31,employee,motion,,2026-07-24 15:37:07
FAC-003-Z1,E-42,employee,motion,,2026-07-24 15:37:07
FAC-004-Z2,E-12,employee,motion,,2026-07-24 15:52:07
FAC-003-Z1,V-5,visitor,badge_swipe,True,2026-07-24 15:52:07
FAC-005-Z1,E-13,employee,badge_swipe,True,2026-07-24 15:52:07
FAC-003-Z1,E-1,employee,motion,,2026-07-24 15:52:07
FAC-001-Z3,E-45,employee,motion,,2026-07-24 15:52:07
FAC-002-Z1,E-28,employee,badge_swipe,True,2026-07-24 15:52:07
FAC-001-Z2,E-37,employee,motion,,2026-07-24 15:52:07
FAC-004-Z2,E-48,employee,motion,,2026-07-24 15:52:07
FAC-001-Z1,E-29,employee,badge_swipe,True,2026-07-24 15:52:07
FAC-002-Z2,E-45,employee,badge_swipe,True,2026-07-24 15:52:07
FAC-003-Z1,E-36,employee,motion,,2026-07-24 15:52:07
FAC-004-Z2,E-48,employee,motion,,2026-07-24 15:52:07
FAC-001-Z3,V-9,visitor,badge_swipe,True,2026-07-24 15:52:07
FAC-004-Z1,E-18,employee,badge_swipe,False,2026-07-24 15:52:07
FAC-005-Z1,E-1,employee,motion,,2026-07-24 15:52:07
FAC-005-Z1,E-8,employee,badge_swipe,True,2026-07-24 15:52:07
FAC-005-Z2,E-11,employee,badge_swipe,True,2026-07-24 16:07:07
FAC-003-Z2,E-7,employee,motion,,2026-07-24 16:07:07
FAC-005-Z1,E-46,employee,badge_swipe,True,2026-07-24 16:07:07
FAC-004-Z2,V-10,visitor,motion,,2026-07-24 16:07:07
FAC-001-Z3,V-2,visitor,motion,,2026-07-24 16:07:07
FAC-002-Z3,E-30,employee,badge_swipe,True,2026-07-24 16:07:07
FAC-002-Z3,E-45,employee,badge_swipe,True,2026-07-24 16:07:07
FAC-001-Z1,E-38,employee,motion,,2026-07-24 16:07:07
FAC-001-Z1,V-10,visitor,motion,,2026-07-24 16:22:07
FAC-001-Z1,E-39,employee,motion,,2026-07-24 16:22:07
FAC-001-Z1,E-4,employee,badge_swipe,True,2026-07-24 16:22:07
FAC-005-Z2,E-42,employee,badge_swipe,True,2026-07-24 16:22:07
FAC-002-Z3,E-26,employee,motion,,2026-07-24 16:22:07
FAC-001-Z1,E-31,employee,badge_swipe,True,2026-07-24 16:22:07
FAC-001-Z3,E-20,employee,motion,,2026-07-24 16:22:07
FAC-004-Z3,E-48,employee,badge_swipe,True,2026-07-24 16:22:07
FAC-001-Z3,E-27,employee,motion,,2026-07-24 16:22:07
FAC-005-Z2,E-29,employee,badge_swipe,True,2026-07-24 16:22:07
FAC-001-Z2,E-30,employee,motion,,2026-07-24 16:22:07
FAC-002-Z1,E-45,employee,badge_swipe,True,2026-07-24 16:37:07
FAC-003-Z1,V-8,visitor,motion,,2026-07-24 16:37:07
FAC-005-Z2,E-39,employee,motion,,2026-07-24 16:37:07
FAC-003-Z2,E-11,employee,badge_swipe,True,2026-07-24 16:37:07
FAC-005-Z2,E-18,employee,motion,,2026-07-24 16:37:07
FAC-003-Z1,E-42,employee,badge_swipe,True,2026-07-24 16:37:07
FAC-002-Z2,E-21,employee,badge_swipe,True,2026-07-24 16:37:07
FAC-004-Z1,E-49,employee,motion,,2026-07-24 16:37:07
FAC-005-Z2,V-7,visitor,motion,,2026-07-24 16:37:07
FAC-001-Z2,E-41,employee,badge_swipe,True,2026-07-24 16:37:07
FAC-005-Z1,E-37,employee,motion,,2026-07-24 16:37:07
FAC-004-Z2,E-18,employee,motion,,2026-07-24 16:37:07
FAC-002-Z2,E-44,employee,badge_swipe,True,2026-07-24 16:37:07
FAC-001-Z3,E-31,employee,motion,,2026-07-24 16:37:07
FAC-004-Z1,E-12,employee,motion,,2026-07-24 16:37:07
FAC-003-Z2,E-46,employee,motion,,2026-07-24 16:37:07
FAC-001-Z3,E-33,employee,motion,,2026-07-24 16:37:07
FAC-001-Z1,E-44,employee,badge_swipe,True,2026-07-24 16:37:07
FAC-003-Z2,E-7,employee,badge_swipe,False,2026-07-24 16:52:07
FAC-003-Z2,E-20,employee,motion,,2026-07-24 16:52:07
FAC-004-Z3,E-7,employee,motion,,2026-07-24 16:52:07
FAC-005-Z2,V-3,visitor,badge_swipe,True,2026-07-24 16:52:07
FAC-004-Z2,E-13,employee,badge_swipe,True,2026-07-24 16:52:07
FAC-002-Z2,V-3,visitor,badge_swipe,True,2026-07-24 16:52:07
FAC-004-Z2,E-8,employee,badge_swipe,True,2026-07-24 16:52:07
FAC-005-Z2,E-19,employee,badge_swipe,True,2026-07-24 16:52:07
FAC-001-Z1,E-47,employee,badge_swipe,True,2026-07-24 16:52:07
FAC-001-Z1,E-23,employee,motion,,2026-07-24 16:52:07
FAC-005-Z1,E-19,employee,badge_swipe,True,2026-07-24 17:07:07
FAC-001-Z1,E-5,employee,motion,,2026-07-24 17:07:07
FAC-002-Z1,E-32,employee,motion,,2026-07-24 17:07:07
FAC-001-Z1,E-24,employee,motion,,2026-07-24 17:07:07
FAC-005-Z3,V-3,visitor,motion,,2026-07-24 17:07:07
FAC-004-Z2,E-30,employee,badge_swipe,True,2026-07-24 17:07:07
FAC-003-Z1,E-34,employee,badge_swipe,True,2026-07-24 17:22:07
FAC-002-Z3,E-18,employee,motion,,2026-07-24 17:22:07
FAC-005-Z2,E-23,employee,motion,,2026-07-24 17:22:07
FAC-002-Z3,E-40,employee,badge_swipe,True,2026-07-24 17:22:07
FAC-003-Z1,V-6,visitor,badge_swipe,True,2026-07-24 17:22:07
FAC-003-Z1,E-17,employee,badge_swipe,True,2026-07-24 17:22:07
FAC-005-Z1,E-17,employee,badge_swipe,True,2026-07-24 17:22:07
FAC-001-Z3,E-24,employee,badge_swipe,True,2026-07-24 17:22:07
FAC-005-Z1,E-13,employee,badge_swipe,True,2026-07-24 17:22:07
FAC-002-Z2,E-50,employee,badge_swipe,True,2026-07-24 17:22:07
FAC-002-Z2,E-9,employee,motion,,2026-07-24 17:22:07
FAC-002-Z3,E-16,employee,motion,,2026-07-24 17:37:07
FAC-002-Z3,E-49,employee,badge_swipe,True,2026-07-24 17:37:07
FAC-001-Z1,E-28,employee,motion,,2026-07-24 17:37:07
FAC-003-Z2,E-3,employee,motion,,2026-07-24 17:37:07
FAC-003-Z3,E-15,employee,badge_swipe,True,2026-07-24 17:37:07
FAC-002-Z1,V-4,visitor,badge_swipe,True,2026-07-24 17:37:07
FAC-005-Z2,E-12,employee,badge_swipe,True,2026-07-24 17:52:07
FAC-003-Z1,E-47,employee,badge_swipe,True,2026-07-24 17:52:07
FAC-004-Z3,E-27,employee,badge_swipe,True,2026-07-24 17:52:07
FAC-004-Z3,E-41,employee,badge_swipe,True,2026-07-24 17:52:07
FAC-002-Z3,E-50,employee,motion,,2026-07-24 17:52:07
FAC-001-Z3,E-25,employee,badge_swipe,True,2026-07-24 17:52:07
FAC-003-Z1,E-43,employee,badge_swipe,True,2026-07-24 17:52:07
FAC-002-Z3,E-43,employee,badge_swipe,True,2026-07-24 17:52:07
FAC-005-Z3,E-42,employee,motion,,2026-07-24 17:52:07
FAC-001-Z2,E-44,employee,badge_swipe,True,2026-07-24 17:52:07
FAC-002-Z3,E-46,employee,motion,,2026-07-24 17:52:07
FAC-002-Z1,E-48,employee,badge_swipe,True,2026-07-24 17:52:07
FAC-001-Z3,V-7,visitor,motion,,2026-07-24 17:52:07
FAC-001-Z1,E-41,employee,motion,,2026-07-24 17:52:07
FAC-002-Z3,V-2,visitor,motion,,2026-07-24 17:52:07
FAC-001-Z2,V-5,visitor,badge_swipe,True,2026-07-24 18:07:07
FAC-001-Z2,E-26,employee,motion,,2026-07-24 18:07:07
FAC-002-Z1,E-16,employee,motion,,2026-07-24 18:07:07
FAC-003-Z3,E-17,employee,badge_swipe,True,2026-07-24 18:07:07
FAC-003-Z3,V-9,visitor,badge_swipe,True,2026-07-24 18:07:07
FAC-001-Z3,E-3,employee,badge_swipe,True,2026-07-24 18:07:07
FAC-005-Z3,E-15,employee,motion,,2026-07-24 18:07:07
FAC-002-Z2,E-50,employee,motion,,2026-07-24 18:07:07
FAC-001-Z3,E-43,employee,motion,,2026-07-24 18:07:07
FAC-002-Z1,E-20,employee,badge_swipe,True,2026-07-24 18:07:07
FAC-004-Z2,E-28,employee,badge_swipe,True,2026-07-24 18:07:07
FAC-003-Z3,E-47,employee,badge_swipe,True,2026-07-24 18:07:07
FAC-003-Z2,E-7,employee,badge_swipe,True,2026-07-24 18:22:07
FAC-003-Z3,E-38,employee,motion,,2026-07-24 18:22:07
FAC-004-Z2,E-18,employee,badge_swipe,True,2026-07-24 18:22:07
FAC-004-Z3,E-1,employee,motion,,2026-07-24 18:22:07
FAC-004-Z1,E-27,employee,badge_swipe,True,2026-07-24 18:22:07
FAC-001-Z1,E-47,employee,motion,,2026-07-24 18:22:07
FAC-003-Z1,E-46,employee,motion,,2026-07-24 18:22:07
FAC-005-Z1,E-27,employee,motion,,2026-07-24 18:22:07
FAC-001-Z2,E-46,employee,badge_swipe,True,2026-07-24 18:22:07
FAC-004-Z1,E-16,employee,badge_swipe,True,2026-07-24 18:22:07
FAC-004-Z3,E-16,employee,motion,,2026-07-24 18:37:07
FAC-005-Z1,V-10,visitor,motion,,2026-07-24 18:37:07
FAC-005-Z3,E-28,employee,motion,,2026-07-24 18:37:07
FAC-005-Z2,E-1,employee,badge_swipe,True,2026-07-24 18:37:07
FAC-005-Z2,E-23,employee,badge_swipe,True,2026-07-24 18:37:07
FAC-001-Z2,E-32,employee,motion,,2026-07-24 18:37:07
FAC-001-Z1,E-37,employee,motion,,2026-07-24 18:37:07
FAC-004-Z3,E-42,employee,badge_swipe,True,2026-07-24 18:37:07
FAC-003-Z2,E-17,employee,badge_swipe,True,2026-07-24 18:37:07
FAC-004-Z1,E-12,employee,badge_swipe,True,2026-07-24 18:37:07
FAC-005-Z1,E-38,employee,badge_swipe,True,2026-07-24 18:37:07
FAC-003-Z1,E-14,employee,motion,,2026-07-24 18:37:07
FAC-005-Z2,E-5,employee,motion,,2026-07-24 18:37:07
FAC-002-Z3,V-8,visitor,motion,,2026-07-24 18:37:07
FAC-003-Z1,V-6,visitor,badge_swipe,True,2026-07-24 18:37:07
FAC-003-Z1,E-21,employee,motion,,2026-07-24 18:52:07
FAC-004-Z1,V-10,visitor,motion,,2026-07-24 18:52:07
FAC-005-Z3,E-9,employee,motion,,2026-07-24 18:52:07
FAC-003-Z1,E-8,employee,badge_swipe,True,2026-07-24 18:52:07
FAC-003-Z1,E-46,employee,badge_swipe,True,2026-07-24 18:52:07
FAC-004-Z2,E-32,employee,motion,,2026-07-24 18:52:07
FAC-001-Z1,E-45,employee,badge_swipe,True,2026-07-24 18:52:07
FAC-001-Z3,E-50,employee,badge_swipe,True,2026-07-24 18:52:07
FAC-004-Z1,E-15,employee,motion,,2026-07-24 18:52:07
FAC-002-Z1,E-27,employee,motion,,2026-07-24 18:52:07
FAC-001-Z1,E-23,employee,motion,,2026-07-24 18:52:07
FAC-005-Z1,E-9,employee,motion,,2026-07-24 18:52:07
FAC-004-Z2,E-27,employee,motion,,2026-07-24 19:07:07
FAC-001-Z1,E-30,employee,badge_swipe,False,2026-07-24 19:07:07
FAC-005-Z1,E-1,employee,badge_swipe,False,2026-07-24 19:07:07
FAC-001-Z3,E-5,employee,badge_swipe,True,2026-07-24 19:22:07
FAC-003-Z2,E-45,employee,motion,,2026-07-24 19:22:07
FAC-003-Z2,E-18,employee,badge_swipe,True,2026-07-24 19:22:07
FAC-002-Z3,E-25,employee,motion,,2026-07-24 19:37:07
FAC-002-Z3,E-22,employee,motion,,2026-07-24 19:37:07
FAC-004-Z1,E-8,employee,badge_swipe,True,2026-07-24 19:52:07
FAC-001-Z3,E-28,employee,motion,,2026-07-24 20:07:07
FAC-004-Z1,E-19,employee,motion,,2026-07-24 20:07:07
FAC-001-Z1,E-3,employee,badge_swipe,True,2026-07-24 20:37:07
FAC-002-Z1,V-9,visitor,badge_swipe,True,2026-07-24 20:52:07
FAC-002-Z1,E-2,employee,motion,,2026-07-24 20:52:07
FAC-003-Z3,E-21,employee,motion,,2026-07-24 20:52:07
FAC-002-Z3,V-5,visitor,motion,,2026-07-24 21:37:07
FAC-001-Z3,E-11,employee,motion,,2026-07-24 21:37:07
FAC-003-Z3,E-49,employee,motion,,2026-07-24 22:07:07
FAC-001-Z3,E-4,employee,badge_swipe,True,2026-07-24 22:22:07
FAC-002-Z3,E-39,employee,badge_swipe,True,2026-07-24 22:37:07
FAC-001-Z2,E-17,employee,motion,,2026-07-24 22:37:07
FAC-004-Z1,E-39,employee,badge_swipe,True,2026-07-24 22:37:07
FAC-002-Z1,E-31,employee,motion,,2026-07-24 22:52:07
FAC-002-Z1,E-44,employee,badge_swipe,True,2026-07-24 22:52:07
FAC-005-Z1,E-47,employee,badge_swipe,True,2026-07-24 23:37:07
FAC-004-Z2,E-1,employee,badge_swipe,True,2026-07-25 00:22:07
FAC-005-Z3,E-11,employee,motion,,2026-07-25 00:22:07
FAC-001-Z1,E-46,employee,motion,,2026-07-25 01:07:07
FAC-001-Z3,E-12,employee,motion,,2026-07-25 01:22:07
FAC-003-Z2,E-29,employee,badge_swipe,True,2026-07-25 01:37:07
FAC-003-Z2,E-11,employee,badge_swipe,True,2026-07-25 01:37:07
FAC-002-Z2,E-46,employee,motion,,2026-07-25 01:52:07
FAC-001-Z1,E-26,employee,badge_swipe,True,2026-07-25 02:07:07
FAC-001-Z1,E-33,employee,motion,,2026-07-25 02:52:07
FAC-003-Z2,E-22,employee,badge_swipe,True,2026-07-25 02:52:07
FAC-001-Z2,E-35,employee,badge_swipe,True,2026-07-25 02:52:07
FAC-002-Z3,E-26,employee,badge_swipe,False,2026-07-25 03:07:07
FAC-001-Z3,E-32,employee,badge_swipe,True,2026-07-25 03:22:07
FAC-002-Z2,E-2,employee,motion,,2026-07-25 03:22:07
FAC-002-Z1,E-24,employee,motion,,2026-07-25 03:22:07
FAC-002-Z1,E-11,employee,motion,,2026-07-25 03:37:07
FAC-003-Z3,E-40,employee,badge_swipe,True,2026-07-25 03:37:07
FAC-002-Z3,V-2,visitor,badge_swipe,True,2026-07-25 03:37:07
FAC-002-Z1,E-44,employee,badge_swipe,True,2026-07-25 03:52:07
FAC-005-Z3,E-25,employee,badge_swipe,True,2026-07-25 03:52:07
FAC-002-Z2,V-2,visitor,motion,,2026-07-25 03:52:07
FAC-004-Z1,E-23,employee,badge_swipe,True,2026-07-25 04:07:07
FAC-001-Z3,E-34,employee,motion,,2026-07-25 04:07:07
FAC-001-Z2,E-14,employee,badge_swipe,True,2026-07-25 04:22:07
FAC-001-Z3,E-39,employee,motion,,2026-07-25 04:37:07
FAC-002-Z3,E-44,employee,motion,,2026-07-25 04:37:07
FAC-005-Z3,E-11,employee,badge_swipe,True,2026-07-25 04:37:07
FAC-002-Z1,E-9,employee,motion,,2026-07-25 04:52:07
FAC-001-Z2,E-30,employee,motion,,2026-07-25 04:52:07
FAC-001-Z1,E-27,employee,motion,,2026-07-25 04:52:07
FAC-005-Z1,E-18,employee,motion,,2026-07-25 05:07:07
FAC-004-Z1,E-46,employee,badge_swipe,True,2026-07-25 05:07:07
FAC-002-Z3,E-2,employee,motion,,2026-07-25 05:37:07
FAC-002-Z3,E-44,employee,badge_swipe,True,2026-07-25 05:52:07
FAC-004-Z3,E-41,employee,badge_swipe,True,2026-07-25 06:07:07
FAC-005-Z2,V-9,visitor,motion,,2026-07-25 06:07:07
FAC-004-Z1,V-7,visitor,badge_swipe,True,2026-07-25 06:22:07
FAC-004-Z1,E-43,employee,motion,,2026-07-25 06:37:07
FAC-005-Z3,E-29,employee,badge_swipe,True,2026-07-25 06:37:07
FAC-005-Z1,E-25,employee,badge_swipe,True,2026-07-25 06:52:07
FAC-005-Z3,E-24,employee,motion,,2026-07-25 06:52:07
FAC-001-Z2,E-44,employee,badge_swipe,True,2026-07-25 06:52:07
FAC-005-Z2,E-41,employee,badge_swipe,True,2026-07-25 07:22:07
FAC-004-Z1,E-18,employee,motion,,2026-07-25 07:37:07
FAC-005-Z3,E-16,employee,motion,,2026-07-25 07:37:07
FAC-004-Z1,E-45,employee,badge_swipe,True,2026-07-25 07:52:07
FAC-003-Z2,E-8,employee,badge_swipe,True,2026-07-25 08:07:07
FAC-003-Z1,E-38,employee,motion,,2026-07-25 08:22:07
FAC-003-Z1,E-28,employee,motion,,2026-07-25 08:22:07
FAC-004-Z3,E-46,employee,badge_swipe,True,2026-07-25 08:22:07
FAC-003-Z2,E-12,employee,motion,,2026-07-25 08:37:07
FAC-003-Z2,E-37,employee,motion,,2026-07-25 08:37:07
FAC-005-Z1,E-37,employee,motion,,2026-07-25 08:52:07
FAC-001-Z3,E-20,employee,badge_swipe,True,2026-07-25 09:07:07
FAC-005-Z2,E-3,employee,badge_swipe,True,2026-07-25 09:07:07
FAC-001-Z1,E-17,employee,badge_swipe,True,2026-07-25 09:07:07
FAC-004-Z2,E-10,employee,motion,,2026-07-25 09:52:07
FAC-002-Z2,E-27,employee,motion,,2026-07-25 09:52:07
FAC-002-Z3,E-32,employee,motion,,2026-07-25 10:07:07
FAC-002-Z1,E-7,employee,badge_swipe,True,2026-07-25 10:07:07
FAC-005-Z2,E-37,employee,badge_swipe,True,2026-07-25 10:22:07
FAC-001-Z2,E-38,employee,motion,,2026-07-25 10:22:07
FAC-002-Z2,E-19,employee,badge_swipe,True,2026-07-25 10:22:07
FAC-001-Z1,E-30,employee,badge_swipe,False,2026-07-25 10:37:07
FAC-005-Z2,E-2,employee,badge_swipe,True,2026-07-25 10:37:07
FAC-005-Z2,E-32,employee,badge_swipe,False,2026-07-25 10:37:07
FAC-002-Z2,E-5,employee,motion,,2026-07-25 11:07:07
FAC-003-Z1,V-7,visitor,motion,,2026-07-25 11:07:07
FAC-002-Z3,E-10,employee,badge_swipe,True,2026-07-25 11:07:07
FAC-005-Z2,E-17,employee,motion,,2026-07-25 11:22:07
FAC-003-Z2,E-37,employee,badge_swipe,True,2026-07-25 11:22:07
FAC-005-Z2,V-2,visitor,badge_swipe,True,2026-07-25 12:07:07
FAC-005-Z2,E-17,employee,motion,,2026-07-25 12:22:07
FAC-004-Z1,E-16,employee,badge_swipe,True,2026-07-25 12:22:07
FAC-005-Z2,E-3,employee,motion,,2026-07-25 12:22:07
FAC-001-Z1,E-9,employee,badge_swipe,True,2026-07-25 12:37:07
FAC-003-Z2,E-41,employee,motion,,2026-07-25 12:37:07
FAC-002-Z3,E-25,employee,motion,,2026-07-25 12:52:07
FAC-001-Z2,E-8,employee,motion,,2026-07-25 13:07:07
FAC-002-Z3,V-7,visitor,badge_swipe,True,2026-07-25 13:07:07
FAC-002-Z1,E-35,employee,motion,,2026-07-25 13:52:07
FAC-003-Z3,E-25,employee,motion,,2026-07-25 13:52:07
FAC-004-Z2,V-5,visitor,badge_swipe,True,2026-07-25 13:52:07
FAC-002-Z3,E-4,employee,motion,,2026-07-25 14:07:07
FAC-004-Z3,E-11,employee,motion,,2026-07-25 14:07:07
FAC-004-Z2,E-24,employee,badge_swipe,True,2026-07-25 14:07:07
FAC-001-Z2,E-19,employee,badge_swipe,True,2026-07-25 14:22:07
FAC-003-Z3,E-10,employee,badge_swipe,True,2026-07-25 15:07:07
FAC-004-Z1,E-31,employee,motion,,2026-07-25 15:07:07
FAC-004-Z1,E-43,employee,badge_swipe,True,2026-07-25 15:07:07
FAC-003-Z3,E-45,employee,badge_swipe,True,2026-07-25 15:22:07
FAC-004-Z1,E-27,employee,badge_swipe,True,2026-07-25 15:52:07
FAC-005-Z2,E-46,employee,motion,,2026-07-25 15:52:07
FAC-004-Z2,E-46,employee,badge_swipe,True,2026-07-25 16:07:07
FAC-004-Z2,E-50,employee,motion,,2026-07-25 16:07:07
FAC-001-Z2,E-28,employee,badge_swipe,True,2026-07-25 16:07:07
FAC-004-Z2,E-36,employee,badge_swipe,True,2026-07-25 16:22:07
FAC-004-Z2,E-50,employee,badge_swipe,True,2026-07-25 16:22:07
FAC-005-Z1,E-45,employee,badge_swipe,True,2026-07-25 16:22:07
FAC-001-Z2,E-41,employee,motion,,2026-07-25 16:52:07
FAC-001-Z3,V-6,visitor,motion,,2026-07-25 17:07:07
FAC-001-Z2,E-13,employee,badge_swipe,True,2026-07-25 17:37:07
FAC-004-Z1,E-47,employee,motion,,2026-07-25 17:52:07
FAC-004-Z1,E-16,employee,motion,,2026-07-25 17:52:07
FAC-002-Z1,E-48,employee,motion,,2026-07-25 18:22:07
FAC-003-Z1,E-33,employee,motion,,2026-07-25 18:22:07
FAC-001-Z1,E-33,employee,badge_swipe,True,2026-07-25 18:22:07
FAC-002-Z3,E-17,employee,badge_swipe,True,2026-07-25 18:37:07
FAC-005-Z2,E-38,employee,motion,,2026-07-25 18:37:07
FAC-004-Z1,E-44,employee,badge_swipe,True,2026-07-25 18:52:07
FAC-005-Z1,E-13,employee,motion,,2026-07-25 18:52:07
FAC-004-Z2,E-6,employee,badge_swipe,True,2026-07-25 18:52:07
FAC-002-Z1,V-10,visitor,motion,,2026-07-25 19:07:07
FAC-004-Z2,E-5,employee,badge_swipe,True,2026-07-25 19:07:07
FAC-002-Z3,V-6,visitor,badge_swipe,True,2026-07-25 19:37:07
FAC-002-Z3,E-36,employee,motion,,2026-07-25 19:37:07
FAC-002-Z1,V-7,visitor,motion,,2026-07-25 19:37:07
FAC-004-Z2,E-38,employee,motion,,2026-07-25 20:22:07
FAC-002-Z3,E-25,employee,badge_swipe,True,2026-07-25 20:22:07
FAC-004-Z3,E-28,employee,badge_swipe,True,2026-07-25 20:37:07
FAC-005-Z1,E-14,employee,motion,,2026-07-25 20:37:07
FAC-005-Z1,V-3,visitor,motion,,2026-07-25 20:37:07
FAC-003-Z1,E-26,employee,motion,,2026-07-25 20:52:07
FAC-001-Z3,E-21,employee,motion,,2026-07-25 20:52:07
FAC-002-Z2,E-7,employee,badge_swipe,True,2026-07-25 21:07:07
FAC-003-Z1,E-29,employee,badge_swipe,True,2026-07-25 21:22:07
FAC-004-Z2,E-32,employee,motion,,2026-07-25 21:52:07
FAC-003-Z3,E-35,employee,badge_swipe,True,2026-07-25 21:52:07
FAC-002-Z1,E-40,employee,badge_swipe,True,2026-07-25 21:52:07
FAC-001-Z1,E-31,employee,badge_swipe,True,2026-07-25 22:22:07
FAC-004-Z2,E-34,employee,badge_swipe,True,2026-07-25 22:22:07
FAC-003-Z1,E-10,employee,motion,,2026-07-25 22:37:07
FAC-005-Z1,V-5,visitor,motion,,2026-07-25 22:37:07
FAC-002-Z3,E-17,employee,motion,,2026-07-25 22:52:07
FAC-004-Z1,E-33,employee,badge_swipe,True,2026-07-25 23:22:07
FAC-002-Z3,V-3,visitor,motion,,2026-07-25 23:22:07
FAC-005-Z3,E-26,employee,motion,,2026-07-25 23:37:07
FAC-001-Z1,E-46,employee,badge_swipe,True,2026-07-25 23:37:07
FAC-005-Z1,E-16,employee,badge_swipe,True,2026-07-25 23:52:07
FAC-003-Z2,E-30,employee,badge_swipe,True,2026-07-26 00:07:07
FAC-001-Z3,E-36,employee,badge_swipe,True,2026-07-26 00:22:07
FAC-003-Z3,E-34,employee,motion,,2026-07-26 00:37:07
FAC-002-Z1,E-20,employee,badge_swipe,True,2026-07-26 00:37:07
FAC-001-Z2,E-49,employee,badge_swipe,False,2026-07-26 01:07:07
FAC-003-Z3,E-46,employee,badge_swipe,True,2026-07-26 01:07:07
FAC-003-Z2,E-20,employee,motion,,2026-07-26 01:22:07
FAC-002-Z3,E-39,employee,badge_swipe,True,2026-07-26 01:22:07
FAC-002-Z1,E-26,employee,badge_swipe,True,2026-07-26 01:37:07
FAC-004-Z3,E-2,employee,badge_swipe,True,2026-07-26 01:37:07
FAC-004-Z1,E-36,employee,motion,,2026-07-26 01:52:07
FAC-001-Z1,E-20,employee,badge_swipe,True,2026-07-26 01:52:07
FAC-004-Z3,E-43,employee,motion,,2026-07-26 01:52:07
FAC-005-Z1,E-32,employee,badge_swipe,True,2026-07-26 02:07:07
FAC-005-Z1,E-14,employee,badge_swipe,True,2026-07-26 02:22:07
FAC-002-Z3,E-37,employee,motion,,2026-07-26 02:22:07
FAC-001-Z2,E-30,employee,badge_swipe,True,2026-07-26 02:37:07
FAC-003-Z3,E-37,employee,motion,,2026-07-26 02:52:07
FAC-004-Z1,E-37,employee,badge_swipe,True,2026-07-26 02:52:07
FAC-003-Z2,E-45,employee,badge_swipe,True,2026-07-26 02:52:07
FAC-003-Z3,E-38,employee,badge_swipe,True,2026-07-26 03:22:07
FAC-002-Z2,E-5,employee,badge_swipe,True,2026-07-26 03:22:07
FAC-002-Z1,E-14,employee,motion,,2026-07-26 04:07:07
FAC-002-Z3,E-48,employee,motion,,2026-07-26 04:07:07
FAC-003-Z2,E-12,employee,badge_swipe,True,2026-07-26 04:07:07
FAC-005-Z2,E-24,employee,motion,,2026-07-26 04:22:07
FAC-003-Z1,V-6,visitor,motion,,2026-07-26 04:22:07
FAC-001-Z1,E-1,employee,badge_swipe,True,2026-07-26 04:22:07
FAC-001-Z2,E-49,employee,motion,,2026-07-26 04:37:07
FAC-004-Z2,E-4,employee,motion,,2026-07-26 05:07:07
FAC-004-Z2,E-48,employee,motion,,2026-07-26 05:22:07
FAC-003-Z2,E-47,employee,badge_swipe,True,2026-07-26 05:22:07
FAC-004-Z1,E-19,employee,motion,,2026-07-26 05:37:07
FAC-004-Z2,V-8,visitor,motion,,2026-07-26 06:22:07
FAC-004-Z3,V-8,visitor,motion,,2026-07-26 06:22:07
FAC-003-Z3,E-44,employee,badge_swipe,True,2026-07-26 06:22:07
FAC-005-Z2,V-8,visitor,motion,,2026-07-26 06:37:07
FAC-004-Z3,E-47,employee,motion,,2026-07-26 06:52:07
FAC-005-Z2,E-34,employee,badge_swipe,True,2026-07-26 06:52:07
FAC-003-Z2,E-12,employee,badge_swipe,True,2026-07-26 07:07:07
FAC-004-Z3,E-36,employee,motion,,2026-07-26 07:07:07
FAC-002-Z3,E-2,employee,motion,,2026-07-26 07:22:07
FAC-001-Z1,E-45,employee,badge_swipe,True,2026-07-26 07:22:07
FAC-003-Z2,E-13,employee,badge_swipe,True,2026-07-26 07:22:07
FAC-001-Z2,E-3,employee,badge_swipe,True,2026-07-26 07:37:07
FAC-003-Z2,E-30,employee,motion,,2026-07-26 07:37:07
FAC-002-Z3,V-4,visitor,badge_swipe,True,2026-07-26 07:52:07
FAC-001-Z1,E-41,employee,badge_swipe,True,2026-07-26 07:52:07
FAC-002-Z2,E-37,employee,badge_swipe,True,2026-07-26 07:52:07
FAC-004-Z3,E-40,employee,badge_swipe,True,2026-07-26 08:07:07
FAC-002-Z2,E-40,employee,badge_swipe,True,2026-07-26 08:07:07
FAC-001-Z2,E-3,employee,badge_swipe,True,2026-07-26 08:22:07
FAC-003-Z2,V-3,visitor,badge_swipe,True,2026-07-26 08:22:07
FAC-002-Z2,E-7,employee,motion,,2026-07-26 08:22:07
FAC-003-Z1,E-8,employee,badge_swipe,True,2026-07-26 08:37:07
FAC-005-Z1,E-35,employee,badge_swipe,True,2026-07-26 08:37:07
FAC-003-Z1,E-33,employee,motion,,2026-07-26 08:37:07
FAC-004-Z1,V-8,visitor,motion,,2026-07-26 08:52:07
FAC-003-Z1,E-46,employee,motion,,2026-07-26 09:07:07
FAC-005-Z2,V-10,visitor,badge_swipe,True,2026-07-26 09:07:07
FAC-002-Z2,E-30,employee,badge_swipe,False,2026-07-26 09:22:07
FAC-005-Z3,E-22,employee,badge_swipe,True,2026-07-26 09:22:07
FAC-004-Z2,E-23,employee,badge_swipe,True,2026-07-26 09:22:07
FAC-004-Z1,E-40,employee,motion,,2026-07-26 09:37:07
FAC-003-Z1,E-7,employee,motion,,2026-07-26 09:37:07
FAC-004-Z1,E-34,employee,motion,,2026-07-26 09:52:07
FAC-001-Z2,E-44,employee,badge_swipe,True,2026-07-26 10:07:07
FAC-004-Z2,E-10,employee,badge_swipe,True,2026-07-26 10:37:07
FAC-003-Z2,E-15,employee,motion,,2026-07-26 10:37:07
FAC-002-Z1,E-22,employee,badge_swipe,True,2026-07-26 10:52:07
FAC-002-Z1,E-19,employee,badge_swipe,True,2026-07-26 10:52:07
FAC-002-Z1,V-6,visitor,motion,,2026-07-26 11:07:07
FAC-004-Z1,E-15,employee,motion,,2026-07-26 11:07:07
FAC-004-Z2,E-8,employee,badge_swipe,True,2026-07-26 11:07:07
FAC-005-Z2,E-8,employee,badge_swipe,True,2026-07-26 11:37:07
FAC-003-Z1,E-22,employee,badge_swipe,True,2026-07-26 11:52:07
FAC-004-Z2,E-22,employee,motion,,2026-07-26 11:52:07
FAC-001-Z1,E-16,employee,motion,,2026-07-26 11:52:07
FAC-002-Z1,E-9,employee,badge_swipe,True,2026-07-26 12:07:07
FAC-001-Z2,E-46,employee,motion,,2026-07-26 12:07:07
FAC-004-Z1,E-11,employee,motion,,2026-07-26 12:07:07
FAC-004-Z1,E-45,employee,motion,,2026-07-26 12:22:07
FAC-001-Z1,E-31,employee,badge_swipe,True,2026-07-26 12:22:07
FAC-003-Z3,E-4,employee,motion,,2026-07-26 12:22:07
FAC-004-Z2,V-1,visitor,motion,,2026-07-26 12:37:07
FAC-005-Z2,E-39,employee,badge_swipe,True,2026-07-26 12:37:07
FAC-002-Z1,E-24,employee,motion,,2026-07-26 13:07:07
FAC-002-Z2,E-49,employee,motion,,2026-07-26 13:22:07
FAC-002-Z2,V-7,visitor,badge_swipe,True,2026-07-26 13:22:07
FAC-005-Z3,E-35,employee,badge_swipe,True,2026-07-26 13:22:07
FAC-005-Z2,V-5,visitor,badge_swipe,True,2026-07-26 13:37:07
FAC-004-Z3,V-10,visitor,badge_swipe,True,2026-07-26 13:37:07
FAC-003-Z1,E-5,employee,motion,,2026-07-26 14:07:07
FAC-004-Z3,E-29,employee,motion,,2026-07-26 14:22:07
FAC-005-Z3,E-12,employee,badge_swipe,True,2026-07-26 14:22:07
FAC-005-Z2,E-25,employee,badge_swipe,True,2026-07-26 14:22:07
FAC-004-Z3,V-9,visitor,motion,,2026-07-26 14:37:07
FAC-002-Z2,E-32,employee,badge_swipe,True,2026-07-26 14:37:07
FAC-002-Z1,E-7,employee,motion,,2026-07-26 14:37:07
FAC-004-Z1,E-40,employee,motion,,2026-07-26 14:52:07
FAC-005-Z2,E-23,employee,badge_swipe,True,2026-07-26 15:07:07
FAC-005-Z1,E-33,employee,motion,,2026-07-26 15:22:07
FAC-002-Z1,V-9,visitor,motion,,2026-07-26 15:22:07
FAC-004-Z2,E-20,employee,motion,,2026-07-26 15:22:07
FAC-004-Z2,E-22,employee,motion,,2026-07-26 15:52:07
FAC-004-Z1,E-48,employee,motion,,2026-07-26 15:52:07
FAC-005-Z2,E-37,employee,badge_swipe,True,2026-07-26 15:52:07
FAC-003-Z2,E-7,employee,motion,,2026-07-26 16:07:07
FAC-003-Z2,E-17,employee,motion,,2026-07-26 16:22:07
FAC-001-Z3,E-21,employee,motion,,2026-07-26 16:22:07
FAC-001-Z2,E-37,employee,badge_swipe,True,2026-07-26 16:22:07
FAC-001-Z3,E-19,employee,badge_swipe,True,2026-07-26 16:37:07
FAC-003-Z1,E-48,employee,motion,,2026-07-26 16:37:07
FAC-002-Z1,E-49,employee,badge_swipe,True,2026-07-26 16:52:07
FAC-002-Z3,E-9,employee,badge_swipe,True,2026-07-26 16:52:07
FAC-003-Z1,E-44,employee,badge_swipe,True,2026-07-26 17:07:07
FAC-003-Z3,E-3,employee,motion,,2026-07-26 17:22:07
FAC-004-Z3,E-32,employee,badge_swipe,True,2026-07-26 17:22:07
FAC-004-Z2,E-22,employee,motion,,2026-07-26 17:37:07
FAC-003-Z1,E-50,employee,badge_swipe,True,2026-07-26 17:37:07
FAC-003-Z1,E-37,employee,badge_swipe,True,2026-07-26 17:52:07
FAC-005-Z3,E-8,employee,badge_swipe,True,2026-07-26 17:52:07
FAC-004-Z3,E-8,employee,motion,,2026-07-26 17:52:07
FAC-004-Z1,E-31,employee,motion,,2026-07-26 18:07:07
FAC-005-Z1,E-4,employee,badge_swipe,True,2026-07-26 18:22:07
FAC-005-Z2,E-44,employee,motion,,2026-07-26 19:07:07
FAC-005-Z2,E-38,employee,motion,,2026-07-26 19:37:07
FAC-004-Z1,V-9,visitor,badge_swipe,True,2026-07-26 19:37:07
FAC-001-Z1,E-23,employee,motion,,2026-07-26 19:37:07
FAC-002-Z1,E-5,employee,motion,,2026-07-26 19:52:07
FAC-005-Z3,V-9,visitor,motion,,2026-07-26 19:52:07
FAC-002-Z3,E-36,employee,badge_swipe,True,2026-07-26 20:07:07
FAC-002-Z3,V-8,visitor,badge_swipe,True,2026-07-26 20:07:07
FAC-002-Z1,V-1,visitor,badge_swipe,True,2026-07-26 20:07:07
FAC-004-Z1,E-26,employee,badge_swipe,True,2026-07-26 20:22:07
FAC-005-Z1,V-3,visitor,badge_swipe,True,2026-07-26 20:37:07
FAC-003-Z2,E-45,employee,badge_swipe,True,2026-07-26 20:52:07
FAC-004-Z1,E-42,employee,badge_swipe,True,2026-07-26 21:07:07
FAC-003-Z2,E-46,employee,motion,,2026-07-26 21:22:07
FAC-005-Z2,E-31,employee,motion,,2026-07-26 21:22:07
FAC-005-Z3,E-11,employee,motion,,2026-07-26 21:22:07
FAC-004-Z3,E-22,employee,motion,,2026-07-26 21:52:07
FAC-001-Z1,E-25,employee,badge_swipe,True,2026-07-26 22:07:07
FAC-001-Z3,E-36,employee,motion,,2026-07-26 22:07:07
FAC-001-Z2,E-3,employee,badge_swipe,True,2026-07-26 22:22:07
FAC-002-Z2,E-49,employee,motion,,2026-07-26 22:22:07
FAC-005-Z3,E-16,employee,motion,,2026-07-26 22:37:07
FAC-002-Z3,E-5,employee,motion,,2026-07-26 22:37:07
FAC-001-Z1,E-9,employee,motion,,2026-07-26 23:22:07
FAC-001-Z1,E-18,employee,motion,,2026-07-26 23:22:07
FAC-003-Z1,E-27,employee,badge_swipe,True,2026-07-26 23:52:07
FAC-004-Z1,V-7,visitor,badge_swipe,True,2026-07-27 00:07:07
FAC-003-Z2,V-3,visitor,motion,,2026-07-27 00:22:07
FAC-004-Z3,E-29,employee,badge_swipe,True,2026-07-27 00:22:07
FAC-001-Z3,E-47,employee,badge_swipe,True,2026-07-27 00:37:07
FAC-005-Z1,E-32,employee,badge_swipe,True,2026-07-27 00:37:07
FAC-003-Z3,E-30,employee,badge_swipe,False,2026-07-27 00:37:07
FAC-001-Z1,E-40,employee,motion,,2026-07-27 00:52:07
FAC-003-Z2,E-17,employee,badge_swipe,True,2026-07-27 00:52:07
FAC-003-Z1,E-19,employee,motion,,2026-07-27 00:52:07
FAC-001-Z2,E-26,employee,motion,,2026-07-27 01:07:07
FAC-002-Z1,E-1,employee,badge_swipe,True,2026-07-27 01:07:07
FAC-001-Z1,E-43,employee,badge_swipe,True,2026-07-27 01:07:07
FAC-005-Z1,E-11,employee,badge_swipe,True,2026-07-27 01:22:07
FAC-004-Z3,E-11,employee,motion,,2026-07-27 01:37:07
FAC-001-Z1,E-13,employee,badge_swipe,False,2026-07-27 01:37:07
FAC-001-Z3,E-33,employee,motion,,2026-07-27 02:22:07
FAC-001-Z2,E-29,employee,motion,,2026-07-27 02:22:07
FAC-003-Z2,E-37,employee,badge_swipe,True,2026-07-27 02:22:07
FAC-005-Z3,V-9,visitor,badge_swipe,True,2026-07-27 02:37:07
FAC-003-Z1,E-29,employee,motion,,2026-07-27 02:37:07
FAC-003-Z3,E-26,employee,motion,,2026-07-27 02:37:07
FAC-003-Z3,E-3,employee,badge_swipe,True,2026-07-27 02:52:07
FAC-003-Z2,E-42,employee,motion,,2026-07-27 03:07:07
FAC-002-Z3,E-39,employee,motion,,2026-07-27 03:07:07
FAC-004-Z1,E-13,employee,motion,,2026-07-27 03:07:07
FAC-002-Z3,E-18,employee,motion,,2026-07-27 03:22:07
FAC-001-Z3,E-37,employee,badge_swipe,True,2026-07-27 03:22:07
FAC-002-Z1,E-17,employee,badge_swipe,True,2026-07-27 03:52:07
FAC-005-Z1,V-10,visitor,badge_swipe,True,2026-07-27 03:52:07
FAC-003-Z1,E-24,employee,badge_swipe,True,2026-07-27 03:52:07
FAC-002-Z2,E-48,employee,badge_swipe,True,2026-07-27 04:52:07
FAC-001-Z1,E-19,employee,badge_swipe,True,2026-07-27 04:52:07
FAC-002-Z2,E-5,employee,motion,,2026-07-27 05:07:07
FAC-001-Z2,E-7,employee,badge_swipe,True,2026-07-27 05:52:07
FAC-002-Z1,E-19,employee,badge_swipe,True,2026-07-27 06:07:07
FAC-005-Z2,E-12,employee,motion,,2026-07-27 06:22:07
FAC-001-Z3,E-12,employee,motion,,2026-07-27 06:22:07
FAC-001-Z3,E-41,employee,motion,,2026-07-27 06:22:07
FAC-002-Z3,E-16,employee,badge_swipe,True,2026-07-27 06:52:07
FAC-001-Z3,E-50,employee,motion,,2026-07-27 06:52:07
FAC-002-Z1,E-50,employee,motion,,2026-07-27 07:07:07
FAC-005-Z3,E-27,employee,motion,,2026-07-27 07:37:07
FAC-004-Z1,V-5,visitor,motion,,2026-07-27 07:52:07
FAC-005-Z2,V-4,visitor,motion,,2026-07-27 07:52:07
FAC-002-Z1,E-48,employee,badge_swipe,True,2026-07-27 07:52:07
FAC-003-Z1,V-2,visitor,badge_swipe,True,2026-07-27 08:07:07
FAC-003-Z3,E-36,employee,badge_swipe,True,2026-07-27 08:07:07
FAC-003-Z3,E-40,employee,badge_swipe,False,2026-07-27 08:07:07
FAC-001-Z1,E-28,employee,motion,,2026-07-27 08:07:07
FAC-002-Z3,E-38,employee,badge_swipe,True,2026-07-27 08:07:07
FAC-001-Z3,E-29,employee,badge_swipe,True,2026-07-27 08:07:07
FAC-002-Z2,E-16,employee,motion,,2026-07-27 08:07:07
FAC-003-Z3,E-11,employee,badge_swipe,True,2026-07-27 08:07:07
FAC-004-Z3,E-33,employee,badge_swipe,True,2026-07-27 08:07:07
FAC-003-Z1,E-46,employee,motion,,2026-07-27 08:07:07
FAC-003-Z2,E-47,employee,motion,,2026-07-27 08:07:07
FAC-002-Z1,E-41,employee,badge_swipe,True,2026-07-27 08:07:07
FAC-001-Z2,E-45,employee,badge_swipe,True,2026-07-27 08:07:07
FAC-003-Z1,E-44,employee,motion,,2026-07-27 08:07:07
FAC-005-Z2,E-16,employee,motion,,2026-07-27 08:07:07
FAC-002-Z1,E-23,employee,motion,,2026-07-27 08:07:07
FAC-005-Z2,E-3,employee,motion,,2026-07-27 08:07:07
FAC-003-Z3,V-7,visitor,motion,,2026-07-27 08:07:07
FAC-003-Z3,E-36,employee,badge_swipe,True,2026-07-27 08:07:07
FAC-003-Z1,E-12,employee,motion,,2026-07-27 08:22:07
FAC-001-Z1,E-4,employee,badge_swipe,True,2026-07-27 08:22:07
FAC-003-Z2,E-40,employee,motion,,2026-07-27 08:22:07
FAC-004-Z2,E-48,employee,badge_swipe,True,2026-07-27 08:22:07
FAC-002-Z1,E-28,employee,motion,,2026-07-27 08:22:07
FAC-002-Z1,E-23,employee,badge_swipe,True,2026-07-27 08:22:07
FAC-005-Z3,E-6,employee,motion,,2026-07-27 08:22:07
FAC-003-Z1,E-38,employee,badge_swipe,True,2026-07-27 08:22:07
FAC-004-Z2,E-13,employee,badge_swipe,False,2026-07-27 08:37:07
FAC-005-Z3,E-46,employee,motion,,2026-07-27 08:37:07
FAC-001-Z1,V-5,visitor,badge_swipe,True,2026-07-27 08:37:07
FAC-003-Z1,E-40,employee,badge_swipe,True,2026-07-27 08:37:07
FAC-003-Z1,E-1,employee,badge_swipe,True,2026-07-27 08:37:07
FAC-001-Z2,E-24,employee,motion,,2026-07-27 08:37:07
FAC-003-Z3,E-45,employee,motion,,2026-07-27 08:37:07
FAC-004-Z1,E-24,employee,badge_swipe,False,2026-07-27 08:37:07
FAC-002-Z3,E-32,employee,badge_swipe,True,2026-07-27 08:37:07
FAC-002-Z3,E-11,employee,motion,,2026-07-27 08:37:07
FAC-004-Z1,E-25,employee,badge_swipe,True,2026-07-27 08:37:07
FAC-003-Z1,E-32,employee,badge_swipe,True,2026-07-27 08:37:07
FAC-001-Z2,E-9,employee,motion,,2026-07-27 08:37:07
FAC-005-Z1,E-4,employee,motion,,2026-07-27 08:37:07
FAC-001-Z3,E-21,employee,motion,,2026-07-27 08:37:07
FAC-004-Z3,E-43,employee,motion,,2026-07-27 08:37:07
FAC-003-Z1,E-43,employee,motion,,2026-07-27 08:37:07
FAC-001-Z2,E-1,employee,badge_swipe,True,2026-07-27 08:52:07
FAC-001-Z3,E-44,employee,badge_swipe,True,2026-07-27 08:52:07
FAC-002-Z2,E-23,employee,badge_swipe,True,2026-07-27 08:52:07
FAC-003-Z1,E-8,employee,badge_swipe,True,2026-07-27 08:52:07
FAC-003-Z2,E-24,employee,motion,,2026-07-27 08:52:07
FAC-004-Z3,E-28,employee,motion,,2026-07-27 08:52:07
FAC-003-Z2,V-4,visitor,motion,,2026-07-27 08:52:07
FAC-001-Z2,E-32,employee,motion,,2026-07-27 08:52:07
FAC-003-Z3,E-5,employee,badge_swipe,True,2026-07-27 08:52:07
FAC-005-Z1,E-35,employee,badge_swipe,True,2026-07-27 08:52:07
FAC-001-Z1,E-13,employee,badge_swipe,True,2026-07-27 08:52:07
FAC-002-Z1,E-5,employee,badge_swipe,True,2026-07-27 08:52:07
FAC-001-Z2,E-47,employee,badge_swipe,True,2026-07-27 08:52:07
FAC-004-Z3,E-26,employee,badge_swipe,True,2026-07-27 08:52:07
FAC-004-Z2,E-12,employee,badge_swipe,True,2026-07-27 09:07:07
FAC-001-Z2,E-41,employee,badge_swipe,True,2026-07-27 09:07:07
FAC-002-Z2,E-3,employee,motion,,2026-07-27 09:07:07
FAC-002-Z2,E-11,employee,badge_swipe,True,2026-07-27 09:07:07
FAC-003-Z1,E-4,employee,badge_swipe,True,2026-07-27 09:07:07
FAC-003-Z1,E-29,employee,motion,,2026-07-27 09:07:07
FAC-004-Z3,E-36,employee,motion,,2026-07-27 09:07:07
FAC-001-Z2,E-15,employee,badge_swipe,True,2026-07-27 09:07:07
FAC-004-Z2,E-14,employee,motion,,2026-07-27 09:07:07
FAC-003-Z3,E-36,employee,badge_swipe,True,2026-07-27 09:07:07
FAC-004-Z1,E-25,employee,badge_swipe,True,2026-07-27 09:07:07
FAC-005-Z2,E-21,employee,badge_swipe,True,2026-07-27 09:07:07
FAC-005-Z2,E-43,employee,badge_swipe,True,2026-07-27 09:07:07
FAC-005-Z2,V-9,visitor,motion,,2026-07-27 09:07:07
FAC-004-Z2,E-2,employee,motion,,2026-07-27 09:07:07
FAC-003-Z3,E-33,employee,badge_swipe,True,2026-07-27 09:07:07
FAC-004-Z3,E-41,employee,motion,,2026-07-27 09:07:07
FAC-001-Z3,E-17,employee,motion,,2026-07-27 09:07:07
FAC-001-Z2,V-9,visitor,badge_swipe,True,2026-07-27 09:07:07
FAC-003-Z3,E-11,employee,motion,,2026-07-27 09:07:07
FAC-003-Z2,V-6,visitor,badge_swipe,True,2026-07-27 09:22:07
FAC-002-Z2,E-39,employee,motion,,2026-07-27 09:22:07
FAC-002-Z2,E-43,employee,badge_swipe,True,2026-07-27 09:22:07
FAC-005-Z3,E-8,employee,motion,,2026-07-27 09:22:07
FAC-003-Z1,E-30,employee,badge_swipe,True,2026-07-27 09:22:07
FAC-005-Z2,E-48,employee,badge_swipe,True,2026-07-27 09:22:07
FAC-003-Z1,E-11,employee,motion,,2026-07-27 09:22:07
FAC-004-Z3,E-36,employee,badge_swipe,True,2026-07-27 09:22:07
FAC-005-Z3,V-4,visitor,badge_swipe,True,2026-07-27 09:22:07
FAC-002-Z2,E-38,employee,badge_swipe,True,2026-07-27 09:22:07
FAC-002-Z2,E-20,employee,badge_swipe,True,2026-07-27 09:22:07
FAC-005-Z2,V-9,visitor,badge_swipe,True,2026-07-27 09:22:07
FAC-005-Z3,E-24,employee,motion,,2026-07-27 09:22:07
FAC-002-Z1,E-39,employee,badge_swipe,True,2026-07-27 09:22:07
FAC-002-Z2,V-4,visitor,badge_swipe,True,2026-07-27 09:22:07
FAC-005-Z1,E-10,employee,motion,,2026-07-27 09:37:07
FAC-002-Z3,E-50,employee,badge_swipe,True,2026-07-27 09:37:07
FAC-001-Z2,E-16,employee,badge_swipe,True,2026-07-27 09:37:07
FAC-003-Z1,E-5,employee,motion,,2026-07-27 09:37:07
FAC-002-Z3,E-30,employee,motion,,2026-07-27 09:37:07
FAC-002-Z3,E-29,employee,badge_swipe,True,2026-07-27 09:37:07
FAC-005-Z2,E-1,employee,motion,,2026-07-27 09:37:07
FAC-003-Z1,E-37,employee,badge_swipe,True,2026-07-27 09:37:07
FAC-001-Z2,V-7,visitor,badge_swipe,True,2026-07-27 09:37:07
FAC-004-Z2,E-47,employee,motion,,2026-07-27 09:37:07
FAC-005-Z2,E-3,employee,badge_swipe,True,2026-07-27 09:37:07
FAC-003-Z1,E-14,employee,badge_swipe,True,2026-07-27 09:37:07
FAC-001-Z1,E-45,employee,badge_swipe,False,2026-07-27 09:37:07
FAC-003-Z3,E-29,employee,motion,,2026-07-27 09:37:07
FAC-004-Z2,E-17,employee,badge_swipe,True,2026-07-27 09:37:07
FAC-003-Z3,E-31,employee,motion,,2026-07-27 09:37:07
FAC-002-Z3,E-50,employee,badge_swipe,True,2026-07-27 09:37:07
FAC-001-Z1,E-30,employee,badge_swipe,True,2026-07-27 09:37:07
FAC-005-Z2,E-36,employee,badge_swipe,True,2026-07-27 09:52:07
FAC-001-Z2,E-45,employee,motion,,2026-07-27 09:52:07
FAC-005-Z2,E-41,employee,badge_swipe,True,2026-07-27 09:52:07
FAC-005-Z2,E-22,employee,motion,,2026-07-27 09:52:07
FAC-001-Z3,E-28,employee,motion,,2026-07-27 09:52:07
FAC-002-Z3,E-48,employee,motion,,2026-07-27 09:52:07
FAC-005-Z3,E-48,employee,motion,,2026-07-27 09:52:07
FAC-002-Z1,V-2,visitor,badge_swipe,True,2026-07-27 09:52:07
FAC-001-Z2,E-37,employee,badge_swipe,True,2026-07-27 09:52:07
FAC-001-Z1,E-12,employee,motion,,2026-07-27 09:52:07
FAC-003-Z1,E-9,employee,motion,,2026-07-27 09:52:07
FAC-002-Z1,E-25,employee,badge_swipe,True,2026-07-27 09:52:07
FAC-003-Z3,E-27,employee,motion,,2026-07-27 09:52:07
FAC-003-Z3,E-6,employee,badge_swipe,False,2026-07-27 09:52:07
FAC-001-Z3,E-7,employee,badge_swipe,True,2026-07-27 09:52:07
FAC-005-Z1,E-41,employee,motion,,2026-07-27 09:52:07
FAC-002-Z2,E-10,employee,motion,,2026-07-27 09:52:07
FAC-001-Z1,E-44,employee,motion,,2026-07-27 09:52:07
FAC-005-Z2,E-1,employee,badge_swipe,True,2026-07-27 09:52:07
FAC-003-Z3,E-47,employee,motion,,2026-07-27 09:52:07
FAC-005-Z3,E-6,employee,motion,,2026-07-27 10:07:07
FAC-001-Z3,E-27,employee,badge_swipe,True,2026-07-27 10:07:07
FAC-004-Z1,V-8,visitor,badge_swipe,True,2026-07-27 10:07:07
FAC-003-Z1,E-13,employee,badge_swipe,True,2026-07-27 10:07:07
FAC-004-Z2,E-41,employee,motion,,2026-07-27 10:07:07
FAC-002-Z1,E-30,employee,badge_swipe,True,2026-07-27 10:07:07
FAC-004-Z1,E-28,employee,badge_swipe,True,2026-07-27 10:07:07
FAC-005-Z3,E-12,employee,motion,,2026-07-27 10:07:07
FAC-002-Z2,E-14,employee,motion,,2026-07-27 10:07:07
FAC-002-Z2,E-33,employee,motion,,2026-07-27 10:07:07
FAC-004-Z2,E-31,employee,badge_swipe,True,2026-07-27 10:07:07
FAC-005-Z3,E-26,employee,badge_swipe,True,2026-07-27 10:07:07
FAC-005-Z2,E-14,employee,motion,,2026-07-27 10:07:07
FAC-002-Z3,E-45,employee,motion,,2026-07-27 10:07:07
FAC-005-Z2,E-10,employee,badge_swipe,True,2026-07-27 10:07:07
FAC-002-Z2,E-34,employee,motion,,2026-07-27 10:07:07
FAC-001-Z3,E-48,employee,motion,,2026-07-27 10:22:07
FAC-001-Z2,E-25,employee,badge_swipe,True,2026-07-27 10:22:07
FAC-002-Z3,E-41,employee,motion,,2026-07-27 10:22:07
FAC-004-Z2,E-8,employee,badge_swipe,True,2026-07-27 10:22:07
FAC-001-Z2,E-46,employee,badge_swipe,True,2026-07-27 10:22:07
FAC-004-Z2,E-16,employee,motion,,2026-07-27 10:22:07
FAC-001-Z3,E-41,employee,motion,,2026-07-27 10:22:07
FAC-005-Z1,E-21,employee,badge_swipe,False,2026-07-27 10:22:07
FAC-001-Z1,E-32,employee,motion,,2026-07-27 10:22:07
FAC-001-Z2,E-24,employee,badge_swipe,True,2026-07-27 10:22:07
FAC-001-Z2,E-26,employee,badge_swipe,True,2026-07-27 10:22:07
FAC-002-Z3,E-36,employee,motion,,2026-07-27 10:22:07
FAC-005-Z3,E-15,employee,motion,,2026-07-27 10:22:07
FAC-002-Z3,E-8,employee,motion,,2026-07-27 10:22:07
FAC-001-Z2,E-23,employee,motion,,2026-07-27 10:22:07
FAC-003-Z2,E-10,employee,motion,,2026-07-27 10:22:07
FAC-002-Z2,E-11,employee,badge_swipe,False,2026-07-27 10:22:07
FAC-003-Z2,E-48,employee,badge_swipe,True,2026-07-27 10:22:07
FAC-005-Z2,E-8,employee,motion,,2026-07-27 10:37:07
FAC-002-Z3,E-41,employee,badge_swipe,True,2026-07-27 10:37:07
FAC-004-Z2,E-30,employee,badge_swipe,False,2026-07-27 10:37:07
FAC-001-Z2,E-17,employee,badge_swipe,True,2026-07-27 10:37:07
FAC-002-Z2,E-33,employee,badge_swipe,True,2026-07-27 10:37:07
FAC-003-Z3,E-20,employee,motion,,2026-07-27 10:37:07
FAC-004-Z2,E-15,employee,badge_swipe,True,2026-07-27 10:52:07
FAC-005-Z2,E-12,employee,motion,,2026-07-27 10:52:07
FAC-005-Z3,E-11,employee,motion,,2026-07-27 10:52:07
FAC-001-Z2,E-24,employee,badge_swipe,True,2026-07-27 10:52:07
FAC-002-Z1,E-46,employee,motion,,2026-07-27 10:52:07
FAC-001-Z2,V-4,visitor,motion,,2026-07-27 10:52:07
FAC-003-Z1,E-18,employee,badge_swipe,True,2026-07-27 10:52:07
FAC-001-Z2,E-2,employee,motion,,2026-07-27 10:52:07
FAC-003-Z3,E-6,employee,motion,,2026-07-27 10:52:07
FAC-003-Z3,E-39,employee,badge_swipe,True,2026-07-27 10:52:07
FAC-003-Z1,E-15,employee,badge_swipe,True,2026-07-27 10:52:07
FAC-001-Z2,E-4,employee,badge_swipe,True,2026-07-27 10:52:07
FAC-004-Z3,E-4,employee,badge_swipe,True,2026-07-27 10:52:07
FAC-002-Z3,E-13,employee,badge_swipe,True,2026-07-27 10:52:07
FAC-004-Z1,E-5,employee,badge_swipe,True,2026-07-27 10:52:07
FAC-001-Z3,E-13,employee,motion,,2026-07-27 11:07:07
FAC-002-Z1,E-13,employee,badge_swipe,True,2026-07-27 11:07:07
FAC-001-Z3,V-10,visitor,badge_swipe,True,2026-07-27 11:07:07
FAC-002-Z1,E-25,employee,badge_swipe,True,2026-07-27 11:07:07
FAC-001-Z3,E-18,employee,motion,,2026-07-27 11:07:07
FAC-003-Z3,E-48,employee,badge_swipe,True,2026-07-27 11:07:07
FAC-001-Z3,E-35,employee,badge_swipe,True,2026-07-27 11:07:07
FAC-004-Z1,E-1,employee,badge_swipe,True,2026-07-27 11:07:07
FAC-002-Z1,E-41,employee,badge_swipe,True,2026-07-27 11:07:07
FAC-005-Z2,E-16,employee,motion,,2026-07-27 11:07:07
FAC-002-Z2,E-34,employee,badge_swipe,True,2026-07-27 11:07:07
FAC-002-Z1,E-32,employee,motion,,2026-07-27 11:07:07
FAC-002-Z3,E-36,employee,motion,,2026-07-27 11:07:07
FAC-002-Z2,E-11,employee,badge_swipe,True,2026-07-27 11:07:07
FAC-001-Z1,E-2,employee,motion,,2026-07-27 11:07:07
FAC-001-Z2,E-41,employee,badge_swipe,True,2026-07-27 11:22:07
FAC-005-Z2,E-2,employee,badge_swipe,True,2026-07-27 11:22:07
FAC-001-Z2,E-11,employee,badge_swipe,True,2026-07-27 11:22:07
FAC-001-Z1,E-8,employee,badge_swipe,True,2026-07-27 11:22:07
FAC-001-Z1,E-38,employee,badge_swipe,True,2026-07-27 11:22:07
FAC-005-Z2,E-45,employee,motion,,2026-07-27 11:22:07
FAC-002-Z3,E-12,employee,motion,,2026-07-27 11:22:07
FAC-005-Z1,E-28,employee,badge_swipe,True,2026-07-27 11:22:07
FAC-001-Z3,E-30,employee,motion,,2026-07-27 11:22:07
FAC-002-Z3,E-31,employee,badge_swipe,True,2026-07-27 11:22:07
FAC-005-Z1,E-4,employee,badge_swipe,True,2026-07-27 11:22:07
FAC-002-Z1,V-3,visitor,badge_swipe,True,2026-07-27 11:22:07
FAC-005-Z2,E-19,employee,motion,,2026-07-27 11:22:07
FAC-001-Z2,E-8,employee,badge_swipe,True,2026-07-27 11:22:07
FAC-001-Z2,E-3,employee,motion,,2026-07-27 11:22:07
FAC-001-Z2,E-44,employee,badge_swipe,True,2026-07-27 11:37:07
FAC-001-Z3,E-41,employee,badge_swipe,True,2026-07-27 11:37:07
FAC-003-Z2,E-48,employee,motion,,2026-07-27 11:37:07
FAC-001-Z2,E-16,employee,motion,,2026-07-27 11:37:07
FAC-003-Z2,V-1,visitor,motion,,2026-07-27 11:37:07
FAC-002-Z1,E-31,employee,motion,,2026-07-27 11:37:07
FAC-004-Z2,E-16,employee,badge_swipe,True,2026-07-27 11:37:07
FAC-005-Z2,E-39,employee,motion,,2026-07-27 11:37:07
FAC-002-Z3,E-40,employee,badge_swipe,True,2026-07-27 11:37:07
FAC-004-Z3,V-3,visitor,badge_swipe,True,2026-07-27 11:37:07
FAC-004-Z1,E-49,employee,motion,,2026-07-27 11:37:07
FAC-002-Z3,E-29,employee,badge_swipe,True,2026-07-27 11:37:07
FAC-002-Z1,E-39,employee,badge_swipe,True,2026-07-27 11:37:07
FAC-002-Z3,E-1,employee,badge_swipe,False,2026-07-27 11:37:07
FAC-002-Z3,E-34,employee,badge_swipe,True,2026-07-27 11:37:07
FAC-001-Z3,E-4,employee,badge_swipe,True,2026-07-27 11:37:07
FAC-002-Z2,V-3,visitor,badge_swipe,True,2026-07-27 11:37:07
FAC-001-Z2,E-4,employee,badge_swipe,True,2026-07-27 11:52:07
FAC-001-Z3,E-19,employee,badge_swipe,True,2026-07-27 11:52:07
FAC-005-Z1,E-25,employee,motion,,2026-07-27 11:52:07
FAC-002-Z1,E-28,employee,motion,,2026-07-27 11:52:07
FAC-005-Z3,V-6,visitor,badge_swipe,True,2026-07-27 11:52:07
FAC-005-Z3,E-25,employee,motion,,2026-07-27 11:52:07
FAC-003-Z1,E-25,employee,motion,,2026-07-27 11:52:07
FAC-001-Z2,E-48,employee,badge_swipe,True,2026-07-27 11:52:07
FAC-002-Z1,E-8,employee,badge_swipe,True,2026-07-27 11:52:07
FAC-001-Z2,V-1,visitor,motion,,2026-07-27 11:52:07
FAC-005-Z3,E-13,employee,badge_swipe,True,2026-07-27 11:52:07
FAC-002-Z2,E-1,employee,motion,,2026-07-27 11:52:07
FAC-005-Z3,E-11,employee,motion,,2026-07-27 11:52:07
FAC-001-Z1,E-41,employee,badge_swipe,True,2026-07-27 11:52:07
FAC-004-Z3,E-20,employee,badge_swipe,True,2026-07-27 11:52:07
FAC-005-Z3,E-19,employee,motion,,2026-07-27 11:52:07
FAC-003-Z1,E-22,employee,badge_swipe,True,2026-07-27 11:52:07
FAC-002-Z2,E-27,employee,badge_swipe,True,2026-07-27 11:52:07
FAC-004-Z3,E-21,employee,motion,,2026-07-27 12:07:07
FAC-002-Z3,E-6,employee,badge_swipe,True,2026-07-27 12:07:07
FAC-002-Z2,E-3,employee,motion,,2026-07-27 12:07:07
FAC-005-Z2,E-1,employee,badge_swipe,False,2026-07-27 12:07:07
FAC-002-Z1,E-6,employee,badge_swipe,True,2026-07-27 12:07:07
FAC-003-Z2,E-18,employee,badge_swipe,True,2026-07-27 12:07:07
FAC-005-Z3,E-16,employee,badge_swipe,True,2026-07-27 12:07:07
FAC-003-Z2,V-6,visitor,motion,,2026-07-27 12:07:07
FAC-003-Z3,E-1,employee,motion,,2026-07-27 12:07:07
FAC-005-Z1,E-3,employee,motion,,2026-07-27 12:07:07
FAC-005-Z1,E-46,employee,badge_swipe,False,2026-07-27 12:07:07
FAC-003-Z2,E-49,employee,badge_swipe,True,2026-07-27 12:07:07
FAC-003-Z3,E-42,employee,badge_swipe,False,2026-07-27 12:07:07
FAC-004-Z3,V-10,visitor,motion,,2026-07-27 12:07:07
FAC-003-Z2,E-50,employee,badge_swipe,True,2026-07-27 12:07:07
FAC-002-Z1,E-27,employee,motion,,2026-07-27 12:07:07
FAC-003-Z3,V-7,visitor,motion,,2026-07-27 12:22:07
FAC-005-Z2,E-47,employee,motion,,2026-07-27 12:22:07
FAC-004-Z2,E-8,employee,motion,,2026-07-27 12:22:07
FAC-001-Z2,E-36,employee,badge_swipe,True,2026-07-27 12:22:07
FAC-002-Z2,V-7,visitor,motion,,2026-07-27 12:22:07
FAC-004-Z2,E-3,employee,motion,,2026-07-27 12:22:07
FAC-004-Z2,E-11,employee,motion,,2026-07-27 12:22:07
FAC-001-Z3,E-48,employee,badge_swipe,True,2026-07-27 12:22:07
FAC-001-Z3,E-37,employee,motion,,2026-07-27 12:22:07
FAC-004-Z1,E-15,employee,motion,,2026-07-27 12:22:07
FAC-004-Z3,E-21,employee,badge_swipe,True,2026-07-27 12:22:07
FAC-001-Z2,E-47,employee,motion,,2026-07-27 12:22:07
FAC-001-Z1,E-12,employee,badge_swipe,True,2026-07-27 12:22:07
FAC-005-Z3,E-4,employee,motion,,2026-07-27 12:22:07
FAC-003-Z3,E-36,employee,badge_swipe,False,2026-07-27 12:22:07
FAC-002-Z2,V-7,visitor,badge_swipe,False,2026-07-27 12:22:07
FAC-001-Z1,E-26,employee,motion,,2026-07-27 12:37:07
FAC-004-Z3,E-19,employee,motion,,2026-07-27 12:37:07
FAC-001-Z2,E-14,employee,motion,,2026-07-27 12:37:07
FAC-003-Z1,E-50,employee,motion,,2026-07-27 12:37:07
FAC-002-Z2,E-6,employee,motion,,2026-07-27 12:37:07
FAC-001-Z2,E-46,employee,badge_swipe,True,2026-07-27 12:37:07
FAC-002-Z2,E-7,employee,motion,,2026-07-27 12:37:07
FAC-004-Z3,E-8,employee,badge_swipe,True,2026-07-27 12:37:07
FAC-003-Z3,E-33,employee,badge_swipe,True,2026-07-27 12:37:07
FAC-005-Z2,E-2,employee,motion,,2026-07-27 12:37:07
FAC-005-Z1,E-40,employee,badge_swipe,True,2026-07-27 12:37:07
FAC-001-Z1,E-24,employee,badge_swipe,True,2026-07-27 12:37:07
FAC-001-Z1,E-50,employee,badge_swipe,True,2026-07-27 12:37:07
FAC-001-Z1,E-49,employee,badge_swipe,True,2026-07-27 12:37:07
FAC-005-Z2,E-13,employee,badge_swipe,True,2026-07-27 12:37:07
FAC-004-Z3,E-28,employee,motion,,2026-07-27 12:52:07
FAC-005-Z3,E-1,employee,motion,,2026-07-27 12:52:07
FAC-003-Z1,E-40,employee,badge_swipe,True,2026-07-27 12:52:07
FAC-004-Z2,V-6,visitor,badge_swipe,True,2026-07-27 12:52:07
FAC-001-Z2,E-16,employee,badge_swipe,True,2026-07-27 12:52:07
FAC-004-Z2,E-46,employee,motion,,2026-07-27 12:52:07
FAC-001-Z3,E-47,employee,badge_swipe,True,2026-07-27 12:52:07
FAC-003-Z1,E-29,employee,motion,,2026-07-27 12:52:07
FAC-001-Z1,E-42,employee,badge_swipe,True,2026-07-27 12:52:07
FAC-003-Z1,E-5,employee,badge_swipe,True,2026-07-27 12:52:07
FAC-002-Z2,E-22,employee,badge_swipe,False,2026-07-27 12:52:07
FAC-003-Z1,E-40,employee,badge_swipe,True,2026-07-27 12:52:07
FAC-005-Z1,E-25,employee,motion,,2026-07-27 12:52:07
FAC-002-Z2,E-32,employee,badge_swipe,False,2026-07-27 12:52:07
FAC-005-Z1,E-44,employee,motion,,2026-07-27 12:52:07
FAC-002-Z2,E-2,employee,motion,,2026-07-27 13:07:07
FAC-002-Z1,E-7,employee,motion,,2026-07-27 13:07:07
FAC-001-Z1,E-41,employee,badge_swipe,False,2026-07-27 13:07:07
FAC-004-Z3,E-20,employee,badge_swipe,True,2026-07-27 13:07:07
FAC-004-Z2,V-1,visitor,motion,,2026-07-27 13:07:07
FAC-002-Z1,E-50,employee,motion,,2026-07-27 13:07:07
FAC-001-Z3,E-32,employee,badge_swipe,True,2026-07-27 13:07:07
FAC-003-Z3,E-49,employee,badge_swipe,True,2026-07-27 13:07:07
FAC-004-Z3,E-11,employee,motion,,2026-07-27 13:07:07
FAC-001-Z3,E-31,employee,badge_swipe,True,2026-07-27 13:22:07
FAC-005-Z2,E-31,employee,motion,,2026-07-27 13:22:07
FAC-001-Z2,E-16,employee,badge_swipe,True,2026-07-27 13:22:07
FAC-003-Z3,E-13,employee,motion,,2026-07-27 13:22:07
FAC-004-Z1,E-47,employee,badge_swipe,True,2026-07-27 13:22:07
FAC-003-Z1,V-8,visitor,badge_swipe,True,2026-07-27 13:22:07
FAC-003-Z1,E-13,employee,motion,,2026-07-27 13:37:07
FAC-001-Z1,E-17,employee,motion,,2026-07-27 13:37:07
FAC-003-Z3,E-23,employee,badge_swipe,True,2026-07-27 13:37:07
FAC-003-Z3,E-23,employee,badge_swipe,True,2026-07-27 13:37:07
FAC-004-Z2,E-3,employee,badge_swipe,True,2026-07-27 13:37:07
FAC-002-Z3,E-28,employee,motion,,2026-07-27 13:37:07
FAC-004-Z3,V-3,visitor,motion,,2026-07-27 13:37:07
FAC-003-Z2,E-30,employee,motion,,2026-07-27 13:37:07
FAC-003-Z3,E-40,employee,badge_swipe,True,2026-07-27 13:37:07
FAC-001-Z1,E-22,employee,badge_swipe,True,2026-07-27 13:37:07
FAC-003-Z1,E-24,employee,motion,,2026-07-27 13:37:07
FAC-005-Z2,E-31,employee,motion,,2026-07-27 13:52:07
FAC-002-Z3,E-24,employee,motion,,2026-07-27 13:52:07
FAC-001-Z1,E-42,employee,motion,,2026-07-27 13:52:07
FAC-005-Z1,E-22,employee,motion,,2026-07-27 13:52:07
FAC-003-Z3,E-28,employee,motion,,2026-07-27 13:52:07
FAC-003-Z3,E-29,employee,motion,,2026-07-27 13:52:07
FAC-003-Z1,V-2,visitor,badge_swipe,True,2026-07-27 13:52:07
FAC-001-Z3,E-4,employee,motion,,2026-07-27 13:52:07
FAC-001-Z1,E-25,employee,badge_swipe,True,2026-07-27 13:52:07
FAC-003-Z1,E-9,employee,badge_swipe,True,2026-07-27 13:52:07
FAC-004-Z1,E-50,employee,motion,,2026-07-27 13:52:07
FAC-005-Z1,E-45,employee,badge_swipe,True,2026-07-27 14:07:07
FAC-002-Z3,E-40,employee,badge_swipe,True,2026-07-27 14:07:07
FAC-004-Z2,E-5,employee,motion,,2026-07-27 14:07:07
FAC-005-Z2,E-19,employee,motion,,2026-07-27 14:07:07
FAC-004-Z1,E-1,employee,motion,,2026-07-27 14:07:07
FAC-003-Z1,V-1,visitor,motion,,2026-07-27 14:07:07
FAC-005-Z1,E-40,employee,motion,,2026-07-27 14:07:07
FAC-001-Z2,E-9,employee,badge_swipe,True,2026-07-27 14:07:07
FAC-005-Z1,E-38,employee,motion,,2026-07-27 14:07:07
FAC-004-Z2,E-31,employee,badge_swipe,True,2026-07-27 14:07:07
FAC-003-Z2,E-11,employee,motion,,2026-07-27 14:07:07
FAC-002-Z2,E-17,employee,motion,,2026-07-27 14:07:07
FAC-001-Z1,E-25,employee,motion,,2026-07-27 14:07:07
FAC-001-Z1,E-13,employee,motion,,2026-07-27 14:07:07
FAC-004-Z1,E-22,employee,badge_swipe,True,2026-07-27 14:07:07
FAC-002-Z1,E-38,employee,badge_swipe,True,2026-07-27 14:22:07
FAC-005-Z3,E-25,employee,badge_swipe,True,2026-07-27 14:22:07
FAC-004-Z1,E-11,employee,badge_swipe,True,2026-07-27 14:22:07
FAC-005-Z2,E-49,employee,badge_swipe,True,2026-07-27 14:22:07
FAC-004-Z2,E-23,employee,badge_swipe,True,2026-07-27 14:22:07
FAC-003-Z2,E-34,employee,motion,,2026-07-27 14:22:07
FAC-003-Z3,E-6,employee,badge_swipe,True,2026-07-27 14:22:07
FAC-001-Z1,E-23,employee,motion,,2026-07-27 14:22:07
FAC-005-Z2,V-5,visitor,badge_swipe,True,2026-07-27 14:22:07
FAC-004-Z3,E-27,employee,badge_swipe,True,2026-07-27 14:22:07
FAC-001-Z1,E-29,employee,motion,,2026-07-27 14:22:07
FAC-003-Z2,E-45,employee,motion,,2026-07-27 14:22:07
FAC-004-Z1,E-30,employee,motion,,2026-07-27 14:22:07
FAC-003-Z2,E-3,employee,motion,,2026-07-27 14:22:07
FAC-004-Z2,E-50,employee,motion,,2026-07-27 14:22:07
FAC-004-Z1,E-24,employee,badge_swipe,True,2026-07-27 14:22:07
FAC-004-Z1,E-40,employee,badge_swipe,True,2026-07-27 14:22:07
FAC-005-Z2,E-2,employee,motion,,2026-07-27 14:22:07
FAC-003-Z1,E-9,employee,motion,,2026-07-27 14:22:07
FAC-001-Z3,E-44,employee,badge_swipe,True,2026-07-27 14:37:07
FAC-005-Z1,E-29,employee,badge_swipe,True,2026-07-27 14:37:07
FAC-001-Z2,E-19,employee,motion,,2026-07-27 14:37:07
FAC-003-Z2,E-36,employee,motion,,2026-07-27 14:37:07
FAC-003-Z1,E-13,employee,badge_swipe,True,2026-07-27 14:37:07
FAC-003-Z1,E-32,employee,badge_swipe,True,2026-07-27 14:37:07
FAC-003-Z3,V-7,visitor,badge_swipe,True,2026-07-27 14:37:07
FAC-005-Z2,E-7,employee,badge_swipe,True,2026-07-27 14:37:07
FAC-003-Z1,E-4,employee,motion,,2026-07-27 14:37:07
FAC-004-Z2,E-15,employee,badge_swipe,True,2026-07-27 14:37:07
FAC-002-Z1,E-32,employee,motion,,2026-07-27 14:37:07
FAC-002-Z1,E-5,employee,motion,,2026-07-27 14:37:07
FAC-002-Z1,E-27,employee,badge_swipe,True,2026-07-27 14:37:07
FAC-002-Z1,E-7,employee,motion,,2026-07-27 14:37:07
FAC-003-Z3,V-9,visitor,motion,,2026-07-27 14:37:07
FAC-004-Z3,E-20,employee,motion,,2026-07-27 14:37:07
FAC-002-Z2,E-19,employee,motion,,2026-07-27 14:37:07
FAC-001-Z2,E-33,employee,motion,,2026-07-27 14:52:07
FAC-002-Z1,V-2,visitor,motion,,2026-07-27 14:52:07
FAC-005-Z2,E-17,employee,motion,,2026-07-27 14:52:07
FAC-002-Z2,E-36,employee,motion,,2026-07-27 14:52:07
FAC-001-Z1,E-18,employee,motion,,2026-07-27 14:52:07
FAC-002-Z1,E-3,employee,badge_swipe,True,2026-07-27 14:52:07
FAC-005-Z3,E-32,employee,motion,,2026-07-27 14:52:07
FAC-004-Z2,V-8,visitor,motion,,2026-07-27 14:52:07
FAC-005-Z3,V-5,visitor,motion,,2026-07-27 14:52:07
FAC-003-Z1,V-8,visitor,badge_swipe,True,2026-07-27 15:07:07
FAC-001-Z2,E-27,employee,badge_swipe,True,2026-07-27 15:07:07
FAC-005-Z1,E-44,employee,badge_swipe,True,2026-07-27 15:07:07
FAC-001-Z1,E-3,employee,badge_swipe,True,2026-07-27 15:07:07
FAC-005-Z3,E-5,employee,badge_swipe,True,2026-07-27 15:07:07
FAC-001-Z3,E-38,employee,badge_swipe,True,2026-07-27 15:07:07
FAC-005-Z2,E-13,employee,motion,,2026-07-27 15:07:07
FAC-002-Z2,E-18,employee,motion,,2026-07-27 15:07:07
FAC-003-Z2,E-33,employee,badge_swipe,True,2026-07-27 15:07:07
FAC-001-Z2,E-50,employee,badge_swipe,True,2026-07-27 15:07:07
FAC-005-Z3,E-2,employee,badge_swipe,True,2026-07-27 15:07:07
FAC-003-Z3,E-18,employee,badge_swipe,True,2026-07-27 15:07:07
FAC-004-Z3,E-15,employee,badge_swipe,False,2026-07-27 15:07:07
FAC-002-Z1,E-24,employee,badge_swipe,True,2026-07-27 15:07:07
FAC-003-Z2,E-40,employee,badge_swipe,True,2026-07-27 15:07:07
FAC-005-Z3,E-28,employee,motion,,2026-07-27 15:07:07
FAC-001-Z1,E-44,employee,motion,,2026-07-27 15:22:07
FAC-002-Z1,E-11,employee,motion,,2026-07-27 15:22:07
FAC-001-Z1,E-36,employee,motion,,2026-07-27 15:22:07
FAC-004-Z2,E-11,employee,motion,,2026-07-27 15:22:07
FAC-001-Z2,E-3,employee,motion,,2026-07-27 15:22:07
FAC-001-Z1,E-31,employee,motion,,2026-07-27 15:22:07
FAC-002-Z2,E-35,employee,badge_swipe,True,2026-07-27 15:22:07
FAC-003-Z2,E-28,employee,badge_swipe,True,2026-07-27 15:37:07
FAC-005-Z3,E-1,employee,badge_swipe,True,2026-07-27 15:37:07
FAC-002-Z3,E-28,employee,badge_swipe,True,2026-07-27 15:37:07
FAC-004-Z1,E-19,employee,motion,,2026-07-27 15:37:07
FAC-001-Z2,V-4,visitor,motion,,2026-07-27 15:37:07
FAC-003-Z3,E-22,employee,badge_swipe,True,2026-07-27 15:37:07
FAC-002-Z1,V-5,visitor,badge_swipe,True,2026-07-27 15:37:07
FAC-001-Z2,E-44,employee,motion,,2026-07-27 15:37:07
FAC-003-Z2,E-16,employee,badge_swipe,True,2026-07-27 15:37:07
FAC-001-Z3,E-3,employee,motion,,2026-07-27 15:37:07
FAC-004-Z2,E-24,employee,badge_swipe,True,2026-07-27 15:37:07
FAC-001-Z1,E-35,employee,motion,,2026-07-27 15:37:07
FAC-003-Z1,E-37,employee,motion,,2026-07-27 15:37:07
FAC-002-Z2,E-46,employee,badge_swipe,True,2026-07-27 15:37:07
FAC-005-Z2,V-8,visitor,motion,,2026-07-27 15:37:07
FAC-005-Z1,E-18,employee,motion,,2026-07-27 15:37:07
FAC-004-Z2,E-1,employee,motion,,2026-07-27 15:37:07
FAC-005-Z2,E-13,employee,badge_swipe,True,2026-07-27 15:37:07
FAC-002-Z1,E-31,employee,motion,,2026-07-27 15:52:07
FAC-003-Z3,E-7,employee,motion,,2026-07-27 15:52:07
FAC-002-Z1,E-27,employee,badge_swipe,True,2026-07-27 15:52:07
FAC-003-Z3,E-26,employee,badge_swipe,True,2026-07-27 15:52:07
FAC-001-Z3,E-42,employee,badge_swipe,True,2026-07-27 15:52:07
FAC-003-Z1,E-30,employee,motion,,2026-07-27 15:52:07
FAC-002-Z3,E-13,employee,badge_swipe,True,2026-07-27 15:52:07
FAC-004-Z2,E-31,employee,motion,,2026-07-27 15:52:07
FAC-002-Z1,E-29,employee,badge_swipe,True,2026-07-27 15:52:07
FAC-003-Z2,E-26,employee,motion,,2026-07-27 15:52:07
FAC-005-Z2,E-23,employee,motion,,2026-07-27 15:52:07
FAC-001-Z2,E-20,employee,badge_swipe,True,2026-07-27 15:52:07
FAC-005-Z3,E-22,employee,badge_swipe,True,2026-07-27 15:52:07
FAC-005-Z3,E-28,employee,motion,,2026-07-27 15:52:07
FAC-005-Z2,E-35,employee,motion,,2026-07-27 15:52:07
FAC-001-Z2,E-35,employee,badge_swipe,True,2026-07-27 16:07:07
FAC-004-Z3,E-45,employee,badge_swipe,True,2026-07-27 16:07:07
FAC-004-Z2,E-48,employee,motion,,2026-07-27 16:07:07
FAC-003-Z1,E-47,employee,badge_swipe,True,2026-07-27 16:07:07
FAC-002-Z1,E-6,employee,badge_swipe,True,2026-07-27 16:07:07
FAC-002-Z1,E-29,employee,motion,,2026-07-27 16:07:07
FAC-002-Z3,E-24,employee,motion,,2026-07-27 16:07:07
FAC-004-Z2,E-23,employee,motion,,2026-07-27 16:22:07
FAC-004-Z2,E-3,employee,badge_swipe,True,2026-07-27 16:22:07
FAC-003-Z1,E-30,employee,motion,,2026-07-27 16:22:07
FAC-001-Z3,E-8,employee,motion,,2026-07-27 16:22:07
FAC-003-Z1,V-8,visitor,badge_swipe,True,2026-07-27 16:22:07
FAC-004-Z1,V-10,visitor,motion,,2026-07-27 16:22:07
FAC-004-Z1,E-8,employee,motion,,2026-07-27 16:22:07
FAC-005-Z2,E-48,employee,motion,,2026-07-27 16:22:07
FAC-004-Z3,E-5,employee,badge_swipe,True,2026-07-27 16:37:07
FAC-004-Z2,E-29,employee,badge_swipe,True,2026-07-27 16:37:07
FAC-002-Z2,E-13,employee,badge_swipe,True,2026-07-27 16:37:07
FAC-004-Z2,E-48,employee,motion,,2026-07-27 16:37:07
FAC-001-Z2,E-18,employee,motion,,2026-07-27 16:37:07
FAC-002-Z1,E-30,employee,badge_swipe,False,2026-07-27 16:37:07
FAC-003-Z3,E-4,employee,motion,,2026-07-27 16:37:07
FAC-005-Z1,E-24,employee,motion,,2026-07-27 16:37:07
FAC-002-Z2,E-48,employee,badge_swipe,True,2026-07-27 16:37:07
FAC-002-Z2,E-27,employee,motion,,2026-07-27 16:37:07
FAC-003-Z2,E-15,employee,badge_swipe,True,2026-07-27 16:37:07
FAC-005-Z3,E-34,employee,badge_swipe,True,2026-07-27 16:37:07
FAC-004-Z3,E-9,employee,motion,,2026-07-27 16:37:07
FAC-004-Z3,E-29,employee,motion,,2026-07-27 16:37:07
FAC-003-Z2,E-12,employee,badge_swipe,True,2026-07-27 16:37:07
FAC-005-Z2,E-16,employee,motion,,2026-07-27 16:37:07
FAC-001-Z3,E-2,employee,badge_swipe,True,2026-07-27 16:37:07
FAC-002-Z2,E-2,employee,motion,,2026-07-27 16:37:07
FAC-003-Z3,E-11,employee,badge_swipe,True,2026-07-27 16:52:07
FAC-004-Z3,E-4,employee,motion,,2026-07-27 16:52:07
FAC-003-Z3,V-8,visitor,badge_swipe,True,2026-07-27 16:52:07
FAC-003-Z1,E-44,employee,badge_swipe,True,2026-07-27 16:52:07
FAC-001-Z3,E-46,employee,motion,,2026-07-27 16:52:07
FAC-002-Z2,E-27,employee,badge_swipe,True,2026-07-27 16:52:07
FAC-001-Z1,E-27,employee,motion,,2026-07-27 16:52:07
FAC-003-Z3,E-27,employee,motion,,2026-07-27 16:52:07
FAC-004-Z1,E-40,employee,badge_swipe,True,2026-07-27 17:07:07
FAC-003-Z1,E-44,employee,motion,,2026-07-27 17:07:07
FAC-003-Z1,V-10,visitor,motion,,2026-07-27 17:07:07
FAC-004-Z2,E-8,employee,badge_swipe,True,2026-07-27 17:07:07
FAC-001-Z2,E-25,employee,badge_swipe,True,2026-07-27 17:07:07
FAC-004-Z3,E-33,employee,badge_swipe,True,2026-07-27 17:07:07
FAC-005-Z2,V-1,visitor,badge_swipe,True,2026-07-27 17:07:07
FAC-004-Z1,E-13,employee,motion,,2026-07-27 17:07:07
FAC-001-Z3,E-17,employee,motion,,2026-07-27 17:07:07
FAC-004-Z2,E-24,employee,motion,,2026-07-27 17:07:07
FAC-001-Z1,E-32,employee,badge_swipe,True,2026-07-27 17:07:07
FAC-005-Z3,E-38,employee,badge_swipe,True,2026-07-27 17:07:07
FAC-004-Z1,E-4,employee,motion,,2026-07-27 17:07:07
FAC-004-Z3,E-20,employee,motion,,2026-07-27 17:07:07
FAC-002-Z1,E-47,employee,motion,,2026-07-27 17:07:07
FAC-002-Z2,E-14,employee,motion,,2026-07-27 17:07:07
FAC-001-Z2,V-7,visitor,motion,,2026-07-27 17:07:07
FAC-001-Z2,E-11,employee,badge_swipe,True,2026-07-27 17:22:07
FAC-001-Z1,E-39,employee,motion,,2026-07-27 17:22:07
FAC-005-Z2,E-23,employee,badge_swipe,True,2026-07-27 17:22:07
FAC-002-Z3,V-6,visitor,motion,,2026-07-27 17:22:07
FAC-003-Z1,E-11,employee,motion,,2026-07-27 17:22:07
FAC-004-Z1,E-43,employee,motion,,2026-07-27 17:22:07
FAC-003-Z2,E-33,employee,badge_swipe,True,2026-07-27 17:22:07
FAC-001-Z3,E-35,employee,motion,,2026-07-27 17:22:07
FAC-002-Z1,E-18,employee,badge_swipe,True,2026-07-27 17:22:07
FAC-005-Z1,E-14,employee,badge_swipe,True,2026-07-27 17:22:07
FAC-005-Z3,V-9,visitor,motion,,2026-07-27 17:22:07
FAC-005-Z2,E-50,employee,motion,,2026-07-27 17:22:07
FAC-002-Z1,E-35,employee,motion,,2026-07-27 17:22:07
FAC-004-Z3,E-24,employee,badge_swipe,True,2026-07-27 17:37:07
FAC-005-Z1,E-44,employee,motion,,2026-07-27 17:37:07
FAC-001-Z1,E-11,employee,badge_swipe,True,2026-07-27 17:37:07
FAC-001-Z1,V-9,visitor,motion,,2026-07-27 17:37:07
FAC-003-Z3,V-7,visitor,motion,,2026-07-27 17:37:07
FAC-004-Z1,E-29,employee,motion,,2026-07-27 17:37:07
FAC-002-Z3,E-25,employee,badge_swipe,True,2026-07-27 17:37:07
FAC-005-Z3,V-8,visitor,motion,,2026-07-27 17:37:07
FAC-001-Z3,V-8,visitor,motion,,2026-07-27 17:37:07
FAC-004-Z3,E-14,employee,motion,,2026-07-27 17:37:07
FAC-005-Z2,E-20,employee,badge_swipe,True,2026-07-27 17:37:07
FAC-005-Z1,E-7,employee,badge_swipe,False,2026-07-27 17:37:07
FAC-001-Z2,E-31,employee,badge_swipe,True,2026-07-27 17:37:07
FAC-001-Z1,E-18,employee,badge_swipe,True,2026-07-27 17:37:07
FAC-003-Z1,E-4,employee,badge_swipe,False,2026-07-27 17:37:07
FAC-001-Z1,E-15,employee,badge_swipe,True,2026-07-27 17:37:07
FAC-005-Z3,E-24,employee,motion,,2026-07-27 17:37:07
FAC-004-Z2,E-50,employee,motion,,2026-07-27 17:52:07
FAC-004-Z1,V-6,visitor,badge_swipe,True,2026-07-27 17:52:07
FAC-004-Z3,E-1,employee,motion,,2026-07-27 17:52:07
FAC-004-Z1,E-48,employee,motion,,2026-07-27 17:52:07
FAC-001-Z3,E-12,employee,motion,,2026-07-27 17:52:07
FAC-004-Z3,E-11,employee,motion,,2026-07-27 18:07:07
FAC-003-Z2,E-3,employee,motion,,2026-07-27 18:07:07
FAC-003-Z1,V-9,visitor,badge_swipe,True,2026-07-27 18:07:07
FAC-001-Z2,E-22,employee,motion,,2026-07-27 18:07:07
FAC-004-Z2,E-4,employee,badge_swipe,True,2026-07-27 18:07:07
FAC-003-Z2,E-43,employee,badge_swipe,True,2026-07-27 18:07:07
FAC-004-Z3,V-9,visitor,motion,,2026-07-27 18:07:07
FAC-002-Z1,V-6,visitor,badge_swipe,True,2026-07-27 18:07:07
FAC-003-Z2,E-4,employee,badge_swipe,True,2026-07-27 18:07:07
FAC-005-Z1,E-14,employee,badge_swipe,True,2026-07-27 18:07:07
FAC-001-Z1,E-9,employee,motion,,2026-07-27 18:22:07
FAC-003-Z3,E-21,employee,motion,,2026-07-27 18:22:07
FAC-004-Z3,E-34,employee,motion,,2026-07-27 18:22:07
FAC-002-Z1,V-9,visitor,badge_swipe,True,2026-07-27 18:22:07
FAC-002-Z2,E-35,employee,badge_swipe,True,2026-07-27 18:22:07
FAC-001-Z2,E-30,employee,motion,,2026-07-27 18:22:07
FAC-004-Z1,E-10,employee,motion,,2026-07-27 18:22:07
FAC-005-Z3,V-4,visitor,motion,,2026-07-27 18:22:07
FAC-004-Z2,E-38,employee,badge_swipe,True,2026-07-27 18:22:07
FAC-004-Z3,E-12,employee,motion,,2026-07-27 18:22:07
FAC-002-Z1,E-23,employee,badge_swipe,True,2026-07-27 18:22:07
FAC-003-Z1,E-7,employee,motion,,2026-07-27 18:37:07
FAC-004-Z3,E-36,employee,motion,,2026-07-27 18:37:07
FAC-004-Z3,E-10,employee,motion,,2026-07-27 18:37:07
FAC-005-Z3,E-13,employee,badge_swipe,True,2026-07-27 18:37:07
FAC-004-Z3,E-37,employee,badge_swipe,True,2026-07-27 18:37:07
FAC-001-Z3,E-3,employee,motion,,2026-07-27 18:37:07
FAC-005-Z1,V-1,visitor,motion,,2026-07-27 18:37:07
FAC-001-Z1,E-18,employee,motion,,2026-07-27 18:37:07
FAC-004-Z3,E-3,employee,badge_swipe,True,2026-07-27 18:37:07
FAC-001-Z2,E-34,employee,motion,,2026-07-27 18:37:07
FAC-004-Z3,E-37,employee,motion,,2026-07-27 18:37:07
FAC-002-Z1,E-5,employee,motion,,2026-07-27 18:37:07
FAC-004-Z1,E-19,employee,badge_swipe,True,2026-07-27 18:52:07
FAC-002-Z3,E-42,employee,motion,,2026-07-27 18:52:07
FAC-003-Z1,E-20,employee,motion,,2026-07-27 18:52:07
FAC-005-Z1,V-7,visitor,motion,,2026-07-27 18:52:07
FAC-004-Z1,E-26,employee,badge_swipe,True,2026-07-27 18:52:07
FAC-001-Z1,V-8,visitor,badge_swipe,True,2026-07-27 18:52:07
FAC-002-Z3,E-47,employee,motion,,2026-07-27 18:52:07
FAC-003-Z3,E-24,employee,badge_swipe,True,2026-07-27 18:52:07
FAC-005-Z2,V-8,visitor,motion,,2026-07-27 18:52:07
FAC-003-Z3,V-3,visitor,motion,,2026-07-27 18:52:07
FAC-004-Z3,E-29,employee,motion,,2026-07-27 18:52:07
FAC-005-Z2,E-13,employee,motion,,2026-07-27 18:52:07
FAC-002-Z3,E-2,employee,motion,,2026-07-27 18:52:07
FAC-001-Z2,E-1,employee,badge_swipe,True,2026-07-27 18:52:07
FAC-004-Z3,E-28,employee,motion,,2026-07-27 18:52:07
FAC-002-Z3,E-30,employee,badge_swipe,True,2026-07-27 18:52:07
FAC-002-Z2,E-11,employee,motion,,2026-07-27 19:37:07
FAC-003-Z3,E-27,employee,badge_swipe,True,2026-07-27 19:52:07
FAC-004-Z2,V-7,visitor,badge_swipe,True,2026-07-27 19:52:07
FAC-002-Z1,E-48,employee,motion,,2026-07-27 19:52:07
FAC-002-Z2,E-28,employee,motion,,2026-07-27 20:07:07
FAC-004-Z2,E-30,employee,badge_swipe,True,2026-07-27 20:07:07
FAC-002-Z2,E-32,employee,motion,,2026-07-27 20:07:07
FAC-005-Z3,E-41,employee,motion,,2026-07-27 20:22:07
FAC-002-Z2,E-11,employee,motion,,2026-07-27 20:22:07
FAC-001-Z3,E-14,employee,badge_swipe,True,2026-07-27 20:37:07
FAC-003-Z1,E-1,employee,motion,,2026-07-27 20:37:07
FAC-004-Z3,E-7,employee,badge_swipe,True,2026-07-27 20:37:07
FAC-002-Z1,E-34,employee,motion,,2026-07-27 20:52:07
FAC-005-Z2,E-39,employee,badge_swipe,True,2026-07-27 20:52:07
FAC-004-Z3,E-25,employee,badge_swipe,True,2026-07-27 21:07:07
FAC-003-Z1,E-49,employee,badge_swipe,True,2026-07-27 21:07:07
FAC-004-Z2,E-25,employee,badge_swipe,True,2026-07-27 21:07:07
FAC-004-Z1,E-41,employee,motion,,2026-07-27 21:22:07
FAC-005-Z2,E-1,employee,motion,,2026-07-27 21:37:07
FAC-003-Z1,E-15,employee,badge_swipe,True,2026-07-27 21:37:07
FAC-003-Z1,E-6,employee,motion,,2026-07-27 21:52:07
FAC-003-Z1,V-2,visitor,motion,,2026-07-27 21:52:07
FAC-005-Z3,E-33,employee,badge_swipe,True,2026-07-27 22:07:07
FAC-004-Z3,E-34,employee,badge_swipe,True,2026-07-27 22:07:07
FAC-001-Z2,E-21,employee,motion,,2026-07-27 22:07:07
FAC-004-Z1,V-9,visitor,badge_swipe,True,2026-07-27 22:22:07
FAC-004-Z1,E-33,employee,badge_swipe,True,2026-07-27 22:22:07
FAC-003-Z3,E-19,employee,motion,,2026-07-27 22:22:07
FAC-005-Z3,E-44,employee,motion,,2026-07-27 22:52:07
FAC-003-Z3,E-46,employee,motion,,2026-07-27 22:52:07
FAC-005-Z1,E-34,employee,badge_swipe,False,2026-07-27 23:07:07
FAC-002-Z2,E-1,employee,motion,,2026-07-27 23:07:07
FAC-005-Z2,E-49,employee,badge_swipe,True,2026-07-27 23:07:07
FAC-001-Z1,E-19,employee,badge_swipe,True,2026-07-27 23:22:07
FAC-003-Z2,E-20,employee,badge_swipe,True,2026-07-27 23:22:07
FAC-003-Z1,E-44,employee,motion,,2026-07-27 23:22:07
FAC-003-Z3,E-3,employee,badge_swipe,True,2026-07-27 23:37:07
FAC-002-Z2,E-49,employee,badge_swipe,True,2026-07-27 23:37:07
FAC-001-Z1,E-36,employee,motion,,2026-07-27 23:52:07
FAC-002-Z1,E-41,employee,motion,,2026-07-27 23:52:07
FAC-001-Z3,E-20,employee,motion,,2026-07-27 23:52:07
FAC-004-Z3,E-26,employee,badge_swipe,True,2026-07-28 00:07:07
FAC-003-Z2,E-30,employee,motion,,2026-07-28 00:07:07
FAC-001-Z1,V-7,visitor,badge_swipe,True,2026-07-28 00:22:07
FAC-002-Z2,E-4,employee,motion,,2026-07-28 00:52:07
FAC-002-Z3,E-34,employee,motion,,2026-07-28 00:52:07
FAC-001-Z3,E-38,employee,badge_swipe,True,2026-07-28 00:52:07
FAC-005-Z1,V-3,visitor,motion,,2026-07-28 01:22:07
FAC-002-Z3,E-19,employee,motion,,2026-07-28 01:22:07
FAC-002-Z3,V-2,visitor,badge_swipe,True,2026-07-28 01:22:07
FAC-001-Z2,E-19,employee,badge_swipe,False,2026-07-28 01:52:07
FAC-001-Z1,E-7,employee,badge_swipe,True,2026-07-28 01:52:07
FAC-002-Z2,E-7,employee,motion,,2026-07-28 02:07:07
FAC-005-Z3,E-32,employee,motion,,2026-07-28 02:22:07
FAC-003-Z2,E-40,employee,badge_swipe,True,2026-07-28 02:22:07
FAC-001-Z2,E-49,employee,motion,,2026-07-28 02:52:07
FAC-003-Z2,E-39,employee,motion,,2026-07-28 03:22:07
FAC-002-Z3,E-30,employee,badge_swipe,True,2026-07-28 03:37:07
FAC-002-Z1,E-47,employee,motion,,2026-07-28 03:37:07
FAC-003-Z1,E-17,employee,motion,,2026-07-28 03:37:07
FAC-001-Z1,E-23,employee,motion,,2026-07-28 03:52:07
FAC-003-Z3,V-2,visitor,motion,,2026-07-28 03:52:07
FAC-001-Z3,E-17,employee,motion,,2026-07-28 04:07:07
FAC-005-Z2,E-11,employee,motion,,2026-07-28 04:07:07
FAC-002-Z1,E-23,employee,badge_swipe,True,2026-07-28 04:22:07
FAC-005-Z1,E-39,employee,badge_swipe,True,2026-07-28 04:37:07
FAC-003-Z1,E-24,employee,badge_swipe,True,2026-07-28 04:37:07
FAC-003-Z1,E-39,employee,badge_swipe,True,2026-07-28 04:52:07
FAC-005-Z3,E-23,employee,motion,,2026-07-28 04:52:07
FAC-003-Z1,E-26,employee,motion,,2026-07-28 04:52:07
FAC-003-Z2,E-47,employee,badge_swipe,True,2026-07-28 05:07:07
FAC-002-Z1,E-43,employee,badge_swipe,True,2026-07-28 05:07:07
FAC-004-Z3,E-31,employee,motion,,2026-07-28 05:37:07
FAC-002-Z3,E-11,employee,badge_swipe,True,2026-07-28 05:37:07
FAC-003-Z1,E-27,employee,motion,,2026-07-28 05:52:07
FAC-005-Z2,E-14,employee,badge_swipe,True,2026-07-28 05:52:07
FAC-004-Z2,E-34,employee,badge_swipe,True,2026-07-28 06:22:07
FAC-005-Z1,E-41,employee,badge_swipe,True,2026-07-28 06:22:07
FAC-004-Z2,E-40,employee,motion,,2026-07-28 06:37:07
FAC-002-Z1,E-36,employee,motion,,2026-07-28 06:37:07
FAC-004-Z1,E-25,employee,motion,,2026-07-28 06:37:07
FAC-004-Z3,E-31,employee,motion,,2026-07-28 06:52:07
FAC-002-Z1,E-28,employee,motion,,2026-07-28 06:52:07
FAC-002-Z2,E-32,employee,badge_swipe,True,2026-07-28 07:07:07
FAC-002-Z2,E-6,employee,badge_swipe,True,2026-07-28 07:07:07
FAC-003-Z1,E-10,employee,motion,,2026-07-28 07:07:07
FAC-003-Z1,E-34,employee,badge_swipe,True,2026-07-28 07:22:07
FAC-001-Z1,E-19,employee,motion,,2026-07-28 07:22:07
FAC-002-Z2,V-2,visitor,badge_swipe,True,2026-07-28 07:22:07
FAC-002-Z1,E-19,employee,motion,,2026-07-28 07:37:07
FAC-003-Z1,E-38,employee,motion,,2026-07-28 08:07:07
FAC-005-Z3,E-5,employee,motion,,2026-07-28 08:07:07
FAC-004-Z1,E-28,employee,motion,,2026-07-28 08:07:07
FAC-003-Z2,E-1,employee,motion,,2026-07-28 08:07:07
FAC-003-Z1,E-45,employee,motion,,2026-07-28 08:07:07
FAC-003-Z3,E-18,employee,motion,,2026-07-28 08:07:07
FAC-001-Z1,V-10,visitor,badge_swipe,True,2026-07-28 08:07:07
FAC-005-Z3,E-5,employee,motion,,2026-07-28 08:07:07
FAC-005-Z3,E-17,employee,badge_swipe,True,2026-07-28 08:07:07
FAC-005-Z1,E-46,employee,motion,,2026-07-28 08:07:07
FAC-004-Z2,E-35,employee,motion,,2026-07-28 08:07:07
FAC-002-Z2,E-28,employee,motion,,2026-07-28 08:07:07
FAC-003-Z2,E-10,employee,motion,,2026-07-28 08:07:07
FAC-004-Z2,E-8,employee,badge_swipe,True,2026-07-28 08:07:07
FAC-002-Z3,V-4,visitor,motion,,2026-07-28 08:07:07
FAC-003-Z1,E-11,employee,motion,,2026-07-28 08:22:07
FAC-001-Z3,E-5,employee,motion,,2026-07-28 08:22:07
FAC-004-Z1,E-17,employee,badge_swipe,True,2026-07-28 08:22:07
FAC-001-Z2,V-7,visitor,motion,,2026-07-28 08:22:07
FAC-002-Z1,E-44,employee,badge_swipe,True,2026-07-28 08:22:07
FAC-005-Z1,E-50,employee,badge_swipe,True,2026-07-28 08:22:07
FAC-002-Z2,E-33,employee,badge_swipe,True,2026-07-28 08:22:07
FAC-003-Z3,E-28,employee,motion,,2026-07-28 08:22:07
FAC-003-Z3,E-46,employee,motion,,2026-07-28 08:22:07
FAC-001-Z3,E-37,employee,badge_swipe,False,2026-07-28 08:22:07
FAC-005-Z2,V-7,visitor,motion,,2026-07-28 08:22:07
FAC-001-Z3,E-8,employee,badge_swipe,True,2026-07-28 08:22:07
FAC-002-Z1,V-5,visitor,motion,,2026-07-28 08:22:07
FAC-002-Z2,E-23,employee,badge_swipe,True,2026-07-28 08:22:07
FAC-001-Z1,E-33,employee,badge_swipe,True,2026-07-28 08:22:07
FAC-005-Z2,V-9,visitor,badge_swipe,True,2026-07-28 08:37:07
FAC-004-Z1,E-14,employee,badge_swipe,True,2026-07-28 08:37:07
FAC-001-Z1,E-25,employee,motion,,2026-07-28 08:37:07
FAC-001-Z3,E-26,employee,badge_swipe,True,2026-07-28 08:37:07
FAC-005-Z3,E-7,employee,badge_swipe,True,2026-07-28 08:37:07
FAC-003-Z3,E-3,employee,motion,,2026-07-28 08:37:07
FAC-002-Z2,V-2,visitor,motion,,2026-07-28 08:37:07
FAC-004-Z3,E-37,employee,motion,,2026-07-28 08:37:07
FAC-005-Z3,E-1,employee,badge_swipe,True,2026-07-28 08:37:07
FAC-005-Z2,E-31,employee,badge_swipe,True,2026-07-28 08:37:07
FAC-004-Z3,E-27,employee,motion,,2026-07-28 08:37:07
FAC-005-Z1,E-46,employee,badge_swipe,True,2026-07-28 08:37:07
FAC-001-Z2,E-44,employee,badge_swipe,True,2026-07-28 08:52:07
FAC-003-Z2,V-7,visitor,motion,,2026-07-28 08:52:07
FAC-001-Z2,E-39,employee,motion,,2026-07-28 08:52:07
FAC-001-Z1,E-16,employee,motion,,2026-07-28 08:52:07
FAC-004-Z3,E-20,employee,motion,,2026-07-28 08:52:07
FAC-003-Z2,V-4,visitor,badge_swipe,True,2026-07-28 08:52:07
FAC-004-Z3,E-38,employee,badge_swipe,True,2026-07-28 08:52:07
FAC-005-Z2,E-49,employee,motion,,2026-07-28 08:52:07
FAC-002-Z1,E-15,employee,badge_swipe,True,2026-07-28 08:52:07
FAC-004-Z2,E-9,employee,badge_swipe,True,2026-07-28 08:52:07
FAC-005-Z2,E-3,employee,motion,,2026-07-28 08:52:07
FAC-002-Z1,E-32,employee,badge_swipe,True,2026-07-28 08:52:07
FAC-002-Z2,E-14,employee,badge_swipe,True,2026-07-28 08:52:07
FAC-005-Z1,E-38,employee,motion,,2026-07-28 08:52:07
FAC-005-Z2,E-41,employee,motion,,2026-07-28 08:52:07
FAC-001-Z2,E-22,employee,badge_swipe,True,2026-07-28 08:52:07
FAC-002-Z2,V-5,visitor,motion,,2026-07-28 09:07:07
FAC-004-Z3,E-23,employee,motion,,2026-07-28 09:07:07
FAC-003-Z2,E-50,employee,motion,,2026-07-28 09:07:07
FAC-004-Z1,E-17,employee,motion,,2026-07-28 09:07:07
FAC-001-Z3,V-5,visitor,badge_swipe,True,2026-07-28 09:07:07
FAC-005-Z2,E-19,employee,motion,,2026-07-28 09:07:07
FAC-004-Z1,E-30,employee,motion,,2026-07-28 09:07:07
FAC-005-Z3,E-6,employee,motion,,2026-07-28 09:07:07
FAC-001-Z2,E-21,employee,motion,,2026-07-28 09:07:07
FAC-003-Z3,E-6,employee,badge_swipe,True,2026-07-28 09:07:07
FAC-005-Z1,E-42,employee,motion,,2026-07-28 09:07:07
FAC-002-Z3,E-44,employee,motion,,2026-07-28 09:07:07
FAC-003-Z3,E-41,employee,badge_swipe,True,2026-07-28 09:07:07
FAC-005-Z3,E-25,employee,motion,,2026-07-28 09:22:07
FAC-004-Z3,E-36,employee,badge_swipe,True,2026-07-28 09:22:07
FAC-003-Z2,E-44,employee,badge_swipe,True,2026-07-28 09:22:07
FAC-005-Z1,E-46,employee,badge_swipe,True,2026-07-28 09:22:07
FAC-001-Z3,E-32,employee,motion,,2026-07-28 09:22:07
FAC-004-Z1,E-16,employee,badge_swipe,True,2026-07-28 09:22:07
FAC-005-Z3,E-1,employee,badge_swipe,True,2026-07-28 09:22:07
FAC-005-Z3,E-26,employee,motion,,2026-07-28 09:22:07
FAC-002-Z3,E-17,employee,motion,,2026-07-28 09:22:07
FAC-003-Z3,E-46,employee,badge_swipe,True,2026-07-28 09:37:07
FAC-001-Z1,E-23,employee,motion,,2026-07-28 09:37:07
FAC-004-Z3,E-2,employee,badge_swipe,False,2026-07-28 09:37:07
FAC-001-Z2,E-35,employee,motion,,2026-07-28 09:37:07
FAC-001-Z1,E-23,employee,motion,,2026-07-28 09:37:07
FAC-002-Z2,E-34,employee,badge_swipe,True,2026-07-28 09:37:07
FAC-003-Z1,E-22,employee,badge_swipe,True,2026-07-28 09:37:07
FAC-003-Z1,E-49,employee,badge_swipe,True,2026-07-28 09:37:07
FAC-005-Z3,E-12,employee,motion,,2026-07-28 09:37:07
FAC-004-Z2,V-5,visitor,motion,,2026-07-28 09:37:07
FAC-001-Z2,E-18,employee,badge_swipe,True,2026-07-28 09:37:07
FAC-005-Z2,E-7,employee,badge_swipe,True,2026-07-28 09:37:07
FAC-002-Z3,E-34,employee,motion,,2026-07-28 09:37:07
FAC-001-Z1,E-34,employee,motion,,2026-07-28 09:37:07
FAC-005-Z2,E-27,employee,badge_swipe,True,2026-07-28 09:37:07
FAC-001-Z2,E-37,employee,badge_swipe,True,2026-07-28 09:37:07
FAC-003-Z1,E-22,employee,motion,,2026-07-28 09:37:07
FAC-002-Z1,E-30,employee,badge_swipe,True,2026-07-28 09:52:07
FAC-002-Z1,E-12,employee,badge_swipe,True,2026-07-28 09:52:07
FAC-001-Z3,E-23,employee,badge_swipe,True,2026-07-28 09:52:07
FAC-003-Z2,E-30,employee,badge_swipe,False,2026-07-28 09:52:07
FAC-001-Z3,E-44,employee,badge_swipe,True,2026-07-28 09:52:07
FAC-002-Z3,E-1,employee,badge_swipe,True,2026-07-28 10:07:07
FAC-001-Z1,E-15,employee,motion,,2026-07-28 10:07:07
FAC-002-Z2,V-5,visitor,motion,,2026-07-28 10:07:07
FAC-002-Z1,E-27,employee,badge_swipe,True,2026-07-28 10:07:07
FAC-001-Z2,E-45,employee,badge_swipe,True,2026-07-28 10:07:07
FAC-004-Z3,E-12,employee,motion,,2026-07-28 10:07:07
FAC-002-Z2,E-40,employee,motion,,2026-07-28 10:07:07
FAC-004-Z1,E-40,employee,badge_swipe,True,2026-07-28 10:07:07
FAC-005-Z2,E-20,employee,badge_swipe,True,2026-07-28 10:07:07
FAC-004-Z2,E-19,employee,badge_swipe,True,2026-07-28 10:07:07
FAC-001-Z1,E-42,employee,motion,,2026-07-28 10:07:07
FAC-004-Z1,E-27,employee,motion,,2026-07-28 10:07:07
FAC-004-Z2,E-7,employee,motion,,2026-07-28 10:07:07
FAC-004-Z3,E-17,employee,motion,,2026-07-28 10:07:07
FAC-005-Z1,E-14,employee,badge_swipe,True,2026-07-28 10:07:07
FAC-003-Z2,E-48,employee,badge_swipe,True,2026-07-28 10:07:07
FAC-005-Z1,E-5,employee,motion,,2026-07-28 10:07:07
FAC-004-Z3,E-41,employee,motion,,2026-07-28 10:07:07
FAC-004-Z3,E-6,employee,badge_swipe,True,2026-07-28 10:22:07
FAC-005-Z3,E-2,employee,badge_swipe,False,2026-07-28 10:22:07
FAC-002-Z1,E-12,employee,badge_swipe,True,2026-07-28 10:22:07
FAC-002-Z3,E-33,employee,badge_swipe,True,2026-07-28 10:22:07
FAC-002-Z2,E-49,employee,motion,,2026-07-28 10:22:07
FAC-002-Z3,V-4,visitor,motion,,2026-07-28 10:22:07
FAC-001-Z1,E-32,employee,motion,,2026-07-28 10:22:07
FAC-001-Z3,E-20,employee,badge_swipe,True,2026-07-28 10:22:07
FAC-005-Z1,E-48,employee,motion,,2026-07-28 10:22:07
FAC-004-Z1,E-42,employee,motion,,2026-07-28 10:22:07
FAC-003-Z2,V-6,visitor,motion,,2026-07-28 10:22:07
FAC-005-Z3,E-39,employee,motion,,2026-07-28 10:22:07
FAC-005-Z1,E-1,employee,motion,,2026-07-28 10:22:07
FAC-005-Z3,E-18,employee,motion,,2026-07-28 10:37:07
FAC-001-Z3,E-21,employee,motion,,2026-07-28 10:37:07
FAC-003-Z3,V-10,visitor,badge_swipe,True,2026-07-28 10:37:07
FAC-003-Z2,E-6,employee,badge_swipe,False,2026-07-28 10:37:07
FAC-004-Z1,E-40,employee,badge_swipe,True,2026-07-28 10:37:07
FAC-002-Z1,E-25,employee,motion,,2026-07-28 10:37:07
FAC-005-Z3,E-21,employee,badge_swipe,True,2026-07-28 10:37:07
FAC-001-Z1,E-29,employee,badge_swipe,True,2026-07-28 10:37:07
FAC-004-Z2,V-4,visitor,motion,,2026-07-28 10:37:07
FAC-003-Z1,E-35,employee,badge_swipe,True,2026-07-28 10:37:07
FAC-004-Z1,E-28,employee,motion,,2026-07-28 10:37:07
FAC-005-Z2,E-1,employee,badge_swipe,True,2026-07-28 10:37:07
FAC-005-Z2,E-40,employee,motion,,2026-07-28 10:37:07
FAC-003-Z2,E-47,employee,motion,,2026-07-28 10:37:07
FAC-005-Z1,E-42,employee,badge_swipe,True,2026-07-28 10:37:07
FAC-002-Z2,E-13,employee,badge_swipe,True,2026-07-28 10:37:07
FAC-005-Z2,E-22,employee,motion,,2026-07-28 10:37:07
FAC-001-Z2,E-13,employee,motion,,2026-07-28 10:37:07
FAC-005-Z2,E-9,employee,badge_swipe,True,2026-07-28 10:37:07
FAC-001-Z3,E-31,employee,badge_swipe,True,2026-07-28 10:37:07
FAC-003-Z2,E-11,employee,motion,,2026-07-28 10:52:07
FAC-001-Z2,E-44,employee,badge_swipe,True,2026-07-28 10:52:07
FAC-002-Z3,E-26,employee,motion,,2026-07-28 10:52:07
FAC-002-Z1,E-46,employee,motion,,2026-07-28 10:52:07
FAC-003-Z2,E-24,employee,motion,,2026-07-28 10:52:07
FAC-001-Z3,E-40,employee,motion,,2026-07-28 11:07:07
FAC-003-Z3,E-49,employee,motion,,2026-07-28 11:07:07
FAC-001-Z3,E-41,employee,motion,,2026-07-28 11:07:07
FAC-005-Z1,E-22,employee,motion,,2026-07-28 11:07:07
FAC-002-Z2,E-30,employee,badge_swipe,True,2026-07-28 11:07:07
FAC-001-Z3,E-1,employee,badge_swipe,True,2026-07-28 11:07:07
FAC-005-Z3,V-7,visitor,badge_swipe,True,2026-07-28 11:07:07
FAC-003-Z2,E-50,employee,badge_swipe,True,2026-07-28 11:07:07
FAC-004-Z3,E-25,employee,badge_swipe,False,2026-07-28 11:07:07
FAC-001-Z1,E-17,employee,motion,,2026-07-28 11:22:07
FAC-004-Z1,E-30,employee,motion,,2026-07-28 11:22:07
FAC-003-Z2,E-42,employee,motion,,2026-07-28 11:22:07
FAC-001-Z3,E-32,employee,motion,,2026-07-28 11:22:07
FAC-003-Z2,E-12,employee,badge_swipe,False,2026-07-28 11:22:07
FAC-001-Z1,E-22,employee,badge_swipe,True,2026-07-28 11:22:07
FAC-001-Z1,E-32,employee,motion,,2026-07-28 11:22:07
FAC-001-Z1,E-37,employee,badge_swipe,True,2026-07-28 11:22:07
FAC-003-Z1,E-38,employee,badge_swipe,True,2026-07-28 11:22:07
FAC-004-Z3,E-10,employee,badge_swipe,True,2026-07-28 11:37:07
FAC-005-Z2,E-46,employee,badge_swipe,True,2026-07-28 11:37:07
FAC-005-Z3,V-7,visitor,motion,,2026-07-28 11:37:07
FAC-002-Z3,E-37,employee,badge_swipe,True,2026-07-28 11:37:07
FAC-001-Z1,E-38,employee,motion,,2026-07-28 11:37:07
FAC-002-Z1,E-49,employee,badge_swipe,True,2026-07-28 11:37:07
FAC-003-Z3,E-2,employee,badge_swipe,True,2026-07-28 11:37:07
FAC-005-Z1,E-45,employee,badge_swipe,True,2026-07-28 11:37:07
FAC-002-Z3,E-47,employee,motion,,2026-07-28 11:37:07
FAC-001-Z2,E-30,employee,motion,,2026-07-28 11:37:07
FAC-005-Z1,E-40,employee,motion,,2026-07-28 11:37:07
FAC-005-Z1,E-35,employee,motion,,2026-07-28 11:37:07
FAC-002-Z3,E-50,employee,badge_swipe,True,2026-07-28 11:52:07
FAC-003-Z2,E-33,employee,motion,,2026-07-28 11:52:07
FAC-001-Z3,E-19,employee,badge_swipe,True,2026-07-28 11:52:07
FAC-005-Z3,E-40,employee,motion,,2026-07-28 11:52:07
FAC-003-Z2,E-14,employee,badge_swipe,True,2026-07-28 11:52:07
FAC-002-Z2,E-37,employee,motion,,2026-07-28 11:52:07
FAC-001-Z2,V-10,visitor,badge_swipe,True,2026-07-28 11:52:07
FAC-001-Z3,E-11,employee,badge_swipe,False,2026-07-28 11:52:07
FAC-003-Z2,V-6,visitor,badge_swipe,True,2026-07-28 11:52:07
FAC-003-Z2,E-15,employee,motion,,2026-07-28 11:52:07
FAC-003-Z3,V-7,visitor,motion,,2026-07-28 11:52:07
FAC-004-Z1,V-1,visitor,badge_swipe,True,2026-07-28 11:52:07
FAC-003-Z1,V-6,visitor,badge_swipe,True,2026-07-28 11:52:07
FAC-004-Z1,E-17,employee,motion,,2026-07-28 11:52:07
FAC-003-Z2,V-3,visitor,motion,,2026-07-28 12:07:07
FAC-002-Z2,E-13,employee,motion,,2026-07-28 12:07:07
FAC-002-Z1,E-45,employee,badge_swipe,True,2026-07-28 12:07:07
FAC-005-Z3,E-41,employee,badge_swipe,True,2026-07-28 12:07:07
FAC-001-Z2,E-31,employee,badge_swipe,True,2026-07-28 12:07:07
FAC-001-Z2,E-46,employee,badge_swipe,True,2026-07-28 12:07:07
FAC-005-Z3,E-31,employee,motion,,2026-07-28 12:07:07
FAC-004-Z1,E-24,employee,badge_swipe,True,2026-07-28 12:07:07
FAC-001-Z1,E-8,employee,badge_swipe,True,2026-07-28 12:07:07
FAC-002-Z3,E-47,employee,badge_swipe,True,2026-07-28 12:07:07
FAC-002-Z2,E-40,employee,badge_swipe,True,2026-07-28 12:07:07
FAC-005-Z1,E-8,employee,badge_swipe,True,2026-07-28 12:07:07
FAC-001-Z1,E-38,employee,motion,,2026-07-28 12:07:07
FAC-005-Z3,E-17,employee,badge_swipe,True,2026-07-28 12:22:07
FAC-005-Z1,E-40,employee,badge_swipe,True,2026-07-28 12:22:07
FAC-005-Z2,V-3,visitor,motion,,2026-07-28 12:22:07
FAC-004-Z3,E-26,employee,badge_swipe,True,2026-07-28 12:22:07
FAC-001-Z3,E-38,employee,motion,,2026-07-28 12:22:07
FAC-004-Z1,E-50,employee,badge_swipe,True,2026-07-28 12:22:07
FAC-001-Z2,E-33,employee,motion,,2026-07-28 12:22:07
FAC-002-Z2,E-13,employee,motion,,2026-07-28 12:22:07
FAC-003-Z3,E-11,employee,badge_swipe,True,2026-07-28 12:22:07
FAC-005-Z2,E-12,employee,badge_swipe,True,2026-07-28 12:22:07
FAC-003-Z2,E-19,employee,motion,,2026-07-28 12:37:07
FAC-004-Z3,E-2,employee,badge_swipe,True,2026-07-28 12:37:07
FAC-003-Z2,E-5,employee,motion,,2026-07-28 12:37:07
FAC-003-Z3,E-7,employee,badge_swipe,True,2026-07-28 12:37:07
FAC-002-Z1,E-4,employee,badge_swipe,True,2026-07-28 12:37:07
FAC-002-Z2,E-8,employee,badge_swipe,True,2026-07-28 12:37:07
FAC-002-Z1,V-3,visitor,motion,,2026-07-28 12:37:07
FAC-002-Z2,E-13,employee,badge_swipe,True,2026-07-28 12:37:07
FAC-005-Z3,V-2,visitor,motion,,2026-07-28 12:37:07
FAC-004-Z2,E-17,employee,motion,,2026-07-28 12:37:07
FAC-001-Z2,E-50,employee,motion,,2026-07-28 12:37:07
FAC-002-Z1,E-38,employee,badge_swipe,True,2026-07-28 12:37:07
FAC-005-Z1,E-29,employee,motion,,2026-07-28 12:52:07
FAC-001-Z2,E-10,employee,motion,,2026-07-28 12:52:07
FAC-001-Z1,V-2,visitor,badge_swipe,True,2026-07-28 12:52:07
FAC-002-Z3,E-20,employee,motion,,2026-07-28 12:52:07
FAC-002-Z2,E-20,employee,motion,,2026-07-28 12:52:07
FAC-001-Z2,E-11,employee,badge_swipe,True,2026-07-28 12:52:07
FAC-003-Z3,E-33,employee,motion,,2026-07-28 12:52:07
FAC-002-Z2,E-47,employee,badge_swipe,True,2026-07-28 12:52:07
FAC-002-Z1,E-36,employee,motion,,2026-07-28 12:52:07
FAC-005-Z3,E-33,employee,badge_swipe,True,2026-07-28 12:52:07
FAC-001-Z1,E-42,employee,motion,,2026-07-28 12:52:07
FAC-005-Z3,E-8,employee,motion,,2026-07-28 12:52:07
FAC-001-Z3,E-9,employee,badge_swipe,True,2026-07-28 12:52:07
FAC-001-Z2,E-38,employee,motion,,2026-07-28 12:52:07
FAC-002-Z1,V-9,visitor,badge_swipe,True,2026-07-28 12:52:07
FAC-003-Z2,E-34,employee,badge_swipe,True,2026-07-28 12:52:07
FAC-004-Z2,E-11,employee,badge_swipe,True,2026-07-28 12:52:07
FAC-003-Z1,E-50,employee,motion,,2026-07-28 12:52:07
FAC-005-Z3,E-35,employee,badge_swipe,False,2026-07-28 12:52:07
FAC-002-Z1,E-8,employee,badge_swipe,True,2026-07-28 12:52:07
FAC-003-Z2,E-8,employee,motion,,2026-07-28 13:07:07
FAC-003-Z1,E-46,employee,motion,,2026-07-28 13:07:07
FAC-001-Z3,E-34,employee,motion,,2026-07-28 13:07:07
FAC-002-Z3,E-45,employee,motion,,2026-07-28 13:07:07
FAC-001-Z1,E-15,employee,badge_swipe,True,2026-07-28 13:07:07
FAC-003-Z3,E-18,employee,badge_swipe,True,2026-07-28 13:07:07
FAC-004-Z1,E-9,employee,motion,,2026-07-28 13:07:07
FAC-003-Z1,E-50,employee,motion,,2026-07-28 13:07:07
FAC-003-Z3,E-37,employee,badge_swipe,True,2026-07-28 13:07:07
FAC-003-Z2,E-45,employee,motion,,2026-07-28 13:07:07
FAC-002-Z2,E-18,employee,motion,,2026-07-28 13:07:07
FAC-005-Z1,E-30,employee,badge_swipe,True,2026-07-28 13:07:07
FAC-002-Z1,V-4,visitor,motion,,2026-07-28 13:07:07
FAC-002-Z3,E-28,employee,motion,,2026-07-28 13:07:07
FAC-003-Z1,V-9,visitor,motion,,2026-07-28 13:07:07
FAC-005-Z2,E-33,employee,badge_swipe,True,2026-07-28 13:07:07
FAC-003-Z1,E-7,employee,motion,,2026-07-28 13:07:07
FAC-005-Z3,E-29,employee,motion,,2026-07-28 13:07:07
FAC-002-Z2,V-8,visitor,badge_swipe,True,2026-07-28 13:07:07
FAC-003-Z1,E-32,employee,badge_swipe,True,2026-07-28 13:07:07
FAC-005-Z1,E-28,employee,motion,,2026-07-28 13:22:07
FAC-004-Z3,E-7,employee,badge_swipe,True,2026-07-28 13:22:07
FAC-005-Z1,E-6,employee,motion,,2026-07-28 13:22:07
FAC-003-Z3,E-36,employee,badge_swipe,True,2026-07-28 13:22:07
FAC-004-Z1,E-35,employee,motion,,2026-07-28 13:22:07
FAC-004-Z3,E-29,employee,motion,,2026-07-28 13:22:07
FAC-003-Z2,E-36,employee,badge_swipe,True,2026-07-28 13:22:07
FAC-002-Z1,E-3,employee,motion,,2026-07-28 13:22:07
FAC-001-Z1,E-11,employee,motion,,2026-07-28 13:22:07
FAC-005-Z3,E-18,employee,motion,,2026-07-28 13:22:07
FAC-002-Z3,E-32,employee,motion,,2026-07-28 13:22:07
FAC-001-Z3,E-28,employee,motion,,2026-07-28 13:37:07
FAC-004-Z1,E-19,employee,badge_swipe,True,2026-07-28 13:37:07
FAC-004-Z1,E-28,employee,motion,,2026-07-28 13:37:07
FAC-003-Z1,E-29,employee,badge_swipe,True,2026-07-28 13:37:07
FAC-002-Z3,E-33,employee,badge_swipe,True,2026-07-28 13:37:07
FAC-004-Z1,E-34,employee,badge_swipe,True,2026-07-28 13:37:07
FAC-003-Z2,E-19,employee,badge_swipe,True,2026-07-28 13:37:07
FAC-001-Z3,E-12,employee,motion,,2026-07-28 13:37:07
FAC-001-Z2,E-17,employee,motion,,2026-07-28 13:37:07
FAC-004-Z3,E-37,employee,badge_swipe,True,2026-07-28 13:37:07
FAC-003-Z2,E-42,employee,badge_swipe,True,2026-07-28 13:37:07
FAC-001-Z3,E-44,employee,motion,,2026-07-28 13:37:07
FAC-003-Z1,E-41,employee,motion,,2026-07-28 13:52:07
FAC-002-Z3,E-19,employee,motion,,2026-07-28 13:52:07
FAC-005-Z3,E-17,employee,motion,,2026-07-28 13:52:07
FAC-002-Z1,V-3,visitor,motion,,2026-07-28 13:52:07
FAC-005-Z3,E-33,employee,badge_swipe,True,2026-07-28 13:52:07
FAC-001-Z1,E-20,employee,motion,,2026-07-28 13:52:07
FAC-003-Z1,E-6,employee,badge_swipe,True,2026-07-28 13:52:07
FAC-002-Z2,E-24,employee,motion,,2026-07-28 13:52:07
FAC-003-Z3,E-30,employee,motion,,2026-07-28 13:52:07
FAC-002-Z3,E-15,employee,motion,,2026-07-28 13:52:07
FAC-005-Z3,E-7,employee,badge_swipe,True,2026-07-28 13:52:07
FAC-001-Z3,E-47,employee,badge_swipe,True,2026-07-28 13:52:07
FAC-002-Z1,E-45,employee,motion,,2026-07-28 13:52:07
FAC-002-Z2,E-45,employee,badge_swipe,True,2026-07-28 13:52:07
FAC-004-Z1,E-36,employee,motion,,2026-07-28 13:52:07
FAC-001-Z1,E-3,employee,motion,,2026-07-28 13:52:07
FAC-001-Z2,E-47,employee,badge_swipe,True,2026-07-28 13:52:07
FAC-003-Z3,E-6,employee,badge_swipe,True,2026-07-28 13:52:07
FAC-003-Z1,E-27,employee,badge_swipe,True,2026-07-28 14:07:07
FAC-001-Z1,E-10,employee,badge_swipe,True,2026-07-28 14:07:07
FAC-005-Z3,E-32,employee,motion,,2026-07-28 14:07:07
FAC-001-Z1,E-24,employee,motion,,2026-07-28 14:07:07
FAC-003-Z3,E-33,employee,badge_swipe,True,2026-07-28 14:07:07
FAC-001-Z1,V-3,visitor,motion,,2026-07-28 14:07:07
FAC-003-Z2,E-46,employee,motion,,2026-07-28 14:07:07
FAC-005-Z2,E-31,employee,motion,,2026-07-28 14:07:07
FAC-003-Z1,E-33,employee,badge_swipe,True,2026-07-28 14:07:07
FAC-002-Z1,E-33,employee,badge_swipe,True,2026-07-28 14:07:07
FAC-001-Z3,E-32,employee,motion,,2026-07-28 14:07:07
FAC-003-Z2,E-16,employee,motion,,2026-07-28 14:22:07
FAC-001-Z1,E-17,employee,badge_swipe,True,2026-07-28 14:22:07
FAC-004-Z2,E-37,employee,motion,,2026-07-28 14:22:07
FAC-005-Z2,E-37,employee,motion,,2026-07-28 14:22:07
FAC-002-Z1,E-13,employee,motion,,2026-07-28 14:22:07
FAC-001-Z2,E-5,employee,motion,,2026-07-28 14:22:07
FAC-003-Z2,E-45,employee,motion,,2026-07-28 14:22:07
FAC-005-Z2,V-7,visitor,badge_swipe,True,2026-07-28 14:22:07
FAC-003-Z2,E-40,employee,motion,,2026-07-28 14:22:07
FAC-001-Z1,E-30,employee,motion,,2026-07-28 14:22:07
FAC-005-Z3,V-4,visitor,motion,,2026-07-28 14:22:07
FAC-005-Z1,E-41,employee,motion,,2026-07-28 14:22:07
FAC-004-Z1,E-24,employee,motion,,2026-07-28 14:22:07
FAC-004-Z1,E-3,employee,motion,,2026-07-28 14:37:07
FAC-005-Z2,E-6,employee,motion,,2026-07-28 14:37:07
FAC-002-Z1,E-27,employee,motion,,2026-07-28 14:37:07
FAC-001-Z3,E-27,employee,motion,,2026-07-28 14:37:07
FAC-003-Z2,E-13,employee,motion,,2026-07-28 14:37:07
FAC-002-Z1,E-13,employee,motion,,2026-07-28 14:37:07
FAC-005-Z3,E-35,employee,motion,,2026-07-28 14:37:07
FAC-004-Z1,E-49,employee,motion,,2026-07-28 14:37:07
FAC-003-Z3,E-36,employee,motion,,2026-07-28 14:37:07
FAC-005-Z2,E-17,employee,badge_swipe,True,2026-07-28 14:37:07
FAC-001-Z1,E-45,employee,badge_swipe,True,2026-07-28 14:37:07
FAC-001-Z2,E-6,employee,motion,,2026-07-28 14:37:07
FAC-001-Z2,E-50,employee,badge_swipe,True,2026-07-28 14:37:07
FAC-003-Z1,E-8,employee,motion,,2026-07-28 14:37:07
FAC-003-Z1,E-1,employee,badge_swipe,True,2026-07-28 14:37:07
FAC-001-Z3,E-50,employee,motion,,2026-07-28 14:37:07
FAC-003-Z1,E-12,employee,badge_swipe,True,2026-07-28 14:37:07
FAC-003-Z1,E-27,employee,badge_swipe,True,2026-07-28 14:37:07
FAC-001-Z1,E-41,employee,badge_swipe,True,2026-07-28 14:52:07
FAC-002-Z2,E-3,employee,badge_swipe,True,2026-07-28 14:52:07
FAC-001-Z3,V-9,visitor,badge_swipe,False,2026-07-28 14:52:07
FAC-005-Z3,E-22,employee,badge_swipe,True,2026-07-28 14:52:07
FAC-001-Z3,E-40,employee,motion,,2026-07-28 14:52:07
FAC-004-Z2,E-42,employee,motion,,2026-07-28 14:52:07
FAC-005-Z3,V-1,visitor,badge_swipe,True,2026-07-28 14:52:07
FAC-005-Z2,E-28,employee,badge_swipe,True,2026-07-28 14:52:07
FAC-005-Z3,E-24,employee,motion,,2026-07-28 14:52:07
FAC-001-Z2,E-6,employee,motion,,2026-07-28 15:07:07
FAC-005-Z3,E-36,employee,badge_swipe,True,2026-07-28 15:07:07
FAC-004-Z2,E-39,employee,badge_swipe,True,2026-07-28 15:07:07
FAC-001-Z3,E-21,employee,motion,,2026-07-28 15:07:07
FAC-001-Z2,E-42,employee,motion,,2026-07-28 15:07:07
FAC-004-Z1,E-9,employee,badge_swipe,True,2026-07-28 15:07:07
FAC-001-Z3,E-23,employee,motion,,2026-07-28 15:07:07
FAC-002-Z1,E-28,employee,badge_swipe,True,2026-07-28 15:07:07
FAC-001-Z3,E-11,employee,badge_swipe,True,2026-07-28 15:07:07
FAC-001-Z3,E-6,employee,badge_swipe,True,2026-07-28 15:07:07
FAC-005-Z1,E-24,employee,badge_swipe,True,2026-07-28 15:07:07
FAC-005-Z1,E-13,employee,motion,,2026-07-28 15:22:07
FAC-005-Z1,E-41,employee,motion,,2026-07-28 15:22:07
FAC-001-Z3,V-2,visitor,badge_swipe,True,2026-07-28 15:22:07
FAC-001-Z3,E-37,employee,motion,,2026-07-28 15:22:07
FAC-001-Z3,E-34,employee,motion,,2026-07-28 15:22:07
FAC-002-Z2,E-5,employee,motion,,2026-07-28 15:22:07
FAC-001-Z1,E-11,employee,motion,,2026-07-28 15:22:07
FAC-004-Z1,E-27,employee,badge_swipe,True,2026-07-28 15:22:07
FAC-001-Z2,E-32,employee,badge_swipe,True,2026-07-28 15:22:07
FAC-002-Z2,E-38,employee,badge_swipe,True,2026-07-28 15:22:07
FAC-003-Z1,E-7,employee,badge_swipe,True,2026-07-28 15:37:07
FAC-005-Z1,E-21,employee,badge_swipe,True,2026-07-28 15:37:07
FAC-001-Z1,E-19,employee,motion,,2026-07-28 15:37:07
FAC-003-Z1,V-10,visitor,badge_swipe,False,2026-07-28 15:37:07
FAC-005-Z2,E-39,employee,badge_swipe,True,2026-07-28 15:37:07
FAC-005-Z2,E-47,employee,motion,,2026-07-28 15:52:07
FAC-001-Z1,V-6,visitor,motion,,2026-07-28 15:52:07
FAC-004-Z1,V-10,visitor,motion,,2026-07-28 15:52:07
FAC-002-Z2,E-24,employee,badge_swipe,True,2026-07-28 15:52:07
FAC-005-Z2,E-43,employee,badge_swipe,True,2026-07-28 15:52:07
FAC-005-Z2,E-6,employee,badge_swipe,True,2026-07-28 15:52:07
FAC-005-Z3,E-2,employee,badge_swipe,True,2026-07-28 15:52:07
FAC-004-Z3,E-16,employee,badge_swipe,True,2026-07-28 15:52:07
FAC-003-Z1,E-29,employee,motion,,2026-07-28 15:52:07
FAC-005-Z3,E-11,employee,badge_swipe,True,2026-07-28 15:52:07
FAC-003-Z3,E-46,employee,motion,,2026-07-28 15:52:07
FAC-003-Z1,E-13,employee,badge_swipe,True,2026-07-28 15:52:07
FAC-001-Z2,V-10,visitor,badge_swipe,True,2026-07-28 15:52:07
FAC-005-Z2,E-12,employee,badge_swipe,True,2026-07-28 15:52:07
FAC-005-Z1,V-9,visitor,badge_swipe,True,2026-07-28 15:52:07
FAC-003-Z1,E-18,employee,badge_swipe,True,2026-07-28 15:52:07
FAC-002-Z1,E-8,employee,motion,,2026-07-28 15:52:07
FAC-004-Z3,E-15,employee,badge_swipe,True,2026-07-28 15:52:07
FAC-005-Z1,V-10,visitor,motion,,2026-07-28 15:52:07
FAC-003-Z3,E-18,employee,motion,,2026-07-28 15:52:07
FAC-003-Z3,E-28,employee,motion,,2026-07-28 16:07:07
FAC-001-Z3,E-17,employee,motion,,2026-07-28 16:07:07
FAC-002-Z2,E-19,employee,badge_swipe,True,2026-07-28 16:07:07
FAC-004-Z2,E-7,employee,badge_swipe,True,2026-07-28 16:07:07
FAC-002-Z1,E-30,employee,motion,,2026-07-28 16:07:07
FAC-004-Z2,V-10,visitor,badge_swipe,True,2026-07-28 16:22:07
FAC-001-Z3,E-1,employee,badge_swipe,True,2026-07-28 16:22:07
FAC-002-Z1,E-25,employee,badge_swipe,True,2026-07-28 16:22:07
FAC-004-Z3,E-15,employee,badge_swipe,True,2026-07-28 16:22:07
FAC-001-Z2,E-12,employee,motion,,2026-07-28 16:22:07
FAC-004-Z1,V-2,visitor,badge_swipe,True,2026-07-28 16:22:07
FAC-005-Z1,E-26,employee,badge_swipe,True,2026-07-28 16:22:07
FAC-003-Z3,E-43,employee,motion,,2026-07-28 16:37:07
FAC-003-Z2,E-16,employee,motion,,2026-07-28 16:37:07
FAC-005-Z1,V-5,visitor,motion,,2026-07-28 16:37:07
FAC-005-Z2,E-35,employee,motion,,2026-07-28 16:37:07
FAC-004-Z3,V-5,visitor,motion,,2026-07-28 16:37:07
FAC-005-Z2,E-39,employee,badge_swipe,True,2026-07-28 16:37:07
FAC-005-Z2,E-35,employee,motion,,2026-07-28 16:37:07
FAC-004-Z2,E-37,employee,badge_swipe,True,2026-07-28 16:37:07
FAC-001-Z3,V-4,visitor,motion,,2026-07-28 16:37:07
FAC-003-Z1,E-12,employee,badge_swipe,True,2026-07-28 16:37:07
FAC-003-Z2,E-1,employee,badge_swipe,True,2026-07-28 16:37:07
FAC-001-Z1,E-29,employee,motion,,2026-07-28 16:37:07
FAC-002-Z3,E-37,employee,motion,,2026-07-28 16:52:07
FAC-003-Z2,V-8,visitor,badge_swipe,True,2026-07-28 16:52:07
FAC-001-Z1,E-43,employee,motion,,2026-07-28 16:52:07
FAC-004-Z2,E-33,employee,badge_swipe,True,2026-07-28 16:52:07
FAC-002-Z1,E-37,employee,badge_swipe,True,2026-07-28 16:52:07
FAC-004-Z2,E-47,employee,motion,,2026-07-28 16:52:07
FAC-001-Z1,E-42,employee,badge_swipe,False,2026-07-28 16:52:07
FAC-003-Z1,E-42,employee,badge_swipe,True,2026-07-28 16:52:07
FAC-001-Z1,V-8,visitor,motion,,2026-07-28 16:52:07
FAC-003-Z1,E-37,employee,badge_swipe,True,2026-07-28 16:52:07
FAC-003-Z2,E-18,employee,badge_swipe,True,2026-07-28 16:52:07
FAC-005-Z3,V-7,visitor,motion,,2026-07-28 16:52:07
FAC-004-Z1,E-20,employee,motion,,2026-07-28 17:07:07
FAC-004-Z1,E-18,employee,badge_swipe,True,2026-07-28 17:07:07
FAC-003-Z1,E-29,employee,motion,,2026-07-28 17:07:07
FAC-004-Z3,E-21,employee,motion,,2026-07-28 17:07:07
FAC-005-Z1,E-24,employee,badge_swipe,True,2026-07-28 17:07:07
FAC-001-Z1,E-50,employee,badge_swipe,True,2026-07-28 17:07:07
FAC-004-Z3,E-6,employee,badge_swipe,True,2026-07-28 17:07:07
FAC-001-Z1,E-16,employee,badge_swipe,True,2026-07-28 17:07:07
FAC-002-Z1,E-46,employee,motion,,2026-07-28 17:07:07
FAC-004-Z2,E-33,employee,motion,,2026-07-28 17:07:07
FAC-003-Z3,E-20,employee,motion,,2026-07-28 17:07:07
FAC-002-Z3,E-35,employee,badge_swipe,True,2026-07-28 17:07:07
FAC-001-Z3,V-5,visitor,badge_swipe,True,2026-07-28 17:07:07
FAC-003-Z3,E-37,employee,badge_swipe,True,2026-07-28 17:07:07
FAC-005-Z2,E-26,employee,motion,,2026-07-28 17:07:07
FAC-004-Z1,E-27,employee,badge_swipe,True,2026-07-28 17:07:07
FAC-001-Z3,E-35,employee,motion,,2026-07-28 17:07:07
FAC-002-Z1,E-26,employee,motion,,2026-07-28 17:07:07
FAC-004-Z3,E-37,employee,motion,,2026-07-28 17:22:07
FAC-001-Z1,E-40,employee,motion,,2026-07-28 17:22:07
FAC-004-Z2,E-12,employee,badge_swipe,True,2026-07-28 17:22:07
FAC-005-Z2,E-36,employee,motion,,2026-07-28 17:22:07
FAC-003-Z3,E-28,employee,motion,,2026-07-28 17:22:07
FAC-001-Z3,E-39,employee,badge_swipe,True,2026-07-28 17:37:07
FAC-004-Z1,E-30,employee,motion,,2026-07-28 17:37:07
FAC-003-Z3,E-2,employee,badge_swipe,True,2026-07-28 17:37:07
FAC-004-Z2,E-4,employee,motion,,2026-07-28 17:37:07
FAC-002-Z3,E-49,employee,badge_swipe,True,2026-07-28 17:37:07
FAC-003-Z1,E-49,employee,motion,,2026-07-28 17:37:07
FAC-003-Z1,E-5,employee,badge_swipe,True,2026-07-28 17:37:07
FAC-003-Z2,E-20,employee,badge_swipe,True,2026-07-28 17:52:07
FAC-004-Z3,E-16,employee,motion,,2026-07-28 17:52:07
FAC-004-Z3,E-31,employee,motion,,2026-07-28 17:52:07
FAC-005-Z2,E-29,employee,motion,,2026-07-28 17:52:07
FAC-001-Z3,V-8,visitor,badge_swipe,True,2026-07-28 17:52:07
FAC-005-Z3,E-34,employee,badge_swipe,True,2026-07-28 17:52:07
FAC-004-Z2,E-32,employee,motion,,2026-07-28 18:07:07
FAC-002-Z2,E-16,employee,motion,,2026-07-28 18:07:07
FAC-005-Z2,E-19,employee,motion,,2026-07-28 18:07:07
FAC-002-Z3,E-14,employee,motion,,2026-07-28 18:07:07
FAC-005-Z1,E-29,employee,badge_swipe,True,2026-07-28 18:07:07
FAC-005-Z1,E-10,employee,badge_swipe,True,2026-07-28 18:07:07
FAC-001-Z2,E-46,employee,motion,,2026-07-28 18:07:07
FAC-001-Z2,E-25,employee,motion,,2026-07-28 18:07:07
FAC-002-Z2,E-15,employee,badge_swipe,True,2026-07-28 18:07:07
FAC-004-Z2,E-4,employee,motion,,2026-07-28 18:07:07
FAC-003-Z1,E-24,employee,motion,,2026-07-28 18:07:07
FAC-005-Z3,E-28,employee,badge_swipe,True,2026-07-28 18:07:07
FAC-004-Z1,E-20,employee,badge_swipe,True,2026-07-28 18:07:07
FAC-003-Z2,E-3,employee,motion,,2026-07-28 18:07:07
FAC-002-Z1,E-3,employee,motion,,2026-07-28 18:07:07
FAC-004-Z3,E-38,employee,motion,,2026-07-28 18:07:07
FAC-005-Z1,E-3,employee,badge_swipe,True,2026-07-28 18:07:07
FAC-001-Z2,E-45,employee,badge_swipe,True,2026-07-28 18:07:07
FAC-004-Z2,E-41,employee,motion,,2026-07-28 18:07:07
FAC-002-Z3,E-8,employee,motion,,2026-07-28 18:22:07
FAC-001-Z1,E-22,employee,motion,,2026-07-28 18:22:07
FAC-001-Z1,E-23,employee,motion,,2026-07-28 18:22:07
FAC-002-Z3,E-13,employee,badge_swipe,True,2026-07-28 18:22:07
FAC-001-Z1,E-34,employee,motion,,2026-07-28 18:22:07
FAC-002-Z1,E-28,employee,motion,,2026-07-28 18:22:07
FAC-004-Z1,E-28,employee,badge_swipe,True,2026-07-28 18:22:07
FAC-004-Z3,V-3,visitor,badge_swipe,True,2026-07-28 18:22:07
FAC-002-Z3,E-19,employee,motion,,2026-07-28 18:22:07
FAC-004-Z1,E-9,employee,badge_swipe,True,2026-07-28 18:22:07
FAC-005-Z3,E-10,employee,motion,,2026-07-28 18:22:07
FAC-004-Z2,E-49,employee,badge_swipe,True,2026-07-28 18:22:07
FAC-002-Z2,E-49,employee,badge_swipe,True,2026-07-28 18:22:07
FAC-005-Z2,V-2,visitor,badge_swipe,True,2026-07-28 18:22:07
FAC-001-Z2,E-45,employee,badge_swipe,True,2026-07-28 18:22:07
FAC-001-Z2,E-1,employee,motion,,2026-07-28 18:22:07
FAC-003-Z3,E-31,employee,badge_swipe,True,2026-07-28 18:22:07
FAC-005-Z2,E-37,employee,motion,,2026-07-28 18:22:07
FAC-005-Z3,E-3,employee,motion,,2026-07-28 18:22:07
FAC-003-Z3,E-26,employee,motion,,2026-07-28 18:22:07
FAC-005-Z1,V-3,visitor,badge_swipe,True,2026-07-28 18:37:07
FAC-002-Z2,E-34,employee,badge_swipe,True,2026-07-28 18:37:07
FAC-003-Z3,E-43,employee,badge_swipe,True,2026-07-28 18:37:07
FAC-005-Z3,V-3,visitor,badge_swipe,True,2026-07-28 18:37:07
FAC-001-Z3,E-6,employee,motion,,2026-07-28 18:37:07
FAC-001-Z2,E-28,employee,motion,,2026-07-28 18:37:07
FAC-001-Z2,E-35,employee,badge_swipe,True,2026-07-28 18:37:07
FAC-002-Z2,E-27,employee,motion,,2026-07-28 18:37:07
FAC-001-Z3,E-18,employee,badge_swipe,False,2026-07-28 18:37:07
FAC-003-Z3,E-8,employee,badge_swipe,True,2026-07-28 18:52:07
FAC-002-Z3,E-18,employee,badge_swipe,True,2026-07-28 18:52:07
FAC-003-Z1,E-20,employee,badge_swipe,True,2026-07-28 18:52:07
FAC-003-Z1,E-20,employee,badge_swipe,True,2026-07-28 18:52:07
FAC-003-Z2,E-46,employee,badge_swipe,True,2026-07-28 18:52:07
FAC-003-Z2,V-1,visitor,motion,,2026-07-28 18:52:07
FAC-002-Z1,E-35,employee,badge_swipe,True,2026-07-28 18:52:07
FAC-003-Z2,E-14,employee,motion,,2026-07-28 18:52:07
FAC-004-Z1,E-38,employee,badge_swipe,True,2026-07-28 18:52:07
FAC-003-Z2,E-42,employee,badge_swipe,False,2026-07-28 18:52:07
FAC-003-Z1,E-30,employee,motion,,2026-07-28 18:52:07
FAC-002-Z2,E-35,employee,motion,,2026-07-28 18:52:07
FAC-002-Z3,V-9,visitor,badge_swipe,True,2026-07-28 19:22:07
FAC-002-Z1,E-40,employee,motion,,2026-07-28 19:22:07
FAC-003-Z1,E-25,employee,badge_swipe,True,2026-07-28 19:22:07
FAC-002-Z1,E-35,employee,motion,,2026-07-28 19:52:07
FAC-001-Z3,E-48,employee,badge_swipe,True,2026-07-28 20:22:07
FAC-003-Z1,E-18,employee,motion,,2026-07-28 20:37:07
FAC-002-Z3,E-33,employee,motion,,2026-07-28 20:37:07
FAC-001-Z2,E-27,employee,badge_swipe,True,2026-07-28 20:37:07
FAC-001-Z1,E-8,employee,motion,,2026-07-28 20:52:07
FAC-001-Z3,E-46,employee,motion,,2026-07-28 21:07:07
FAC-001-Z2,E-2,employee,badge_swipe,True,2026-07-28 21:22:07
FAC-003-Z1,E-46,employee,badge_swipe,True,2026-07-28 21:22:07
FAC-005-Z2,E-4,employee,motion,,2026-07-28 21:22:07
FAC-003-Z2,E-38,employee,badge_swipe,False,2026-07-28 21:37:07
FAC-002-Z3,E-28,employee,badge_swipe,True,2026-07-28 21:52:07
FAC-005-Z3,E-14,employee,motion,,2026-07-28 21:52:07
FAC-004-Z3,E-18,employee,badge_swipe,True,2026-07-28 22:07:07
FAC-005-Z3,E-47,employee,badge_swipe,True,2026-07-28 22:07:07
FAC-003-Z2,E-7,employee,badge_swipe,True,2026-07-28 22:22:07
FAC-005-Z1,E-27,employee,motion,,2026-07-28 22:22:07
FAC-001-Z1,E-9,employee,badge_swipe,True,2026-07-28 22:37:07
FAC-002-Z2,E-9,employee,motion,,2026-07-28 22:37:07
FAC-003-Z1,E-34,employee,motion,,2026-07-28 22:52:07
FAC-003-Z1,E-2,employee,badge_swipe,True,2026-07-28 22:52:07
FAC-003-Z2,V-6,visitor,motion,,2026-07-28 23:22:07
FAC-002-Z2,E-35,employee,badge_swipe,True,2026-07-28 23:22:07
FAC-003-Z2,E-44,employee,motion,,2026-07-28 23:37:07
FAC-003-Z3,E-22,employee,motion,,2026-07-28 23:37:07
FAC-004-Z3,E-1,employee,badge_swipe,True,2026-07-28 23:52:07
FAC-001-Z2,E-43,employee,badge_swipe,True,2026-07-29 00:07:07
FAC-002-Z1,E-20,employee,motion,,2026-07-29 00:22:07
FAC-005-Z2,E-46,employee,badge_swipe,True,2026-07-29 00:22:07
FAC-002-Z3,E-39,employee,badge_swipe,True,2026-07-29 00:22:07
FAC-005-Z2,V-7,visitor,motion,,2026-07-29 00:37:07
FAC-002-Z1,E-39,employee,badge_swipe,True,2026-07-29 00:37:07
FAC-005-Z1,E-42,employee,motion,,2026-07-29 00:37:07
FAC-003-Z3,E-1,employee,badge_swipe,True,2026-07-29 00:52:07
FAC-003-Z1,E-19,employee,motion,,2026-07-29 00:52:07
FAC-002-Z1,E-23,employee,badge_swipe,True,2026-07-29 01:07:07
FAC-003-Z2,E-45,employee,badge_swipe,True,2026-07-29 01:07:07
FAC-005-Z3,E-5,employee,badge_swipe,True,2026-07-29 01:22:07
FAC-004-Z1,E-43,employee,motion,,2026-07-29 01:22:07
FAC-004-Z2,E-48,employee,motion,,2026-07-29 01:37:07
FAC-001-Z3,E-35,employee,motion,,2026-07-29 01:52:07
FAC-005-Z3,E-48,employee,badge_swipe,True,2026-07-29 01:52:07
FAC-002-Z1,E-4,employee,motion,,2026-07-29 02:07:07
FAC-001-Z3,E-19,employee,badge_swipe,True,2026-07-29 02:22:07
FAC-001-Z2,E-17,employee,motion,,2026-07-29 02:22:07
FAC-005-Z2,E-33,employee,badge_swipe,True,2026-07-29 02:22:07
FAC-003-Z1,E-8,employee,badge_swipe,True,2026-07-29 02:37:07
FAC-005-Z3,E-32,employee,motion,,2026-07-29 02:37:07
FAC-001-Z2,E-5,employee,motion,,2026-07-29 03:22:07
FAC-003-Z1,E-1,employee,badge_swipe,True,2026-07-29 03:22:07
FAC-003-Z1,E-21,employee,motion,,2026-07-29 03:22:07
FAC-003-Z2,V-3,visitor,badge_swipe,True,2026-07-29 03:52:07
FAC-003-Z1,E-12,employee,motion,,2026-07-29 04:07:07
FAC-003-Z1,E-9,employee,motion,,2026-07-29 04:07:07
FAC-003-Z1,V-7,visitor,badge_swipe,True,2026-07-29 04:07:07
FAC-001-Z1,E-13,employee,badge_swipe,True,2026-07-29 04:22:07
FAC-002-Z1,E-14,employee,motion,,2026-07-29 04:22:07
FAC-002-Z1,E-42,employee,badge_swipe,True,2026-07-29 04:22:07
FAC-002-Z2,E-18,employee,motion,,2026-07-29 04:37:07
FAC-005-Z2,E-6,employee,badge_swipe,True,2026-07-29 04:37:07
FAC-002-Z2,E-1,employee,badge_swipe,True,2026-07-29 04:37:07
FAC-002-Z3,E-15,employee,badge_swipe,True,2026-07-29 04:52:07
FAC-001-Z1,E-30,employee,motion,,2026-07-29 05:22:07
FAC-004-Z2,E-24,employee,motion,,2026-07-29 05:37:07
FAC-004-Z1,V-1,visitor,motion,,2026-07-29 05:37:07
FAC-005-Z3,E-36,employee,motion,,2026-07-29 06:22:07
FAC-004-Z1,E-31,employee,motion,,2026-07-29 06:22:07
FAC-002-Z1,E-10,employee,motion,,2026-07-29 06:37:07
FAC-001-Z1,E-8,employee,badge_swipe,True,2026-07-29 06:37:07
FAC-003-Z2,V-1,visitor,motion,,2026-07-29 06:37:07
FAC-001-Z2,E-43,employee,badge_swipe,True,2026-07-29 06:52:07
FAC-005-Z2,E-34,employee,motion,,2026-07-29 06:52:07
FAC-005-Z2,V-5,visitor,badge_swipe,True,2026-07-29 07:07:07
FAC-003-Z2,V-3,visitor,motion,,2026-07-29 07:37:07
FAC-005-Z2,E-28,employee,motion,,2026-07-29 08:07:07
FAC-002-Z3,E-8,employee,motion,,2026-07-29 08:07:07
FAC-002-Z1,E-29,employee,badge_swipe,True,2026-07-29 08:07:07
FAC-001-Z3,E-8,employee,badge_swipe,True,2026-07-29 08:07:07
FAC-005-Z1,V-4,visitor,badge_swipe,True,2026-07-29 08:07:07
FAC-002-Z1,E-33,employee,motion,,2026-07-29 08:07:07
FAC-002-Z1,E-46,employee,motion,,2026-07-29 08:07:07
FAC-002-Z2,E-47,employee,motion,,2026-07-29 08:07:07
FAC-001-Z1,E-13,employee,badge_swipe,True,2026-07-29 08:07:07
FAC-003-Z2,E-43,employee,motion,,2026-07-29 08:22:07
FAC-001-Z2,E-3,employee,badge_swipe,True,2026-07-29 08:22:07
FAC-001-Z1,V-3,visitor,motion,,2026-07-29 08:22:07
FAC-001-Z3,E-2,employee,badge_swipe,True,2026-07-29 08:22:07
FAC-005-Z3,E-15,employee,motion,,2026-07-29 08:22:07
FAC-001-Z3,E-36,employee,badge_swipe,True,2026-07-29 08:22:07
FAC-004-Z2,E-43,employee,motion,,2026-07-29 08:22:07
FAC-005-Z1,E-39,employee,badge_swipe,True,2026-07-29 08:22:07
FAC-001-Z1,E-20,employee,badge_swipe,True,2026-07-29 08:22:07
FAC-002-Z3,E-48,employee,badge_swipe,True,2026-07-29 08:22:07
FAC-005-Z3,E-20,employee,motion,,2026-07-29 08:22:07
FAC-003-Z2,E-23,employee,badge_swipe,False,2026-07-29 08:22:07
FAC-003-Z2,E-24,employee,motion,,2026-07-29 08:37:07
FAC-002-Z3,E-26,employee,motion,,2026-07-29 08:37:07
FAC-001-Z3,E-26,employee,motion,,2026-07-29 08:37:07
FAC-001-Z3,E-28,employee,motion,,2026-07-29 08:37:07
FAC-005-Z2,E-48,employee,badge_swipe,True,2026-07-29 08:37:07
FAC-001-Z3,E-33,employee,motion,,2026-07-29 08:37:07
FAC-003-Z1,E-34,employee,badge_swipe,True,2026-07-29 08:37:07
FAC-002-Z2,E-13,employee,motion,,2026-07-29 08:37:07
FAC-002-Z3,E-49,employee,motion,,2026-07-29 08:37:07
FAC-001-Z2,E-48,employee,badge_swipe,True,2026-07-29 08:37:07
FAC-003-Z1,E-4,employee,badge_swipe,True,2026-07-29 08:37:07
FAC-003-Z2,E-38,employee,motion,,2026-07-29 08:37:07
FAC-005-Z3,E-4,employee,motion,,2026-07-29 08:37:07
FAC-003-Z2,E-24,employee,motion,,2026-07-29 08:37:07
FAC-005-Z1,E-44,employee,badge_swipe,True,2026-07-29 08:37:07
FAC-005-Z2,E-26,employee,motion,,2026-07-29 08:37:07
FAC-002-Z2,E-9,employee,motion,,2026-07-29 08:37:07
FAC-005-Z3,E-9,employee,badge_swipe,True,2026-07-29 08:52:07
FAC-002-Z1,E-26,employee,motion,,2026-07-29 08:52:07
FAC-001-Z1,E-41,employee,badge_swipe,True,2026-07-29 08:52:07
FAC-005-Z2,E-34,employee,badge_swipe,True,2026-07-29 08:52:07
FAC-005-Z1,E-35,employee,motion,,2026-07-29 08:52:07
FAC-005-Z2,E-14,employee,badge_swipe,True,2026-07-29 08:52:07
FAC-004-Z1,E-26,employee,badge_swipe,True,2026-07-29 08:52:07
FAC-001-Z2,E-26,employee,motion,,2026-07-29 08:52:07
FAC-005-Z3,E-20,employee,motion,,2026-07-29 08:52:07
FAC-005-Z3,V-8,visitor,motion,,2026-07-29 08:52:07
FAC-001-Z3,E-24,employee,badge_swipe,True,2026-07-29 08:52:07
FAC-004-Z1,E-6,employee,badge_swipe,True,2026-07-29 08:52:07
FAC-004-Z2,E-19,employee,motion,,2026-07-29 08:52:07
FAC-004-Z2,E-37,employee,motion,,2026-07-29 09:07:07
FAC-001-Z1,E-25,employee,motion,,2026-07-29 09:07:07
FAC-002-Z3,E-42,employee,badge_swipe,True,2026-07-29 09:07:07
FAC-001-Z2,E-12,employee,motion,,2026-07-29 09:07:07
FAC-005-Z2,E-46,employee,badge_swipe,True,2026-07-29 09:07:07
FAC-004-Z3,E-29,employee,badge_swipe,True,2026-07-29 09:07:07
FAC-002-Z3,V-9,visitor,badge_swipe,True,2026-07-29 09:07:07
FAC-002-Z1,E-14,employee,badge_swipe,True,2026-07-29 09:07:07
FAC-001-Z2,E-39,employee,badge_swipe,True,2026-07-29 09:07:07
FAC-003-Z1,E-43,employee,motion,,2026-07-29 09:07:07
FAC-001-Z2,E-37,employee,badge_swipe,True,2026-07-29 09:07:07
FAC-005-Z2,E-14,employee,motion,,2026-07-29 09:07:07
FAC-001-Z1,E-48,employee,motion,,2026-07-29 09:07:07
FAC-003-Z3,E-28,employee,badge_swipe,True,2026-07-29 09:07:07
FAC-004-Z2,E-21,employee,badge_swipe,True,2026-07-29 09:07:07
FAC-004-Z1,E-10,employee,motion,,2026-07-29 09:07:07
FAC-001-Z2,E-39,employee,motion,,2026-07-29 09:07:07
FAC-002-Z3,E-12,employee,badge_swipe,True,2026-07-29 09:22:07
FAC-003-Z2,V-3,visitor,motion,,2026-07-29 09:22:07
FAC-003-Z3,V-1,visitor,badge_swipe,True,2026-07-29 09:22:07
FAC-001-Z1,E-4,employee,motion,,2026-07-29 09:22:07
FAC-002-Z1,E-2,employee,badge_swipe,False,2026-07-29 09:22:07
FAC-003-Z3,E-38,employee,badge_swipe,True,2026-07-29 09:22:07
FAC-005-Z3,V-7,visitor,motion,,2026-07-29 09:22:07
FAC-003-Z1,E-32,employee,badge_swipe,True,2026-07-29 09:22:07
FAC-002-Z3,E-43,employee,badge_swipe,True,2026-07-29 09:22:07
FAC-003-Z2,E-47,employee,motion,,2026-07-29 09:22:07
FAC-004-Z3,E-20,employee,badge_swipe,True,2026-07-29 09:22:07
FAC-004-Z1,E-37,employee,motion,,2026-07-29 09:22:07
FAC-005-Z2,E-48,employee,badge_swipe,True,2026-07-29 09:22:07
FAC-001-Z2,V-10,visitor,motion,,2026-07-29 09:22:07
FAC-003-Z1,V-8,visitor,motion,,2026-07-29 09:37:07
FAC-002-Z1,E-38,employee,badge_swipe,True,2026-07-29 09:37:07
FAC-002-Z1,E-8,employee,motion,,2026-07-29 09:37:07
FAC-002-Z3,E-14,employee,badge_swipe,True,2026-07-29 09:37:07
FAC-002-Z2,E-20,employee,motion,,2026-07-29 09:37:07
FAC-005-Z1,E-31,employee,badge_swipe,True,2026-07-29 09:37:07
FAC-003-Z2,E-44,employee,badge_swipe,True,2026-07-29 09:37:07
FAC-005-Z3,E-48,employee,motion,,2026-07-29 09:37:07
FAC-003-Z3,E-12,employee,badge_swipe,True,2026-07-29 09:37:07
FAC-001-Z1,E-35,employee,motion,,2026-07-29 09:37:07
FAC-004-Z3,E-24,employee,badge_swipe,True,2026-07-29 09:37:07
FAC-004-Z3,E-2,employee,motion,,2026-07-29 09:37:07
FAC-005-Z2,V-6,visitor,badge_swipe,True,2026-07-29 09:37:07
FAC-005-Z3,E-17,employee,motion,,2026-07-29 09:37:07
FAC-003-Z1,E-2,employee,motion,,2026-07-29 09:37:07
FAC-003-Z3,E-40,employee,badge_swipe,True,2026-07-29 09:37:07
FAC-005-Z3,E-40,employee,badge_swipe,True,2026-07-29 09:37:07
FAC-002-Z2,E-42,employee,motion,,2026-07-29 09:37:07
FAC-002-Z3,E-41,employee,motion,,2026-07-29 09:52:07
FAC-001-Z2,E-21,employee,motion,,2026-07-29 09:52:07
FAC-003-Z1,E-22,employee,badge_swipe,True,2026-07-29 09:52:07
FAC-003-Z3,E-8,employee,motion,,2026-07-29 09:52:07
FAC-005-Z3,E-43,employee,motion,,2026-07-29 09:52:07
FAC-005-Z2,E-41,employee,badge_swipe,True,2026-07-29 09:52:07
FAC-005-Z3,E-5,employee,motion,,2026-07-29 09:52:07
FAC-002-Z2,E-19,employee,badge_swipe,True,2026-07-29 10:07:07
FAC-002-Z2,E-26,employee,motion,,2026-07-29 10:07:07
FAC-001-Z1,E-47,employee,motion,,2026-07-29 10:07:07
FAC-001-Z2,E-41,employee,motion,,2026-07-29 10:07:07
FAC-002-Z2,E-32,employee,badge_swipe,True,2026-07-29 10:07:07
FAC-001-Z2,E-19,employee,badge_swipe,True,2026-07-29 10:07:07
FAC-002-Z1,E-41,employee,motion,,2026-07-29 10:07:07
FAC-001-Z2,E-19,employee,motion,,2026-07-29 10:07:07
FAC-003-Z1,E-39,employee,motion,,2026-07-29 10:07:07
FAC-005-Z3,E-28,employee,badge_swipe,True,2026-07-29 10:07:07
FAC-002-Z1,E-7,employee,motion,,2026-07-29 10:07:07
FAC-001-Z1,E-6,employee,motion,,2026-07-29 10:07:07
FAC-005-Z2,E-24,employee,motion,,2026-07-29 10:07:07
FAC-001-Z1,E-10,employee,badge_swipe,True,2026-07-29 10:07:07
FAC-003-Z1,E-14,employee,badge_swipe,True,2026-07-29 10:07:07
FAC-001-Z1,E-26,employee,badge_swipe,True,2026-07-29 10:07:07
FAC-002-Z3,E-41,employee,motion,,2026-07-29 10:07:07
FAC-003-Z1,E-5,employee,badge_swipe,True,2026-07-29 10:07:07
FAC-004-Z1,V-8,visitor,badge_swipe,True,2026-07-29 10:07:07
FAC-001-Z1,E-30,employee,badge_swipe,True,2026-07-29 10:22:07
FAC-005-Z1,E-24,employee,badge_swipe,True,2026-07-29 10:22:07
FAC-004-Z2,E-2,employee,motion,,2026-07-29 10:22:07
FAC-003-Z2,E-46,employee,motion,,2026-07-29 10:22:07
FAC-002-Z2,E-25,employee,badge_swipe,True,2026-07-29 10:22:07
FAC-001-Z1,V-1,visitor,badge_swipe,True,2026-07-29 10:22:07
FAC-003-Z2,E-6,employee,motion,,2026-07-29 10:22:07
FAC-002-Z1,E-5,employee,motion,,2026-07-29 10:22:07
FAC-005-Z1,E-19,employee,badge_swipe,True,2026-07-29 10:22:07
FAC-005-Z2,E-3,employee,badge_swipe,True,2026-07-29 10:22:07
FAC-003-Z2,E-36,employee,badge_swipe,True,2026-07-29 10:37:07
FAC-003-Z2,E-8,employee,badge_swipe,True,2026-07-29 10:37:07
FAC-001-Z3,E-48,employee,badge_swipe,True,2026-07-29 10:37:07
FAC-004-Z1,V-5,visitor,motion,,2026-07-29 10:37:07
FAC-001-Z3,E-36,employee,motion,,2026-07-29 10:37:07
FAC-003-Z1,E-21,employee,badge_swipe,True,2026-07-29 10:37:07
FAC-001-Z1,E-32,employee,badge_swipe,True,2026-07-29 10:37:07
FAC-004-Z2,E-27,employee,badge_swipe,True,2026-07-29 10:37:07
FAC-005-Z1,E-44,employee,motion,,2026-07-29 10:37:07
FAC-005-Z3,E-6,employee,motion,,2026-07-29 10:37:07
FAC-002-Z2,E-3,employee,badge_swipe,True,2026-07-29 10:37:07
FAC-004-Z1,V-10,visitor,badge_swipe,True,2026-07-29 10:37:07
FAC-003-Z1,E-37,employee,badge_swipe,True,2026-07-29 10:37:07
FAC-004-Z1,E-38,employee,badge_swipe,True,2026-07-29 10:37:07
FAC-004-Z3,E-22,employee,badge_swipe,True,2026-07-29 10:37:07
FAC-002-Z2,E-34,employee,motion,,2026-07-29 10:37:07
FAC-005-Z2,E-40,employee,badge_swipe,True,2026-07-29 10:37:07
FAC-003-Z2,E-24,employee,badge_swipe,True,2026-07-29 10:37:07
FAC-001-Z2,E-4,employee,motion,,2026-07-29 10:52:07
FAC-004-Z1,E-31,employee,motion,,2026-07-29 10:52:07
FAC-002-Z1,E-43,employee,motion,,2026-07-29 10:52:07
FAC-004-Z1,V-1,visitor,motion,,2026-07-29 10:52:07
FAC-005-Z1,V-2,visitor,badge_swipe,True,2026-07-29 10:52:07
FAC-004-Z2,E-35,employee,badge_swipe,True,2026-07-29 10:52:07
FAC-003-Z1,E-49,employee,badge_swipe,True,2026-07-29 10:52:07
FAC-001-Z2,E-30,employee,motion,,2026-07-29 10:52:07
FAC-004-Z2,E-15,employee,motion,,2026-07-29 10:52:07
FAC-002-Z1,E-6,employee,motion,,2026-07-29 10:52:07
FAC-005-Z3,E-12,employee,motion,,2026-07-29 11:07:07
FAC-003-Z1,E-50,employee,badge_swipe,True,2026-07-29 11:07:07
FAC-004-Z1,E-15,employee,badge_swipe,True,2026-07-29 11:07:07
FAC-003-Z3,E-40,employee,badge_swipe,True,2026-07-29 11:07:07
FAC-002-Z2,E-2,employee,motion,,2026-07-29 11:07:07
FAC-004-Z3,E-32,employee,motion,,2026-07-29 11:07:07
FAC-005-Z2,E-14,employee,motion,,2026-07-29 11:07:07
FAC-003-Z3,V-6,visitor,badge_swipe,True,2026-07-29 11:07:07
FAC-002-Z3,V-1,visitor,badge_swipe,True,2026-07-29 11:07:07
FAC-004-Z3,E-12,employee,badge_swipe,True,2026-07-29 11:07:07
FAC-004-Z1,E-47,employee,badge_swipe,True,2026-07-29 11:07:07
FAC-002-Z1,E-27,employee,motion,,2026-07-29 11:07:07
FAC-004-Z2,E-45,employee,badge_swipe,True,2026-07-29 11:07:07
FAC-004-Z1,E-39,employee,motion,,2026-07-29 11:07:07
FAC-002-Z1,E-38,employee,badge_swipe,True,2026-07-29 11:07:07
FAC-003-Z2,E-19,employee,badge_swipe,True,2026-07-29 11:07:07
FAC-005-Z1,E-35,employee,badge_swipe,True,2026-07-29 11:07:07
FAC-005-Z1,V-10,visitor,badge_swipe,True,2026-07-29 11:22:07
FAC-003-Z3,E-22,employee,badge_swipe,True,2026-07-29 11:22:07
FAC-001-Z1,E-7,employee,badge_swipe,True,2026-07-29 11:22:07
FAC-001-Z1,V-9,visitor,badge_swipe,True,2026-07-29 11:22:07
FAC-003-Z2,E-42,employee,badge_swipe,True,2026-07-29 11:22:07
FAC-004-Z1,V-2,visitor,badge_swipe,True,2026-07-29 11:22:07
FAC-005-Z1,E-25,employee,badge_swipe,True,2026-07-29 11:22:07
FAC-005-Z3,E-15,employee,badge_swipe,True,2026-07-29 11:22:07
FAC-005-Z1,V-2,visitor,badge_swipe,True,2026-07-29 11:22:07
FAC-002-Z3,E-14,employee,motion,,2026-07-29 11:22:07
FAC-003-Z3,E-37,employee,badge_swipe,True,2026-07-29 11:22:07
FAC-002-Z1,E-35,employee,motion,,2026-07-29 11:22:07
FAC-001-Z2,E-40,employee,motion,,2026-07-29 11:22:07
FAC-005-Z1,E-23,employee,motion,,2026-07-29 11:22:07
FAC-005-Z2,E-42,employee,motion,,2026-07-29 11:22:07
FAC-001-Z2,V-6,visitor,motion,,2026-07-29 11:22:07
FAC-002-Z2,E-24,employee,badge_swipe,True,2026-07-29 11:22:07
FAC-003-Z3,E-30,employee,motion,,2026-07-29 11:22:07
FAC-004-Z2,E-18,employee,badge_swipe,True,2026-07-29 11:22:07
FAC-001-Z3,E-28,employee,motion,,2026-07-29 11:37:07
FAC-003-Z2,E-34,employee,badge_swipe,True,2026-07-29 11:37:07
FAC-004-Z2,E-18,employee,badge_swipe,True,2026-07-29 11:37:07
FAC-001-Z2,E-48,employee,motion,,2026-07-29 11:37:07
FAC-002-Z1,V-6,visitor,badge_swipe,True,2026-07-29 11:37:07
FAC-001-Z1,E-19,employee,badge_swipe,True,2026-07-29 11:37:07
FAC-002-Z1,E-49,employee,motion,,2026-07-29 11:37:07
FAC-001-Z1,E-12,employee,motion,,2026-07-29 11:37:07
FAC-004-Z2,V-10,visitor,badge_swipe,True,2026-07-29 11:37:07
FAC-002-Z2,E-45,employee,motion,,2026-07-29 11:37:07
FAC-003-Z1,E-46,employee,badge_swipe,True,2026-07-29 11:52:07
FAC-001-Z2,E-28,employee,badge_swipe,True,2026-07-29 11:52:07
FAC-004-Z3,E-24,employee,badge_swipe,True,2026-07-29 11:52:07
FAC-001-Z2,E-23,employee,badge_swipe,True,2026-07-29 11:52:07
FAC-005-Z1,E-35,employee,badge_swipe,True,2026-07-29 11:52:07
FAC-003-Z3,E-40,employee,badge_swipe,True,2026-07-29 11:52:07
FAC-005-Z1,E-2,employee,badge_swipe,True,2026-07-29 11:52:07
FAC-003-Z1,E-23,employee,motion,,2026-07-29 11:52:07
FAC-002-Z3,E-22,employee,motion,,2026-07-29 11:52:07
FAC-001-Z1,E-39,employee,motion,,2026-07-29 11:52:07
FAC-004-Z1,E-13,employee,motion,,2026-07-29 11:52:07
FAC-005-Z1,E-14,employee,motion,,2026-07-29 12:07:07
FAC-003-Z1,E-1,employee,motion,,2026-07-29 12:07:07
FAC-004-Z2,E-37,employee,badge_swipe,True,2026-07-29 12:07:07
FAC-005-Z2,E-39,employee,badge_swipe,True,2026-07-29 12:07:07
FAC-001-Z1,E-18,employee,badge_swipe,True,2026-07-29 12:07:07
FAC-004-Z3,E-40,employee,badge_swipe,True,2026-07-29 12:07:07
FAC-001-Z2,E-20,employee,badge_swipe,True,2026-07-29 12:07:07
FAC-001-Z1,E-11,employee,motion,,2026-07-29 12:07:07
FAC-005-Z2,E-6,employee,badge_swipe,True,2026-07-29 12:07:07
FAC-005-Z3,E-50,employee,motion,,2026-07-29 12:07:07
FAC-001-Z1,E-19,employee,badge_swipe,True,2026-07-29 12:07:07
FAC-001-Z3,E-36,employee,motion,,2026-07-29 12:07:07
FAC-005-Z3,E-45,employee,badge_swipe,True,2026-07-29 12:07:07
FAC-001-Z2,E-34,employee,motion,,2026-07-29 12:07:07
FAC-002-Z1,E-20,employee,motion,,2026-07-29 12:22:07
FAC-001-Z2,E-31,employee,badge_swipe,True,2026-07-29 12:22:07
FAC-002-Z3,E-47,employee,badge_swipe,False,2026-07-29 12:22:07
FAC-003-Z2,E-8,employee,badge_swipe,True,2026-07-29 12:22:07
FAC-003-Z1,E-24,employee,motion,,2026-07-29 12:22:07
FAC-001-Z1,E-40,employee,motion,,2026-07-29 12:22:07
FAC-003-Z3,E-47,employee,motion,,2026-07-29 12:22:07
FAC-004-Z3,V-9,visitor,badge_swipe,True,2026-07-29 12:22:07
FAC-003-Z3,E-7,employee,badge_swipe,True,2026-07-29 12:22:07
FAC-002-Z1,E-34,employee,motion,,2026-07-29 12:22:07
FAC-003-Z1,E-22,employee,motion,,2026-07-29 12:22:07
FAC-004-Z2,E-46,employee,badge_swipe,True,2026-07-29 12:22:07
FAC-003-Z2,E-3,employee,motion,,2026-07-29 12:22:07
FAC-001-Z2,E-16,employee,badge_swipe,True,2026-07-29 12:22:07
FAC-005-Z1,V-8,visitor,motion,,2026-07-29 12:37:07
FAC-004-Z1,E-23,employee,badge_swipe,True,2026-07-29 12:37:07
FAC-002-Z3,E-47,employee,badge_swipe,True,2026-07-29 12:37:07
FAC-005-Z3,E-29,employee,badge_swipe,True,2026-07-29 12:37:07
FAC-002-Z2,E-50,employee,badge_swipe,True,2026-07-29 12:37:07
FAC-002-Z3,E-3,employee,motion,,2026-07-29 12:37:07
FAC-001-Z1,E-23,employee,badge_swipe,True,2026-07-29 12:37:07
FAC-002-Z3,E-46,employee,motion,,2026-07-29 12:37:07
FAC-005-Z1,E-38,employee,badge_swipe,True,2026-07-29 12:37:07
FAC-005-Z3,E-20,employee,motion,,2026-07-29 12:37:07
FAC-003-Z2,E-25,employee,motion,,2026-07-29 12:37:07
FAC-005-Z1,E-2,employee,motion,,2026-07-29 12:37:07
FAC-001-Z1,E-13,employee,motion,,2026-07-29 12:37:07
FAC-001-Z2,E-23,employee,motion,,2026-07-29 12:37:07
FAC-005-Z2,E-30,employee,motion,,2026-07-29 12:52:07
FAC-001-Z3,E-32,employee,motion,,2026-07-29 12:52:07
FAC-005-Z2,E-30,employee,motion,,2026-07-29 12:52:07
FAC-001-Z3,E-14,employee,badge_swipe,True,2026-07-29 12:52:07
FAC-004-Z1,E-49,employee,motion,,2026-07-29 12:52:07
FAC-003-Z2,E-31,employee,motion,,2026-07-29 12:52:07
FAC-005-Z3,E-49,employee,motion,,2026-07-29 12:52:07
FAC-004-Z3,E-44,employee,motion,,2026-07-29 12:52:07
FAC-005-Z3,E-21,employee,motion,,2026-07-29 12:52:07
FAC-005-Z3,E-36,employee,badge_swipe,True,2026-07-29 12:52:07
FAC-003-Z1,V-1,visitor,badge_swipe,True,2026-07-29 13:07:07
FAC-004-Z2,V-9,visitor,motion,,2026-07-29 13:07:07
FAC-001-Z3,E-49,employee,motion,,2026-07-29 13:07:07
FAC-001-Z1,E-23,employee,badge_swipe,True,2026-07-29 13:07:07
FAC-004-Z1,E-28,employee,motion,,2026-07-29 13:07:07
FAC-002-Z2,E-35,employee,badge_swipe,False,2026-07-29 13:07:07
FAC-004-Z2,E-42,employee,badge_swipe,True,2026-07-29 13:07:07
FAC-003-Z2,E-8,employee,badge_swipe,True,2026-07-29 13:07:07
FAC-002-Z2,E-21,employee,motion,,2026-07-29 13:07:07
FAC-004-Z3,E-1,employee,badge_swipe,True,2026-07-29 13:07:07
FAC-005-Z2,E-15,employee,motion,,2026-07-29 13:07:07
FAC-001-Z3,E-24,employee,motion,,2026-07-29 13:07:07
FAC-003-Z1,E-2,employee,badge_swipe,True,2026-07-29 13:07:07
FAC-004-Z3,E-32,employee,badge_swipe,True,2026-07-29 13:07:07
FAC-003-Z3,E-24,employee,badge_swipe,True,2026-07-29 13:07:07
FAC-001-Z2,E-9,employee,motion,,2026-07-29 13:07:07
FAC-002-Z2,E-13,employee,motion,,2026-07-29 13:22:07
FAC-001-Z1,E-13,employee,badge_swipe,True,2026-07-29 13:22:07
FAC-003-Z3,E-7,employee,motion,,2026-07-29 13:22:07
FAC-003-Z1,E-38,employee,badge_swipe,False,2026-07-29 13:22:07
FAC-002-Z3,E-45,employee,motion,,2026-07-29 13:22:07
FAC-005-Z2,E-12,employee,badge_swipe,True,2026-07-29 13:22:07
FAC-003-Z2,E-50,employee,badge_swipe,True,2026-07-29 13:22:07
FAC-001-Z2,E-4,employee,badge_swipe,True,2026-07-29 13:22:07
FAC-004-Z1,E-3,employee,motion,,2026-07-29 13:22:07
FAC-001-Z2,E-9,employee,motion,,2026-07-29 13:22:07
FAC-003-Z3,V-3,visitor,badge_swipe,True,2026-07-29 13:22:07
FAC-004-Z2,E-26,employee,badge_swipe,True,2026-07-29 13:22:07
FAC-001-Z2,E-5,employee,motion,,2026-07-29 13:22:07
FAC-004-Z2,E-43,employee,motion,,2026-07-29 13:37:07
FAC-003-Z1,E-2,employee,badge_swipe,True,2026-07-29 13:37:07
FAC-001-Z2,E-43,employee,badge_swipe,True,2026-07-29 13:37:07
FAC-005-Z1,E-25,employee,badge_swipe,True,2026-07-29 13:37:07
FAC-002-Z2,E-37,employee,motion,,2026-07-29 13:37:07
FAC-004-Z2,E-26,employee,badge_swipe,True,2026-07-29 13:37:07
FAC-004-Z1,E-28,employee,badge_swipe,True,2026-07-29 13:37:07
FAC-003-Z2,E-26,employee,badge_swipe,False,2026-07-29 13:37:07
FAC-004-Z3,E-4,employee,badge_swipe,True,2026-07-29 13:52:07
FAC-002-Z3,E-44,employee,motion,,2026-07-29 13:52:07
FAC-003-Z2,E-42,employee,badge_swipe,True,2026-07-29 13:52:07
FAC-005-Z2,E-23,employee,badge_swipe,True,2026-07-29 13:52:07
FAC-005-Z2,E-23,employee,motion,,2026-07-29 13:52:07
FAC-005-Z1,V-3,visitor,badge_swipe,True,2026-07-29 13:52:07
FAC-005-Z2,E-20,employee,motion,,2026-07-29 13:52:07
FAC-001-Z2,E-43,employee,motion,,2026-07-29 13:52:07
FAC-002-Z1,E-2,employee,badge_swipe,False,2026-07-29 13:52:07
FAC-001-Z1,E-38,employee,badge_swipe,True,2026-07-29 14:07:07
FAC-005-Z2,E-32,employee,motion,,2026-07-29 14:07:07
FAC-001-Z1,E-44,employee,motion,,2026-07-29 14:07:07
FAC-003-Z2,E-12,employee,motion,,2026-07-29 14:07:07
FAC-001-Z3,E-24,employee,motion,,2026-07-29 14:07:07
FAC-003-Z3,E-7,employee,motion,,2026-07-29 14:07:07
FAC-002-Z2,E-43,employee,badge_swipe,True,2026-07-29 14:07:07
FAC-004-Z1,E-41,employee,motion,,2026-07-29 14:07:07
FAC-003-Z2,E-36,employee,badge_swipe,True,2026-07-29 14:07:07
FAC-001-Z2,E-45,employee,badge_swipe,True,2026-07-29 14:07:07
FAC-004-Z2,E-11,employee,motion,,2026-07-29 14:07:07
FAC-001-Z1,E-33,employee,motion,,2026-07-29 14:07:07
FAC-002-Z1,E-15,employee,motion,,2026-07-29 14:07:07
FAC-001-Z2,E-20,employee,badge_swipe,True,2026-07-29 14:22:07
FAC-001-Z3,E-33,employee,badge_swipe,True,2026-07-29 14:22:07
FAC-001-Z1,E-45,employee,motion,,2026-07-29 14:22:07
FAC-003-Z3,E-40,employee,motion,,2026-07-29 14:22:07
FAC-005-Z3,E-11,employee,badge_swipe,True,2026-07-29 14:22:07
FAC-002-Z2,E-16,employee,motion,,2026-07-29 14:22:07
FAC-002-Z2,E-39,employee,badge_swipe,True,2026-07-29 14:37:07
FAC-002-Z3,E-2,employee,motion,,2026-07-29 14:37:07
FAC-001-Z1,E-49,employee,motion,,2026-07-29 14:37:07
FAC-001-Z3,E-24,employee,motion,,2026-07-29 14:37:07
FAC-001-Z2,V-6,visitor,motion,,2026-07-29 14:37:07
FAC-001-Z2,E-33,employee,motion,,2026-07-29 14:37:07
FAC-001-Z3,E-30,employee,motion,,2026-07-29 14:37:07
FAC-004-Z3,E-33,employee,badge_swipe,True,2026-07-29 14:37:07
FAC-005-Z1,E-42,employee,motion,,2026-07-29 14:37:07
FAC-001-Z3,E-43,employee,badge_swipe,True,2026-07-29 14:37:07
FAC-005-Z3,E-26,employee,badge_swipe,True,2026-07-29 14:37:07
FAC-003-Z2,E-13,employee,motion,,2026-07-29 14:37:07
FAC-003-Z1,E-22,employee,motion,,2026-07-29 14:37:07
FAC-003-Z2,E-46,employee,motion,,2026-07-29 14:37:07
FAC-005-Z3,E-17,employee,badge_swipe,True,2026-07-29 14:37:07
FAC-005-Z3,E-14,employee,motion,,2026-07-29 14:37:07
FAC-003-Z2,E-32,employee,badge_swipe,True,2026-07-29 14:37:07
FAC-001-Z2,E-29,employee,motion,,2026-07-29 14:37:07
FAC-001-Z2,E-20,employee,badge_swipe,True,2026-07-29 14:52:07
FAC-003-Z3,E-49,employee,badge_swipe,True,2026-07-29 14:52:07
FAC-005-Z3,E-49,employee,badge_swipe,True,2026-07-29 14:52:07
FAC-003-Z1,E-35,employee,badge_swipe,True,2026-07-29 14:52:07
FAC-001-Z1,E-43,employee,motion,,2026-07-29 14:52:07
FAC-001-Z1,E-35,employee,badge_swipe,True,2026-07-29 14:52:07
FAC-005-Z1,E-24,employee,badge_swipe,True,2026-07-29 14:52:07
FAC-005-Z1,E-47,employee,badge_swipe,True,2026-07-29 14:52:07
FAC-004-Z2,V-1,visitor,badge_swipe,True,2026-07-29 14:52:07
FAC-005-Z3,E-45,employee,motion,,2026-07-29 14:52:07
FAC-001-Z1,E-50,employee,motion,,2026-07-29 14:52:07
FAC-004-Z3,E-14,employee,badge_swipe,True,2026-07-29 14:52:07
FAC-005-Z3,E-10,employee,motion,,2026-07-29 14:52:07
FAC-005-Z1,E-43,employee,badge_swipe,True,2026-07-29 15:07:07
FAC-005-Z1,E-34,employee,badge_swipe,True,2026-07-29 15:07:07
FAC-003-Z3,E-10,employee,badge_swipe,True,2026-07-29 15:07:07
FAC-004-Z1,E-43,employee,motion,,2026-07-29 15:07:07
FAC-002-Z3,E-8,employee,motion,,2026-07-29 15:07:07
FAC-002-Z1,E-4,employee,motion,,2026-07-29 15:07:07
FAC-002-Z1,E-14,employee,motion,,2026-07-29 15:07:07
FAC-001-Z3,V-9,visitor,motion,,2026-07-29 15:07:07
FAC-001-Z1,E-19,employee,motion,,2026-07-29 15:07:07
FAC-003-Z1,V-10,visitor,motion,,2026-07-29 15:07:07
FAC-004-Z3,E-15,employee,motion,,2026-07-29 15:07:07
FAC-001-Z2,V-3,visitor,badge_swipe,True,2026-07-29 15:07:07
FAC-001-Z3,E-19,employee,motion,,2026-07-29 15:22:07
FAC-003-Z2,E-38,employee,motion,,2026-07-29 15:22:07
FAC-004-Z3,E-23,employee,motion,,2026-07-29 15:22:07
FAC-001-Z3,E-17,employee,badge_swipe,True,2026-07-29 15:22:07
FAC-002-Z2,E-50,employee,badge_swipe,True,2026-07-29 15:22:07
FAC-001-Z1,E-49,employee,badge_swipe,True,2026-07-29 15:22:07
FAC-002-Z1,V-10,visitor,motion,,2026-07-29 15:22:07
FAC-004-Z2,E-29,employee,motion,,2026-07-29 15:37:07
FAC-003-Z3,E-28,employee,badge_swipe,True,2026-07-29 15:37:07
FAC-005-Z1,E-5,employee,badge_swipe,True,2026-07-29 15:37:07
FAC-001-Z2,E-1,employee,motion,,2026-07-29 15:37:07
FAC-004-Z2,E-44,employee,badge_swipe,True,2026-07-29 15:37:07
FAC-005-Z2,E-36,employee,motion,,2026-07-29 15:37:07
FAC-003-Z2,E-4,employee,motion,,2026-07-29 15:37:07
FAC-002-Z3,E-40,employee,badge_swipe,True,2026-07-29 15:37:07
FAC-003-Z3,E-33,employee,badge_swipe,True,2026-07-29 15:37:07
FAC-003-Z1,E-12,employee,motion,,2026-07-29 15:37:07
FAC-001-Z2,E-20,employee,badge_swipe,True,2026-07-29 15:37:07
FAC-001-Z3,E-27,employee,motion,,2026-07-29 15:37:07
FAC-001-Z3,E-2,employee,motion,,2026-07-29 15:37:07
FAC-004-Z2,E-15,employee,badge_swipe,True,2026-07-29 15:37:07
FAC-002-Z3,E-49,employee,badge_swipe,True,2026-07-29 15:37:07
FAC-002-Z3,E-11,employee,badge_swipe,True,2026-07-29 15:37:07
FAC-001-Z1,E-47,employee,badge_swipe,True,2026-07-29 15:37:07
FAC-002-Z1,E-19,employee,badge_swipe,True,2026-07-29 15:37:07
FAC-002-Z1,E-9,employee,badge_swipe,True,2026-07-29 15:52:07
FAC-005-Z2,E-6,employee,badge_swipe,True,2026-07-29 15:52:07
FAC-002-Z2,E-39,employee,badge_swipe,True,2026-07-29 15:52:07
FAC-002-Z3,E-5,employee,motion,,2026-07-29 15:52:07
FAC-005-Z2,E-11,employee,motion,,2026-07-29 15:52:07
FAC-001-Z2,E-22,employee,badge_swipe,True,2026-07-29 15:52:07
FAC-004-Z1,E-4,employee,badge_swipe,True,2026-07-29 15:52:07
FAC-004-Z1,E-29,employee,badge_swipe,True,2026-07-29 15:52:07
FAC-001-Z2,E-34,employee,badge_swipe,True,2026-07-29 16:07:07
FAC-002-Z2,E-30,employee,badge_swipe,True,2026-07-29 16:07:07
FAC-004-Z1,E-20,employee,badge_swipe,True,2026-07-29 16:07:07
FAC-004-Z1,E-9,employee,badge_swipe,True,2026-07-29 16:07:07
FAC-004-Z3,E-28,employee,badge_swipe,True,2026-07-29 16:07:07
FAC-001-Z1,E-49,employee,motion,,2026-07-29 16:07:07
FAC-002-Z2,E-16,employee,badge_swipe,True,2026-07-29 16:07:07
FAC-001-Z1,E-6,employee,motion,,2026-07-29 16:07:07
FAC-002-Z3,E-40,employee,badge_swipe,True,2026-07-29 16:07:07
FAC-005-Z2,E-6,employee,motion,,2026-07-29 16:07:07
FAC-003-Z2,E-18,employee,motion,,2026-07-29 16:07:07
FAC-005-Z1,E-14,employee,badge_swipe,True,2026-07-29 16:07:07
FAC-003-Z2,V-1,visitor,badge_swipe,True,2026-07-29 16:22:07
FAC-003-Z3,E-5,employee,badge_swipe,True,2026-07-29 16:22:07
FAC-002-Z3,E-39,employee,motion,,2026-07-29 16:22:07
FAC-003-Z3,V-2,visitor,badge_swipe,True,2026-07-29 16:22:07
FAC-001-Z2,E-8,employee,badge_swipe,True,2026-07-29 16:22:07
FAC-002-Z1,E-2,employee,badge_swipe,True,2026-07-29 16:22:07
FAC-004-Z1,E-34,employee,motion,,2026-07-29 16:22:07
FAC-001-Z2,V-6,visitor,badge_swipe,True,2026-07-29 16:22:07
FAC-001-Z1,V-2,visitor,badge_swipe,True,2026-07-29 16:37:07
FAC-001-Z3,E-14,employee,motion,,2026-07-29 16:37:07
FAC-002-Z3,E-19,employee,motion,,2026-07-29 16:37:07
FAC-002-Z1,E-1,employee,badge_swipe,True,2026-07-29 16:37:07
FAC-003-Z2,E-26,employee,motion,,2026-07-29 16:37:07
FAC-002-Z1,E-11,employee,badge_swipe,True,2026-07-29 16:52:07
FAC-005-Z3,E-27,employee,motion,,2026-07-29 16:52:07
FAC-004-Z2,E-2,employee,motion,,2026-07-29 16:52:07
FAC-005-Z3,E-5,employee,motion,,2026-07-29 16:52:07
FAC-002-Z2,E-45,employee,badge_swipe,True,2026-07-29 16:52:07
FAC-003-Z1,V-5,visitor,motion,,2026-07-29 16:52:07
FAC-005-Z1,E-37,employee,motion,,2026-07-29 16:52:07
FAC-002-Z1,E-34,employee,badge_swipe,True,2026-07-29 16:52:07
FAC-002-Z3,E-11,employee,badge_swipe,True,2026-07-29 16:52:07
FAC-005-Z2,V-6,visitor,motion,,2026-07-29 16:52:07
FAC-002-Z3,E-7,employee,badge_swipe,True,2026-07-29 16:52:07
FAC-003-Z3,E-3,employee,badge_swipe,True,2026-07-29 17:07:07
FAC-002-Z2,E-29,employee,badge_swipe,True,2026-07-29 17:07:07
FAC-004-Z1,E-16,employee,badge_swipe,True,2026-07-29 17:07:07
FAC-005-Z1,E-10,employee,badge_swipe,True,2026-07-29 17:07:07
FAC-003-Z3,E-37,employee,badge_swipe,True,2026-07-29 17:07:07
FAC-004-Z1,E-32,employee,motion,,2026-07-29 17:07:07
FAC-001-Z1,E-26,employee,motion,,2026-07-29 17:07:07
FAC-001-Z3,E-46,employee,badge_swipe,True,2026-07-29 17:07:07
FAC-001-Z1,E-9,employee,badge_swipe,True,2026-07-29 17:07:07
FAC-003-Z1,E-22,employee,motion,,2026-07-29 17:07:07
FAC-004-Z3,E-12,employee,motion,,2026-07-29 17:22:07
FAC-005-Z2,E-27,employee,badge_swipe,True,2026-07-29 17:22:07
FAC-002-Z1,E-39,employee,motion,,2026-07-29 17:22:07
FAC-003-Z3,E-32,employee,badge_swipe,True,2026-07-29 17:22:07
FAC-001-Z1,E-10,employee,motion,,2026-07-29 17:22:07
FAC-003-Z2,E-22,employee,motion,,2026-07-29 17:22:07
FAC-005-Z1,E-2,employee,motion,,2026-07-29 17:22:07
FAC-003-Z3,E-15,employee,motion,,2026-07-29 17:22:07
FAC-001-Z3,E-14,employee,badge_swipe,True,2026-07-29 17:22:07
FAC-001-Z1,E-21,employee,badge_swipe,True,2026-07-29 17:22:07
FAC-001-Z2,E-24,employee,badge_swipe,True,2026-07-29 17:22:07
FAC-003-Z1,E-44,employee,badge_swipe,True,2026-07-29 17:22:07
FAC-002-Z2,E-9,employee,motion,,2026-07-29 17:37:07
FAC-005-Z2,E-48,employee,motion,,2026-07-29 17:37:07
FAC-004-Z2,E-34,employee,motion,,2026-07-29 17:37:07
FAC-002-Z1,V-10,visitor,motion,,2026-07-29 17:37:07
FAC-003-Z3,E-16,employee,motion,,2026-07-29 17:37:07
FAC-004-Z3,V-1,visitor,motion,,2026-07-29 17:37:07
FAC-004-Z2,E-6,employee,motion,,2026-07-29 17:37:07
FAC-005-Z1,E-35,employee,motion,,2026-07-29 17:37:07
FAC-001-Z2,E-14,employee,motion,,2026-07-29 17:37:07
FAC-002-Z3,E-1,employee,motion,,2026-07-29 17:37:07
FAC-003-Z1,E-18,employee,badge_swipe,True,2026-07-29 17:37:07
FAC-003-Z2,E-17,employee,badge_swipe,True,2026-07-29 17:52:07
FAC-005-Z3,E-30,employee,motion,,2026-07-29 17:52:07
FAC-005-Z2,E-12,employee,badge_swipe,True,2026-07-29 17:52:07
FAC-004-Z2,E-8,employee,badge_swipe,True,2026-07-29 17:52:07
FAC-005-Z2,E-9,employee,badge_swipe,True,2026-07-29 17:52:07
FAC-003-Z1,E-39,employee,badge_swipe,True,2026-07-29 17:52:07
FAC-001-Z3,E-18,employee,badge_swipe,True,2026-07-29 17:52:07
FAC-005-Z2,E-20,employee,motion,,2026-07-29 17:52:07
FAC-004-Z3,E-8,employee,badge_swipe,True,2026-07-29 17:52:07
FAC-002-Z3,E-44,employee,badge_swipe,True,2026-07-29 17:52:07
FAC-002-Z2,E-23,employee,badge_swipe,True,2026-07-29 17:52:07
FAC-003-Z1,E-37,employee,motion,,2026-07-29 17:52:07
FAC-003-Z3,E-11,employee,motion,,2026-07-29 18:07:07
FAC-005-Z1,E-2,employee,motion,,2026-07-29 18:07:07
FAC-004-Z3,E-24,employee,badge_swipe,True,2026-07-29 18:07:07
FAC-001-Z1,E-13,employee,motion,,2026-07-29 18:07:07
FAC-001-Z2,E-20,employee,badge_swipe,True,2026-07-29 18:07:07
FAC-005-Z2,V-5,visitor,badge_swipe,True,2026-07-29 18:22:07
FAC-005-Z2,E-25,employee,motion,,2026-07-29 18:22:07
FAC-001-Z1,E-45,employee,motion,,2026-07-29 18:22:07
FAC-002-Z1,E-42,employee,badge_swipe,True,2026-07-29 18:22:07
FAC-003-Z1,E-28,employee,motion,,2026-07-29 18:22:07
FAC-005-Z2,E-19,employee,motion,,2026-07-29 18:22:07
FAC-004-Z2,E-25,employee,badge_swipe,True,2026-07-29 18:22:07
FAC-002-Z1,E-7,employee,motion,,2026-07-29 18:22:07
FAC-001-Z3,E-43,employee,motion,,2026-07-29 18:22:07
FAC-005-Z2,E-39,employee,badge_swipe,True,2026-07-29 18:22:07
FAC-003-Z1,E-43,employee,badge_swipe,True,2026-07-29 18:22:07
FAC-003-Z3,E-3,employee,badge_swipe,True,2026-07-29 18:22:07
FAC-002-Z1,E-14,employee,motion,,2026-07-29 18:22:07
FAC-002-Z1,V-3,visitor,motion,,2026-07-29 18:22:07
FAC-002-Z1,E-20,employee,motion,,2026-07-29 18:22:07
FAC-005-Z2,E-36,employee,badge_swipe,True,2026-07-29 18:22:07
FAC-005-Z3,V-1,visitor,motion,,2026-07-29 18:22:07
FAC-002-Z2,E-35,employee,badge_swipe,True,2026-07-29 18:22:07
FAC-005-Z3,E-9,employee,motion,,2026-07-29 18:22:07
FAC-005-Z3,E-29,employee,motion,,2026-07-29 18:22:07
FAC-001-Z2,E-25,employee,badge_swipe,True,2026-07-29 18:37:07
FAC-005-Z1,E-15,employee,motion,,2026-07-29 18:37:07
FAC-004-Z2,E-23,employee,badge_swipe,True,2026-07-29 18:37:07
FAC-004-Z1,E-20,employee,badge_swipe,True,2026-07-29 18:37:07
FAC-003-Z3,E-3,employee,motion,,2026-07-29 18:37:07
FAC-001-Z1,E-6,employee,badge_swipe,True,2026-07-29 18:37:07
FAC-004-Z3,E-3,employee,badge_swipe,True,2026-07-29 18:52:07
FAC-001-Z1,E-3,employee,badge_swipe,True,2026-07-29 18:52:07
FAC-003-Z2,E-40,employee,motion,,2026-07-29 18:52:07
FAC-005-Z2,E-47,employee,badge_swipe,True,2026-07-29 18:52:07
FAC-001-Z1,E-41,employee,badge_swipe,True,2026-07-29 18:52:07
FAC-004-Z1,E-48,employee,badge_swipe,True,2026-07-29 19:22:07
FAC-002-Z1,E-26,employee,badge_swipe,True,2026-07-29 19:22:07
FAC-003-Z3,E-28,employee,badge_swipe,True,2026-07-29 19:22:07
FAC-004-Z1,E-33,employee,motion,,2026-07-29 19:37:07
FAC-003-Z3,E-37,employee,badge_swipe,True,2026-07-29 19:52:07
FAC-005-Z1,V-7,visitor,motion,,2026-07-29 19:52:07
FAC-003-Z3,E-45,employee,badge_swipe,True,2026-07-29 19:52:07
FAC-004-Z3,E-8,employee,motion,,2026-07-29 20:07:07
FAC-004-Z3,E-27,employee,badge_swipe,True,2026-07-29 20:07:07
FAC-002-Z1,E-9,employee,motion,,2026-07-29 20:07:07
FAC-002-Z3,E-29,employee,motion,,2026-07-29 20:22:07
FAC-002-Z1,E-24,employee,badge_swipe,True,2026-07-29 20:22:07
FAC-001-Z2,V-9,visitor,badge_swipe,True,2026-07-29 20:37:07
FAC-005-Z1,V-3,visitor,motion,,2026-07-29 20:52:07
FAC-001-Z2,E-21,employee,motion,,2026-07-29 21:07:07
FAC-001-Z2,E-9,employee,badge_swipe,True,2026-07-29 21:07:07
FAC-004-Z1,E-29,employee,motion,,2026-07-29 21:22:07
FAC-005-Z3,E-23,employee,badge_swipe,True,2026-07-29 21:22:07
FAC-001-Z1,E-14,employee,badge_swipe,True,2026-07-29 21:37:07
FAC-002-Z3,E-3,employee,badge_swipe,True,2026-07-29 21:52:07
FAC-004-Z2,E-43,employee,badge_swipe,True,2026-07-29 22:07:07
FAC-004-Z2,E-49,employee,badge_swipe,True,2026-07-29 22:07:07
FAC-004-Z1,V-5,visitor,motion,,2026-07-29 22:22:07
FAC-003-Z3,E-33,employee,badge_swipe,True,2026-07-29 22:22:07
FAC-003-Z2,E-14,employee,badge_swipe,True,2026-07-29 22:37:07
FAC-003-Z2,E-48,employee,badge_swipe,True,2026-07-29 22:37:07
FAC-005-Z1,E-22,employee,badge_swipe,True,2026-07-29 22:52:07
FAC-005-Z2,E-32,employee,motion,,2026-07-29 22:52:07
FAC-003-Z1,E-6,employee,badge_swipe,True,2026-07-29 22:52:07
FAC-005-Z1,E-47,employee,badge_swipe,True,2026-07-29 23:07:07
FAC-002-Z1,E-26,employee,motion,,2026-07-29 23:22:07
FAC-002-Z2,E-46,employee,motion,,2026-07-29 23:22:07
FAC-001-Z2,E-17,employee,motion,,2026-07-29 23:37:07
FAC-004-Z3,E-48,employee,motion,,2026-07-29 23:52:07
FAC-001-Z3,E-42,employee,motion,,2026-07-29 23:52:07
FAC-002-Z3,E-33,employee,motion,,2026-07-30 00:07:07
FAC-004-Z2,E-1,employee,badge_swipe,True,2026-07-30 00:07:07
FAC-003-Z1,V-3,visitor,badge_swipe,False,2026-07-30 00:07:07
FAC-005-Z3,E-5,employee,badge_swipe,True,2026-07-30 00:37:07
FAC-001-Z2,E-2,employee,badge_swipe,True,2026-07-30 00:37:07
FAC-003-Z2,E-46,employee,badge_swipe,True,2026-07-30 00:37:07
FAC-001-Z2,E-21,employee,badge_swipe,True,2026-07-30 00:52:07
FAC-003-Z3,E-29,employee,motion,,2026-07-30 00:52:07
FAC-004-Z1,E-50,employee,motion,,2026-07-30 00:52:07
FAC-002-Z3,E-17,employee,badge_swipe,True,2026-07-30 01:22:07
FAC-005-Z3,V-4,visitor,motion,,2026-07-30 01:22:07
FAC-001-Z2,E-44,employee,motion,,2026-07-30 01:22:07
FAC-001-Z1,E-44,employee,motion,,2026-07-30 01:37:07
FAC-005-Z2,E-50,employee,badge_swipe,True,2026-07-30 01:37:07
FAC-004-Z3,E-3,employee,motion,,2026-07-30 01:52:07
FAC-005-Z3,E-33,employee,badge_swipe,True,2026-07-30 01:52:07
FAC-003-Z3,E-15,employee,motion,,2026-07-30 02:22:07
FAC-001-Z1,E-29,employee,motion,,2026-07-30 02:22:07
FAC-001-Z1,V-7,visitor,badge_swipe,False,2026-07-30 02:22:07
FAC-005-Z1,E-1,employee,badge_swipe,True,2026-07-30 02:52:07
FAC-005-Z3,E-35,employee,badge_swipe,True,2026-07-30 03:07:07
FAC-002-Z3,E-22,employee,motion,,2026-07-30 03:22:07
FAC-004-Z1,E-10,employee,motion,,2026-07-30 03:22:07
FAC-004-Z1,E-32,employee,badge_swipe,True,2026-07-30 03:52:07
FAC-004-Z3,E-14,employee,badge_swipe,True,2026-07-30 04:07:07
FAC-001-Z1,E-45,employee,motion,,2026-07-30 04:07:07
FAC-003-Z3,E-36,employee,badge_swipe,True,2026-07-30 04:07:07
FAC-002-Z3,E-1,employee,motion,,2026-07-30 04:22:07
FAC-002-Z2,E-17,employee,badge_swipe,True,2026-07-30 04:22:07
FAC-002-Z1,E-34,employee,motion,,2026-07-30 04:22:07
FAC-004-Z1,E-27,employee,badge_swipe,True,2026-07-30 04:37:07
FAC-005-Z2,E-47,employee,motion,,2026-07-30 05:07:07
FAC-002-Z2,E-43,employee,badge_swipe,True,2026-07-30 05:07:07
FAC-001-Z2,E-25,employee,motion,,2026-07-30 05:07:07
FAC-004-Z2,E-7,employee,motion,,2026-07-30 05:22:07
FAC-004-Z1,E-31,employee,motion,,2026-07-30 05:22:07
FAC-003-Z2,E-43,employee,badge_swipe,True,2026-07-30 05:22:07
FAC-002-Z1,E-13,employee,motion,,2026-07-30 05:37:07
FAC-002-Z3,E-2,employee,motion,,2026-07-30 05:37:07
FAC-004-Z1,E-29,employee,badge_swipe,True,2026-07-30 05:37:07
FAC-004-Z1,E-40,employee,motion,,2026-07-30 05:52:07
FAC-002-Z1,E-16,employee,motion,,2026-07-30 05:52:07
FAC-003-Z2,E-28,employee,motion,,2026-07-30 05:52:07
FAC-004-Z1,E-32,employee,badge_swipe,True,2026-07-30 06:07:07
FAC-004-Z2,E-22,employee,motion,,2026-07-30 06:07:07
FAC-004-Z1,E-13,employee,motion,,2026-07-30 06:22:07
FAC-004-Z2,E-9,employee,motion,,2026-07-30 06:22:07
FAC-005-Z2,E-12,employee,motion,,2026-07-30 06:37:07
FAC-004-Z3,V-2,visitor,badge_swipe,True,2026-07-30 06:52:07
FAC-002-Z3,E-40,employee,motion,,2026-07-30 07:22:07
FAC-004-Z2,E-46,employee,badge_swipe,True,2026-07-30 07:37:07
FAC-005-Z1,E-50,employee,badge_swipe,True,2026-07-30 07:37:07
FAC-003-Z3,E-48,employee,badge_swipe,True,2026-07-30 07:37:07
FAC-003-Z1,V-3,visitor,motion,,2026-07-30 07:52:07
FAC-002-Z3,E-7,employee,badge_swipe,True,2026-07-30 08:07:07
FAC-002-Z1,V-3,visitor,badge_swipe,True,2026-07-30 08:07:07
FAC-002-Z3,E-24,employee,badge_swipe,True,2026-07-30 08:07:07
FAC-003-Z2,E-45,employee,badge_swipe,True,2026-07-30 08:07:07
FAC-001-Z3,E-32,employee,badge_swipe,True,2026-07-30 08:07:07
FAC-002-Z2,E-7,employee,motion,,2026-07-30 08:07:07
FAC-003-Z3,E-18,employee,badge_swipe,True,2026-07-30 08:07:07
FAC-001-Z2,E-44,employee,badge_swipe,True,2026-07-30 08:07:07
FAC-005-Z2,E-25,employee,motion,,2026-07-30 08:07:07
FAC-005-Z1,E-35,employee,badge_swipe,True,2026-07-30 08:07:07
FAC-002-Z3,E-9,employee,badge_swipe,True,2026-07-30 08:07:07
FAC-003-Z3,E-41,employee,motion,,2026-07-30 08:07:07
FAC-003-Z3,V-3,visitor,badge_swipe,True,2026-07-30 08:07:07
FAC-002-Z3,E-19,employee,badge_swipe,True,2026-07-30 08:07:07
FAC-005-Z2,E-27,employee,badge_swipe,True,2026-07-30 08:07:07
FAC-001-Z2,V-4,visitor,badge_swipe,True,2026-07-30 08:07:07
FAC-004-Z2,V-6,visitor,badge_swipe,True,2026-07-30 08:07:07
FAC-003-Z2,E-41,employee,badge_swipe,True,2026-07-30 08:22:07
FAC-003-Z3,E-27,employee,badge_swipe,True,2026-07-30 08:22:07
FAC-004-Z1,E-1,employee,badge_swipe,True,2026-07-30 08:22:07
FAC-004-Z2,E-26,employee,motion,,2026-07-30 08:22:07
FAC-003-Z1,E-9,employee,badge_swipe,True,2026-07-30 08:22:07
FAC-004-Z1,E-42,employee,badge_swipe,True,2026-07-30 08:22:07
FAC-005-Z3,E-20,employee,motion,,2026-07-30 08:22:07
FAC-003-Z1,E-9,employee,badge_swipe,True,2026-07-30 08:22:07
FAC-001-Z2,E-32,employee,badge_swipe,True,2026-07-30 08:22:07
FAC-001-Z1,E-25,employee,motion,,2026-07-30 08:22:07
FAC-005-Z2,E-15,employee,badge_swipe,True,2026-07-30 08:22:07
FAC-004-Z3,E-42,employee,badge_swipe,True,2026-07-30 08:22:07
FAC-003-Z2,E-46,employee,badge_swipe,True,2026-07-30 08:37:07
FAC-004-Z3,E-18,employee,motion,,2026-07-30 08:37:07
FAC-005-Z3,E-45,employee,motion,,2026-07-30 08:37:07
FAC-004-Z3,E-27,employee,badge_swipe,True,2026-07-30 08:37:07
FAC-001-Z3,E-21,employee,badge_swipe,True,2026-07-30 08:37:07
FAC-004-Z2,E-33,employee,badge_swipe,False,2026-07-30 08:37:07
FAC-004-Z2,E-26,employee,badge_swipe,True,2026-07-30 08:37:07
FAC-004-Z2,E-4,employee,badge_swipe,True,2026-07-30 08:37:07
FAC-005-Z3,E-25,employee,badge_swipe,True,2026-07-30 08:37:07
FAC-004-Z3,E-13,employee,badge_swipe,True,2026-07-30 08:52:07
FAC-003-Z2,E-21,employee,motion,,2026-07-30 08:52:07
FAC-004-Z2,V-6,visitor,badge_swipe,True,2026-07-30 08:52:07
FAC-003-Z2,E-3,employee,motion,,2026-07-30 08:52:07
FAC-001-Z1,E-43,employee,badge_swipe,True,2026-07-30 08:52:07
FAC-002-Z3,E-38,employee,badge_swipe,True,2026-07-30 08:52:07
FAC-002-Z1,E-18,employee,motion,,2026-07-30 08:52:07
FAC-002-Z1,E-1,employee,motion,,2026-07-30 08:52:07
FAC-005-Z3,V-6,visitor,badge_swipe,True,2026-07-30 09:07:07
FAC-002-Z2,E-46,employee,badge_swipe,True,2026-07-30 09:07:07
FAC-004-Z2,E-19,employee,badge_swipe,False,2026-07-30 09:07:07
FAC-004-Z2,E-34,employee,motion,,2026-07-30 09:07:07
FAC-001-Z2,E-8,employee,badge_swipe,True,2026-07-30 09:07:07
FAC-005-Z1,E-26,employee,badge_swipe,True,2026-07-30 09:07:07
FAC-001-Z2,E-49,employee,badge_swipe,True,2026-07-30 09:07:07
FAC-003-Z1,E-49,employee,badge_swipe,True,2026-07-30 09:07:07
FAC-004-Z1,E-1,employee,motion,,2026-07-30 09:22:07
FAC-005-Z1,E-41,employee,badge_swipe,True,2026-07-30 09:22:07
FAC-002-Z1,E-49,employee,motion,,2026-07-30 09:22:07
FAC-001-Z3,E-29,employee,badge_swipe,True,2026-07-30 09:22:07
FAC-002-Z3,E-35,employee,badge_swipe,True,2026-07-30 09:22:07
FAC-004-Z2,E-18,employee,badge_swipe,True,2026-07-30 09:22:07
FAC-002-Z3,V-6,visitor,motion,,2026-07-30 09:22:07
FAC-004-Z3,E-7,employee,motion,,2026-07-30 09:22:07
FAC-001-Z3,E-50,employee,badge_swipe,True,2026-07-30 09:22:07
FAC-002-Z1,E-23,employee,badge_swipe,True,2026-07-30 09:22:07
FAC-003-Z1,E-3,employee,motion,,2026-07-30 09:22:07
FAC-002-Z1,E-28,employee,badge_swipe,True,2026-07-30 09:37:07
FAC-003-Z1,E-22,employee,motion,,2026-07-30 09:37:07
FAC-005-Z3,E-12,employee,motion,,2026-07-30 09:37:07
FAC-002-Z2,E-37,employee,badge_swipe,True,2026-07-30 09:37:07
FAC-004-Z2,E-10,employee,badge_swipe,True,2026-07-30 09:37:07
FAC-003-Z1,E-7,employee,motion,,2026-07-30 09:37:07
FAC-005-Z2,E-15,employee,motion,,2026-07-30 09:37:07
FAC-003-Z3,E-13,employee,motion,,2026-07-30 09:37:07
FAC-004-Z2,E-36,employee,badge_swipe,True,2026-07-30 09:37:07
FAC-005-Z2,E-46,employee,badge_swipe,True,2026-07-30 09:37:07
FAC-002-Z2,E-26,employee,badge_swipe,True,2026-07-30 09:52:07
FAC-004-Z1,E-44,employee,badge_swipe,True,2026-07-30 09:52:07
FAC-001-Z3,E-9,employee,motion,,2026-07-30 09:52:07
FAC-003-Z1,E-23,employee,badge_swipe,True,2026-07-30 09:52:07
FAC-004-Z3,E-44,employee,badge_swipe,False,2026-07-30 09:52:07
FAC-002-Z3,E-17,employee,badge_swipe,True,2026-07-30 09:52:07
FAC-004-Z3,E-33,employee,motion,,2026-07-30 09:52:07
FAC-004-Z3,E-11,employee,badge_swipe,True,2026-07-30 09:52:07
FAC-001-Z1,E-29,employee,badge_swipe,True,2026-07-30 09:52:07
FAC-002-Z2,E-39,employee,motion,,2026-07-30 09:52:07
FAC-003-Z1,E-35,employee,badge_swipe,True,2026-07-30 09:52:07
FAC-003-Z1,E-9,employee,badge_swipe,True,2026-07-30 09:52:07
FAC-005-Z3,E-42,employee,motion,,2026-07-30 09:52:07
FAC-001-Z3,E-8,employee,badge_swipe,True,2026-07-30 09:52:07
FAC-005-Z1,E-19,employee,motion,,2026-07-30 09:52:07
FAC-003-Z1,E-37,employee,motion,,2026-07-30 09:52:07
FAC-003-Z2,E-26,employee,badge_swipe,True,2026-07-30 09:52:07
FAC-002-Z2,E-48,employee,badge_swipe,True,2026-07-30 09:52:07
FAC-003-Z3,E-36,employee,badge_swipe,True,2026-07-30 09:52:07
FAC-004-Z1,V-6,visitor,badge_swipe,False,2026-07-30 10:07:07
FAC-001-Z3,E-42,employee,motion,,2026-07-30 10:07:07
FAC-001-Z1,E-13,employee,badge_swipe,True,2026-07-30 10:07:07
FAC-001-Z3,E-23,employee,motion,,2026-07-30 10:07:07
FAC-001-Z3,E-16,employee,badge_swipe,True,2026-07-30 10:07:07
FAC-004-Z2,E-32,employee,motion,,2026-07-30 10:07:07
FAC-003-Z1,V-3,visitor,motion,,2026-07-30 10:07:07
FAC-004-Z3,E-22,employee,motion,,2026-07-30 10:07:07
FAC-002-Z2,E-11,employee,badge_swipe,True,2026-07-30 10:07:07
FAC-005-Z3,E-31,employee,motion,,2026-07-30 10:07:07
FAC-004-Z1,E-35,employee,motion,,2026-07-30 10:07:07
FAC-005-Z1,E-30,employee,badge_swipe,True,2026-07-30 10:07:07
FAC-001-Z2,E-10,employee,badge_swipe,True,2026-07-30 10:07:07
FAC-005-Z3,E-46,employee,motion,,2026-07-30 10:07:07
FAC-004-Z1,E-44,employee,motion,,2026-07-30 10:22:07
FAC-003-Z1,E-15,employee,badge_swipe,True,2026-07-30 10:22:07
FAC-005-Z2,E-5,employee,badge_swipe,True,2026-07-30 10:22:07
FAC-003-Z3,E-23,employee,badge_swipe,True,2026-07-30 10:22:07
FAC-002-Z1,E-12,employee,badge_swipe,True,2026-07-30 10:22:07
FAC-004-Z3,E-8,employee,motion,,2026-07-30 10:22:07
FAC-003-Z2,E-8,employee,badge_swipe,True,2026-07-30 10:22:07
FAC-005-Z2,E-14,employee,badge_swipe,True,2026-07-30 10:22:07
FAC-005-Z3,E-15,employee,motion,,2026-07-30 10:22:07
FAC-002-Z2,E-33,employee,badge_swipe,True,2026-07-30 10:22:07
FAC-004-Z1,E-12,employee,motion,,2026-07-30 10:22:07
FAC-004-Z3,E-2,employee,motion,,2026-07-30 10:22:07
FAC-003-Z1,V-4,visitor,motion,,2026-07-30 10:22:07
FAC-005-Z1,E-37,employee,badge_swipe,True,2026-07-30 10:22:07
FAC-005-Z3,E-42,employee,motion,,2026-07-30 10:22:07
FAC-005-Z1,E-47,employee,badge_swipe,True,2026-07-30 10:22:07
FAC-005-Z1,E-6,employee,motion,,2026-07-30 10:22:07
FAC-003-Z2,E-46,employee,badge_swipe,True,2026-07-30 10:22:07
FAC-001-Z3,E-19,employee,motion,,2026-07-30 10:22:07
FAC-004-Z3,E-46,employee,motion,,2026-07-30 10:37:07
FAC-002-Z2,E-16,employee,motion,,2026-07-30 10:37:07
FAC-003-Z2,E-16,employee,badge_swipe,True,2026-07-30 10:37:07
FAC-003-Z3,E-3,employee,motion,,2026-07-30 10:37:07
FAC-001-Z3,E-46,employee,motion,,2026-07-30 10:37:07
FAC-004-Z2,E-15,employee,badge_swipe,True,2026-07-30 10:37:07
FAC-005-Z2,E-27,employee,motion,,2026-07-30 10:37:07
FAC-002-Z3,E-35,employee,badge_swipe,True,2026-07-30 10:37:07
FAC-005-Z1,E-2,employee,motion,,2026-07-30 10:37:07
FAC-004-Z2,E-11,employee,motion,,2026-07-30 10:37:07
FAC-005-Z1,E-35,employee,badge_swipe,False,2026-07-30 10:52:07
FAC-001-Z2,E-6,employee,motion,,2026-07-30 10:52:07
FAC-004-Z3,E-10,employee,motion,,2026-07-30 10:52:07
FAC-001-Z3,E-18,employee,motion,,2026-07-30 10:52:07
FAC-003-Z1,E-7,employee,badge_swipe,True,2026-07-30 10:52:07
FAC-004-Z2,E-40,employee,badge_swipe,True,2026-07-30 10:52:07
FAC-004-Z3,E-48,employee,motion,,2026-07-30 10:52:07
FAC-002-Z1,E-19,employee,badge_swipe,True,2026-07-30 10:52:07
FAC-003-Z3,E-38,employee,badge_swipe,True,2026-07-30 10:52:07
FAC-002-Z1,E-49,employee,motion,,2026-07-30 10:52:07
FAC-005-Z2,E-10,employee,motion,,2026-07-30 10:52:07
FAC-002-Z3,E-43,employee,motion,,2026-07-30 10:52:07
FAC-002-Z3,E-27,employee,motion,,2026-07-30 10:52:07
FAC-001-Z1,E-36,employee,motion,,2026-07-30 11:07:07
FAC-005-Z1,E-43,employee,badge_swipe,True,2026-07-30 11:07:07
FAC-004-Z2,E-36,employee,motion,,2026-07-30 11:07:07
FAC-003-Z1,E-31,employee,motion,,2026-07-30 11:07:07
FAC-005-Z1,E-33,employee,motion,,2026-07-30 11:07:07
FAC-005-Z3,V-4,visitor,badge_swipe,True,2026-07-30 11:07:07
FAC-001-Z3,E-21,employee,motion,,2026-07-30 11:07:07
FAC-002-Z2,E-46,employee,badge_swipe,True,2026-07-30 11:07:07
FAC-001-Z2,V-6,visitor,badge_swipe,True,2026-07-30 11:07:07
FAC-002-Z1,E-1,employee,badge_swipe,True,2026-07-30 11:07:07
FAC-002-Z2,V-7,visitor,motion,,2026-07-30 11:22:07
FAC-004-Z2,E-22,employee,badge_swipe,True,2026-07-30 11:22:07
FAC-005-Z2,E-42,employee,motion,,2026-07-30 11:22:07
FAC-003-Z3,V-7,visitor,badge_swipe,True,2026-07-30 11:22:07
FAC-005-Z1,E-8,employee,badge_swipe,True,2026-07-30 11:22:07
FAC-002-Z3,E-22,employee,badge_swipe,True,2026-07-30 11:22:07
FAC-001-Z2,E-19,employee,badge_swipe,True,2026-07-30 11:37:07
FAC-001-Z2,E-12,employee,motion,,2026-07-30 11:37:07
FAC-004-Z2,E-6,employee,motion,,2026-07-30 11:37:07
FAC-002-Z3,E-14,employee,motion,,2026-07-30 11:37:07
FAC-005-Z3,E-11,employee,badge_swipe,True,2026-07-30 11:37:07
FAC-002-Z2,E-29,employee,motion,,2026-07-30 11:37:07
FAC-003-Z3,E-48,employee,motion,,2026-07-30 11:52:07
FAC-005-Z3,E-45,employee,badge_swipe,True,2026-07-30 11:52:07
FAC-002-Z3,E-17,employee,badge_swipe,True,2026-07-30 11:52:07
FAC-005-Z2,E-15,employee,motion,,2026-07-30 11:52:07
FAC-001-Z3,E-21,employee,badge_swipe,True,2026-07-30 11:52:07
FAC-005-Z2,E-1,employee,badge_swipe,True,2026-07-30 11:52:07
FAC-003-Z1,E-22,employee,badge_swipe,True,2026-07-30 12:07:07
FAC-004-Z3,E-36,employee,motion,,2026-07-30 12:07:07
FAC-005-Z1,E-9,employee,motion,,2026-07-30 12:07:07
FAC-004-Z2,E-18,employee,badge_swipe,True,2026-07-30 12:07:07
FAC-003-Z1,E-29,employee,motion,,2026-07-30 12:07:07
FAC-003-Z1,V-3,visitor,badge_swipe,True,2026-07-30 12:07:07
FAC-002-Z3,E-24,employee,badge_swipe,True,2026-07-30 12:07:07
FAC-003-Z3,E-42,employee,badge_swipe,True,2026-07-30 12:07:07
FAC-005-Z2,E-50,employee,motion,,2026-07-30 12:07:07
FAC-003-Z3,E-28,employee,badge_swipe,True,2026-07-30 12:07:07
FAC-002-Z1,E-50,employee,motion,,2026-07-30 12:07:07
FAC-004-Z1,E-8,employee,badge_swipe,True,2026-07-30 12:07:07
FAC-003-Z3,E-36,employee,badge_swipe,True,2026-07-30 12:22:07
FAC-002-Z3,E-39,employee,motion,,2026-07-30 12:22:07
FAC-004-Z3,E-44,employee,motion,,2026-07-30 12:22:07
FAC-005-Z1,E-19,employee,motion,,2026-07-30 12:22:07
FAC-005-Z2,V-7,visitor,badge_swipe,True,2026-07-30 12:22:07
FAC-002-Z1,E-14,employee,motion,,2026-07-30 12:22:07
FAC-003-Z1,E-38,employee,badge_swipe,True,2026-07-30 12:22:07
FAC-005-Z1,V-8,visitor,badge_swipe,True,2026-07-30 12:22:07
FAC-003-Z2,E-17,employee,motion,,2026-07-30 12:22:07
FAC-003-Z2,E-33,employee,badge_swipe,True,2026-07-30 12:37:07
FAC-005-Z2,E-11,employee,motion,,2026-07-30 12:37:07
FAC-002-Z2,E-37,employee,badge_swipe,False,2026-07-30 12:37:07
FAC-003-Z1,E-18,employee,badge_swipe,True,2026-07-30 12:37:07
FAC-002-Z1,V-4,visitor,motion,,2026-07-30 12:37:07
FAC-002-Z3,E-15,employee,badge_swipe,True,2026-07-30 12:37:07
FAC-003-Z1,E-31,employee,motion,,2026-07-30 12:37:07
FAC-003-Z1,E-6,employee,badge_swipe,True,2026-07-30 12:37:07
FAC-003-Z1,E-24,employee,motion,,2026-07-30 12:37:07
FAC-005-Z2,E-8,employee,motion,,2026-07-30 12:52:07
FAC-003-Z3,E-44,employee,badge_swipe,True,2026-07-30 12:52:07
FAC-001-Z3,E-7,employee,motion,,2026-07-30 12:52:07
FAC-004-Z1,E-5,employee,motion,,2026-07-30 12:52:07
FAC-005-Z3,E-23,employee,badge_swipe,True,2026-07-30 12:52:07
FAC-002-Z2,E-18,employee,badge_swipe,True,2026-07-30 12:52:07
FAC-005-Z1,E-34,employee,motion,,2026-07-30 12:52:07
FAC-001-Z3,E-38,employee,motion,,2026-07-30 12:52:07
FAC-002-Z3,E-3,employee,motion,,2026-07-30 12:52:07
FAC-004-Z2,V-10,visitor,badge_swipe,True,2026-07-30 12:52:07
FAC-003-Z2,E-26,employee,badge_swipe,True,2026-07-30 12:52:07
FAC-002-Z1,E-49,employee,badge_swipe,True,2026-07-30 12:52:07
FAC-003-Z1,E-5,employee,motion,,2026-07-30 12:52:07
FAC-003-Z3,E-16,employee,motion,,2026-07-30 12:52:07
FAC-001-Z2,E-31,employee,badge_swipe,True,2026-07-30 12:52:07
FAC-005-Z2,E-4,employee,motion,,2026-07-30 13:07:07
FAC-001-Z3,E-44,employee,motion,,2026-07-30 13:07:07
FAC-005-Z1,E-19,employee,badge_swipe,False,2026-07-30 13:07:07
FAC-002-Z1,E-40,employee,badge_swipe,True,2026-07-30 13:07:07
FAC-004-Z3,E-21,employee,motion,,2026-07-30 13:07:07
FAC-003-Z2,E-17,employee,motion,,2026-07-30 13:07:07
FAC-001-Z1,E-11,employee,badge_swipe,True,2026-07-30 13:07:07
FAC-001-Z1,E-32,employee,badge_swipe,True,2026-07-30 13:07:07
FAC-001-Z1,E-6,employee,motion,,2026-07-30 13:07:07
FAC-001-Z2,V-8,visitor,motion,,2026-07-30 13:22:07
FAC-002-Z1,E-36,employee,motion,,2026-07-30 13:22:07
FAC-005-Z3,E-2,employee,motion,,2026-07-30 13:22:07
FAC-002-Z2,V-10,visitor,motion,,2026-07-30 13:22:07
FAC-004-Z3,E-22,employee,motion,,2026-07-30 13:22:07
FAC-003-Z3,E-43,employee,badge_swipe,True,2026-07-30 13:22:07
FAC-003-Z1,E-4,employee,badge_swipe,True,2026-07-30 13:22:07
FAC-001-Z3,E-49,employee,motion,,2026-07-30 13:22:07
FAC-002-Z1,E-27,employee,motion,,2026-07-30 13:22:07
FAC-004-Z1,E-43,employee,motion,,2026-07-30 13:22:07
FAC-001-Z3,E-15,employee,badge_swipe,True,2026-07-30 13:37:07
FAC-004-Z3,E-29,employee,badge_swipe,True,2026-07-30 13:37:07
FAC-002-Z1,E-43,employee,badge_swipe,True,2026-07-30 13:37:07
FAC-001-Z3,E-8,employee,motion,,2026-07-30 13:37:07
FAC-004-Z3,E-24,employee,motion,,2026-07-30 13:37:07
FAC-001-Z2,E-34,employee,motion,,2026-07-30 13:37:07
FAC-002-Z1,E-47,employee,motion,,2026-07-30 13:37:07
FAC-004-Z1,E-5,employee,badge_swipe,True,2026-07-30 13:37:07
FAC-003-Z3,E-15,employee,badge_swipe,True,2026-07-30 13:37:07
FAC-002-Z2,E-35,employee,badge_swipe,True,2026-07-30 13:37:07
FAC-002-Z1,E-36,employee,badge_swipe,True,2026-07-30 13:37:07
FAC-005-Z2,E-6,employee,motion,,2026-07-30 13:37:07
FAC-004-Z1,E-23,employee,badge_swipe,True,2026-07-30 13:37:07
FAC-003-Z1,E-49,employee,badge_swipe,True,2026-07-30 13:52:07
FAC-004-Z3,E-42,employee,badge_swipe,True,2026-07-30 13:52:07
FAC-002-Z1,E-48,employee,badge_swipe,True,2026-07-30 13:52:07
FAC-001-Z3,E-22,employee,badge_swipe,True,2026-07-30 13:52:07
FAC-001-Z1,E-10,employee,motion,,2026-07-30 13:52:07
FAC-005-Z3,V-9,visitor,motion,,2026-07-30 13:52:07
FAC-004-Z3,E-47,employee,badge_swipe,True,2026-07-30 13:52:07
FAC-005-Z3,E-50,employee,badge_swipe,True,2026-07-30 13:52:07
FAC-004-Z2,E-14,employee,badge_swipe,True,2026-07-30 13:52:07
FAC-004-Z2,E-42,employee,badge_swipe,True,2026-07-30 14:07:07
FAC-001-Z3,E-28,employee,motion,,2026-07-30 14:07:07
FAC-002-Z3,E-39,employee,motion,,2026-07-30 14:07:07
FAC-003-Z2,E-20,employee,motion,,2026-07-30 14:07:07
FAC-001-Z1,E-36,employee,motion,,2026-07-30 14:07:07
FAC-005-Z3,E-14,employee,badge_swipe,True,2026-07-30 14:07:07
FAC-001-Z1,E-42,employee,badge_swipe,True,2026-07-30 14:07:07
FAC-002-Z3,E-42,employee,badge_swipe,True,2026-07-30 14:07:07
FAC-001-Z3,E-5,employee,badge_swipe,True,2026-07-30 14:07:07
FAC-003-Z3,V-5,visitor,motion,,2026-07-30 14:07:07
FAC-005-Z1,E-27,employee,badge_swipe,True,2026-07-30 14:07:07
FAC-001-Z3,E-23,employee,motion,,2026-07-30 14:22:07
FAC-003-Z2,V-9,visitor,badge_swipe,False,2026-07-30 14:22:07
FAC-003-Z2,E-31,employee,motion,,2026-07-30 14:22:07
FAC-001-Z1,E-27,employee,motion,,2026-07-30 14:22:07
FAC-002-Z3,E-25,employee,motion,,2026-07-30 14:22:07
FAC-004-Z1,V-1,visitor,badge_swipe,True,2026-07-30 14:22:07
FAC-004-Z2,E-26,employee,badge_swipe,True,2026-07-30 14:22:07
FAC-005-Z3,E-9,employee,motion,,2026-07-30 14:22:07
FAC-005-Z2,E-47,employee,badge_swipe,True,2026-07-30 14:22:07
FAC-001-Z2,V-9,visitor,badge_swipe,True,2026-07-30 14:22:07
FAC-004-Z1,E-8,employee,motion,,2026-07-30 14:22:07
FAC-003-Z2,E-9,employee,motion,,2026-07-30 14:22:07
FAC-005-Z2,E-20,employee,motion,,2026-07-30 14:22:07
FAC-002-Z1,E-39,employee,motion,,2026-07-30 14:22:07
FAC-004-Z3,E-26,employee,motion,,2026-07-30 14:22:07
FAC-004-Z3,E-31,employee,badge_swipe,True,2026-07-30 14:22:07
FAC-001-Z2,E-8,employee,badge_swipe,True,2026-07-30 14:37:07
FAC-001-Z3,E-22,employee,motion,,2026-07-30 14:37:07
FAC-004-Z3,E-33,employee,badge_swipe,True,2026-07-30 14:37:07
FAC-001-Z2,E-3,employee,motion,,2026-07-30 14:37:07
FAC-004-Z2,E-32,employee,badge_swipe,True,2026-07-30 14:37:07
FAC-001-Z3,V-9,visitor,motion,,2026-07-30 14:52:07
FAC-001-Z2,E-3,employee,motion,,2026-07-30 14:52:07
FAC-004-Z1,E-50,employee,motion,,2026-07-30 14:52:07
FAC-001-Z2,E-35,employee,motion,,2026-07-30 14:52:07
FAC-002-Z2,E-8,employee,badge_swipe,True,2026-07-30 14:52:07
FAC-004-Z1,E-48,employee,motion,,2026-07-30 14:52:07
FAC-001-Z3,V-3,visitor,motion,,2026-07-30 14:52:07
FAC-003-Z3,E-30,employee,motion,,2026-07-30 14:52:07
FAC-001-Z2,E-48,employee,motion,,2026-07-30 14:52:07
FAC-001-Z2,V-8,visitor,motion,,2026-07-30 14:52:07
FAC-004-Z2,E-36,employee,motion,,2026-07-30 14:52:07
FAC-004-Z2,E-34,employee,motion,,2026-07-30 14:52:07
FAC-003-Z1,E-50,employee,motion,,2026-07-30 14:52:07
FAC-002-Z2,V-2,visitor,badge_swipe,True,2026-07-30 14:52:07
FAC-003-Z2,E-6,employee,motion,,2026-07-30 14:52:07
FAC-001-Z3,E-35,employee,motion,,2026-07-30 15:07:07
FAC-005-Z1,E-37,employee,motion,,2026-07-30 15:07:07
FAC-002-Z3,E-43,employee,motion,,2026-07-30 15:07:07
FAC-002-Z2,E-29,employee,badge_swipe,True,2026-07-30 15:07:07
FAC-004-Z1,E-9,employee,badge_swipe,True,2026-07-30 15:07:07
FAC-001-Z2,E-28,employee,motion,,2026-07-30 15:07:07
FAC-002-Z3,E-17,employee,badge_swipe,True,2026-07-30 15:07:07
FAC-005-Z2,V-1,visitor,motion,,2026-07-30 15:07:07
FAC-001-Z3,E-15,employee,motion,,2026-07-30 15:07:07
FAC-002-Z3,E-30,employee,badge_swipe,True,2026-07-30 15:07:07
FAC-005-Z1,E-38,employee,motion,,2026-07-30 15:07:07
FAC-001-Z3,E-24,employee,badge_swipe,True,2026-07-30 15:07:07
FAC-001-Z2,E-21,employee,motion,,2026-07-30 15:07:07
FAC-003-Z1,E-24,employee,motion,,2026-07-30 15:07:07
FAC-002-Z2,E-43,employee,badge_swipe,True,2026-07-30 15:07:07
FAC-002-Z3,E-6,employee,badge_swipe,False,2026-07-30 15:07:07
FAC-003-Z1,E-4,employee,badge_swipe,True,2026-07-30 15:07:07
FAC-003-Z1,V-7,visitor,badge_swipe,True,2026-07-30 15:07:07
FAC-003-Z1,E-24,employee,motion,,2026-07-30 15:07:07
FAC-004-Z3,E-43,employee,badge_swipe,True,2026-07-30 15:22:07
FAC-004-Z3,E-5,employee,motion,,2026-07-30 15:22:07
FAC-005-Z1,E-6,employee,motion,,2026-07-30 15:22:07
FAC-001-Z2,E-38,employee,motion,,2026-07-30 15:22:07
FAC-002-Z1,E-5,employee,motion,,2026-07-30 15:22:07
FAC-001-Z1,E-44,employee,badge_swipe,True,2026-07-30 15:22:07
FAC-001-Z1,E-34,employee,motion,,2026-07-30 15:22:07
FAC-002-Z1,E-30,employee,badge_swipe,True,2026-07-30 15:22:07
FAC-003-Z3,E-12,employee,badge_swipe,True,2026-07-30 15:22:07
FAC-005-Z3,V-9,visitor,badge_swipe,True,2026-07-30 15:22:07
FAC-005-Z1,E-9,employee,badge_swipe,True,2026-07-30 15:22:07
FAC-002-Z3,E-2,employee,badge_swipe,True,2026-07-30 15:22:07
FAC-001-Z1,E-23,employee,motion,,2026-07-30 15:22:07
FAC-002-Z1,E-37,employee,badge_swipe,True,2026-07-30 15:22:07
FAC-004-Z1,E-33,employee,badge_swipe,True,2026-07-30 15:22:07
FAC-003-Z2,E-26,employee,badge_swipe,True,2026-07-30 15:22:07
FAC-001-Z3,E-42,employee,motion,,2026-07-30 15:22:07
FAC-004-Z2,E-27,employee,badge_swipe,True,2026-07-30 15:22:07
FAC-003-Z1,E-36,employee,badge_swipe,True,2026-07-30 15:22:07
FAC-002-Z3,E-16,employee,motion,,2026-07-30 15:22:07
FAC-001-Z2,E-45,employee,motion,,2026-07-30 15:37:07
FAC-004-Z3,E-19,employee,badge_swipe,True,2026-07-30 15:37:07
FAC-002-Z3,E-28,employee,motion,,2026-07-30 15:37:07
FAC-001-Z3,V-4,visitor,motion,,2026-07-30 15:37:07
FAC-004-Z2,E-4,employee,badge_swipe,True,2026-07-30 15:37:07
FAC-003-Z3,E-48,employee,badge_swipe,True,2026-07-30 15:37:07
FAC-001-Z3,E-50,employee,motion,,2026-07-30 15:37:07
FAC-004-Z2,E-50,employee,badge_swipe,True,2026-07-30 15:37:07
FAC-002-Z2,E-23,employee,motion,,2026-07-30 15:37:07
FAC-003-Z2,E-18,employee,badge_swipe,True,2026-07-30 15:37:07
FAC-005-Z2,V-9,visitor,motion,,2026-07-30 15:37:07
FAC-004-Z3,E-9,employee,motion,,2026-07-30 15:37:07
FAC-005-Z2,E-33,employee,motion,,2026-07-30 15:37:07
FAC-002-Z2,V-1,visitor,motion,,2026-07-30 15:37:07
FAC-001-Z3,E-45,employee,motion,,2026-07-30 15:37:07
FAC-003-Z1,E-2,employee,badge_swipe,True,2026-07-30 15:37:07
FAC-002-Z2,E-17,employee,motion,,2026-07-30 15:37:07
FAC-003-Z1,E-3,employee,motion,,2026-07-30 15:37:07
FAC-004-Z3,E-7,employee,motion,,2026-07-30 15:37:07
FAC-004-Z1,E-38,employee,motion,,2026-07-30 15:52:07
FAC-002-Z1,E-2,employee,badge_swipe,True,2026-07-30 15:52:07
FAC-004-Z3,E-22,employee,motion,,2026-07-30 15:52:07
FAC-005-Z3,E-50,employee,badge_swipe,False,2026-07-30 15:52:07
FAC-001-Z3,E-46,employee,motion,,2026-07-30 15:52:07
FAC-005-Z1,E-36,employee,motion,,2026-07-30 15:52:07
FAC-004-Z3,E-24,employee,motion,,2026-07-30 15:52:07
FAC-003-Z3,E-35,employee,badge_swipe,True,2026-07-30 15:52:07
FAC-004-Z3,E-1,employee,badge_swipe,True,2026-07-30 15:52:07
FAC-002-Z2,E-46,employee,badge_swipe,True,2026-07-30 16:07:07
FAC-004-Z1,E-1,employee,motion,,2026-07-30 16:07:07
FAC-005-Z1,E-1,employee,motion,,2026-07-30 16:07:07
FAC-003-Z2,E-20,employee,badge_swipe,True,2026-07-30 16:07:07
FAC-003-Z2,E-39,employee,motion,,2026-07-30 16:07:07
FAC-004-Z2,E-31,employee,badge_swipe,True,2026-07-30 16:07:07
FAC-004-Z1,E-23,employee,motion,,2026-07-30 16:07:07
FAC-001-Z3,E-25,employee,motion,,2026-07-30 16:07:07
FAC-003-Z2,E-35,employee,motion,,2026-07-30 16:07:07
FAC-002-Z1,E-18,employee,badge_swipe,True,2026-07-30 16:07:07
FAC-001-Z2,E-28,employee,motion,,2026-07-30 16:07:07
FAC-004-Z3,E-37,employee,badge_swipe,True,2026-07-30 16:22:07
FAC-003-Z2,E-4,employee,motion,,2026-07-30 16:22:07
FAC-001-Z2,E-45,employee,badge_swipe,True,2026-07-30 16:22:07
FAC-005-Z1,E-14,employee,badge_swipe,True,2026-07-30 16:22:07
FAC-004-Z1,E-28,employee,badge_swipe,True,2026-07-30 16:22:07
FAC-001-Z3,E-26,employee,badge_swipe,True,2026-07-30 16:22:07
FAC-004-Z2,E-47,employee,motion,,2026-07-30 16:22:07
FAC-005-Z3,E-5,employee,badge_swipe,True,2026-07-30 16:22:07
FAC-001-Z3,E-45,employee,motion,,2026-07-30 16:22:07
FAC-005-Z2,E-38,employee,motion,,2026-07-30 16:22:07
FAC-002-Z1,E-24,employee,motion,,2026-07-30 16:22:07
FAC-003-Z3,V-6,visitor,motion,,2026-07-30 16:22:07
FAC-002-Z2,V-2,visitor,badge_swipe,True,2026-07-30 16:22:07
FAC-001-Z3,E-46,employee,badge_swipe,True,2026-07-30 16:22:07
FAC-004-Z2,E-38,employee,badge_swipe,True,2026-07-30 16:22:07
FAC-005-Z2,V-1,visitor,motion,,2026-07-30 16:22:07
FAC-005-Z2,E-44,employee,motion,,2026-07-30 16:22:07
FAC-001-Z1,E-43,employee,motion,,2026-07-30 16:22:07
FAC-004-Z1,E-9,employee,motion,,2026-07-30 16:37:07
FAC-004-Z1,E-18,employee,badge_swipe,True,2026-07-30 16:37:07
FAC-004-Z2,E-40,employee,motion,,2026-07-30 16:37:07
FAC-004-Z1,E-11,employee,motion,,2026-07-30 16:37:07
FAC-005-Z1,V-5,visitor,badge_swipe,True,2026-07-30 16:37:07
FAC-003-Z3,E-17,employee,motion,,2026-07-30 16:37:07
FAC-002-Z2,E-49,employee,motion,,2026-07-30 16:37:07
FAC-002-Z1,E-24,employee,motion,,2026-07-30 16:52:07
FAC-001-Z3,V-1,visitor,motion,,2026-07-30 16:52:07
FAC-004-Z1,E-32,employee,motion,,2026-07-30 16:52:07
FAC-005-Z3,E-2,employee,badge_swipe,True,2026-07-30 16:52:07
FAC-002-Z1,E-13,employee,motion,,2026-07-30 16:52:07
FAC-003-Z1,E-28,employee,badge_swipe,True,2026-07-30 16:52:07
FAC-003-Z2,E-11,employee,badge_swipe,True,2026-07-30 16:52:07
FAC-005-Z3,E-15,employee,motion,,2026-07-30 16:52:07
FAC-003-Z2,E-26,employee,badge_swipe,True,2026-07-30 16:52:07
FAC-002-Z1,E-42,employee,badge_swipe,True,2026-07-30 16:52:07
FAC-005-Z2,E-14,employee,badge_swipe,True,2026-07-30 16:52:07
FAC-002-Z2,E-26,employee,badge_swipe,True,2026-07-30 16:52:07
FAC-004-Z3,E-21,employee,badge_swipe,True,2026-07-30 16:52:07
FAC-003-Z1,E-25,employee,badge_swipe,True,2026-07-30 16:52:07
FAC-004-Z2,E-3,employee,badge_swipe,True,2026-07-30 16:52:07
FAC-003-Z3,E-41,employee,badge_swipe,True,2026-07-30 16:52:07
FAC-003-Z2,E-38,employee,motion,,2026-07-30 16:52:07
FAC-005-Z2,E-33,employee,badge_swipe,True,2026-07-30 16:52:07
FAC-004-Z2,E-23,employee,badge_swipe,True,2026-07-30 17:07:07
FAC-003-Z3,V-8,visitor,motion,,2026-07-30 17:07:07
FAC-005-Z2,E-35,employee,badge_swipe,True,2026-07-30 17:07:07
FAC-003-Z2,E-22,employee,motion,,2026-07-30 17:07:07
FAC-003-Z3,E-16,employee,badge_swipe,True,2026-07-30 17:07:07
FAC-003-Z3,E-43,employee,motion,,2026-07-30 17:07:07
FAC-001-Z2,E-2,employee,motion,,2026-07-30 17:22:07
FAC-005-Z3,E-28,employee,badge_swipe,True,2026-07-30 17:22:07
FAC-002-Z3,E-15,employee,motion,,2026-07-30 17:22:07
FAC-003-Z1,E-43,employee,badge_swipe,True,2026-07-30 17:22:07
FAC-002-Z3,E-32,employee,badge_swipe,True,2026-07-30 17:22:07
FAC-001-Z2,E-31,employee,badge_swipe,True,2026-07-30 17:22:07
FAC-004-Z1,E-11,employee,motion,,2026-07-30 17:22:07
FAC-005-Z3,E-31,employee,badge_swipe,True,2026-07-30 17:22:07
FAC-002-Z2,E-37,employee,badge_swipe,False,2026-07-30 17:22:07
FAC-001-Z3,E-3,employee,badge_swipe,True,2026-07-30 17:22:07
FAC-005-Z2,E-24,employee,badge_swipe,True,2026-07-30 17:37:07
FAC-003-Z2,E-33,employee,badge_swipe,True,2026-07-30 17:37:07
FAC-004-Z1,E-7,employee,badge_swipe,True,2026-07-30 17:37:07
FAC-001-Z2,E-38,employee,motion,,2026-07-30 17:37:07
FAC-001-Z3,E-44,employee,motion,,2026-07-30 17:37:07
FAC-002-Z3,E-18,employee,badge_swipe,True,2026-07-30 17:52:07
FAC-002-Z2,E-20,employee,motion,,2026-07-30 17:52:07
FAC-004-Z2,E-41,employee,motion,,2026-07-30 17:52:07
FAC-004-Z3,V-7,visitor,badge_swipe,True,2026-07-30 17:52:07
FAC-003-Z3,E-39,employee,badge_swipe,True,2026-07-30 17:52:07
FAC-003-Z1,E-24,employee,motion,,2026-07-30 17:52:07
FAC-005-Z1,E-39,employee,badge_swipe,True,2026-07-30 17:52:07
FAC-004-Z3,E-31,employee,badge_swipe,True,2026-07-30 17:52:07
FAC-001-Z3,E-5,employee,badge_swipe,True,2026-07-30 17:52:07
FAC-003-Z2,E-37,employee,badge_swipe,True,2026-07-30 17:52:07
FAC-001-Z1,E-6,employee,motion,,2026-07-30 17:52:07
FAC-004-Z2,V-8,visitor,motion,,2026-07-30 17:52:07
FAC-005-Z2,E-15,employee,badge_swipe,True,2026-07-30 17:52:07
FAC-004-Z1,E-3,employee,motion,,2026-07-30 17:52:07
FAC-001-Z3,V-2,visitor,motion,,2026-07-30 17:52:07
FAC-003-Z3,E-34,employee,motion,,2026-07-30 17:52:07
FAC-005-Z2,E-32,employee,motion,,2026-07-30 18:07:07
FAC-004-Z1,E-7,employee,badge_swipe,True,2026-07-30 18:07:07
FAC-003-Z2,E-50,employee,motion,,2026-07-30 18:07:07
FAC-003-Z2,E-8,employee,motion,,2026-07-30 18:07:07
FAC-002-Z1,E-20,employee,motion,,2026-07-30 18:07:07
FAC-004-Z1,E-44,employee,badge_swipe,True,2026-07-30 18:07:07
FAC-004-Z2,E-48,employee,motion,,2026-07-30 18:07:07
FAC-005-Z2,E-24,employee,badge_swipe,True,2026-07-30 18:07:07
FAC-001-Z3,E-36,employee,motion,,2026-07-30 18:22:07
FAC-003-Z2,E-13,employee,badge_swipe,True,2026-07-30 18:22:07
FAC-001-Z3,E-29,employee,motion,,2026-07-30 18:22:07
FAC-003-Z1,E-21,employee,motion,,2026-07-30 18:22:07
FAC-002-Z3,E-5,employee,badge_swipe,True,2026-07-30 18:22:07
FAC-001-Z3,E-1,employee,motion,,2026-07-30 18:22:07
FAC-004-Z2,E-18,employee,badge_swipe,True,2026-07-30 18:22:07
FAC-005-Z2,E-1,employee,motion,,2026-07-30 18:22:07
FAC-002-Z2,E-12,employee,badge_swipe,True,2026-07-30 18:22:07
FAC-003-Z3,E-43,employee,motion,,2026-07-30 18:22:07
FAC-004-Z2,E-25,employee,motion,,2026-07-30 18:22:07
FAC-004-Z1,E-13,employee,motion,,2026-07-30 18:37:07
FAC-004-Z3,E-7,employee,motion,,2026-07-30 18:37:07
FAC-002-Z1,E-10,employee,motion,,2026-07-30 18:37:07
FAC-005-Z2,E-32,employee,badge_swipe,True,2026-07-30 18:37:07
FAC-002-Z1,E-50,employee,badge_swipe,True,2026-07-30 18:37:07
FAC-005-Z2,E-48,employee,motion,,2026-07-30 18:37:07
FAC-001-Z3,V-7,visitor,motion,,2026-07-30 18:37:07
FAC-001-Z1,E-5,employee,badge_swipe,True,2026-07-30 18:37:07
FAC-004-Z1,E-40,employee,badge_swipe,True,2026-07-30 18:37:07
FAC-003-Z3,E-40,employee,motion,,2026-07-30 18:37:07
FAC-001-Z3,E-10,employee,badge_swipe,True,2026-07-30 18:37:07
FAC-005-Z1,E-32,employee,badge_swipe,True,2026-07-30 18:37:07
FAC-001-Z2,E-14,employee,motion,,2026-07-30 18:37:07
FAC-001-Z2,E-42,employee,motion,,2026-07-30 18:37:07
FAC-003-Z1,E-18,employee,motion,,2026-07-30 18:37:07
FAC-001-Z2,E-19,employee,badge_swipe,True,2026-07-30 18:52:07
FAC-005-Z3,E-25,employee,motion,,2026-07-30 18:52:07
FAC-005-Z3,E-8,employee,badge_swipe,True,2026-07-30 18:52:07
FAC-005-Z2,E-42,employee,motion,,2026-07-30 18:52:07
FAC-001-Z1,V-5,visitor,badge_swipe,True,2026-07-30 18:52:07
FAC-004-Z2,E-40,employee,motion,,2026-07-30 18:52:07
FAC-001-Z1,E-14,employee,badge_swipe,True,2026-07-30 18:52:07
FAC-005-Z3,E-37,employee,badge_swipe,True,2026-07-30 18:52:07
FAC-001-Z3,E-8,employee,motion,,2026-07-30 18:52:07
FAC-003-Z3,E-32,employee,motion,,2026-07-30 18:52:07
FAC-002-Z3,E-3,employee,motion,,2026-07-30 18:52:07
FAC-001-Z3,E-35,employee,motion,,2026-07-30 18:52:07
FAC-001-Z3,E-2,employee,motion,,2026-07-30 18:52:07
FAC-001-Z2,E-6,employee,badge_swipe,True,2026-07-30 19:07:07
FAC-005-Z1,E-47,employee,motion,,2026-07-30 19:07:07
FAC-002-Z3,E-41,employee,badge_swipe,True,2026-07-30 19:07:07
FAC-002-Z2,E-19,employee,badge_swipe,True,2026-07-30 19:52:07
FAC-003-Z3,E-48,employee,motion,,2026-07-30 19:52:07
FAC-004-Z1,E-17,employee,motion,,2026-07-30 19:52:07
FAC-004-Z1,E-41,employee,badge_swipe,True,2026-07-30 20:07:07
FAC-003-Z2,E-46,employee,motion,,2026-07-30 20:07:07
FAC-004-Z2,E-22,employee,badge_swipe,True,2026-07-30 20:07:07
FAC-004-Z1,E-48,employee,badge_swipe,True,2026-07-30 20:22:07
FAC-002-Z3,E-35,employee,badge_swipe,True,2026-07-30 20:37:07
FAC-003-Z1,E-49,employee,motion,,2026-07-30 21:07:07
FAC-005-Z3,E-29,employee,badge_swipe,True,2026-07-30 21:07:07
FAC-003-Z3,E-6,employee,badge_swipe,True,2026-07-30 21:22:07
FAC-002-Z2,E-20,employee,motion,,2026-07-30 21:22:07
FAC-004-Z3,V-1,visitor,motion,,2026-07-30 21:22:07
FAC-004-Z2,E-28,employee,motion,,2026-07-30 21:37:07
FAC-003-Z2,V-7,visitor,badge_swipe,True,2026-07-30 21:37:07
FAC-001-Z2,V-9,visitor,motion,,2026-07-30 21:52:07
FAC-001-Z1,E-37,employee,motion,,2026-07-30 22:07:07
FAC-005-Z1,E-38,employee,badge_swipe,True,2026-07-30 22:07:07
FAC-001-Z1,E-24,employee,motion,,2026-07-30 22:22:07
FAC-004-Z2,E-19,employee,badge_swipe,True,2026-07-30 22:22:07
FAC-004-Z2,E-20,employee,motion,,2026-07-30 22:37:07
FAC-004-Z1,E-7,employee,badge_swipe,False,2026-07-30 22:37:07
FAC-002-Z3,V-2,visitor,badge_swipe,True,2026-07-30 22:37:07
FAC-005-Z1,E-27,employee,motion,,2026-07-30 22:52:07
FAC-004-Z1,E-17,employee,motion,,2026-07-30 23:07:07
FAC-003-Z1,E-10,employee,badge_swipe,True,2026-07-30 23:07:07
FAC-005-Z1,E-4,employee,motion,,2026-07-30 23:37:07
FAC-001-Z2,E-31,employee,badge_swipe,True,2026-07-30 23:37:07
FAC-003-Z2,V-6,visitor,badge_swipe,True,2026-07-30 23:37:07
FAC-002-Z3,E-18,employee,badge_swipe,True,2026-07-30 23:52:07
FAC-002-Z3,V-5,visitor,motion,,2026-07-31 00:07:07
FAC-005-Z2,E-33,employee,motion,,2026-07-31 00:07:07
FAC-004-Z3,E-31,employee,badge_swipe,True,2026-07-31 00:07:07
FAC-005-Z1,E-19,employee,badge_swipe,True,2026-07-31 00:22:07
FAC-005-Z1,E-40,employee,badge_swipe,False,2026-07-31 01:07:07
FAC-004-Z1,E-50,employee,motion,,2026-07-31 01:22:07
FAC-002-Z1,E-32,employee,motion,,2026-07-31 01:37:07
FAC-001-Z2,E-31,employee,badge_swipe,True,2026-07-31 01:52:07
FAC-004-Z2,E-19,employee,badge_swipe,True,2026-07-31 02:07:07
FAC-003-Z1,E-28,employee,badge_swipe,True,2026-07-31 02:07:07
FAC-001-Z3,E-18,employee,motion,,2026-07-31 02:22:07
FAC-003-Z2,V-3,visitor,motion,,2026-07-31 02:37:07
FAC-004-Z2,E-43,employee,motion,,2026-07-31 02:37:07
FAC-003-Z2,E-45,employee,motion,,2026-07-31 04:07:07
FAC-004-Z1,E-18,employee,motion,,2026-07-31 04:07:07
FAC-004-Z2,E-22,employee,badge_swipe,True,2026-07-31 04:37:07
FAC-001-Z1,E-8,employee,motion,,2026-07-31 04:52:07
FAC-004-Z3,E-27,employee,motion,,2026-07-31 05:07:07
FAC-005-Z1,E-42,employee,motion,,2026-07-31 05:07:07
FAC-002-Z3,E-7,employee,motion,,2026-07-31 05:07:07
FAC-002-Z3,V-1,visitor,motion,,2026-07-31 05:22:07
FAC-004-Z2,E-39,employee,motion,,2026-07-31 05:22:07
FAC-004-Z1,E-50,employee,motion,,2026-07-31 05:22:07
FAC-005-Z2,E-25,employee,motion,,2026-07-31 05:37:07
FAC-001-Z3,E-3,employee,motion,,2026-07-31 05:37:07
FAC-001-Z3,E-19,employee,badge_swipe,True,2026-07-31 05:52:07
FAC-004-Z2,E-39,employee,badge_swipe,True,2026-07-31 05:52:07
FAC-002-Z1,E-6,employee,motion,,2026-07-31 05:52:07
FAC-002-Z1,E-10,employee,badge_swipe,True,2026-07-31 06:07:07
FAC-004-Z1,E-42,employee,badge_swipe,True,2026-07-31 06:07:07
FAC-004-Z1,E-39,employee,badge_swipe,True,2026-07-31 06:07:07
FAC-002-Z2,E-17,employee,badge_swipe,True,2026-07-31 06:37:07
FAC-001-Z1,E-45,employee,badge_swipe,True,2026-07-31 06:37:07
FAC-005-Z1,E-14,employee,motion,,2026-07-31 06:52:07
FAC-005-Z2,E-27,employee,motion,,2026-07-31 06:52:07
FAC-004-Z2,E-11,employee,motion,,2026-07-31 06:52:07
FAC-001-Z2,E-31,employee,badge_swipe,True,2026-07-31 07:07:07
FAC-002-Z3,V-2,visitor,motion,,2026-07-31 07:07:07
FAC-003-Z2,E-12,employee,badge_swipe,True,2026-07-31 07:22:07
FAC-001-Z2,E-28,employee,badge_swipe,True,2026-07-31 07:37:07
FAC-003-Z1,E-47,employee,motion,,2026-07-31 07:37:07
FAC-002-Z1,E-23,employee,badge_swipe,False,2026-07-31 07:37:07
FAC-001-Z1,E-14,employee,badge_swipe,True,2026-07-31 07:52:07
FAC-001-Z3,E-13,employee,motion,,2026-07-31 08:07:07
FAC-002-Z2,E-9,employee,motion,,2026-07-31 08:07:07
FAC-002-Z3,E-41,employee,badge_swipe,True,2026-07-31 08:07:07
FAC-003-Z1,E-18,employee,motion,,2026-07-31 08:07:07
FAC-002-Z1,E-46,employee,motion,,2026-07-31 08:07:07
FAC-005-Z2,E-24,employee,motion,,2026-07-31 08:07:07
FAC-003-Z2,E-17,employee,motion,,2026-07-31 08:07:07
FAC-004-Z2,E-21,employee,motion,,2026-07-31 08:07:07
FAC-002-Z3,E-44,employee,badge_swipe,True,2026-07-31 08:07:07
FAC-004-Z1,E-16,employee,motion,,2026-07-31 08:07:07
FAC-004-Z3,E-42,employee,motion,,2026-07-31 08:07:07
FAC-005-Z1,E-50,employee,badge_swipe,True,2026-07-31 08:07:07
FAC-003-Z2,E-45,employee,motion,,2026-07-31 08:22:07
FAC-002-Z1,E-11,employee,motion,,2026-07-31 08:22:07
FAC-003-Z2,V-1,visitor,motion,,2026-07-31 08:22:07
FAC-005-Z1,E-9,employee,motion,,2026-07-31 08:22:07
FAC-003-Z2,E-46,employee,motion,,2026-07-31 08:22:07
FAC-004-Z3,E-7,employee,badge_swipe,True,2026-07-31 08:22:07
FAC-005-Z3,E-49,employee,motion,,2026-07-31 08:22:07
FAC-004-Z3,V-5,visitor,motion,,2026-07-31 08:22:07
FAC-004-Z1,E-3,employee,badge_swipe,True,2026-07-31 08:22:07
FAC-005-Z2,E-49,employee,motion,,2026-07-31 08:22:07
FAC-005-Z2,E-5,employee,motion,,2026-07-31 08:22:07
FAC-002-Z2,E-43,employee,badge_swipe,True,2026-07-31 08:22:07
FAC-001-Z2,E-47,employee,motion,,2026-07-31 08:22:07
FAC-002-Z2,E-37,employee,badge_swipe,True,2026-07-31 08:37:07
FAC-005-Z2,E-26,employee,badge_swipe,True,2026-07-31 08:37:07
FAC-002-Z3,E-48,employee,badge_swipe,True,2026-07-31 08:37:07
FAC-004-Z3,E-3,employee,badge_swipe,True,2026-07-31 08:37:07
FAC-002-Z1,E-4,employee,motion,,2026-07-31 08:37:07
FAC-001-Z3,E-48,employee,motion,,2026-07-31 08:52:07
FAC-002-Z3,E-25,employee,badge_swipe,True,2026-07-31 08:52:07
FAC-003-Z3,E-49,employee,badge_swipe,True,2026-07-31 08:52:07
FAC-001-Z1,E-2,employee,motion,,2026-07-31 08:52:07
FAC-003-Z2,E-48,employee,motion,,2026-07-31 08:52:07
FAC-004-Z2,V-3,visitor,motion,,2026-07-31 08:52:07
FAC-005-Z1,E-23,employee,badge_swipe,True,2026-07-31 08:52:07
FAC-001-Z2,E-30,employee,badge_swipe,True,2026-07-31 08:52:07
FAC-005-Z1,E-28,employee,motion,,2026-07-31 08:52:07
FAC-004-Z1,E-15,employee,badge_swipe,True,2026-07-31 08:52:07
FAC-001-Z2,E-38,employee,badge_swipe,True,2026-07-31 09:07:07
FAC-004-Z2,E-28,employee,badge_swipe,True,2026-07-31 09:07:07
FAC-004-Z3,E-11,employee,motion,,2026-07-31 09:07:07
FAC-002-Z1,E-28,employee,motion,,2026-07-31 09:07:07
FAC-001-Z2,E-36,employee,badge_swipe,True,2026-07-31 09:07:07
FAC-004-Z1,E-44,employee,badge_swipe,True,2026-07-31 09:07:07
FAC-003-Z2,E-6,employee,motion,,2026-07-31 09:22:07
FAC-001-Z1,E-50,employee,motion,,2026-07-31 09:22:07
FAC-002-Z3,E-35,employee,motion,,2026-07-31 09:22:07
FAC-005-Z1,E-46,employee,badge_swipe,True,2026-07-31 09:22:07
FAC-004-Z1,E-44,employee,badge_swipe,True,2026-07-31 09:22:07
FAC-005-Z1,E-45,employee,motion,,2026-07-31 09:22:07
FAC-001-Z1,E-21,employee,badge_swipe,True,2026-07-31 09:37:07
FAC-005-Z1,E-15,employee,badge_swipe,True,2026-07-31 09:37:07
FAC-004-Z2,E-2,employee,motion,,2026-07-31 09:37:07
FAC-001-Z1,E-17,employee,badge_swipe,True,2026-07-31 09:37:07
FAC-002-Z2,E-39,employee,badge_swipe,True,2026-07-31 09:37:07
FAC-005-Z2,E-26,employee,motion,,2026-07-31 09:37:07
FAC-005-Z3,E-5,employee,badge_swipe,True,2026-07-31 09:37:07
FAC-004-Z3,E-50,employee,motion,,2026-07-31 09:37:07
FAC-004-Z2,E-25,employee,motion,,2026-07-31 09:52:07
FAC-004-Z2,E-15,employee,badge_swipe,True,2026-07-31 09:52:07
FAC-001-Z1,E-8,employee,badge_swipe,True,2026-07-31 09:52:07
FAC-005-Z1,E-46,employee,motion,,2026-07-31 09:52:07
FAC-005-Z2,E-30,employee,badge_swipe,True,2026-07-31 09:52:07
FAC-003-Z2,E-19,employee,badge_swipe,True,2026-07-31 09:52:07
FAC-004-Z3,E-33,employee,motion,,2026-07-31 10:07:07
FAC-004-Z2,E-1,employee,badge_swipe,True,2026-07-31 10:07:07
FAC-002-Z2,E-13,employee,motion,,2026-07-31 10:07:07
FAC-002-Z3,E-20,employee,motion,,2026-07-31 10:07:07
FAC-005-Z3,E-42,employee,motion,,2026-07-31 10:07:07
FAC-002-Z3,V-1,visitor,motion,,2026-07-31 10:07:07
FAC-004-Z2,E-13,employee,badge_swipe,True,2026-07-31 10:07:07
FAC-003-Z1,E-12,employee,badge_swipe,True,2026-07-31 10:07:07
FAC-002-Z3,E-22,employee,motion,,2026-07-31 10:07:07
FAC-003-Z2,E-46,employee,motion,,2026-07-31 10:07:07
FAC-001-Z2,E-47,employee,badge_swipe,False,2026-07-31 10:07:07
FAC-001-Z2,E-29,employee,badge_swipe,True,2026-07-31 10:07:07
FAC-001-Z1,E-27,employee,badge_swipe,True,2026-07-31 10:07:07
FAC-002-Z3,E-16,employee,motion,,2026-07-31 10:22:07
FAC-002-Z2,E-42,employee,badge_swipe,True,2026-07-31 10:22:07
FAC-003-Z1,E-26,employee,badge_swipe,True,2026-07-31 10:22:07
FAC-005-Z2,E-40,employee,badge_swipe,True,2026-07-31 10:22:07
FAC-001-Z3,V-6,visitor,motion,,2026-07-31 10:22:07
FAC-005-Z1,E-9,employee,badge_swipe,True,2026-07-31 10:22:07
FAC-001-Z1,E-31,employee,badge_swipe,True,2026-07-31 10:22:07
FAC-005-Z1,E-2,employee,badge_swipe,True,2026-07-31 10:22:07
FAC-004-Z2,E-22,employee,motion,,2026-07-31 10:22:07
FAC-001-Z2,E-49,employee,motion,,2026-07-31 10:22:07
FAC-002-Z1,V-3,visitor,motion,,2026-07-31 10:22:07
FAC-001-Z1,E-31,employee,motion,,2026-07-31 10:22:07
FAC-002-Z2,E-38,employee,motion,,2026-07-31 10:22:07
FAC-004-Z1,E-27,employee,badge_swipe,True,2026-07-31 10:22:07
FAC-004-Z2,E-46,employee,badge_swipe,True,2026-07-31 10:37:07
FAC-003-Z1,E-10,employee,badge_swipe,True,2026-07-31 10:37:07
FAC-001-Z3,E-41,employee,motion,,2026-07-31 10:37:07
FAC-001-Z3,E-33,employee,motion,,2026-07-31 10:37:07
FAC-003-Z1,E-9,employee,badge_swipe,True,2026-07-31 10:37:07
FAC-005-Z2,E-33,employee,badge_swipe,True,2026-07-31 10:37:07
FAC-002-Z3,E-44,employee,badge_swipe,True,2026-07-31 10:37:07
FAC-004-Z2,E-11,employee,motion,,2026-07-31 10:37:07
FAC-005-Z1,E-19,employee,badge_swipe,True,2026-07-31 10:37:07
FAC-003-Z3,E-36,employee,motion,,2026-07-31 10:37:07
FAC-001-Z3,E-23,employee,motion,,2026-07-31 10:37:07
FAC-004-Z1,E-4,employee,motion,,2026-07-31 10:37:07
FAC-001-Z2,E-50,employee,badge_swipe,True,2026-07-31 10:37:07
FAC-002-Z1,E-19,employee,motion,,2026-07-31 10:37:07
FAC-001-Z3,E-17,employee,motion,,2026-07-31 10:37:07
FAC-003-Z2,E-27,employee,motion,,2026-07-31 10:37:07
FAC-001-Z1,E-34,employee,badge_swipe,True,2026-07-31 10:52:07
FAC-005-Z3,E-25,employee,badge_swipe,True,2026-07-31 10:52:07
FAC-002-Z3,E-11,employee,badge_swipe,True,2026-07-31 10:52:07
FAC-004-Z3,V-1,visitor,motion,,2026-07-31 10:52:07
FAC-002-Z3,E-28,employee,motion,,2026-07-31 10:52:07
FAC-003-Z2,E-35,employee,badge_swipe,True,2026-07-31 10:52:07
FAC-004-Z1,E-41,employee,motion,,2026-07-31 10:52:07
FAC-005-Z2,E-23,employee,motion,,2026-07-31 10:52:07
FAC-001-Z1,E-39,employee,motion,,2026-07-31 10:52:07
FAC-003-Z3,E-8,employee,badge_swipe,True,2026-07-31 10:52:07
FAC-005-Z2,E-50,employee,badge_swipe,True,2026-07-31 10:52:07
FAC-005-Z1,V-2,visitor,motion,,2026-07-31 10:52:07
FAC-004-Z3,V-3,visitor,motion,,2026-07-31 10:52:07
FAC-001-Z1,E-18,employee,motion,,2026-07-31 10:52:07
FAC-003-Z3,E-48,employee,motion,,2026-07-31 10:52:07
FAC-004-Z1,E-4,employee,badge_swipe,True,2026-07-31 10:52:07
FAC-003-Z3,E-46,employee,motion,,2026-07-31 10:52:07
FAC-001-Z2,E-48,employee,badge_swipe,True,2026-07-31 10:52:07
FAC-002-Z2,E-45,employee,motion,,2026-07-31 10:52:07
FAC-003-Z1,E-34,employee,badge_swipe,True,2026-07-31 10:52:07
FAC-001-Z3,E-48,employee,motion,,2026-07-31 11:07:07
FAC-004-Z1,E-5,employee,motion,,2026-07-31 11:07:07
FAC-005-Z2,E-40,employee,motion,,2026-07-31 11:07:07
FAC-005-Z3,E-44,employee,badge_swipe,True,2026-07-31 11:07:07
FAC-001-Z3,E-30,employee,motion,,2026-07-31 11:07:07
FAC-005-Z2,E-28,employee,motion,,2026-07-31 11:07:07
FAC-005-Z3,E-36,employee,motion,,2026-07-31 11:07:07
FAC-002-Z3,E-9,employee,badge_swipe,True,2026-07-31 11:07:07
FAC-001-Z2,E-19,employee,motion,,2026-07-31 11:07:07
FAC-004-Z3,E-48,employee,badge_swipe,True,2026-07-31 11:07:07
FAC-005-Z2,V-7,visitor,motion,,2026-07-31 11:07:07
FAC-004-Z1,E-37,employee,motion,,2026-07-31 11:07:07
FAC-001-Z1,E-48,employee,motion,,2026-07-31 11:07:07
FAC-001-Z2,E-37,employee,motion,,2026-07-31 11:07:07
FAC-005-Z2,E-15,employee,badge_swipe,True,2026-07-31 11:22:07
FAC-001-Z2,E-13,employee,motion,,2026-07-31 11:22:07
FAC-002-Z3,V-1,visitor,motion,,2026-07-31 11:22:07
FAC-005-Z1,E-3,employee,badge_swipe,True,2026-07-31 11:22:07
FAC-001-Z3,E-4,employee,motion,,2026-07-31 11:22:07
FAC-001-Z3,E-11,employee,badge_swipe,True,2026-07-31 11:22:07
FAC-002-Z3,E-43,employee,motion,,2026-07-31 11:22:07
FAC-004-Z1,E-35,employee,badge_swipe,True,2026-07-31 11:22:07
FAC-004-Z3,E-4,employee,badge_swipe,True,2026-07-31 11:22:07
FAC-005-Z3,E-33,employee,motion,,2026-07-31 11:22:07
FAC-002-Z3,E-47,employee,motion,,2026-07-31 11:22:07
FAC-005-Z1,E-10,employee,badge_swipe,True,2026-07-31 11:22:07
FAC-001-Z3,E-20,employee,badge_swipe,True,2026-07-31 11:22:07
FAC-005-Z2,E-10,employee,motion,,2026-07-31 11:22:07
FAC-002-Z1,E-30,employee,motion,,2026-07-31 11:22:07
FAC-004-Z2,E-15,employee,motion,,2026-07-31 11:22:07
FAC-003-Z1,E-19,employee,badge_swipe,True,2026-07-31 11:22:07
FAC-003-Z1,E-35,employee,badge_swipe,True,2026-07-31 11:22:07
FAC-005-Z2,E-40,employee,badge_swipe,True,2026-07-31 11:22:07
FAC-001-Z1,E-3,employee,motion,,2026-07-31 11:37:07
FAC-003-Z1,E-2,employee,badge_swipe,True,2026-07-31 11:37:07
FAC-002-Z2,E-43,employee,badge_swipe,True,2026-07-31 11:37:07
FAC-002-Z2,E-14,employee,motion,,2026-07-31 11:37:07
FAC-002-Z1,E-18,employee,motion,,2026-07-31 11:37:07
FAC-003-Z3,E-24,employee,badge_swipe,True,2026-07-31 11:37:07
FAC-004-Z1,E-4,employee,badge_swipe,True,2026-07-31 11:37:07
FAC-002-Z2,V-3,visitor,motion,,2026-07-31 11:37:07
FAC-003-Z1,E-14,employee,motion,,2026-07-31 11:37:07
FAC-004-Z1,E-26,employee,badge_swipe,True,2026-07-31 11:37:07
FAC-005-Z3,E-41,employee,badge_swipe,True,2026-07-31 11:37:07
FAC-003-Z3,E-33,employee,badge_swipe,True,2026-07-31 11:37:07
FAC-004-Z1,E-15,employee,motion,,2026-07-31 11:52:07
FAC-004-Z2,E-27,employee,badge_swipe,True,2026-07-31 11:52:07
FAC-002-Z1,E-10,employee,motion,,2026-07-31 11:52:07
FAC-001-Z3,E-31,employee,badge_swipe,True,2026-07-31 11:52:07
FAC-002-Z2,E-28,employee,motion,,2026-07-31 11:52:07
FAC-002-Z2,E-26,employee,motion,,2026-07-31 11:52:07
FAC-002-Z1,E-48,employee,badge_swipe,True,2026-07-31 11:52:07
FAC-004-Z1,E-8,employee,badge_swipe,True,2026-07-31 11:52:07
FAC-003-Z1,E-11,employee,badge_swipe,True,2026-07-31 11:52:07
FAC-004-Z2,V-2,visitor,badge_swipe,True,2026-07-31 11:52:07
FAC-002-Z3,V-7,visitor,motion,,2026-07-31 11:52:07
FAC-005-Z3,E-17,employee,motion,,2026-07-31 11:52:07
FAC-005-Z1,E-5,employee,motion,,2026-07-31 11:52:07
FAC-004-Z2,E-15,employee,badge_swipe,True,2026-07-31 11:52:07
FAC-003-Z3,E-5,employee,motion,,2026-07-31 11:52:07
FAC-003-Z2,E-37,employee,badge_swipe,True,2026-07-31 11:52:07
FAC-003-Z3,E-24,employee,badge_swipe,True,2026-07-31 11:52:07
FAC-002-Z2,E-43,employee,badge_swipe,True,2026-07-31 12:07:07
FAC-005-Z3,V-9,visitor,motion,,2026-07-31 12:07:07
FAC-001-Z2,E-31,employee,motion,,2026-07-31 12:07:07
FAC-001-Z1,E-16,employee,badge_swipe,True,2026-07-31 12:07:07
FAC-004-Z2,E-49,employee,badge_swipe,True,2026-07-31 12:07:07
FAC-003-Z1,E-42,employee,badge_swipe,True,2026-07-31 12:07:07
FAC-001-Z1,E-47,employee,motion,,2026-07-31 12:07:07
FAC-003-Z1,V-4,visitor,motion,,2026-07-31 12:22:07
FAC-002-Z1,E-46,employee,badge_swipe,True,2026-07-31 12:22:07
FAC-002-Z2,E-37,employee,badge_swipe,True,2026-07-31 12:22:07
FAC-005-Z1,E-38,employee,badge_swipe,True,2026-07-31 12:22:07
FAC-003-Z1,E-1,employee,badge_swipe,True,2026-07-31 12:22:07
FAC-005-Z1,E-18,employee,motion,,2026-07-31 12:22:07
FAC-001-Z2,E-29,employee,badge_swipe,True,2026-07-31 12:22:07
FAC-003-Z1,E-47,employee,badge_swipe,True,2026-07-31 12:22:07
FAC-002-Z1,E-29,employee,badge_swipe,True,2026-07-31 12:37:07
FAC-002-Z2,E-9,employee,badge_swipe,True,2026-07-31 12:37:07
FAC-001-Z2,E-33,employee,badge_swipe,True,2026-07-31 12:37:07
FAC-001-Z3,E-2,employee,badge_swipe,True,2026-07-31 12:37:07
FAC-002-Z1,E-26,employee,motion,,2026-07-31 12:37:07
FAC-002-Z1,E-41,employee,badge_swipe,False,2026-07-31 12:37:07
FAC-005-Z1,V-6,visitor,motion,,2026-07-31 12:37:07
FAC-002-Z3,E-17,employee,badge_swipe,True,2026-07-31 12:37:07
FAC-001-Z1,E-5,employee,motion,,2026-07-31 12:37:07
FAC-004-Z2,E-21,employee,motion,,2026-07-31 12:37:07
FAC-005-Z3,E-49,employee,badge_swipe,True,2026-07-31 12:37:07
FAC-005-Z2,E-28,employee,motion,,2026-07-31 12:37:07
FAC-004-Z2,E-3,employee,badge_swipe,False,2026-07-31 12:37:07
FAC-005-Z3,E-36,employee,badge_swipe,False,2026-07-31 12:37:07
FAC-005-Z3,E-40,employee,badge_swipe,True,2026-07-31 12:37:07
FAC-005-Z1,E-30,employee,badge_swipe,True,2026-07-31 12:37:07
FAC-001-Z2,E-33,employee,badge_swipe,True,2026-07-31 12:37:07
FAC-003-Z2,E-29,employee,motion,,2026-07-31 12:37:07
FAC-003-Z1,E-8,employee,motion,,2026-07-31 12:37:07
FAC-005-Z3,E-25,employee,badge_swipe,True,2026-07-31 12:37:07
FAC-002-Z1,E-1,employee,badge_swipe,True,2026-07-31 12:52:07
FAC-001-Z3,E-37,employee,badge_swipe,True,2026-07-31 12:52:07
FAC-001-Z3,E-39,employee,motion,,2026-07-31 12:52:07
FAC-004-Z2,E-1,employee,badge_swipe,True,2026-07-31 12:52:07
FAC-001-Z3,E-20,employee,motion,,2026-07-31 12:52:07
FAC-003-Z2,E-9,employee,badge_swipe,True,2026-07-31 12:52:07
FAC-001-Z2,E-50,employee,badge_swipe,True,2026-07-31 12:52:07
FAC-004-Z2,E-26,employee,motion,,2026-07-31 12:52:07
FAC-005-Z1,E-22,employee,badge_swipe,True,2026-07-31 12:52:07
FAC-004-Z2,V-2,visitor,badge_swipe,True,2026-07-31 12:52:07
FAC-001-Z3,E-28,employee,badge_swipe,True,2026-07-31 12:52:07
FAC-003-Z2,E-34,employee,motion,,2026-07-31 12:52:07
FAC-004-Z1,E-45,employee,motion,,2026-07-31 12:52:07
FAC-002-Z1,E-26,employee,badge_swipe,True,2026-07-31 13:07:07
FAC-002-Z1,E-12,employee,motion,,2026-07-31 13:07:07
FAC-002-Z1,E-26,employee,motion,,2026-07-31 13:07:07
FAC-003-Z2,V-7,visitor,motion,,2026-07-31 13:07:07
FAC-004-Z1,E-42,employee,badge_swipe,True,2026-07-31 13:07:07
FAC-002-Z1,E-45,employee,motion,,2026-07-31 13:07:07
FAC-001-Z2,E-13,employee,badge_swipe,True,2026-07-31 13:07:07
FAC-002-Z2,E-8,employee,motion,,2026-07-31 13:07:07
FAC-003-Z2,E-29,employee,badge_swipe,True,2026-07-31 13:07:07
FAC-005-Z2,E-41,employee,motion,,2026-07-31 13:07:07
FAC-003-Z1,E-20,employee,badge_swipe,True,2026-07-31 13:07:07
FAC-001-Z1,E-50,employee,badge_swipe,True,2026-07-31 13:07:07
FAC-005-Z2,E-25,employee,badge_swipe,True,2026-07-31 13:07:07
FAC-005-Z3,E-49,employee,badge_swipe,True,2026-07-31 13:07:07
FAC-003-Z3,E-2,employee,badge_swipe,True,2026-07-31 13:07:07
FAC-003-Z1,E-26,employee,badge_swipe,True,2026-07-31 13:07:07
FAC-002-Z1,E-41,employee,badge_swipe,True,2026-07-31 13:07:07
FAC-005-Z1,E-19,employee,badge_swipe,True,2026-07-31 13:07:07
FAC-004-Z3,E-28,employee,motion,,2026-07-31 13:22:07
FAC-002-Z3,E-25,employee,badge_swipe,True,2026-07-31 13:22:07
FAC-005-Z1,E-46,employee,badge_swipe,True,2026-07-31 13:22:07
FAC-001-Z2,E-10,employee,badge_swipe,True,2026-07-31 13:22:07
FAC-002-Z2,E-46,employee,motion,,2026-07-31 13:22:07
FAC-003-Z3,E-45,employee,badge_swipe,True,2026-07-31 13:22:07
FAC-005-Z2,E-21,employee,motion,,2026-07-31 13:22:07
FAC-005-Z3,E-20,employee,motion,,2026-07-31 13:22:07
FAC-002-Z2,E-30,employee,motion,,2026-07-31 13:22:07
FAC-004-Z2,E-11,employee,motion,,2026-07-31 13:22:07
FAC-005-Z2,E-15,employee,badge_swipe,True,2026-07-31 13:22:07
FAC-003-Z2,V-3,visitor,badge_swipe,True,2026-07-31 13:22:07
FAC-002-Z3,V-6,visitor,badge_swipe,True,2026-07-31 13:22:07
FAC-004-Z2,E-19,employee,badge_swipe,False,2026-07-31 13:22:07
FAC-002-Z3,E-31,employee,motion,,2026-07-31 13:22:07
FAC-005-Z1,E-43,employee,motion,,2026-07-31 13:22:07
FAC-004-Z2,E-6,employee,badge_swipe,True,2026-07-31 13:22:07
FAC-004-Z2,E-8,employee,motion,,2026-07-31 13:37:07
FAC-005-Z2,E-4,employee,badge_swipe,False,2026-07-31 13:37:07
FAC-005-Z2,E-5,employee,badge_swipe,True,2026-07-31 13:37:07
FAC-005-Z3,E-12,employee,badge_swipe,False,2026-07-31 13:37:07
FAC-004-Z3,E-26,employee,motion,,2026-07-31 13:37:07
FAC-004-Z3,E-46,employee,motion,,2026-07-31 13:37:07
FAC-002-Z3,E-7,employee,motion,,2026-07-31 13:37:07
FAC-002-Z3,E-17,employee,motion,,2026-07-31 13:37:07
FAC-003-Z3,E-21,employee,motion,,2026-07-31 13:37:07
FAC-003-Z1,E-47,employee,badge_swipe,True,2026-07-31 13:37:07
FAC-002-Z2,E-34,employee,badge_swipe,True,2026-07-31 13:37:07
FAC-001-Z1,E-17,employee,badge_swipe,True,2026-07-31 13:37:07
FAC-002-Z3,E-27,employee,badge_swipe,True,2026-07-31 13:37:07
FAC-002-Z2,E-7,employee,badge_swipe,True,2026-07-31 13:52:07
FAC-003-Z1,E-29,employee,motion,,2026-07-31 13:52:07
FAC-001-Z1,E-39,employee,motion,,2026-07-31 13:52:07
FAC-003-Z1,E-41,employee,badge_swipe,True,2026-07-31 13:52:07
FAC-005-Z2,E-15,employee,motion,,2026-07-31 13:52:07
FAC-003-Z1,V-8,visitor,badge_swipe,True,2026-07-31 13:52:07
FAC-005-Z3,E-25,employee,motion,,2026-07-31 13:52:07
FAC-001-Z3,E-22,employee,motion,,2026-07-31 13:52:07
FAC-004-Z1,V-4,visitor,motion,,2026-07-31 13:52:07
FAC-001-Z2,E-19,employee,badge_swipe,True,2026-07-31 13:52:07
FAC-002-Z1,E-20,employee,badge_swipe,True,2026-07-31 13:52:07
FAC-005-Z2,E-6,employee,badge_swipe,True,2026-07-31 13:52:07
FAC-002-Z1,E-13,employee,badge_swipe,True,2026-07-31 13:52:07
FAC-002-Z2,E-40,employee,motion,,2026-07-31 13:52:07
FAC-002-Z3,V-7,visitor,motion,,2026-07-31 13:52:07
FAC-002-Z2,V-6,visitor,motion,,2026-07-31 13:52:07
FAC-005-Z3,E-35,employee,motion,,2026-07-31 13:52:07
FAC-004-Z2,E-46,employee,badge_swipe,True,2026-07-31 14:07:07
FAC-005-Z3,V-7,visitor,motion,,2026-07-31 14:07:07
FAC-001-Z3,E-13,employee,badge_swipe,True,2026-07-31 14:07:07
FAC-005-Z2,E-37,employee,motion,,2026-07-31 14:07:07
FAC-001-Z3,E-41,employee,motion,,2026-07-31 14:07:07
FAC-005-Z2,E-48,employee,motion,,2026-07-31 14:07:07
FAC-003-Z1,V-1,visitor,motion,,2026-07-31 14:07:07
FAC-005-Z2,E-43,employee,motion,,2026-07-31 14:07:07
FAC-003-Z1,E-1,employee,motion,,2026-07-31 14:07:07
FAC-005-Z3,E-2,employee,motion,,2026-07-31 14:07:07
FAC-004-Z2,E-24,employee,motion,,2026-07-31 14:07:07
FAC-002-Z3,E-41,employee,badge_swipe,True,2026-07-31 14:07:07
FAC-001-Z3,V-7,visitor,badge_swipe,True,2026-07-31 14:07:07
FAC-001-Z1,E-42,employee,motion,,2026-07-31 14:07:07
FAC-001-Z2,E-32,employee,motion,,2026-07-31 14:07:07
FAC-002-Z1,V-5,visitor,badge_swipe,True,2026-07-31 14:22:07
FAC-005-Z3,E-30,employee,badge_swipe,True,2026-07-31 14:22:07
FAC-002-Z2,E-27,employee,badge_swipe,True,2026-07-31 14:22:07
FAC-005-Z2,E-8,employee,badge_swipe,True,2026-07-31 14:22:07
FAC-004-Z2,V-4,visitor,badge_swipe,True,2026-07-31 14:22:07
FAC-005-Z1,E-41,employee,motion,,2026-07-31 14:22:07
FAC-003-Z2,E-23,employee,badge_swipe,True,2026-07-31 14:22:07
FAC-004-Z3,V-8,visitor,motion,,2026-07-31 14:22:07
FAC-001-Z2,E-46,employee,badge_swipe,True,2026-07-31 14:22:07
FAC-003-Z2,E-36,employee,badge_swipe,True,2026-07-31 14:22:07
FAC-003-Z2,E-28,employee,motion,,2026-07-31 14:22:07
FAC-004-Z1,E-7,employee,badge_swipe,True,2026-07-31 14:22:07
FAC-002-Z3,E-13,employee,badge_swipe,True,2026-07-31 14:22:07
FAC-003-Z2,E-38,employee,badge_swipe,True,2026-07-31 14:22:07
FAC-003-Z1,E-3,employee,badge_swipe,True,2026-07-31 14:22:07
FAC-001-Z3,E-47,employee,motion,,2026-07-31 14:22:07
FAC-002-Z1,V-7,visitor,badge_swipe,True,2026-07-31 14:22:07
FAC-004-Z2,E-22,employee,badge_swipe,True,2026-07-31 14:22:07
FAC-005-Z3,V-7,visitor,badge_swipe,True,2026-07-31 14:37:07
FAC-004-Z2,E-18,employee,motion,,2026-07-31 14:37:07
FAC-003-Z1,E-48,employee,badge_swipe,True,2026-07-31 14:37:07
FAC-003-Z1,E-40,employee,motion,,2026-07-31 14:37:07
FAC-005-Z2,E-5,employee,motion,,2026-07-31 14:37:07
FAC-004-Z1,E-14,employee,motion,,2026-07-31 14:52:07
FAC-004-Z2,E-16,employee,motion,,2026-07-31 14:52:07
FAC-003-Z2,E-30,employee,badge_swipe,True,2026-07-31 14:52:07
FAC-002-Z1,E-4,employee,motion,,2026-07-31 14:52:07
FAC-002-Z1,E-9,employee,badge_swipe,True,2026-07-31 14:52:07
FAC-003-Z1,V-4,visitor,badge_swipe,True,2026-07-31 14:52:07
FAC-005-Z2,E-1,employee,motion,,2026-07-31 14:52:07
FAC-004-Z1,E-11,employee,badge_swipe,True,2026-07-31 14:52:07
FAC-003-Z2,E-39,employee,motion,,2026-07-31 14:52:07
FAC-003-Z1,E-35,employee,motion,,2026-07-31 14:52:07
FAC-005-Z2,E-25,employee,motion,,2026-07-31 14:52:07
FAC-001-Z1,E-34,employee,motion,,2026-07-31 14:52:07
FAC-001-Z1,V-10,visitor,motion,,2026-07-31 14:52:07
FAC-004-Z1,E-19,employee,motion,,2026-07-31 14:52:07
FAC-004-Z2,E-17,employee,motion,,2026-07-31 14:52:07
FAC-003-Z3,E-32,employee,motion,,2026-07-31 14:52:07
FAC-001-Z3,E-3,employee,motion,,2026-07-31 14:52:07
FAC-002-Z3,E-6,employee,motion,,2026-07-31 14:52:07
FAC-001-Z3,V-8,visitor,badge_swipe,True,2026-07-31 14:52:07
FAC-002-Z1,E-27,employee,motion,,2026-07-31 15:07:07
FAC-005-Z2,E-38,employee,motion,,2026-07-31 15:07:07
FAC-003-Z3,E-21,employee,badge_swipe,True,2026-07-31 15:07:07
FAC-001-Z2,E-22,employee,badge_swipe,True,2026-07-31 15:07:07
FAC-005-Z1,E-28,employee,badge_swipe,True,2026-07-31 15:07:07
FAC-004-Z3,E-24,employee,badge_swipe,True,2026-07-31 15:07:07
FAC-005-Z3,E-5,employee,badge_swipe,True,2026-07-31 15:07:07
FAC-002-Z2,E-6,employee,badge_swipe,True,2026-07-31 15:07:07
FAC-004-Z2,E-24,employee,badge_swipe,True,2026-07-31 15:07:07
FAC-003-Z3,E-4,employee,badge_swipe,True,2026-07-31 15:22:07
FAC-001-Z3,E-21,employee,motion,,2026-07-31 15:22:07
FAC-001-Z3,V-4,visitor,motion,,2026-07-31 15:22:07
FAC-001-Z2,E-17,employee,motion,,2026-07-31 15:22:07
FAC-001-Z2,V-10,visitor,motion,,2026-07-31 15:22:07
FAC-001-Z2,E-41,employee,motion,,2026-07-31 15:22:07
FAC-001-Z1,E-28,employee,motion,,2026-07-31 15:22:07
FAC-005-Z1,E-5,employee,badge_swipe,True,2026-07-31 15:22:07
FAC-002-Z3,E-39,employee,badge_swipe,True,2026-07-31 15:22:07
FAC-001-Z1,E-29,employee,badge_swipe,True,2026-07-31 15:22:07
FAC-002-Z1,E-23,employee,badge_swipe,True,2026-07-31 15:37:07
FAC-004-Z1,E-9,employee,badge_swipe,True,2026-07-31 15:37:07
FAC-003-Z2,E-21,employee,motion,,2026-07-31 15:37:07
FAC-002-Z2,E-10,employee,badge_swipe,True,2026-07-31 15:37:07
FAC-003-Z3,E-4,employee,badge_swipe,True,2026-07-31 15:37:07
FAC-003-Z3,E-44,employee,badge_swipe,True,2026-07-31 15:37:07
FAC-003-Z1,E-45,employee,badge_swipe,True,2026-07-31 15:37:07
FAC-003-Z1,E-7,employee,motion,,2026-07-31 15:37:07
FAC-003-Z2,E-8,employee,motion,,2026-07-31 15:37:07
FAC-005-Z3,E-50,employee,badge_swipe,True,2026-07-31 15:37:07
FAC-005-Z2,E-34,employee,motion,,2026-07-31 15:37:07
FAC-002-Z3,E-20,employee,badge_swipe,True,2026-07-31 15:37:07
FAC-003-Z1,E-2,employee,motion,,2026-07-31 15:37:07
FAC-005-Z2,E-44,employee,badge_swipe,True,2026-07-31 15:37:07
FAC-002-Z1,E-18,employee,motion,,2026-07-31 15:37:07
FAC-005-Z1,E-1,employee,motion,,2026-07-31 15:37:07
FAC-003-Z1,E-24,employee,motion,,2026-07-31 15:37:07
FAC-001-Z3,E-37,employee,motion,,2026-07-31 15:37:07
FAC-001-Z3,E-11,employee,motion,,2026-07-31 15:37:07
FAC-001-Z1,E-1,employee,badge_swipe,True,2026-07-31 15:52:07
FAC-005-Z3,E-27,employee,badge_swipe,True,2026-07-31 15:52:07
FAC-002-Z3,E-22,employee,motion,,2026-07-31 15:52:07
FAC-004-Z1,E-35,employee,badge_swipe,True,2026-07-31 15:52:07
FAC-003-Z2,E-29,employee,badge_swipe,True,2026-07-31 15:52:07
FAC-003-Z1,E-12,employee,badge_swipe,True,2026-07-31 16:07:07
FAC-003-Z1,E-41,employee,motion,,2026-07-31 16:07:07
FAC-002-Z1,E-49,employee,badge_swipe,True,2026-07-31 16:07:07
FAC-005-Z3,E-16,employee,badge_swipe,True,2026-07-31 16:07:07
FAC-005-Z3,E-9,employee,badge_swipe,True,2026-07-31 16:07:07
FAC-001-Z3,E-31,employee,badge_swipe,True,2026-07-31 16:07:07
FAC-001-Z3,E-34,employee,motion,,2026-07-31 16:07:07
FAC-001-Z2,E-44,employee,badge_swipe,True,2026-07-31 16:07:07
FAC-005-Z3,V-2,visitor,motion,,2026-07-31 16:22:07
FAC-001-Z2,E-48,employee,motion,,2026-07-31 16:22:07
FAC-002-Z3,E-27,employee,motion,,2026-07-31 16:22:07
FAC-003-Z2,E-7,employee,badge_swipe,True,2026-07-31 16:22:07
FAC-005-Z3,E-41,employee,badge_swipe,True,2026-07-31 16:22:07
FAC-004-Z1,E-14,employee,badge_swipe,True,2026-07-31 16:22:07
FAC-005-Z2,E-36,employee,motion,,2026-07-31 16:22:07
FAC-002-Z3,E-50,employee,motion,,2026-07-31 16:22:07
FAC-003-Z3,E-50,employee,motion,,2026-07-31 16:22:07
FAC-001-Z1,E-2,employee,badge_swipe,True,2026-07-31 16:22:07
FAC-004-Z1,E-17,employee,badge_swipe,True,2026-07-31 16:22:07
FAC-003-Z1,V-10,visitor,badge_swipe,True,2026-07-31 16:22:07
FAC-002-Z2,E-7,employee,badge_swipe,True,2026-07-31 16:22:07
FAC-004-Z2,E-10,employee,motion,,2026-07-31 16:22:07
FAC-002-Z1,E-49,employee,badge_swipe,True,2026-07-31 16:37:07
FAC-003-Z2,E-38,employee,motion,,2026-07-31 16:37:07
FAC-004-Z2,E-32,employee,motion,,2026-07-31 16:37:07
FAC-005-Z2,V-6,visitor,motion,,2026-07-31 16:37:07
FAC-004-Z3,E-9,employee,motion,,2026-07-31 16:37:07
FAC-003-Z3,E-7,employee,badge_swipe,True,2026-07-31 16:37:07
FAC-005-Z1,V-6,visitor,badge_swipe,False,2026-07-31 16:37:07
FAC-001-Z1,E-39,employee,motion,,2026-07-31 16:37:07
FAC-002-Z3,E-5,employee,motion,,2026-07-31 16:37:07
FAC-001-Z3,E-15,employee,motion,,2026-07-31 16:37:07
FAC-001-Z2,E-13,employee,motion,,2026-07-31 16:37:07
FAC-003-Z2,E-7,employee,motion,,2026-07-31 16:37:07
FAC-005-Z3,E-31,employee,badge_swipe,True,2026-07-31 16:37:07
FAC-002-Z2,E-29,employee,motion,,2026-07-31 16:37:07
FAC-004-Z2,E-21,employee,motion,,2026-07-31 16:37:07
FAC-002-Z1,E-10,employee,motion,,2026-07-31 16:37:07
FAC-001-Z1,E-48,employee,motion,,2026-07-31 16:37:07
FAC-003-Z1,E-43,employee,badge_swipe,True,2026-07-31 16:37:07
FAC-001-Z3,E-13,employee,badge_swipe,True,2026-07-31 16:37:07
FAC-004-Z2,E-28,employee,badge_swipe,True,2026-07-31 16:52:07
FAC-002-Z1,E-19,employee,badge_swipe,True,2026-07-31 16:52:07
FAC-003-Z3,V-3,visitor,motion,,2026-07-31 16:52:07
FAC-003-Z3,E-47,employee,motion,,2026-07-31 16:52:07
FAC-004-Z2,V-2,visitor,motion,,2026-07-31 16:52:07
FAC-003-Z3,E-27,employee,motion,,2026-07-31 16:52:07
FAC-001-Z3,E-12,employee,badge_swipe,True,2026-07-31 16:52:07
FAC-001-Z1,E-38,employee,badge_swipe,True,2026-07-31 16:52:07
FAC-005-Z3,E-11,employee,motion,,2026-07-31 16:52:07
FAC-002-Z2,E-33,employee,badge_swipe,True,2026-07-31 16:52:07
FAC-001-Z3,E-22,employee,badge_swipe,True,2026-07-31 16:52:07
FAC-005-Z2,E-26,employee,badge_swipe,True,2026-07-31 16:52:07
FAC-001-Z3,E-7,employee,badge_swipe,True,2026-07-31 16:52:07
FAC-003-Z2,E-8,employee,badge_swipe,True,2026-07-31 17:07:07
FAC-001-Z3,E-36,employee,motion,,2026-07-31 17:07:07
FAC-004-Z1,E-39,employee,motion,,2026-07-31 17:07:07
FAC-002-Z3,E-23,employee,badge_swipe,True,2026-07-31 17:07:07
FAC-005-Z1,E-42,employee,badge_swipe,True,2026-07-31 17:07:07
FAC-004-Z2,E-21,employee,badge_swipe,True,2026-07-31 17:07:07
FAC-003-Z3,E-11,employee,motion,,2026-07-31 17:22:07
FAC-003-Z1,E-50,employee,motion,,2026-07-31 17:22:07
FAC-004-Z1,E-26,employee,badge_swipe,True,2026-07-31 17:22:07
FAC-004-Z2,E-5,employee,badge_swipe,True,2026-07-31 17:22:07
FAC-001-Z1,V-2,visitor,motion,,2026-07-31 17:22:07
FAC-001-Z3,E-23,employee,badge_swipe,True,2026-07-31 17:22:07
FAC-001-Z1,E-25,employee,badge_swipe,True,2026-07-31 17:22:07
FAC-005-Z1,E-34,employee,badge_swipe,True,2026-07-31 17:22:07
FAC-001-Z2,E-31,employee,badge_swipe,True,2026-07-31 17:22:07
FAC-001-Z2,E-6,employee,badge_swipe,True,2026-07-31 17:22:07
FAC-001-Z1,E-24,employee,badge_swipe,True,2026-07-31 17:22:07
FAC-002-Z1,E-44,employee,motion,,2026-07-31 17:22:07
FAC-004-Z3,E-33,employee,badge_swipe,True,2026-07-31 17:22:07
FAC-005-Z3,E-11,employee,motion,,2026-07-31 17:22:07
FAC-003-Z3,E-8,employee,badge_swipe,True,2026-07-31 17:22:07
FAC-005-Z2,E-41,employee,motion,,2026-07-31 17:37:07
FAC-004-Z3,E-3,employee,motion,,2026-07-31 17:37:07
FAC-001-Z1,E-17,employee,badge_swipe,True,2026-07-31 17:37:07
FAC-003-Z1,E-49,employee,motion,,2026-07-31 17:37:07
FAC-005-Z1,E-22,employee,motion,,2026-07-31 17:37:07
FAC-005-Z1,V-2,visitor,motion,,2026-07-31 17:37:07
FAC-003-Z1,E-48,employee,motion,,2026-07-31 17:37:07
FAC-003-Z2,E-14,employee,badge_swipe,True,2026-07-31 17:37:07
FAC-001-Z3,E-42,employee,badge_swipe,True,2026-07-31 17:52:07
FAC-002-Z2,E-20,employee,badge_swipe,True,2026-07-31 17:52:07
FAC-001-Z2,V-5,visitor,badge_swipe,True,2026-07-31 17:52:07
FAC-005-Z2,E-23,employee,motion,,2026-07-31 17:52:07
FAC-005-Z2,E-34,employee,motion,,2026-07-31 17:52:07
FAC-004-Z1,E-43,employee,motion,,2026-07-31 17:52:07
FAC-002-Z3,E-23,employee,motion,,2026-07-31 17:52:07
FAC-001-Z3,E-42,employee,badge_swipe,True,2026-07-31 17:52:07
FAC-004-Z3,E-34,employee,motion,,2026-07-31 17:52:07
FAC-001-Z2,E-12,employee,badge_swipe,True,2026-07-31 17:52:07
FAC-002-Z1,E-22,employee,motion,,2026-07-31 17:52:07
FAC-001-Z1,E-25,employee,badge_swipe,True,2026-07-31 17:52:07
FAC-004-Z3,E-10,employee,badge_swipe,True,2026-07-31 17:52:07
FAC-003-Z3,E-12,employee,badge_swipe,True,2026-07-31 17:52:07
FAC-002-Z1,E-41,employee,motion,,2026-07-31 17:52:07
FAC-004-Z2,E-26,employee,badge_swipe,True,2026-07-31 17:52:07
FAC-001-Z2,E-9,employee,motion,,2026-07-31 17:52:07
FAC-004-Z1,E-46,employee,motion,,2026-07-31 17:52:07
FAC-001-Z1,E-32,employee,motion,,2026-07-31 17:52:07
FAC-003-Z1,E-21,employee,motion,,2026-07-31 18:07:07
FAC-004-Z1,E-3,employee,badge_swipe,True,2026-07-31 18:07:07
FAC-004-Z1,V-9,visitor,badge_swipe,True,2026-07-31 18:07:07
FAC-002-Z2,E-6,employee,badge_swipe,True,2026-07-31 18:07:07
FAC-002-Z2,E-34,employee,motion,,2026-07-31 18:07:07
FAC-003-Z1,E-15,employee,motion,,2026-07-31 18:07:07
FAC-004-Z1,E-16,employee,motion,,2026-07-31 18:07:07
FAC-005-Z3,E-35,employee,badge_swipe,True,2026-07-31 18:07:07
FAC-003-Z3,E-37,employee,motion,,2026-07-31 18:07:07
FAC-005-Z3,E-32,employee,badge_swipe,True,2026-07-31 18:07:07
FAC-004-Z2,E-3,employee,badge_swipe,True,2026-07-31 18:07:07
FAC-004-Z3,E-42,employee,motion,,2026-07-31 18:07:07
FAC-005-Z3,E-31,employee,motion,,2026-07-31 18:07:07
FAC-002-Z2,V-10,visitor,motion,,2026-07-31 18:07:07
FAC-003-Z1,E-24,employee,badge_swipe,False,2026-07-31 18:07:07
FAC-002-Z1,E-21,employee,motion,,2026-07-31 18:07:07
FAC-003-Z1,E-12,employee,motion,,2026-07-31 18:07:07
FAC-005-Z2,E-12,employee,badge_swipe,True,2026-07-31 18:07:07
FAC-003-Z2,E-23,employee,motion,,2026-07-31 18:22:07
FAC-005-Z3,V-10,visitor,badge_swipe,True,2026-07-31 18:22:07
FAC-002-Z1,E-26,employee,motion,,2026-07-31 18:22:07
FAC-003-Z1,E-13,employee,badge_swipe,True,2026-07-31 18:22:07
FAC-002-Z2,E-3,employee,badge_swipe,True,2026-07-31 18:22:07
FAC-005-Z1,E-35,employee,motion,,2026-07-31 18:22:07
FAC-001-Z1,E-6,employee,motion,,2026-07-31 18:22:07
FAC-001-Z1,E-45,employee,motion,,2026-07-31 18:22:07
FAC-004-Z2,E-49,employee,motion,,2026-07-31 18:22:07
FAC-003-Z3,E-21,employee,badge_swipe,True,2026-07-31 18:22:07
FAC-005-Z1,E-3,employee,motion,,2026-07-31 18:22:07
FAC-004-Z3,E-7,employee,motion,,2026-07-31 18:22:07
FAC-001-Z1,E-7,employee,badge_swipe,False,2026-07-31 18:22:07
FAC-004-Z2,E-34,employee,badge_swipe,True,2026-07-31 18:22:07
FAC-002-Z1,E-41,employee,badge_swipe,True,2026-07-31 18:37:07
FAC-005-Z2,E-5,employee,motion,,2026-07-31 18:37:07
FAC-003-Z2,E-43,employee,badge_swipe,True,2026-07-31 18:37:07
FAC-001-Z2,E-30,employee,badge_swipe,True,2026-07-31 18:37:07
FAC-003-Z2,V-7,visitor,badge_swipe,False,2026-07-31 18:37:07
FAC-001-Z1,E-27,employee,motion,,2026-07-31 18:37:07
FAC-005-Z3,E-32,employee,badge_swipe,True,2026-07-31 18:37:07
FAC-004-Z2,E-7,employee,motion,,2026-07-31 18:37:07
FAC-001-Z2,E-8,employee,motion,,2026-07-31 18:37:07
FAC-004-Z1,E-7,employee,badge_swipe,True,2026-07-31 18:37:07
FAC-005-Z2,E-29,employee,badge_swipe,True,2026-07-31 18:37:07
FAC-005-Z3,E-28,employee,motion,,2026-07-31 18:37:07
FAC-004-Z1,E-18,employee,badge_swipe,True,2026-07-31 18:37:07
FAC-001-Z3,E-31,employee,badge_swipe,True,2026-07-31 18:37:07
FAC-003-Z2,E-15,employee,motion,,2026-07-31 18:37:07
FAC-005-Z3,E-4,employee,badge_swipe,True,2026-07-31 18:37:07
FAC-003-Z2,E-20,employee,motion,,2026-07-31 18:37:07
FAC-001-Z2,E-32,employee,motion,,2026-07-31 18:52:07
FAC-003-Z2,E-34,employee,badge_swipe,True,2026-07-31 18:52:07
FAC-005-Z3,V-3,visitor,badge_swipe,True,2026-07-31 18:52:07
FAC-001-Z1,E-22,employee,motion,,2026-07-31 18:52:07
FAC-004-Z1,E-46,employee,badge_swipe,True,2026-07-31 18:52:07
FAC-001-Z3,E-50,employee,motion,,2026-07-31 18:52:07
FAC-004-Z3,E-31,employee,motion,,2026-07-31 18:52:07
FAC-005-Z1,E-45,employee,badge_swipe,True,2026-07-31 18:52:07
FAC-003-Z2,E-34,employee,motion,,2026-07-31 18:52:07
FAC-004-Z3,E-23,employee,badge_swipe,True,2026-07-31 18:52:07
FAC-004-Z3,E-8,employee,motion,,2026-07-31 18:52:07
FAC-004-Z1,E-3,employee,badge_swipe,True,2026-07-31 18:52:07
FAC-004-Z2,V-8,visitor,motion,,2026-07-31 18:52:07
FAC-003-Z1,E-33,employee,badge_swipe,True,2026-07-31 18:52:07
FAC-005-Z1,E-35,employee,motion,,2026-07-31 19:07:07
FAC-001-Z3,E-50,employee,badge_swipe,True,2026-07-31 19:22:07
FAC-001-Z2,E-45,employee,motion,,2026-07-31 19:22:07
FAC-001-Z3,E-43,employee,motion,,2026-07-31 19:37:07
FAC-002-Z1,E-22,employee,badge_swipe,True,2026-07-31 20:22:07
FAC-001-Z2,E-8,employee,badge_swipe,True,2026-07-31 20:52:07
FAC-003-Z2,E-19,employee,motion,,2026-07-31 20:52:07
FAC-005-Z3,E-41,employee,motion,,2026-07-31 20:52:07
FAC-003-Z1,E-48,employee,motion,,2026-07-31 21:07:07
FAC-004-Z1,V-4,visitor,badge_swipe,True,2026-07-31 21:22:07
FAC-005-Z2,E-5,employee,motion,,2026-07-31 21:22:07
FAC-004-Z2,E-25,employee,badge_swipe,True,2026-07-31 21:22:07
FAC-004-Z1,E-19,employee,motion,,2026-07-31 21:37:07
FAC-005-Z2,E-35,employee,motion,,2026-07-31 21:52:07
FAC-002-Z2,V-7,visitor,motion,,2026-07-31 21:52:07
FAC-005-Z2,E-47,employee,badge_swipe,True,2026-07-31 21:52:07
FAC-003-Z3,E-45,employee,motion,,2026-07-31 22:07:07
FAC-003-Z3,E-34,employee,motion,,2026-07-31 22:07:07
FAC-004-Z1,E-42,employee,motion,,2026-07-31 22:07:07
FAC-004-Z1,E-42,employee,motion,,2026-07-31 22:22:07
FAC-003-Z3,E-23,employee,badge_swipe,True,2026-07-31 22:37:07
FAC-003-Z3,E-36,employee,motion,,2026-07-31 22:37:07
FAC-005-Z2,E-36,employee,motion,,2026-07-31 23:07:07
FAC-001-Z2,E-39,employee,badge_swipe,False,2026-07-31 23:07:07
FAC-005-Z1,V-10,visitor,motion,,2026-07-31 23:22:07
FAC-004-Z1,V-10,visitor,motion,,2026-07-31 23:22:07
FAC-001-Z1,E-8,employee,motion,,2026-07-31 23:22:07
FAC-002-Z2,E-50,employee,motion,,2026-07-31 23:37:07
FAC-005-Z2,E-38,employee,motion,,2026-07-31 23:37:07
FAC-002-Z1,E-3,employee,badge_swipe,True,2026-07-31 23:52:07
FAC-003-Z2,E-10,employee,motion,,2026-07-31 23:52:07
FAC-002-Z1,E-5,employee,badge_swipe,False,2026-07-31 23:52:07
FAC-003-Z1,E-34,employee,motion,,2026-08-01 00:07:07
FAC-004-Z1,E-47,employee,badge_swipe,True,2026-08-01 00:07:07
FAC-003-Z3,E-15,employee,badge_swipe,True,2026-08-01 00:07:07
FAC-004-Z1,E-17,employee,motion,,2026-08-01 00:22:07
FAC-005-Z1,E-7,employee,motion,,2026-08-01 00:37:07
FAC-002-Z1,V-10,visitor,badge_swipe,True,2026-08-01 00:52:07
FAC-005-Z1,E-25,employee,motion,,2026-08-01 01:07:07
FAC-002-Z3,E-19,employee,badge_swipe,True,2026-08-01 01:07:07
FAC-003-Z1,E-32,employee,badge_swipe,True,2026-08-01 01:07:07
FAC-001-Z2,E-46,employee,motion,,2026-08-01 01:22:07
FAC-005-Z1,E-28,employee,motion,,2026-08-01 01:22:07
FAC-005-Z1,E-18,employee,badge_swipe,True,2026-08-01 01:37:07
FAC-005-Z1,E-18,employee,motion,,2026-08-01 01:37:07
FAC-002-Z1,E-11,employee,motion,,2026-08-01 01:52:07
FAC-003-Z3,E-37,employee,motion,,2026-08-01 01:52:07
FAC-002-Z3,E-6,employee,badge_swipe,True,2026-08-01 01:52:07
FAC-005-Z2,E-25,employee,badge_swipe,True,2026-08-01 02:37:07
FAC-005-Z1,E-45,employee,badge_swipe,True,2026-08-01 02:37:07
FAC-005-Z1,E-22,employee,motion,,2026-08-01 02:52:07
FAC-002-Z1,E-7,employee,motion,,2026-08-01 02:52:07
FAC-004-Z3,E-31,employee,motion,,2026-08-01 02:52:07
FAC-004-Z1,E-28,employee,badge_swipe,True,2026-08-01 03:52:07
FAC-004-Z3,E-46,employee,motion,,2026-08-01 03:52:07
FAC-005-Z3,E-25,employee,motion,,2026-08-01 04:07:07
FAC-004-Z3,E-25,employee,motion,,2026-08-01 04:07:07
FAC-004-Z2,E-14,employee,badge_swipe,True,2026-08-01 04:22:07
FAC-004-Z3,E-40,employee,badge_swipe,True,2026-08-01 04:22:07
FAC-005-Z3,E-35,employee,badge_swipe,True,2026-08-01 04:22:07
FAC-004-Z2,E-43,employee,motion,,2026-08-01 04:37:07
FAC-001-Z1,E-14,employee,motion,,2026-08-01 04:37:07
FAC-004-Z3,E-48,employee,badge_swipe,True,2026-08-01 04:52:07
FAC-005-Z1,E-36,employee,badge_swipe,True,2026-08-01 04:52:07
FAC-003-Z3,E-50,employee,motion,,2026-08-01 04:52:07
FAC-004-Z2,E-29,employee,motion,,2026-08-01 05:07:07
FAC-003-Z3,E-48,employee,motion,,2026-08-01 05:07:07
FAC-005-Z2,E-43,employee,motion,,2026-08-01 05:07:07
FAC-005-Z3,E-4,employee,badge_swipe,False,2026-08-01 05:22:07
FAC-005-Z2,E-50,employee,badge_swipe,True,2026-08-01 05:22:07
FAC-004-Z1,E-38,employee,motion,,2026-08-01 05:22:07
FAC-002-Z1,E-28,employee,motion,,2026-08-01 05:52:07
FAC-004-Z3,E-37,employee,badge_swipe,True,2026-08-01 05:52:07
FAC-005-Z1,E-34,employee,motion,,2026-08-01 06:07:07
FAC-005-Z3,E-50,employee,badge_swipe,True,2026-08-01 06:37:07
FAC-002-Z2,E-13,employee,motion,,2026-08-01 06:37:07
FAC-005-Z3,V-5,visitor,badge_swipe,True,2026-08-01 06:37:07
FAC-002-Z3,E-11,employee,badge_swipe,True,2026-08-01 06:52:07
FAC-005-Z1,E-4,employee,badge_swipe,True,2026-08-01 06:52:07
FAC-003-Z3,E-50,employee,badge_swipe,True,2026-08-01 06:52:07
FAC-003-Z3,E-12,employee,badge_swipe,True,2026-08-01 07:07:07
FAC-005-Z1,V-4,visitor,motion,,2026-08-01 07:07:07
FAC-003-Z3,E-13,employee,badge_swipe,True,2026-08-01 07:07:07
FAC-004-Z2,E-14,employee,badge_swipe,True,2026-08-01 07:37:07
FAC-002-Z2,E-10,employee,motion,,2026-08-01 07:52:07
FAC-002-Z2,E-19,employee,badge_swipe,True,2026-08-01 07:52:07
FAC-002-Z2,E-48,employee,motion,,2026-08-01 08:07:07
FAC-004-Z2,E-45,employee,badge_swipe,True,2026-08-01 08:07:07
FAC-001-Z3,V-4,visitor,badge_swipe,True,2026-08-01 08:22:07
FAC-005-Z2,E-10,employee,motion,,2026-08-01 08:37:07
FAC-005-Z3,E-31,employee,motion,,2026-08-01 08:52:07
FAC-001-Z3,E-22,employee,motion,,2026-08-01 08:52:07
FAC-003-Z2,E-7,employee,badge_swipe,True,2026-08-01 09:07:07
FAC-004-Z2,E-7,employee,badge_swipe,True,2026-08-01 09:07:07
FAC-003-Z1,V-7,visitor,badge_swipe,True,2026-08-01 09:22:07
FAC-004-Z3,E-25,employee,motion,,2026-08-01 09:22:07
FAC-004-Z2,E-17,employee,badge_swipe,False,2026-08-01 09:22:07
FAC-001-Z3,E-3,employee,motion,,2026-08-01 10:07:07
FAC-003-Z2,E-48,employee,badge_swipe,True,2026-08-01 10:07:07
FAC-005-Z3,V-8,visitor,badge_swipe,True,2026-08-01 10:07:07
FAC-003-Z2,E-41,employee,badge_swipe,True,2026-08-01 10:37:07
FAC-001-Z2,E-6,employee,motion,,2026-08-01 10:37:07
FAC-001-Z2,E-7,employee,badge_swipe,True,2026-08-01 10:37:07
FAC-004-Z2,E-18,employee,motion,,2026-08-01 10:52:07
FAC-003-Z3,V-5,visitor,badge_swipe,False,2026-08-01 11:07:07
FAC-001-Z3,E-38,employee,badge_swipe,True,2026-08-01 11:22:07
FAC-005-Z3,E-12,employee,motion,,2026-08-01 11:22:07
FAC-004-Z3,E-17,employee,badge_swipe,True,2026-08-01 11:22:07
FAC-005-Z3,E-31,employee,motion,,2026-08-01 12:07:07
FAC-002-Z3,E-41,employee,badge_swipe,False,2026-08-01 12:07:07
FAC-002-Z3,E-43,employee,badge_swipe,True,2026-08-01 12:22:07
FAC-004-Z3,E-11,employee,motion,,2026-08-01 12:22:07
FAC-001-Z2,V-2,visitor,motion,,2026-08-01 12:37:07
FAC-003-Z3,E-46,employee,motion,,2026-08-01 12:37:07
FAC-005-Z3,E-35,employee,motion,,2026-08-01 12:37:07
FAC-003-Z3,V-10,visitor,motion,,2026-08-01 12:52:07
FAC-002-Z3,E-38,employee,badge_swipe,True,2026-08-01 12:52:07
FAC-005-Z2,E-40,employee,badge_swipe,True,2026-08-01 13:22:07
FAC-004-Z1,E-19,employee,motion,,2026-08-01 13:22:07
FAC-004-Z2,E-13,employee,badge_swipe,True,2026-08-01 13:22:07
FAC-003-Z3,E-7,employee,motion,,2026-08-01 13:37:07
FAC-001-Z1,E-29,employee,motion,,2026-08-01 13:52:07
FAC-003-Z2,E-24,employee,motion,,2026-08-01 14:07:07
FAC-002-Z3,E-20,employee,badge_swipe,True,2026-08-01 14:07:07
FAC-003-Z1,E-6,employee,badge_swipe,True,2026-08-01 14:22:07
FAC-001-Z2,E-37,employee,badge_swipe,False,2026-08-01 14:37:07
FAC-005-Z2,E-34,employee,motion,,2026-08-01 14:52:07
FAC-004-Z1,V-7,visitor,badge_swipe,True,2026-08-01 15:07:07
FAC-005-Z1,E-4,employee,badge_swipe,True,2026-08-01 15:22:07
FAC-003-Z3,E-14,employee,motion,,2026-08-01 15:22:07
FAC-003-Z2,E-12,employee,badge_swipe,True,2026-08-01 15:22:07
FAC-002-Z3,E-42,employee,motion,,2026-08-01 15:37:07
FAC-005-Z3,V-9,visitor,badge_swipe,True,2026-08-01 15:37:07
FAC-004-Z3,E-45,employee,badge_swipe,True,2026-08-01 16:07:07
FAC-004-Z3,E-18,employee,badge_swipe,False,2026-08-01 16:22:07
FAC-004-Z3,E-31,employee,motion,,2026-08-01 16:22:07
FAC-001-Z2,E-15,employee,motion,,2026-08-01 16:37:07
FAC-003-Z2,E-19,employee,badge_swipe,True,2026-08-01 16:52:07
FAC-003-Z2,E-13,employee,badge_swipe,True,2026-08-01 16:52:07
FAC-005-Z1,E-41,employee,motion,,2026-08-01 17:07:07
FAC-003-Z2,E-45,employee,motion,,2026-08-01 17:07:07
FAC-001-Z3,E-13,employee,motion,,2026-08-01 17:37:07
FAC-005-Z1,E-12,employee,motion,,2026-08-01 17:37:07
FAC-005-Z2,E-17,employee,badge_swipe,True,2026-08-01 17:37:07
FAC-001-Z2,V-4,visitor,badge_swipe,True,2026-08-01 18:37:07
FAC-001-Z3,E-13,employee,badge_swipe,True,2026-08-01 18:37:07
FAC-004-Z2,E-1,employee,motion,,2026-08-01 18:37:07
FAC-005-Z2,E-22,employee,badge_swipe,True,2026-08-01 19:07:07
FAC-003-Z3,E-38,employee,motion,,2026-08-01 19:22:07
FAC-002-Z1,E-30,employee,badge_swipe,True,2026-08-01 19:22:07
FAC-002-Z2,E-49,employee,motion,,2026-08-01 19:22:07
FAC-003-Z2,E-27,employee,badge_swipe,True,2026-08-01 19:52:07
FAC-001-Z3,E-2,employee,motion,,2026-08-01 19:52:07
FAC-002-Z1,E-28,employee,motion,,2026-08-01 19:52:07
FAC-001-Z3,E-17,employee,motion,,2026-08-01 20:07:07
FAC-003-Z1,V-1,visitor,badge_swipe,True,2026-08-01 21:07:07
FAC-001-Z3,E-17,employee,badge_swipe,True,2026-08-01 21:22:07
FAC-004-Z1,E-1,employee,motion,,2026-08-01 21:22:07
FAC-003-Z2,E-44,employee,badge_swipe,True,2026-08-01 21:37:07
FAC-004-Z1,V-3,visitor,motion,,2026-08-01 21:37:07
FAC-004-Z3,E-44,employee,motion,,2026-08-01 21:52:07
FAC-002-Z1,E-19,employee,badge_swipe,True,2026-08-01 21:52:07
FAC-004-Z2,E-13,employee,motion,,2026-08-01 22:22:07
FAC-001-Z3,E-12,employee,motion,,2026-08-01 22:22:07
FAC-001-Z1,V-1,visitor,motion,,2026-08-01 22:22:07
FAC-005-Z1,V-7,visitor,motion,,2026-08-01 22:37:07
FAC-004-Z1,E-45,employee,motion,,2026-08-01 22:52:07
FAC-003-Z3,E-4,employee,motion,,2026-08-01 23:07:07
FAC-005-Z3,E-22,employee,badge_swipe,True,2026-08-01 23:07:07
FAC-003-Z2,E-1,employee,badge_swipe,True,2026-08-01 23:22:07
FAC-001-Z2,V-1,visitor,motion,,2026-08-01 23:22:07
FAC-002-Z1,E-4,employee,motion,,2026-08-01 23:37:07
FAC-004-Z3,E-2,employee,badge_swipe,True,2026-08-01 23:37:07
FAC-001-Z2,E-4,employee,motion,,2026-08-02 00:07:07
FAC-002-Z3,E-38,employee,badge_swipe,True,2026-08-02 00:22:07
FAC-001-Z1,E-12,employee,motion,,2026-08-02 00:22:07
FAC-004-Z1,E-27,employee,motion,,2026-08-02 00:37:07
FAC-001-Z1,E-47,employee,motion,,2026-08-02 00:52:07
FAC-004-Z2,E-28,employee,badge_swipe,True,2026-08-02 01:07:07
FAC-004-Z3,E-18,employee,motion,,2026-08-02 01:37:07
FAC-004-Z2,E-9,employee,badge_swipe,True,2026-08-02 01:37:07
FAC-002-Z1,E-28,employee,motion,,2026-08-02 01:37:07
FAC-001-Z2,V-4,visitor,motion,,2026-08-02 01:52:07
FAC-003-Z1,E-14,employee,motion,,2026-08-02 01:52:07
FAC-003-Z3,E-4,employee,badge_swipe,True,2026-08-02 01:52:07
FAC-005-Z3,E-20,employee,badge_swipe,True,2026-08-02 02:07:07
FAC-004-Z1,E-27,employee,badge_swipe,True,2026-08-02 02:07:07
FAC-002-Z1,E-8,employee,motion,,2026-08-02 02:22:07
FAC-002-Z1,E-18,employee,badge_swipe,True,2026-08-02 02:22:07
FAC-002-Z2,E-25,employee,motion,,2026-08-02 02:37:07
FAC-003-Z2,E-23,employee,badge_swipe,True,2026-08-02 02:37:07
FAC-005-Z1,E-40,employee,motion,,2026-08-02 02:52:07
FAC-003-Z1,E-50,employee,motion,,2026-08-02 02:52:07
FAC-004-Z1,E-40,employee,motion,,2026-08-02 02:52:07
FAC-003-Z3,E-41,employee,badge_swipe,True,2026-08-02 03:07:07
FAC-005-Z2,E-30,employee,badge_swipe,True,2026-08-02 03:22:07
FAC-004-Z1,E-49,employee,motion,,2026-08-02 03:22:07
FAC-005-Z3,E-30,employee,motion,,2026-08-02 03:37:07
FAC-002-Z3,E-8,employee,badge_swipe,True,2026-08-02 03:37:07
FAC-001-Z1,E-7,employee,badge_swipe,True,2026-08-02 03:37:07
FAC-001-Z1,V-5,visitor,motion,,2026-08-02 03:52:07
FAC-001-Z3,E-11,employee,badge_swipe,True,2026-08-02 03:52:07
FAC-005-Z1,E-17,employee,motion,,2026-08-02 03:52:07
FAC-005-Z2,E-13,employee,badge_swipe,True,2026-08-02 04:07:07
FAC-003-Z2,E-45,employee,badge_swipe,True,2026-08-02 04:22:07
FAC-002-Z1,E-36,employee,motion,,2026-08-02 04:22:07
FAC-001-Z1,E-1,employee,motion,,2026-08-02 04:37:07
FAC-005-Z2,E-48,employee,motion,,2026-08-02 04:37:07
FAC-004-Z2,E-11,employee,motion,,2026-08-02 04:37:07
FAC-002-Z2,E-17,employee,badge_swipe,True,2026-08-02 04:52:07
FAC-004-Z3,E-27,employee,motion,,2026-08-02 05:07:07
FAC-004-Z2,E-2,employee,badge_swipe,True,2026-08-02 05:07:07
FAC-002-Z3,E-10,employee,badge_swipe,True,2026-08-02 05:07:07
FAC-003-Z3,E-31,employee,badge_swipe,True,2026-08-02 05:52:07
FAC-002-Z1,E-11,employee,motion,,2026-08-02 05:52:07
FAC-004-Z2,E-47,employee,motion,,2026-08-02 05:52:07
FAC-005-Z1,E-17,employee,badge_swipe,True,2026-08-02 06:37:07
FAC-005-Z3,E-3,employee,badge_swipe,True,2026-08-02 06:37:07
FAC-001-Z2,E-42,employee,badge_swipe,True,2026-08-02 06:52:07
FAC-002-Z2,E-10,employee,motion,,2026-08-02 06:52:07
FAC-003-Z3,E-1,employee,motion,,2026-08-02 06:52:07
FAC-004-Z3,E-44,employee,motion,,2026-08-02 07:07:07
FAC-003-Z1,E-36,employee,motion,,2026-08-02 07:22:07
FAC-002-Z2,E-36,employee,motion,,2026-08-02 07:37:07
FAC-002-Z3,V-5,visitor,badge_swipe,True,2026-08-02 07:37:07
FAC-005-Z1,E-50,employee,motion,,2026-08-02 07:37:07
FAC-003-Z3,E-4,employee,motion,,2026-08-02 08:07:07
FAC-003-Z2,E-25,employee,badge_swipe,True,2026-08-02 08:07:07
FAC-004-Z3,E-3,employee,motion,,2026-08-02 08:52:07
FAC-004-Z3,E-46,employee,motion,,2026-08-02 09:37:07
FAC-005-Z3,E-11,employee,badge_swipe,True,2026-08-02 09:37:07
FAC-003-Z1,E-49,employee,badge_swipe,True,2026-08-02 09:37:07
FAC-003-Z3,E-36,employee,badge_swipe,True,2026-08-02 09:52:07
FAC-003-Z2,E-45,employee,motion,,2026-08-02 10:07:07
FAC-002-Z1,E-48,employee,motion,,2026-08-02 10:07:07
FAC-003-Z2,E-16,employee,badge_swipe,True,2026-08-02 10:07:07
FAC-004-Z3,E-31,employee,motion,,2026-08-02 10:52:07
FAC-005-Z1,E-7,employee,badge_swipe,True,2026-08-02 11:07:07
FAC-002-Z2,V-8,visitor,motion,,2026-08-02 11:07:07
FAC-004-Z3,E-4,employee,motion,,2026-08-02 11:07:07
FAC-005-Z1,E-2,employee,motion,,2026-08-02 11:22:07
FAC-005-Z1,E-34,employee,badge_swipe,True,2026-08-02 11:22:07
FAC-002-Z3,E-26,employee,badge_swipe,True,2026-08-02 11:22:07
FAC-003-Z1,E-47,employee,badge_swipe,True,2026-08-02 11:37:07
FAC-002-Z2,E-34,employee,motion,,2026-08-02 12:07:07
FAC-003-Z1,E-4,employee,motion,,2026-08-02 12:07:07
FAC-003-Z1,E-7,employee,motion,,2026-08-02 12:07:07
FAC-002-Z1,E-40,employee,motion,,2026-08-02 12:22:07
FAC-004-Z1,E-27,employee,motion,,2026-08-02 12:22:07
FAC-001-Z2,E-49,employee,motion,,2026-08-02 12:22:07
FAC-003-Z1,E-32,employee,motion,,2026-08-02 12:52:07
FAC-003-Z1,E-12,employee,motion,,2026-08-02 12:52:07
FAC-003-Z3,E-39,employee,motion,,2026-08-02 13:07:07
FAC-003-Z1,E-25,employee,motion,,2026-08-02 13:07:07
FAC-003-Z1,E-48,employee,motion,,2026-08-02 13:07:07
FAC-001-Z2,E-5,employee,motion,,2026-08-02 13:22:07
FAC-003-Z2,E-13,employee,badge_swipe,True,2026-08-02 13:22:07
FAC-001-Z2,E-15,employee,motion,,2026-08-02 13:37:07
FAC-003-Z1,E-40,employee,motion,,2026-08-02 13:37:07
FAC-001-Z1,E-34,employee,motion,,2026-08-02 13:37:07
FAC-004-Z2,E-2,employee,badge_swipe,True,2026-08-02 13:52:07
FAC-003-Z2,E-37,employee,motion,,2026-08-02 13:52:07
FAC-001-Z3,V-1,visitor,motion,,2026-08-02 13:52:07
FAC-005-Z3,E-11,employee,motion,,2026-08-02 14:22:07
FAC-003-Z3,E-5,employee,motion,,2026-08-02 14:22:07
FAC-004-Z2,E-50,employee,badge_swipe,True,2026-08-02 14:22:07
FAC-005-Z2,E-15,employee,badge_swipe,True,2026-08-02 14:37:07
FAC-005-Z3,E-50,employee,motion,,2026-08-02 14:37:07
FAC-003-Z1,E-25,employee,motion,,2026-08-02 14:37:07
FAC-002-Z2,E-36,employee,motion,,2026-08-02 14:52:07
FAC-003-Z2,E-32,employee,motion,,2026-08-02 15:07:07
FAC-002-Z1,E-32,employee,motion,,2026-08-02 15:07:07
FAC-004-Z2,V-2,visitor,motion,,2026-08-02 15:07:07
FAC-002-Z2,E-5,employee,motion,,2026-08-02 16:07:07
FAC-003-Z3,E-19,employee,motion,,2026-08-02 16:07:07
FAC-003-Z3,E-40,employee,badge_swipe,True,2026-08-02 16:22:07
FAC-005-Z3,E-5,employee,motion,,2026-08-02 17:07:07
FAC-003-Z3,E-11,employee,motion,,2026-08-02 17:07:07
FAC-005-Z3,E-29,employee,badge_swipe,True,2026-08-02 17:22:07
FAC-002-Z1,E-2,employee,badge_swipe,True,2026-08-02 17:22:07
FAC-001-Z3,E-23,employee,badge_swipe,True,2026-08-02 17:22:07
FAC-003-Z2,E-26,employee,badge_swipe,True,2026-08-02 17:37:07
FAC-003-Z2,E-44,employee,badge_swipe,True,2026-08-02 17:37:07
FAC-001-Z3,E-20,employee,badge_swipe,True,2026-08-02 17:52:07
FAC-001-Z3,V-1,visitor,motion,,2026-08-02 18:22:07
FAC-001-Z3,E-32,employee,motion,,2026-08-02 18:22:07
FAC-005-Z3,E-27,employee,motion,,2026-08-02 18:37:07
FAC-005-Z1,V-4,visitor,badge_swipe,False,2026-08-02 18:52:07
FAC-001-Z1,E-7,employee,badge_swipe,True,2026-08-02 18:52:07
FAC-004-Z2,E-17,employee,badge_swipe,True,2026-08-02 18:52:07
FAC-005-Z2,E-13,employee,motion,,2026-08-02 19:07:07
FAC-005-Z1,E-31,employee,badge_swipe,True,2026-08-02 19:07:07
FAC-005-Z3,E-12,employee,motion,,2026-08-02 19:37:07
FAC-003-Z3,E-20,employee,motion,,2026-08-02 19:37:07
FAC-001-Z2,E-22,employee,badge_swipe,True,2026-08-02 19:37:07
FAC-001-Z2,E-38,employee,badge_swipe,True,2026-08-02 19:52:07
FAC-003-Z2,E-17,employee,badge_swipe,True,2026-08-02 20:07:07
FAC-005-Z3,E-37,employee,badge_swipe,True,2026-08-02 20:07:07
FAC-001-Z1,E-1,employee,badge_swipe,True,2026-08-02 20:07:07
FAC-003-Z1,E-30,employee,badge_swipe,True,2026-08-02 20:22:07
FAC-003-Z1,E-47,employee,badge_swipe,True,2026-08-02 20:37:07
FAC-004-Z3,E-38,employee,badge_swipe,True,2026-08-02 20:37:07
FAC-005-Z3,E-50,employee,motion,,2026-08-02 20:52:07
FAC-003-Z1,E-22,employee,motion,,2026-08-02 20:52:07
FAC-004-Z3,E-9,employee,badge_swipe,True,2026-08-02 20:52:07
FAC-005-Z1,E-46,employee,motion,,2026-08-02 21:07:07
FAC-001-Z3,E-43,employee,motion,,2026-08-02 21:22:07
FAC-005-Z1,E-49,employee,motion,,2026-08-02 21:22:07
FAC-004-Z3,E-25,employee,badge_swipe,True,2026-08-02 21:22:07
FAC-003-Z3,E-36,employee,motion,,2026-08-02 22:52:07
FAC-003-Z1,E-47,employee,badge_swipe,True,2026-08-02 22:52:07
FAC-001-Z3,V-1,visitor,badge_swipe,True,2026-08-02 23:07:07
FAC-004-Z3,E-34,employee,badge_swipe,True,2026-08-02 23:07:07
FAC-001-Z2,E-25,employee,motion,,2026-08-02 23:07:07
FAC-005-Z1,E-26,employee,badge_swipe,True,2026-08-02 23:22:07
FAC-001-Z3,E-16,employee,badge_swipe,True,2026-08-02 23:22:07
FAC-002-Z3,E-31,employee,badge_swipe,True,2026-08-02 23:22:07
FAC-002-Z1,V-8,visitor,motion,,2026-08-03 00:07:07
FAC-004-Z3,E-45,employee,badge_swipe,True,2026-08-03 00:22:07
FAC-004-Z1,E-24,employee,badge_swipe,True,2026-08-03 00:22:07
FAC-004-Z3,E-37,employee,motion,,2026-08-03 00:22:07
FAC-005-Z2,E-35,employee,badge_swipe,True,2026-08-03 00:52:07
FAC-003-Z2,E-14,employee,badge_swipe,False,2026-08-03 00:52:07
FAC-002-Z2,E-29,employee,motion,,2026-08-03 00:52:07
FAC-004-Z2,E-8,employee,badge_swipe,True,2026-08-03 01:07:07
FAC-001-Z2,E-32,employee,motion,,2026-08-03 01:07:07
FAC-005-Z1,E-40,employee,badge_swipe,True,2026-08-03 01:07:07
FAC-004-Z2,E-35,employee,motion,,2026-08-03 01:37:07
FAC-002-Z2,E-30,employee,badge_swipe,True,2026-08-03 01:37:07
FAC-001-Z3,V-5,visitor,badge_swipe,True,2026-08-03 01:52:07
FAC-005-Z2,E-29,employee,motion,,2026-08-03 01:52:07
FAC-005-Z1,E-45,employee,motion,,2026-08-03 01:52:07
FAC-005-Z1,E-42,employee,badge_swipe,True,2026-08-03 02:07:07
FAC-004-Z1,E-44,employee,badge_swipe,False,2026-08-03 02:07:07
FAC-005-Z1,E-28,employee,badge_swipe,True,2026-08-03 02:22:07
FAC-004-Z1,E-34,employee,badge_swipe,True,2026-08-03 02:37:07
FAC-005-Z1,E-37,employee,motion,,2026-08-03 02:52:07
FAC-002-Z3,E-11,employee,badge_swipe,True,2026-08-03 02:52:07
FAC-001-Z1,E-22,employee,badge_swipe,True,2026-08-03 02:52:07
FAC-003-Z3,E-39,employee,motion,,2026-08-03 03:22:07
FAC-004-Z1,E-8,employee,motion,,2026-08-03 03:37:07
FAC-005-Z1,E-38,employee,motion,,2026-08-03 03:37:07
FAC-001-Z1,E-42,employee,badge_swipe,True,2026-08-03 04:22:07
FAC-003-Z3,E-46,employee,motion,,2026-08-03 04:22:07
FAC-002-Z1,E-30,employee,badge_swipe,True,2026-08-03 04:22:07
FAC-001-Z1,E-17,employee,motion,,2026-08-03 04:52:07
FAC-002-Z1,E-11,employee,motion,,2026-08-03 04:52:07
FAC-001-Z3,E-4,employee,badge_swipe,True,2026-08-03 05:37:07
FAC-003-Z1,E-8,employee,badge_swipe,True,2026-08-03 05:37:07
FAC-003-Z2,E-44,employee,motion,,2026-08-03 05:37:07
FAC-005-Z2,V-5,visitor,badge_swipe,True,2026-08-03 06:07:07
FAC-004-Z2,E-19,employee,motion,,2026-08-03 06:07:07
FAC-003-Z1,E-30,employee,badge_swipe,True,2026-08-03 06:37:07
FAC-004-Z3,E-16,employee,motion,,2026-08-03 06:52:07
FAC-003-Z2,E-10,employee,motion,,2026-08-03 07:07:07
FAC-003-Z3,E-21,employee,motion,,2026-08-03 07:07:07
FAC-005-Z2,E-20,employee,motion,,2026-08-03 07:37:07
FAC-005-Z3,E-1,employee,badge_swipe,True,2026-08-03 07:37:07
FAC-005-Z1,E-3,employee,badge_swipe,False,2026-08-03 07:37:07
FAC-003-Z3,E-28,employee,badge_swipe,True,2026-08-03 08:07:07
FAC-003-Z2,E-3,employee,motion,,2026-08-03 08:07:07
FAC-004-Z3,E-49,employee,badge_swipe,True,2026-08-03 08:07:07
FAC-003-Z3,E-15,employee,badge_swipe,True,2026-08-03 08:07:07
FAC-005-Z3,E-25,employee,motion,,2026-08-03 08:07:07
FAC-002-Z1,V-6,visitor,motion,,2026-08-03 08:07:07
FAC-004-Z1,E-8,employee,motion,,2026-08-03 08:07:07
FAC-002-Z2,E-46,employee,motion,,2026-08-03 08:07:07
FAC-004-Z3,E-35,employee,motion,,2026-08-03 08:07:07
FAC-003-Z2,E-48,employee,motion,,2026-08-03 08:07:07
FAC-001-Z1,E-36,employee,badge_swipe,True,2026-08-03 08:07:07
FAC-002-Z2,V-10,visitor,badge_swipe,True,2026-08-03 08:07:07
FAC-001-Z3,E-24,employee,badge_swipe,True,2026-08-03 08:07:07
FAC-001-Z1,E-34,employee,motion,,2026-08-03 08:07:07
FAC-003-Z2,E-42,employee,motion,,2026-08-03 08:07:07
FAC-001-Z2,E-17,employee,badge_swipe,True,2026-08-03 08:07:07
FAC-005-Z2,E-1,employee,badge_swipe,True,2026-08-03 08:07:07
FAC-002-Z2,E-38,employee,motion,,2026-08-03 08:07:07
FAC-002-Z3,E-14,employee,motion,,2026-08-03 08:07:07
FAC-001-Z1,E-11,employee,motion,,2026-08-03 08:07:07
FAC-001-Z1,E-41,employee,badge_swipe,True,2026-08-03 08:22:07
FAC-002-Z3,E-50,employee,badge_swipe,True,2026-08-03 08:22:07
FAC-002-Z1,E-5,employee,badge_swipe,True,2026-08-03 08:22:07
FAC-004-Z2,V-10,visitor,motion,,2026-08-03 08:22:07
FAC-005-Z3,E-26,employee,badge_swipe,True,2026-08-03 08:22:07
FAC-005-Z1,E-15,employee,badge_swipe,True,2026-08-03 08:22:07
FAC-002-Z1,E-47,employee,badge_swipe,True,2026-08-03 08:22:07
FAC-001-Z3,E-29,employee,motion,,2026-08-03 08:22:07
FAC-002-Z2,E-14,employee,badge_swipe,True,2026-08-03 08:22:07
FAC-003-Z1,E-10,employee,motion,,2026-08-03 08:22:07
FAC-005-Z1,E-25,employee,motion,,2026-08-03 08:22:07
FAC-004-Z2,E-5,employee,motion,,2026-08-03 08:22:07
FAC-002-Z1,V-4,visitor,motion,,2026-08-03 08:22:07
FAC-001-Z3,E-10,employee,badge_swipe,True,2026-08-03 08:22:07
FAC-003-Z1,E-13,employee,motion,,2026-08-03 08:37:07
FAC-003-Z1,E-22,employee,badge_swipe,True,2026-08-03 08:37:07
FAC-001-Z1,E-49,employee,badge_swipe,True,2026-08-03 08:37:07
FAC-004-Z3,V-4,visitor,badge_swipe,True,2026-08-03 08:37:07
FAC-001-Z2,E-33,employee,motion,,2026-08-03 08:37:07
FAC-002-Z1,E-2,employee,motion,,2026-08-03 08:52:07
FAC-004-Z1,E-37,employee,badge_swipe,True,2026-08-03 08:52:07
FAC-005-Z1,E-5,employee,badge_swipe,True,2026-08-03 08:52:07
FAC-003-Z2,E-27,employee,motion,,2026-08-03 08:52:07
FAC-001-Z1,E-38,employee,badge_swipe,True,2026-08-03 08:52:07
FAC-003-Z1,E-20,employee,badge_swipe,True,2026-08-03 08:52:07
FAC-003-Z3,E-12,employee,badge_swipe,True,2026-08-03 08:52:07
FAC-002-Z1,V-4,visitor,badge_swipe,True,2026-08-03 08:52:07
FAC-003-Z1,E-33,employee,motion,,2026-08-03 09:07:07
FAC-005-Z2,E-15,employee,badge_swipe,True,2026-08-03 09:07:07
FAC-004-Z1,E-9,employee,motion,,2026-08-03 09:07:07
FAC-001-Z1,E-15,employee,motion,,2026-08-03 09:07:07
FAC-001-Z3,E-18,employee,motion,,2026-08-03 09:07:07
FAC-002-Z2,E-20,employee,motion,,2026-08-03 09:07:07
FAC-003-Z2,E-28,employee,motion,,2026-08-03 09:07:07
FAC-001-Z1,E-24,employee,badge_swipe,True,2026-08-03 09:07:07
FAC-001-Z3,E-30,employee,motion,,2026-08-03 09:07:07
FAC-001-Z1,E-49,employee,motion,,2026-08-03 09:07:07
FAC-003-Z3,E-5,employee,badge_swipe,True,2026-08-03 09:07:07
FAC-005-Z2,E-16,employee,badge_swipe,True,2026-08-03 09:07:07
FAC-001-Z1,E-11,employee,motion,,2026-08-03 09:07:07
FAC-004-Z1,E-13,employee,badge_swipe,True,2026-08-03 09:07:07
FAC-004-Z3,E-30,employee,motion,,2026-08-03 09:07:07
FAC-002-Z1,E-30,employee,motion,,2026-08-03 09:07:07
FAC-003-Z1,E-27,employee,badge_swipe,False,2026-08-03 09:07:07
FAC-005-Z3,E-14,employee,badge_swipe,True,2026-08-03 09:22:07
FAC-003-Z2,E-18,employee,badge_swipe,True,2026-08-03 09:22:07
FAC-002-Z3,E-33,employee,motion,,2026-08-03 09:22:07
FAC-005-Z3,E-36,employee,badge_swipe,True,2026-08-03 09:22:07
FAC-004-Z3,E-24,employee,badge_swipe,True,2026-08-03 09:22:07
FAC-005-Z2,E-5,employee,badge_swipe,True,2026-08-03 09:22:07
FAC-003-Z2,E-46,employee,badge_swipe,True,2026-08-03 09:22:07
FAC-004-Z3,E-26,employee,badge_swipe,True,2026-08-03 09:22:07
FAC-001-Z2,E-41,employee,badge_swipe,True,2026-08-03 09:22:07
FAC-005-Z3,E-20,employee,motion,,2026-08-03 09:22:07
FAC-002-Z1,E-12,employee,badge_swipe,True,2026-08-03 09:22:07
FAC-001-Z2,E-30,employee,motion,,2026-08-03 09:22:07
FAC-003-Z1,E-3,employee,motion,,2026-08-03 09:22:07
FAC-005-Z1,E-16,employee,motion,,2026-08-03 09:22:07
FAC-005-Z1,E-46,employee,motion,,2026-08-03 09:22:07
FAC-002-Z1,E-30,employee,motion,,2026-08-03 09:37:07
FAC-003-Z2,V-5,visitor,badge_swipe,True,2026-08-03 09:37:07
FAC-004-Z1,E-25,employee,badge_swipe,True,2026-08-03 09:37:07
FAC-004-Z3,E-1,employee,motion,,2026-08-03 09:37:07
FAC-002-Z1,E-18,employee,badge_swipe,True,2026-08-03 09:37:07
FAC-003-Z1,E-50,employee,motion,,2026-08-03 09:37:07
FAC-002-Z1,E-42,employee,badge_swipe,True,2026-08-03 09:37:07
FAC-004-Z3,E-39,employee,motion,,2026-08-03 09:37:07
FAC-004-Z2,V-1,visitor,motion,,2026-08-03 09:37:07
FAC-005-Z2,E-49,employee,motion,,2026-08-03 09:37:07
FAC-004-Z2,E-46,employee,motion,,2026-08-03 09:37:07
FAC-002-Z3,E-2,employee,motion,,2026-08-03 09:37:07
FAC-001-Z3,E-21,employee,motion,,2026-08-03 09:37:07
FAC-003-Z3,E-13,employee,badge_swipe,True,2026-08-03 09:37:07
FAC-001-Z1,E-31,employee,badge_swipe,True,2026-08-03 09:37:07
FAC-005-Z2,E-49,employee,badge_swipe,True,2026-08-03 09:37:07
FAC-004-Z2,E-18,employee,motion,,2026-08-03 09:37:07
FAC-004-Z1,E-4,employee,badge_swipe,True,2026-08-03 09:37:07
FAC-002-Z1,E-30,employee,motion,,2026-08-03 09:37:07
FAC-003-Z3,E-50,employee,motion,,2026-08-03 09:52:07
FAC-005-Z2,E-2,employee,motion,,2026-08-03 09:52:07
FAC-004-Z2,E-45,employee,badge_swipe,True,2026-08-03 09:52:07
FAC-005-Z1,E-27,employee,motion,,2026-08-03 09:52:07
FAC-001-Z3,V-10,visitor,motion,,2026-08-03 09:52:07
FAC-003-Z3,E-50,employee,badge_swipe,True,2026-08-03 09:52:07
FAC-004-Z3,E-19,employee,motion,,2026-08-03 09:52:07
FAC-003-Z3,E-34,employee,motion,,2026-08-03 09:52:07
FAC-004-Z2,E-1,employee,motion,,2026-08-03 09:52:07
FAC-005-Z1,E-40,employee,badge_swipe,False,2026-08-03 09:52:07
FAC-003-Z2,E-43,employee,motion,,2026-08-03 09:52:07
FAC-001-Z3,E-12,employee,motion,,2026-08-03 09:52:07
FAC-003-Z3,E-49,employee,motion,,2026-08-03 09:52:07
FAC-003-Z3,E-7,employee,badge_swipe,True,2026-08-03 09:52:07
FAC-004-Z1,E-4,employee,badge_swipe,True,2026-08-03 09:52:07
FAC-003-Z1,E-33,employee,motion,,2026-08-03 09:52:07
FAC-005-Z3,E-5,employee,badge_swipe,True,2026-08-03 10:07:07
FAC-005-Z2,E-6,employee,badge_swipe,True,2026-08-03 10:07:07
FAC-002-Z3,E-4,employee,badge_swipe,True,2026-08-03 10:07:07
FAC-001-Z1,E-28,employee,motion,,2026-08-03 10:07:07
FAC-005-Z3,E-1,employee,motion,,2026-08-03 10:07:07
FAC-002-Z3,E-10,employee,badge_swipe,True,2026-08-03 10:07:07
FAC-004-Z2,E-11,employee,motion,,2026-08-03 10:07:07
FAC-001-Z1,E-15,employee,motion,,2026-08-03 10:07:07
FAC-005-Z1,E-23,employee,motion,,2026-08-03 10:07:07
FAC-003-Z1,E-28,employee,motion,,2026-08-03 10:07:07
FAC-005-Z2,E-4,employee,badge_swipe,True,2026-08-03 10:07:07
FAC-002-Z1,E-38,employee,badge_swipe,True,2026-08-03 10:22:07
FAC-003-Z2,V-3,visitor,motion,,2026-08-03 10:22:07
FAC-004-Z2,V-2,visitor,badge_swipe,True,2026-08-03 10:22:07
FAC-002-Z2,E-1,employee,badge_swipe,True,2026-08-03 10:22:07
FAC-005-Z1,E-41,employee,badge_swipe,False,2026-08-03 10:22:07
FAC-005-Z3,E-11,employee,badge_swipe,True,2026-08-03 10:22:07
FAC-004-Z2,E-31,employee,badge_swipe,True,2026-08-03 10:22:07
FAC-004-Z2,E-26,employee,motion,,2026-08-03 10:22:07
FAC-002-Z3,E-6,employee,badge_swipe,True,2026-08-03 10:22:07
FAC-001-Z1,V-4,visitor,badge_swipe,True,2026-08-03 10:22:07
FAC-003-Z2,E-9,employee,badge_swipe,True,2026-08-03 10:22:07
FAC-004-Z2,E-1,employee,badge_swipe,True,2026-08-03 10:22:07
FAC-003-Z3,E-48,employee,motion,,2026-08-03 10:22:07
FAC-003-Z2,E-40,employee,motion,,2026-08-03 10:22:07
FAC-001-Z1,E-29,employee,motion,,2026-08-03 10:22:07
FAC-003-Z2,E-10,employee,badge_swipe,True,2026-08-03 10:22:07
FAC-001-Z1,E-27,employee,badge_swipe,True,2026-08-03 10:22:07
FAC-005-Z3,E-16,employee,motion,,2026-08-03 10:22:07
FAC-003-Z1,E-39,employee,badge_swipe,True,2026-08-03 10:22:07
FAC-002-Z2,E-47,employee,motion,,2026-08-03 10:37:07
FAC-004-Z2,E-18,employee,badge_swipe,True,2026-08-03 10:37:07
FAC-001-Z3,E-29,employee,badge_swipe,True,2026-08-03 10:37:07
FAC-004-Z3,E-19,employee,badge_swipe,True,2026-08-03 10:37:07
FAC-003-Z1,E-7,employee,badge_swipe,False,2026-08-03 10:37:07
FAC-001-Z2,E-2,employee,badge_swipe,True,2026-08-03 10:37:07
FAC-003-Z2,E-31,employee,badge_swipe,True,2026-08-03 10:37:07
FAC-001-Z3,E-24,employee,motion,,2026-08-03 10:37:07
FAC-003-Z3,E-50,employee,badge_swipe,True,2026-08-03 10:37:07
FAC-003-Z3,E-39,employee,motion,,2026-08-03 10:37:07
FAC-002-Z3,E-34,employee,motion,,2026-08-03 10:37:07
FAC-005-Z2,E-24,employee,motion,,2026-08-03 10:37:07
FAC-001-Z1,E-18,employee,badge_swipe,True,2026-08-03 10:37:07
FAC-002-Z2,E-1,employee,badge_swipe,True,2026-08-03 10:37:07
FAC-001-Z3,V-7,visitor,motion,,2026-08-03 10:37:07
FAC-005-Z3,E-15,employee,badge_swipe,True,2026-08-03 10:37:07
FAC-005-Z1,E-3,employee,motion,,2026-08-03 10:37:07
FAC-005-Z2,E-37,employee,badge_swipe,True,2026-08-03 10:52:07
FAC-002-Z1,E-20,employee,motion,,2026-08-03 10:52:07
FAC-001-Z3,E-18,employee,motion,,2026-08-03 10:52:07
FAC-002-Z2,E-36,employee,badge_swipe,True,2026-08-03 10:52:07
FAC-003-Z1,E-40,employee,badge_swipe,True,2026-08-03 10:52:07
FAC-004-Z1,E-14,employee,badge_swipe,True,2026-08-03 10:52:07
FAC-001-Z1,E-27,employee,badge_swipe,True,2026-08-03 10:52:07
FAC-002-Z3,E-35,employee,motion,,2026-08-03 10:52:07
FAC-003-Z1,E-31,employee,motion,,2026-08-03 10:52:07
FAC-001-Z2,E-9,employee,badge_swipe,True,2026-08-03 10:52:07
FAC-005-Z2,E-33,employee,motion,,2026-08-03 11:07:07
FAC-003-Z2,V-5,visitor,badge_swipe,True,2026-08-03 11:07:07
FAC-001-Z1,E-35,employee,motion,,2026-08-03 11:07:07
FAC-005-Z3,E-19,employee,badge_swipe,True,2026-08-03 11:07:07
FAC-002-Z2,E-22,employee,badge_swipe,True,2026-08-03 11:07:07
FAC-002-Z2,E-18,employee,motion,,2026-08-03 11:07:07
FAC-005-Z1,E-1,employee,motion,,2026-08-03 11:07:07
FAC-005-Z1,E-13,employee,badge_swipe,True,2026-08-03 11:07:07
FAC-001-Z2,E-27,employee,motion,,2026-08-03 11:07:07
FAC-001-Z3,E-5,employee,badge_swipe,True,2026-08-03 11:07:07
FAC-005-Z2,E-48,employee,motion,,2026-08-03 11:07:07
FAC-005-Z2,E-25,employee,badge_swipe,True,2026-08-03 11:07:07
FAC-001-Z1,V-9,visitor,motion,,2026-08-03 11:07:07
FAC-001-Z2,E-29,employee,motion,,2026-08-03 11:22:07
FAC-004-Z1,E-36,employee,badge_swipe,True,2026-08-03 11:22:07
FAC-003-Z1,E-28,employee,motion,,2026-08-03 11:22:07
FAC-004-Z3,E-6,employee,motion,,2026-08-03 11:22:07
FAC-001-Z3,E-48,employee,motion,,2026-08-03 11:22:07
FAC-004-Z3,E-3,employee,badge_swipe,True,2026-08-03 11:22:07
FAC-005-Z3,E-6,employee,motion,,2026-08-03 11:22:07
FAC-004-Z3,E-28,employee,motion,,2026-08-03 11:22:07
FAC-004-Z2,E-44,employee,badge_swipe,True,2026-08-03 11:22:07
FAC-003-Z1,E-7,employee,motion,,2026-08-03 11:22:07
FAC-002-Z1,E-11,employee,motion,,2026-08-03 11:37:07
FAC-005-Z1,E-19,employee,badge_swipe,True,2026-08-03 11:37:07
FAC-003-Z1,E-10,employee,motion,,2026-08-03 11:37:07
FAC-005-Z2,E-4,employee,badge_swipe,True,2026-08-03 11:37:07
FAC-001-Z3,E-12,employee,motion,,2026-08-03 11:37:07
FAC-003-Z3,E-35,employee,motion,,2026-08-03 11:37:07
FAC-002-Z3,E-17,employee,badge_swipe,True,2026-08-03 11:37:07
FAC-001-Z3,E-39,employee,motion,,2026-08-03 11:37:07
FAC-003-Z3,E-9,employee,motion,,2026-08-03 11:52:07
FAC-002-Z2,E-49,employee,badge_swipe,True,2026-08-03 11:52:07
FAC-001-Z3,E-3,employee,motion,,2026-08-03 11:52:07
FAC-001-Z3,E-22,employee,badge_swipe,True,2026-08-03 11:52:07
FAC-003-Z2,E-32,employee,motion,,2026-08-03 11:52:07
FAC-002-Z2,E-23,employee,badge_swipe,True,2026-08-03 11:52:07
FAC-005-Z1,E-24,employee,badge_swipe,True,2026-08-03 11:52:07
FAC-001-Z3,E-37,employee,badge_swipe,True,2026-08-03 11:52:07
FAC-002-Z3,E-18,employee,motion,,2026-08-03 11:52:07
FAC-001-Z3,E-39,employee,motion,,2026-08-03 11:52:07
FAC-003-Z1,E-20,employee,motion,,2026-08-03 11:52:07
FAC-005-Z1,E-22,employee,motion,,2026-08-03 12:07:07
FAC-001-Z1,E-2,employee,motion,,2026-08-03 12:07:07
FAC-003-Z3,E-13,employee,badge_swipe,True,2026-08-03 12:07:07
FAC-002-Z1,E-49,employee,motion,,2026-08-03 12:07:07
FAC-003-Z3,V-5,visitor,motion,,2026-08-03 12:07:07
FAC-003-Z1,E-39,employee,badge_swipe,True,2026-08-03 12:07:07
FAC-002-Z1,V-9,visitor,badge_swipe,True,2026-08-03 12:07:07
FAC-005-Z3,E-39,employee,badge_swipe,True,2026-08-03 12:07:07
FAC-004-Z2,E-7,employee,badge_swipe,True,2026-08-03 12:07:07
FAC-001-Z1,E-42,employee,motion,,2026-08-03 12:07:07
FAC-002-Z2,E-50,employee,badge_swipe,True,2026-08-03 12:22:07
FAC-001-Z1,V-6,visitor,motion,,2026-08-03 12:22:07
FAC-002-Z2,V-5,visitor,badge_swipe,True,2026-08-03 12:22:07
FAC-005-Z1,E-12,employee,badge_swipe,True,2026-08-03 12:22:07
FAC-001-Z3,E-40,employee,badge_swipe,True,2026-08-03 12:22:07
FAC-005-Z2,E-30,employee,badge_swipe,True,2026-08-03 12:22:07
FAC-004-Z1,E-43,employee,badge_swipe,True,2026-08-03 12:22:07
FAC-002-Z3,E-25,employee,motion,,2026-08-03 12:22:07
FAC-003-Z3,E-43,employee,badge_swipe,True,2026-08-03 12:22:07
FAC-003-Z1,V-3,visitor,badge_swipe,True,2026-08-03 12:22:07
FAC-005-Z1,E-21,employee,badge_swipe,True,2026-08-03 12:22:07
FAC-004-Z3,E-32,employee,motion,,2026-08-03 12:22:07
FAC-001-Z3,E-49,employee,badge_swipe,True,2026-08-03 12:37:07
FAC-004-Z3,E-15,employee,motion,,2026-08-03 12:37:07
FAC-003-Z1,E-13,employee,motion,,2026-08-03 12:37:07
FAC-001-Z1,V-7,visitor,motion,,2026-08-03 12:37:07
FAC-005-Z3,E-43,employee,badge_swipe,True,2026-08-03 12:37:07
FAC-002-Z2,E-40,employee,motion,,2026-08-03 12:37:07
FAC-001-Z2,E-47,employee,badge_swipe,True,2026-08-03 12:37:07
FAC-002-Z2,E-19,employee,badge_swipe,True,2026-08-03 12:37:07
FAC-002-Z3,E-40,employee,badge_swipe,True,2026-08-03 12:37:07
FAC-005-Z2,E-48,employee,badge_swipe,True,2026-08-03 12:37:07
FAC-005-Z1,E-10,employee,motion,,2026-08-03 12:37:07
FAC-005-Z1,E-17,employee,badge_swipe,True,2026-08-03 12:37:07
FAC-005-Z3,E-26,employee,motion,,2026-08-03 12:52:07
FAC-001-Z3,E-3,employee,badge_swipe,True,2026-08-03 12:52:07
FAC-005-Z2,E-38,employee,badge_swipe,True,2026-08-03 12:52:07
FAC-002-Z2,E-17,employee,badge_swipe,True,2026-08-03 12:52:07
FAC-001-Z1,E-26,employee,badge_swipe,True,2026-08-03 12:52:07
FAC-001-Z1,E-40,employee,badge_swipe,True,2026-08-03 12:52:07
FAC-003-Z2,E-35,employee,motion,,2026-08-03 12:52:07
FAC-005-Z1,E-30,employee,badge_swipe,True,2026-08-03 12:52:07
FAC-003-Z2,E-22,employee,motion,,2026-08-03 12:52:07
FAC-001-Z1,V-1,visitor,badge_swipe,True,2026-08-03 12:52:07
FAC-001-Z3,E-43,employee,badge_swipe,True,2026-08-03 12:52:07
FAC-003-Z1,E-41,employee,motion,,2026-08-03 12:52:07
FAC-004-Z1,E-37,employee,motion,,2026-08-03 12:52:07
FAC-005-Z1,E-36,employee,motion,,2026-08-03 12:52:07
FAC-001-Z2,E-48,employee,badge_swipe,True,2026-08-03 13:07:07
FAC-001-Z2,E-35,employee,motion,,2026-08-03 13:07:07
FAC-003-Z1,E-16,employee,badge_swipe,True,2026-08-03 13:07:07
FAC-001-Z2,E-28,employee,motion,,2026-08-03 13:07:07
FAC-004-Z3,E-26,employee,motion,,2026-08-03 13:07:07
FAC-003-Z1,E-23,employee,motion,,2026-08-03 13:07:07
FAC-005-Z1,E-41,employee,badge_swipe,True,2026-08-03 13:07:07
FAC-002-Z2,E-13,employee,motion,,2026-08-03 13:07:07
FAC-003-Z1,V-2,visitor,motion,,2026-08-03 13:07:07
FAC-003-Z2,E-12,employee,badge_swipe,True,2026-08-03 13:22:07
FAC-003-Z1,E-42,employee,badge_swipe,True,2026-08-03 13:22:07
FAC-003-Z3,E-44,employee,badge_swipe,True,2026-08-03 13:22:07
FAC-005-Z1,E-29,employee,badge_swipe,True,2026-08-03 13:22:07
FAC-005-Z1,E-21,employee,badge_swipe,True,2026-08-03 13:22:07
FAC-002-Z1,E-24,employee,badge_swipe,False,2026-08-03 13:22:07
FAC-004-Z2,E-49,employee,motion,,2026-08-03 13:22:07
FAC-004-Z3,E-19,employee,badge_swipe,True,2026-08-03 13:22:07
FAC-004-Z2,E-14,employee,motion,,2026-08-03 13:22:07
FAC-001-Z1,E-24,employee,badge_swipe,True,2026-08-03 13:22:07
FAC-005-Z2,E-11,employee,motion,,2026-08-03 13:22:07
FAC-001-Z3,E-31,employee,motion,,2026-08-03 13:22:07
FAC-002-Z2,E-28,employee,motion,,2026-08-03 13:22:07
FAC-004-Z3,E-32,employee,motion,,2026-08-03 13:22:07
FAC-001-Z2,E-37,employee,badge_swipe,True,2026-08-03 13:37:07
FAC-002-Z1,V-10,visitor,badge_swipe,True,2026-08-03 13:37:07
FAC-005-Z2,E-31,employee,badge_swipe,True,2026-08-03 13:37:07
FAC-001-Z1,E-5,employee,motion,,2026-08-03 13:37:07
FAC-004-Z3,E-36,employee,badge_swipe,True,2026-08-03 13:37:07
FAC-003-Z3,E-49,employee,badge_swipe,True,2026-08-03 13:37:07
FAC-005-Z3,E-36,employee,badge_swipe,True,2026-08-03 13:37:07
FAC-003-Z3,E-23,employee,badge_swipe,True,2026-08-03 13:37:07
FAC-004-Z3,E-13,employee,badge_swipe,True,2026-08-03 13:52:07
FAC-002-Z1,E-38,employee,motion,,2026-08-03 13:52:07
FAC-005-Z3,E-10,employee,motion,,2026-08-03 13:52:07
FAC-002-Z3,E-27,employee,motion,,2026-08-03 13:52:07
FAC-004-Z1,E-37,employee,motion,,2026-08-03 13:52:07
FAC-003-Z3,E-46,employee,motion,,2026-08-03 13:52:07
FAC-002-Z3,E-33,employee,badge_swipe,True,2026-08-03 13:52:07
FAC-005-Z2,E-3,employee,motion,,2026-08-03 13:52:07
FAC-002-Z2,E-30,employee,motion,,2026-08-03 14:07:07
FAC-004-Z1,E-27,employee,badge_swipe,True,2026-08-03 14:07:07
FAC-005-Z2,E-29,employee,badge_swipe,True,2026-08-03 14:07:07
FAC-005-Z3,E-36,employee,motion,,2026-08-03 14:07:07
FAC-005-Z1,E-42,employee,motion,,2026-08-03 14:07:07
FAC-001-Z3,E-43,employee,motion,,2026-08-03 14:07:07
FAC-002-Z2,V-9,visitor,badge_swipe,True,2026-08-03 14:07:07
FAC-003-Z2,E-38,employee,motion,,2026-08-03 14:07:07
FAC-002-Z3,E-34,employee,badge_swipe,True,2026-08-03 14:07:07
FAC-004-Z2,E-37,employee,badge_swipe,True,2026-08-03 14:07:07
FAC-001-Z1,E-20,employee,motion,,2026-08-03 14:22:07
FAC-004-Z3,E-37,employee,motion,,2026-08-03 14:22:07
FAC-003-Z3,E-11,employee,badge_swipe,True,2026-08-03 14:22:07
FAC-005-Z3,E-9,employee,motion,,2026-08-03 14:22:07
FAC-001-Z1,E-3,employee,motion,,2026-08-03 14:22:07
FAC-005-Z3,V-4,visitor,motion,,2026-08-03 14:22:07
FAC-003-Z2,E-44,employee,motion,,2026-08-03 14:22:07
FAC-002-Z1,E-2,employee,badge_swipe,True,2026-08-03 14:22:07
FAC-005-Z2,E-38,employee,badge_swipe,True,2026-08-03 14:22:07
FAC-001-Z2,E-26,employee,badge_swipe,True,2026-08-03 14:22:07
FAC-002-Z2,E-31,employee,motion,,2026-08-03 14:22:07
FAC-003-Z3,E-4,employee,motion,,2026-08-03 14:22:07
FAC-003-Z3,E-29,employee,motion,,2026-08-03 14:22:07
FAC-004-Z2,E-42,employee,motion,,2026-08-03 14:22:07
FAC-001-Z2,E-35,employee,badge_swipe,True,2026-08-03 14:22:07
FAC-001-Z1,E-30,employee,motion,,2026-08-03 14:22:07
FAC-004-Z2,E-20,employee,motion,,2026-08-03 14:37:07
FAC-003-Z3,E-44,employee,motion,,2026-08-03 14:37:07
FAC-003-Z3,E-33,employee,badge_swipe,True,2026-08-03 14:37:07
FAC-002-Z3,E-46,employee,motion,,2026-08-03 14:37:07
FAC-003-Z1,E-13,employee,motion,,2026-08-03 14:37:07
FAC-005-Z3,E-49,employee,motion,,2026-08-03 14:37:07
FAC-001-Z1,E-14,employee,motion,,2026-08-03 14:37:07
FAC-001-Z3,E-18,employee,motion,,2026-08-03 14:37:07
FAC-003-Z3,E-33,employee,motion,,2026-08-03 14:37:07
FAC-001-Z3,E-18,employee,motion,,2026-08-03 14:37:07
FAC-002-Z3,E-2,employee,motion,,2026-08-03 14:37:07
FAC-004-Z1,E-44,employee,motion,,2026-08-03 14:37:07
FAC-004-Z3,E-6,employee,badge_swipe,True,2026-08-03 14:37:07
FAC-001-Z2,E-39,employee,badge_swipe,True,2026-08-03 14:37:07
FAC-001-Z3,E-21,employee,badge_swipe,True,2026-08-03 14:37:07
FAC-003-Z1,E-11,employee,badge_swipe,True,2026-08-03 14:37:07
FAC-004-Z1,E-17,employee,motion,,2026-08-03 14:52:07
FAC-001-Z2,E-31,employee,badge_swipe,True,2026-08-03 14:52:07
FAC-001-Z3,E-27,employee,badge_swipe,True,2026-08-03 14:52:07
FAC-004-Z1,E-34,employee,badge_swipe,True,2026-08-03 14:52:07
FAC-002-Z2,V-6,visitor,motion,,2026-08-03 14:52:07
FAC-001-Z1,E-11,employee,motion,,2026-08-03 14:52:07
FAC-001-Z2,E-27,employee,motion,,2026-08-03 14:52:07
FAC-001-Z3,E-33,employee,motion,,2026-08-03 15:07:07
FAC-003-Z3,E-37,employee,motion,,2026-08-03 15:07:07
FAC-001-Z2,E-28,employee,badge_swipe,True,2026-08-03 15:07:07
FAC-002-Z3,E-11,employee,badge_swipe,True,2026-08-03 15:07:07
FAC-004-Z1,E-6,employee,motion,,2026-08-03 15:07:07
FAC-005-Z1,E-6,employee,motion,,2026-08-03 15:07:07
FAC-001-Z1,E-29,employee,motion,,2026-08-03 15:07:07
FAC-005-Z3,E-26,employee,motion,,2026-08-03 15:22:07
FAC-003-Z3,E-8,employee,motion,,2026-08-03 15:22:07
FAC-002-Z3,E-26,employee,badge_swipe,True,2026-08-03 15:22:07
FAC-003-Z1,E-27,employee,motion,,2026-08-03 15:22:07
FAC-001-Z3,E-44,employee,badge_swipe,True,2026-08-03 15:22:07
FAC-001-Z2,E-35,employee,motion,,2026-08-03 15:22:07
FAC-001-Z1,E-19,employee,badge_swipe,True,2026-08-03 15:22:07
FAC-004-Z3,E-49,employee,motion,,2026-08-03 15:22:07
FAC-001-Z3,E-36,employee,badge_swipe,True,2026-08-03 15:22:07
FAC-002-Z2,E-15,employee,motion,,2026-08-03 15:22:07
FAC-001-Z1,E-17,employee,motion,,2026-08-03 15:22:07
FAC-001-Z2,E-18,employee,motion,,2026-08-03 15:22:07
FAC-002-Z2,E-35,employee,motion,,2026-08-03 15:22:07
FAC-005-Z2,E-30,employee,motion,,2026-08-03 15:22:07
FAC-004-Z3,E-38,employee,motion,,2026-08-03 15:22:07
FAC-003-Z1,E-41,employee,motion,,2026-08-03 15:22:07
FAC-004-Z1,E-5,employee,badge_swipe,True,2026-08-03 15:22:07
FAC-003-Z2,E-24,employee,badge_swipe,True,2026-08-03 15:22:07
FAC-003-Z1,E-37,employee,badge_swipe,True,2026-08-03 15:22:07
FAC-005-Z2,E-46,employee,badge_swipe,False,2026-08-03 15:37:07
FAC-004-Z3,V-6,visitor,badge_swipe,True,2026-08-03 15:37:07
FAC-001-Z1,E-41,employee,badge_swipe,True,2026-08-03 15:37:07
FAC-004-Z3,E-6,employee,badge_swipe,False,2026-08-03 15:37:07
FAC-005-Z3,E-40,employee,motion,,2026-08-03 15:37:07
FAC-002-Z1,E-30,employee,badge_swipe,True,2026-08-03 15:37:07
FAC-004-Z1,E-28,employee,motion,,2026-08-03 15:37:07
FAC-002-Z1,E-31,employee,motion,,2026-08-03 15:37:07
FAC-003-Z2,V-5,visitor,badge_swipe,True,2026-08-03 15:37:07
FAC-004-Z1,E-8,employee,motion,,2026-08-03 15:37:07
FAC-001-Z3,E-10,employee,badge_swipe,True,2026-08-03 15:37:07
FAC-002-Z2,E-35,employee,badge_swipe,False,2026-08-03 15:37:07
FAC-002-Z2,E-33,employee,badge_swipe,True,2026-08-03 15:52:07
FAC-005-Z3,E-6,employee,motion,,2026-08-03 15:52:07
FAC-004-Z2,V-6,visitor,motion,,2026-08-03 15:52:07
FAC-003-Z3,E-27,employee,motion,,2026-08-03 15:52:07
FAC-001-Z1,E-3,employee,badge_swipe,True,2026-08-03 15:52:07
FAC-002-Z3,E-5,employee,motion,,2026-08-03 15:52:07
FAC-005-Z2,E-38,employee,badge_swipe,True,2026-08-03 15:52:07
FAC-001-Z2,E-38,employee,badge_swipe,True,2026-08-03 15:52:07
FAC-002-Z1,E-40,employee,badge_swipe,True,2026-08-03 15:52:07
FAC-002-Z1,E-43,employee,badge_swipe,True,2026-08-03 15:52:07
FAC-004-Z1,V-6,visitor,motion,,2026-08-03 15:52:07
FAC-001-Z2,E-31,employee,motion,,2026-08-03 15:52:07
FAC-004-Z2,E-43,employee,badge_swipe,True,2026-08-03 15:52:07
FAC-001-Z3,E-26,employee,motion,,2026-08-03 15:52:07
FAC-003-Z2,E-5,employee,motion,,2026-08-03 15:52:07
FAC-003-Z3,E-9,employee,badge_swipe,True,2026-08-03 15:52:07
FAC-003-Z3,E-26,employee,badge_swipe,True,2026-08-03 15:52:07
FAC-001-Z2,E-43,employee,badge_swipe,True,2026-08-03 16:07:07
FAC-004-Z1,E-18,employee,badge_swipe,True,2026-08-03 16:07:07
FAC-004-Z3,E-37,employee,motion,,2026-08-03 16:07:07
FAC-002-Z3,E-26,employee,badge_swipe,True,2026-08-03 16:07:07
FAC-004-Z3,E-34,employee,badge_swipe,True,2026-08-03 16:07:07
FAC-001-Z2,E-32,employee,motion,,2026-08-03 16:07:07
FAC-004-Z3,E-43,employee,badge_swipe,True,2026-08-03 16:07:07
FAC-003-Z1,E-14,employee,motion,,2026-08-03 16:07:07
FAC-005-Z2,E-3,employee,motion,,2026-08-03 16:07:07
FAC-002-Z3,E-10,employee,motion,,2026-08-03 16:07:07
FAC-004-Z2,E-4,employee,motion,,2026-08-03 16:07:07
FAC-002-Z1,E-12,employee,motion,,2026-08-03 16:22:07
FAC-003-Z1,E-19,employee,badge_swipe,False,2026-08-03 16:22:07
FAC-001-Z3,E-39,employee,badge_swipe,False,2026-08-03 16:22:07
FAC-005-Z3,E-27,employee,badge_swipe,True,2026-08-03 16:22:07
FAC-005-Z1,E-35,employee,motion,,2026-08-03 16:22:07
FAC-005-Z2,E-48,employee,motion,,2026-08-03 16:22:07
FAC-002-Z3,E-18,employee,motion,,2026-08-03 16:37:07
FAC-001-Z2,E-21,employee,motion,,2026-08-03 16:37:07
FAC-005-Z2,E-23,employee,badge_swipe,True,2026-08-03 16:37:07
FAC-004-Z1,V-4,visitor,motion,,2026-08-03 16:37:07
FAC-005-Z2,E-10,employee,motion,,2026-08-03 16:37:07
FAC-001-Z1,E-19,employee,badge_swipe,True,2026-08-03 16:37:07
FAC-001-Z1,E-8,employee,badge_swipe,True,2026-08-03 16:37:07
FAC-003-Z2,E-21,employee,badge_swipe,True,2026-08-03 16:37:07
FAC-002-Z2,E-29,employee,badge_swipe,True,2026-08-03 16:37:07
FAC-003-Z1,E-24,employee,motion,,2026-08-03 16:37:07
FAC-003-Z2,E-30,employee,motion,,2026-08-03 16:52:07
FAC-001-Z1,E-9,employee,badge_swipe,True,2026-08-03 16:52:07
FAC-002-Z3,E-36,employee,badge_swipe,True,2026-08-03 16:52:07
FAC-003-Z3,E-31,employee,motion,,2026-08-03 16:52:07
FAC-004-Z1,E-25,employee,motion,,2026-08-03 16:52:07
FAC-003-Z2,E-12,employee,badge_swipe,True,2026-08-03 16:52:07
FAC-001-Z2,E-30,employee,motion,,2026-08-03 16:52:07
FAC-002-Z2,E-49,employee,badge_swipe,True,2026-08-03 16:52:07
FAC-001-Z3,E-1,employee,motion,,2026-08-03 16:52:07
FAC-001-Z3,E-40,employee,badge_swipe,True,2026-08-03 16:52:07
FAC-005-Z2,E-26,employee,badge_swipe,True,2026-08-03 16:52:07
FAC-003-Z1,E-10,employee,badge_swipe,True,2026-08-03 16:52:07
FAC-003-Z2,E-46,employee,badge_swipe,True,2026-08-03 16:52:07
FAC-002-Z2,E-25,employee,badge_swipe,True,2026-08-03 16:52:07
FAC-002-Z1,E-18,employee,motion,,2026-08-03 17:07:07
FAC-004-Z1,E-20,employee,motion,,2026-08-03 17:07:07
FAC-005-Z2,E-32,employee,badge_swipe,True,2026-08-03 17:07:07
FAC-004-Z2,E-48,employee,motion,,2026-08-03 17:07:07
FAC-003-Z3,E-8,employee,badge_swipe,True,2026-08-03 17:07:07
FAC-005-Z3,E-24,employee,badge_swipe,True,2026-08-03 17:07:07
FAC-003-Z2,V-9,visitor,motion,,2026-08-03 17:07:07
FAC-002-Z3,E-8,employee,motion,,2026-08-03 17:07:07
FAC-003-Z3,V-3,visitor,badge_swipe,True,2026-08-03 17:07:07
FAC-003-Z2,E-3,employee,badge_swipe,True,2026-08-03 17:07:07
FAC-002-Z3,E-13,employee,motion,,2026-08-03 17:07:07
FAC-001-Z2,E-12,employee,badge_swipe,True,2026-08-03 17:07:07
FAC-005-Z2,E-48,employee,motion,,2026-08-03 17:07:07
FAC-001-Z1,E-13,employee,motion,,2026-08-03 17:22:07
FAC-004-Z1,E-16,employee,badge_swipe,True,2026-08-03 17:22:07
FAC-002-Z2,E-8,employee,motion,,2026-08-03 17:22:07
FAC-001-Z1,E-40,employee,motion,,2026-08-03 17:22:07
FAC-004-Z2,E-20,employee,motion,,2026-08-03 17:22:07
FAC-001-Z1,E-18,employee,motion,,2026-08-03 17:22:07
FAC-004-Z2,E-49,employee,motion,,2026-08-03 17:22:07
FAC-003-Z1,E-31,employee,badge_swipe,True,2026-08-03 17:22:07
FAC-005-Z1,E-25,employee,badge_swipe,True,2026-08-03 17:22:07
FAC-002-Z1,E-42,employee,motion,,2026-08-03 17:22:07
FAC-005-Z3,E-19,employee,badge_swipe,True,2026-08-03 17:22:07
FAC-003-Z1,E-26,employee,motion,,2026-08-03 17:22:07
FAC-005-Z2,E-9,employee,motion,,2026-08-03 17:22:07
FAC-002-Z1,E-29,employee,motion,,2026-08-03 17:22:07
FAC-005-Z3,E-19,employee,motion,,2026-08-03 17:22:07
FAC-001-Z1,E-24,employee,motion,,2026-08-03 17:37:07
FAC-002-Z2,E-37,employee,motion,,2026-08-03 17:37:07
FAC-005-Z3,E-20,employee,badge_swipe,False,2026-08-03 17:37:07
FAC-003-Z3,E-4,employee,badge_swipe,True,2026-08-03 17:37:07
FAC-003-Z2,E-2,employee,badge_swipe,True,2026-08-03 17:37:07
FAC-003-Z2,E-45,employee,badge_swipe,True,2026-08-03 17:37:07
FAC-005-Z2,E-38,employee,motion,,2026-08-03 17:37:07
FAC-001-Z1,E-11,employee,badge_swipe,True,2026-08-03 17:37:07
FAC-004-Z1,V-5,visitor,badge_swipe,True,2026-08-03 17:37:07
FAC-002-Z1,E-2,employee,motion,,2026-08-03 17:37:07
FAC-004-Z3,E-25,employee,badge_swipe,True,2026-08-03 17:37:07
FAC-004-Z2,E-16,employee,motion,,2026-08-03 17:37:07
FAC-002-Z3,E-8,employee,motion,,2026-08-03 17:37:07
FAC-001-Z1,E-49,employee,badge_swipe,True,2026-08-03 17:37:07
FAC-003-Z3,E-14,employee,badge_swipe,True,2026-08-03 17:37:07
FAC-004-Z3,E-30,employee,badge_swipe,True,2026-08-03 17:52:07
FAC-001-Z3,E-36,employee,motion,,2026-08-03 17:52:07
FAC-002-Z3,V-5,visitor,motion,,2026-08-03 17:52:07
FAC-005-Z1,E-26,employee,motion,,2026-08-03 17:52:07
FAC-002-Z3,E-1,employee,badge_swipe,True,2026-08-03 17:52:07
FAC-004-Z3,E-37,employee,badge_swipe,True,2026-08-03 17:52:07
FAC-003-Z1,E-6,employee,motion,,2026-08-03 17:52:07
FAC-004-Z1,V-5,visitor,badge_swipe,True,2026-08-03 17:52:07
FAC-001-Z1,E-8,employee,badge_swipe,True,2026-08-03 17:52:07
FAC-004-Z1,E-4,employee,badge_swipe,True,2026-08-03 17:52:07
FAC-005-Z3,E-31,employee,motion,,2026-08-03 17:52:07
FAC-003-Z3,E-35,employee,motion,,2026-08-03 17:52:07
FAC-004-Z2,E-10,employee,badge_swipe,True,2026-08-03 18:07:07
FAC-001-Z2,E-40,employee,badge_swipe,True,2026-08-03 18:07:07
FAC-001-Z2,E-18,employee,motion,,2026-08-03 18:07:07
FAC-004-Z1,V-9,visitor,badge_swipe,True,2026-08-03 18:07:07
FAC-005-Z3,E-31,employee,motion,,2026-08-03 18:07:07
FAC-002-Z1,E-19,employee,badge_swipe,True,2026-08-03 18:07:07
FAC-005-Z1,E-2,employee,badge_swipe,True,2026-08-03 18:07:07
FAC-003-Z3,E-27,employee,badge_swipe,True,2026-08-03 18:07:07
FAC-003-Z3,E-24,employee,badge_swipe,True,2026-08-03 18:07:07
FAC-002-Z3,E-29,employee,badge_swipe,True,2026-08-03 18:07:07
FAC-004-Z2,E-22,employee,badge_swipe,True,2026-08-03 18:07:07
FAC-004-Z1,E-7,employee,badge_swipe,True,2026-08-03 18:07:07
FAC-002-Z2,E-48,employee,badge_swipe,True,2026-08-03 18:07:07
FAC-004-Z3,E-25,employee,motion,,2026-08-03 18:07:07
FAC-001-Z3,E-30,employee,motion,,2026-08-03 18:07:07
FAC-003-Z3,E-26,employee,motion,,2026-08-03 18:07:07
FAC-003-Z2,E-28,employee,motion,,2026-08-03 18:07:07
FAC-001-Z2,E-42,employee,motion,,2026-08-03 18:07:07
FAC-001-Z2,E-44,employee,badge_swipe,True,2026-08-03 18:07:07
FAC-004-Z1,E-36,employee,badge_swipe,True,2026-08-03 18:07:07
FAC-002-Z2,E-33,employee,badge_swipe,True,2026-08-03 18:22:07
FAC-002-Z2,E-13,employee,badge_swipe,True,2026-08-03 18:22:07
FAC-001-Z1,E-22,employee,badge_swipe,True,2026-08-03 18:22:07
FAC-005-Z3,E-28,employee,badge_swipe,True,2026-08-03 18:22:07
FAC-004-Z1,V-1,visitor,badge_swipe,True,2026-08-03 18:22:07
FAC-001-Z1,E-19,employee,motion,,2026-08-03 18:22:07
FAC-002-Z2,E-16,employee,badge_swipe,True,2026-08-03 18:22:07
FAC-002-Z3,E-38,employee,badge_swipe,True,2026-08-03 18:22:07
FAC-001-Z2,E-20,employee,badge_swipe,True,2026-08-03 18:22:07
FAC-003-Z3,E-20,employee,badge_swipe,True,2026-08-03 18:22:07
FAC-004-Z1,E-17,employee,motion,,2026-08-03 18:22:07
FAC-001-Z1,E-23,employee,motion,,2026-08-03 18:22:07
FAC-004-Z1,E-29,employee,motion,,2026-08-03 18:22:07
FAC-003-Z2,E-39,employee,motion,,2026-08-03 18:22:07
FAC-003-Z2,E-41,employee,motion,,2026-08-03 18:22:07
FAC-002-Z3,V-9,visitor,motion,,2026-08-03 18:22:07
FAC-003-Z2,E-12,employee,motion,,2026-08-03 18:37:07
FAC-002-Z2,V-7,visitor,badge_swipe,True,2026-08-03 18:37:07
FAC-001-Z3,E-15,employee,badge_swipe,True,2026-08-03 18:37:07
FAC-004-Z3,E-30,employee,badge_swipe,True,2026-08-03 18:37:07
FAC-003-Z3,E-38,employee,motion,,2026-08-03 18:37:07
FAC-005-Z1,E-41,employee,badge_swipe,True,2026-08-03 18:37:07
FAC-003-Z3,E-47,employee,motion,,2026-08-03 18:37:07
FAC-004-Z2,E-14,employee,motion,,2026-08-03 18:37:07
FAC-005-Z3,V-2,visitor,badge_swipe,True,2026-08-03 18:37:07
FAC-002-Z3,V-9,visitor,motion,,2026-08-03 18:37:07
FAC-002-Z3,V-4,visitor,motion,,2026-08-03 18:37:07
FAC-005-Z1,E-26,employee,badge_swipe,True,2026-08-03 18:37:07
FAC-003-Z1,E-12,employee,motion,,2026-08-03 18:37:07
FAC-005-Z3,E-15,employee,motion,,2026-08-03 18:37:07
FAC-002-Z3,E-38,employee,motion,,2026-08-03 18:37:07
FAC-001-Z2,E-48,employee,badge_swipe,True,2026-08-03 18:37:07
FAC-005-Z1,V-10,visitor,badge_swipe,True,2026-08-03 18:52:07
FAC-003-Z1,E-44,employee,badge_swipe,True,2026-08-03 18:52:07
FAC-001-Z3,E-7,employee,motion,,2026-08-03 18:52:07
FAC-003-Z3,E-17,employee,badge_swipe,True,2026-08-03 18:52:07
FAC-001-Z3,E-1,employee,badge_swipe,False,2026-08-03 18:52:07
FAC-004-Z2,E-21,employee,badge_swipe,True,2026-08-03 18:52:07
FAC-005-Z2,E-23,employee,motion,,2026-08-03 19:37:07
FAC-002-Z2,E-13,employee,badge_swipe,True,2026-08-03 19:37:07
FAC-004-Z1,E-25,employee,badge_swipe,True,2026-08-03 19:37:07
FAC-001-Z1,E-20,employee,motion,,2026-08-03 19:52:07
FAC-005-Z1,E-24,employee,motion,,2026-08-03 20:07:07
FAC-004-Z1,V-5,visitor,badge_swipe,True,2026-08-03 20:22:07
FAC-003-Z1,E-40,employee,motion,,2026-08-03 20:37:07
FAC-001-Z1,E-48,employee,badge_swipe,True,2026-08-03 20:37:07
FAC-001-Z2,E-39,employee,motion,,2026-08-03 20:37:07
FAC-005-Z1,E-2,employee,badge_swipe,True,2026-08-03 20:52:07
FAC-005-Z1,E-10,employee,badge_swipe,True,2026-08-03 20:52:07
FAC-002-Z1,E-47,employee,motion,,2026-08-03 20:52:07
FAC-004-Z3,V-8,visitor,motion,,2026-08-03 21:07:07
FAC-001-Z1,E-14,employee,motion,,2026-08-03 21:07:07
FAC-004-Z2,E-24,employee,badge_swipe,True,2026-08-03 21:07:07
FAC-005-Z2,E-12,employee,motion,,2026-08-03 21:37:07
FAC-005-Z1,V-4,visitor,motion,,2026-08-03 21:37:07
FAC-004-Z3,E-16,employee,badge_swipe,True,2026-08-03 21:37:07
FAC-003-Z1,E-2,employee,badge_swipe,False,2026-08-03 21:52:07
FAC-004-Z1,E-9,employee,motion,,2026-08-03 21:52:07
FAC-004-Z3,E-2,employee,badge_swipe,True,2026-08-03 21:52:07
FAC-005-Z2,E-44,employee,motion,,2026-08-03 22:22:07
FAC-001-Z1,E-4,employee,badge_swipe,True,2026-08-03 23:07:07
FAC-002-Z3,E-35,employee,badge_swipe,True,2026-08-03 23:37:07
FAC-005-Z1,E-10,employee,motion,,2026-08-03 23:37:07
FAC-004-Z3,E-36,employee,badge_swipe,True,2026-08-03 23:52:07
FAC-003-Z1,E-11,employee,badge_swipe,True,2026-08-03 23:52:07
FAC-004-Z2,E-15,employee,badge_swipe,True,2026-08-03 23:52:07
FAC-003-Z2,E-24,employee,motion,,2026-08-04 00:07:07
FAC-005-Z2,E-50,employee,badge_swipe,True,2026-08-04 00:07:07
FAC-005-Z3,E-30,employee,motion,,2026-08-04 00:22:07
FAC-001-Z3,E-49,employee,motion,,2026-08-04 00:22:07
FAC-002-Z3,E-49,employee,badge_swipe,True,2026-08-04 00:22:07
FAC-002-Z1,E-22,employee,badge_swipe,True,2026-08-04 00:37:07
FAC-003-Z1,E-43,employee,badge_swipe,True,2026-08-04 00:52:07
FAC-001-Z1,E-21,employee,badge_swipe,True,2026-08-04 01:07:07
FAC-003-Z2,E-2,employee,badge_swipe,True,2026-08-04 01:52:07
FAC-003-Z3,E-34,employee,motion,,2026-08-04 01:52:07
FAC-005-Z3,E-6,employee,badge_swipe,True,2026-08-04 01:52:07
FAC-004-Z2,E-29,employee,badge_swipe,True,2026-08-04 02:07:07
FAC-002-Z2,E-31,employee,motion,,2026-08-04 02:22:07
FAC-004-Z3,E-1,employee,motion,,2026-08-04 02:22:07
FAC-002-Z1,E-50,employee,motion,,2026-08-04 03:07:07
FAC-001-Z3,E-24,employee,motion,,2026-08-04 03:22:07
FAC-005-Z3,E-22,employee,badge_swipe,True,2026-08-04 03:22:07
FAC-003-Z2,E-38,employee,badge_swipe,True,2026-08-04 03:22:07
FAC-002-Z2,E-47,employee,motion,,2026-08-04 03:37:07
FAC-002-Z2,E-48,employee,badge_swipe,False,2026-08-04 04:07:07
FAC-002-Z3,E-48,employee,motion,,2026-08-04 04:07:07
FAC-002-Z3,E-24,employee,badge_swipe,True,2026-08-04 04:07:07
FAC-002-Z2,E-17,employee,badge_swipe,False,2026-08-04 04:22:07
FAC-001-Z2,E-42,employee,motion,,2026-08-04 04:22:07
FAC-005-Z1,E-12,employee,badge_swipe,True,2026-08-04 04:37:07
FAC-002-Z2,E-10,employee,motion,,2026-08-04 04:37:07
FAC-004-Z1,E-16,employee,motion,,2026-08-04 04:52:07
FAC-003-Z1,E-2,employee,badge_swipe,True,2026-08-04 04:52:07
FAC-003-Z1,E-48,employee,badge_swipe,True,2026-08-04 04:52:07
FAC-005-Z2,E-3,employee,motion,,2026-08-04 05:07:07
FAC-003-Z3,E-3,employee,badge_swipe,True,2026-08-04 05:37:07
FAC-001-Z2,E-30,employee,badge_swipe,True,2026-08-04 05:37:07
FAC-005-Z2,V-9,visitor,badge_swipe,True,2026-08-04 05:37:07
FAC-005-Z3,E-36,employee,badge_swipe,True,2026-08-04 05:52:07
FAC-004-Z1,E-22,employee,badge_swipe,True,2026-08-04 05:52:07
FAC-001-Z3,V-2,visitor,badge_swipe,True,2026-08-04 06:37:07
FAC-004-Z2,E-50,employee,badge_swipe,True,2026-08-04 06:52:07
FAC-004-Z2,E-30,employee,motion,,2026-08-04 07:37:07
FAC-005-Z1,E-44,employee,motion,,2026-08-04 07:52:07
FAC-005-Z3,V-5,visitor,badge_swipe,True,2026-08-04 07:52:07
FAC-005-Z3,E-9,employee,badge_swipe,True,2026-08-04 08:07:07
FAC-005-Z2,E-35,employee,motion,,2026-08-04 08:07:07
FAC-004-Z3,E-13,employee,badge_swipe,True,2026-08-04 08:07:07
FAC-005-Z2,E-18,employee,badge_swipe,True,2026-08-04 08:07:07
FAC-002-Z1,E-45,employee,badge_swipe,True,2026-08-04 08:07:07
FAC-003-Z3,E-21,employee,motion,,2026-08-04 08:07:07
FAC-005-Z3,E-40,employee,badge_swipe,True,2026-08-04 08:07:07
FAC-004-Z3,E-42,employee,badge_swipe,True,2026-08-04 08:07:07
FAC-001-Z3,E-33,employee,badge_swipe,True,2026-08-04 08:07:07
FAC-003-Z3,E-42,employee,motion,,2026-08-04 08:07:07
FAC-001-Z2,V-8,visitor,badge_swipe,True,2026-08-04 08:07:07
FAC-005-Z1,E-42,employee,badge_swipe,True,2026-08-04 08:07:07
FAC-005-Z3,E-11,employee,motion,,2026-08-04 08:07:07
FAC-002-Z2,E-48,employee,badge_swipe,False,2026-08-04 08:07:07
FAC-001-Z3,E-23,employee,badge_swipe,True,2026-08-04 08:07:07
FAC-001-Z2,E-16,employee,motion,,2026-08-04 08:07:07
FAC-002-Z2,E-25,employee,motion,,2026-08-04 08:07:07
FAC-002-Z2,E-13,employee,badge_swipe,True,2026-08-04 08:07:07
FAC-001-Z3,E-3,employee,motion,,2026-08-04 08:07:07
FAC-005-Z2,V-10,visitor,badge_swipe,True,2026-08-04 08:07:07
FAC-003-Z3,E-25,employee,motion,,2026-08-04 08:22:07
FAC-001-Z2,E-30,employee,badge_swipe,True,2026-08-04 08:22:07
FAC-003-Z1,E-35,employee,motion,,2026-08-04 08:22:07
FAC-001-Z3,E-17,employee,badge_swipe,True,2026-08-04 08:22:07
FAC-001-Z3,E-49,employee,motion,,2026-08-04 08:22:07
FAC-001-Z2,E-16,employee,motion,,2026-08-04 08:22:07
FAC-004-Z2,E-41,employee,motion,,2026-08-04 08:22:07
FAC-004-Z3,E-45,employee,motion,,2026-08-04 08:22:07
FAC-005-Z1,E-20,employee,motion,,2026-08-04 08:22:07
FAC-003-Z1,V-3,visitor,motion,,2026-08-04 08:22:07
FAC-005-Z2,E-40,employee,badge_swipe,True,2026-08-04 08:22:07
FAC-003-Z1,E-2,employee,motion,,2026-08-04 08:22:07
FAC-002-Z2,E-7,employee,motion,,2026-08-04 08:22:07
FAC-002-Z1,E-35,employee,badge_swipe,True,2026-08-04 08:22:07
FAC-005-Z2,E-43,employee,badge_swipe,True,2026-08-04 08:22:07
FAC-005-Z3,E-31,employee,motion,,2026-08-04 08:37:07
FAC-005-Z1,E-47,employee,motion,,2026-08-04 08:37:07
FAC-004-Z1,E-33,employee,badge_swipe,False,2026-08-04 08:37:07
FAC-002-Z3,E-33,employee,badge_swipe,True,2026-08-04 08:37:07
FAC-005-Z1,E-5,employee,badge_swipe,True,2026-08-04 08:37:07
FAC-003-Z1,E-22,employee,motion,,2026-08-04 08:37:07
FAC-004-Z1,E-43,employee,motion,,2026-08-04 08:52:07
FAC-003-Z2,E-40,employee,motion,,2026-08-04 08:52:07
FAC-004-Z3,V-2,visitor,badge_swipe,True,2026-08-04 08:52:07
FAC-002-Z2,E-21,employee,badge_swipe,True,2026-08-04 08:52:07
FAC-005-Z3,E-2,employee,badge_swipe,True,2026-08-04 08:52:07
FAC-005-Z2,V-7,visitor,badge_swipe,True,2026-08-04 08:52:07
FAC-002-Z2,E-25,employee,motion,,2026-08-04 08:52:07
FAC-002-Z2,E-37,employee,badge_swipe,True,2026-08-04 08:52:07
FAC-004-Z1,E-4,employee,motion,,2026-08-04 08:52:07
FAC-003-Z3,E-29,employee,badge_swipe,True,2026-08-04 08:52:07
FAC-001-Z2,E-18,employee,motion,,2026-08-04 08:52:07
FAC-003-Z3,E-30,employee,badge_swipe,True,2026-08-04 08:52:07
FAC-003-Z3,E-8,employee,motion,,2026-08-04 08:52:07
FAC-004-Z2,E-9,employee,motion,,2026-08-04 08:52:07
FAC-002-Z1,E-48,employee,badge_swipe,True,2026-08-04 08:52:07
FAC-004-Z2,E-25,employee,motion,,2026-08-04 08:52:07
FAC-005-Z2,V-1,visitor,badge_swipe,True,2026-08-04 09:07:07
FAC-003-Z2,V-5,visitor,badge_swipe,True,2026-08-04 09:07:07
FAC-003-Z3,E-30,employee,badge_swipe,True,2026-08-04 09:07:07
FAC-003-Z1,E-3,employee,motion,,2026-08-04 09:07:07
FAC-001-Z1,E-39,employee,motion,,2026-08-04 09:07:07
FAC-005-Z2,E-44,employee,badge_swipe,True,2026-08-04 09:22:07
FAC-005-Z1,E-37,employee,badge_swipe,True,2026-08-04 09:22:07
FAC-003-Z1,V-1,visitor,badge_swipe,True,2026-08-04 09:22:07
FAC-003-Z1,E-39,employee,motion,,2026-08-04 09:22:07
FAC-002-Z2,E-36,employee,motion,,2026-08-04 09:22:07
FAC-001-Z1,E-8,employee,badge_swipe,True,2026-08-04 09:22:07
FAC-004-Z3,E-29,employee,motion,,2026-08-04 09:22:07
FAC-001-Z3,E-4,employee,motion,,2026-08-04 09:22:07
FAC-005-Z3,E-40,employee,motion,,2026-08-04 09:22:07
FAC-003-Z3,E-50,employee,badge_swipe,True,2026-08-04 09:22:07
FAC-004-Z2,E-11,employee,badge_swipe,True,2026-08-04 09:37:07
FAC-004-Z3,E-39,employee,motion,,2026-08-04 09:37:07
FAC-001-Z3,E-4,employee,motion,,2026-08-04 09:37:07
FAC-003-Z1,V-6,visitor,motion,,2026-08-04 09:37:07
FAC-001-Z2,E-24,employee,motion,,2026-08-04 09:37:07
FAC-004-Z3,E-38,employee,motion,,2026-08-04 09:37:07
FAC-001-Z2,E-44,employee,badge_swipe,True,2026-08-04 09:37:07
FAC-002-Z3,E-50,employee,badge_swipe,True,2026-08-04 09:37:07
FAC-001-Z2,V-1,visitor,motion,,2026-08-04 09:37:07
FAC-003-Z1,E-34,employee,motion,,2026-08-04 09:37:07
FAC-001-Z2,E-38,employee,motion,,2026-08-04 09:37:07
FAC-003-Z2,V-1,visitor,motion,,2026-08-04 09:37:07
FAC-002-Z1,E-38,employee,badge_swipe,True,2026-08-04 09:37:07
FAC-002-Z1,E-34,employee,badge_swipe,True,2026-08-04 09:37:07
FAC-005-Z1,V-9,visitor,motion,,2026-08-04 09:37:07
FAC-001-Z1,E-21,employee,badge_swipe,True,2026-08-04 09:37:07
FAC-002-Z3,E-31,employee,badge_swipe,True,2026-08-04 09:37:07
FAC-003-Z1,E-39,employee,badge_swipe,True,2026-08-04 09:37:07
FAC-003-Z2,E-33,employee,motion,,2026-08-04 09:37:07
FAC-004-Z1,E-47,employee,badge_swipe,True,2026-08-04 09:52:07
FAC-005-Z2,E-40,employee,motion,,2026-08-04 09:52:07
FAC-002-Z2,E-1,employee,badge_swipe,False,2026-08-04 09:52:07
FAC-002-Z3,E-29,employee,badge_swipe,True,2026-08-04 09:52:07
FAC-002-Z3,E-37,employee,badge_swipe,True,2026-08-04 09:52:07
FAC-005-Z2,E-15,employee,badge_swipe,True,2026-08-04 09:52:07
FAC-004-Z3,E-1,employee,motion,,2026-08-04 09:52:07
FAC-005-Z2,E-5,employee,badge_swipe,True,2026-08-04 09:52:07
FAC-005-Z1,E-39,employee,badge_swipe,True,2026-08-04 09:52:07
FAC-004-Z3,E-40,employee,badge_swipe,True,2026-08-04 09:52:07
FAC-001-Z2,E-39,employee,motion,,2026-08-04 09:52:07
FAC-003-Z2,E-32,employee,motion,,2026-08-04 09:52:07
FAC-005-Z2,E-44,employee,motion,,2026-08-04 09:52:07
FAC-002-Z1,V-6,visitor,badge_swipe,True,2026-08-04 09:52:07
FAC-003-Z1,E-9,employee,motion,,2026-08-04 09:52:07
FAC-003-Z3,E-42,employee,motion,,2026-08-04 09:52:07
FAC-005-Z1,E-22,employee,badge_swipe,True,2026-08-04 10:07:07
FAC-001-Z1,V-1,visitor,motion,,2026-08-04 10:07:07
FAC-004-Z3,E-41,employee,motion,,2026-08-04 10:07:07
FAC-002-Z3,E-36,employee,motion,,2026-08-04 10:07:07
FAC-003-Z1,E-37,employee,badge_swipe,True,2026-08-04 10:07:07
FAC-001-Z1,E-48,employee,badge_swipe,True,2026-08-04 10:07:07
FAC-005-Z3,E-21,employee,badge_swipe,True,2026-08-04 10:07:07
FAC-004-Z1,V-6,visitor,badge_swipe,True,2026-08-04 10:07:07
FAC-005-Z1,V-3,visitor,motion,,2026-08-04 10:07:07
FAC-001-Z1,E-30,employee,motion,,2026-08-04 10:07:07
FAC-001-Z2,E-23,employee,motion,,2026-08-04 10:07:07
FAC-004-Z1,E-6,employee,motion,,2026-08-04 10:22:07
FAC-001-Z2,E-28,employee,motion,,2026-08-04 10:22:07
FAC-003-Z2,E-37,employee,badge_swipe,False,2026-08-04 10:22:07
FAC-003-Z3,E-6,employee,motion,,2026-08-04 10:22:07
FAC-003-Z1,E-29,employee,motion,,2026-08-04 10:22:07
FAC-005-Z3,E-25,employee,motion,,2026-08-04 10:22:07
FAC-005-Z1,E-33,employee,badge_swipe,True,2026-08-04 10:22:07
FAC-004-Z3,E-4,employee,badge_swipe,True,2026-08-04 10:37:07
FAC-001-Z1,E-28,employee,badge_swipe,True,2026-08-04 10:37:07
FAC-003-Z1,E-43,employee,badge_swipe,True,2026-08-04 10:37:07
FAC-004-Z1,E-24,employee,motion,,2026-08-04 10:37:07
FAC-001-Z1,E-23,employee,badge_swipe,True,2026-08-04 10:37:07
FAC-002-Z2,V-3,visitor,badge_swipe,True,2026-08-04 10:37:07
FAC-004-Z1,E-2,employee,motion,,2026-08-04 10:37:07
FAC-001-Z2,V-4,visitor,motion,,2026-08-04 10:37:07
FAC-001-Z2,E-42,employee,motion,,2026-08-04 10:37:07
FAC-005-Z1,E-34,employee,badge_swipe,True,2026-08-04 10:37:07
FAC-003-Z2,E-42,employee,badge_swipe,True,2026-08-04 10:37:07
FAC-005-Z2,E-2,employee,motion,,2026-08-04 10:37:07
FAC-001-Z1,E-21,employee,badge_swipe,True,2026-08-04 10:37:07
FAC-005-Z1,E-39,employee,motion,,2026-08-04 10:52:07
FAC-005-Z2,E-23,employee,badge_swipe,True,2026-08-04 10:52:07
FAC-003-Z3,V-6,visitor,badge_swipe,False,2026-08-04 10:52:07
FAC-001-Z3,E-17,employee,badge_swipe,True,2026-08-04 10:52:07
FAC-004-Z3,E-29,employee,motion,,2026-08-04 10:52:07
FAC-002-Z3,E-6,employee,badge_swipe,True,2026-08-04 10:52:07
FAC-002-Z1,V-3,visitor,badge_swipe,True,2026-08-04 10:52:07
FAC-004-Z3,E-30,employee,motion,,2026-08-04 10:52:07
FAC-002-Z1,E-25,employee,badge_swipe,True,2026-08-04 10:52:07
FAC-002-Z3,V-9,visitor,motion,,2026-08-04 10:52:07
FAC-003-Z1,E-48,employee,badge_swipe,True,2026-08-04 10:52:07
FAC-002-Z1,E-7,employee,badge_swipe,True,2026-08-04 10:52:07
FAC-005-Z1,E-6,employee,motion,,2026-08-04 10:52:07
FAC-005-Z3,E-25,employee,badge_swipe,True,2026-08-04 10:52:07
FAC-002-Z2,E-15,employee,motion,,2026-08-04 10:52:07
FAC-004-Z1,E-5,employee,motion,,2026-08-04 10:52:07
FAC-002-Z3,E-5,employee,badge_swipe,True,2026-08-04 10:52:07
FAC-003-Z1,E-38,employee,badge_swipe,True,2026-08-04 10:52:07
FAC-002-Z1,E-42,employee,badge_swipe,True,2026-08-04 11:07:07
FAC-002-Z1,E-23,employee,badge_swipe,True,2026-08-04 11:07:07
FAC-005-Z1,E-31,employee,badge_swipe,True,2026-08-04 11:07:07
FAC-005-Z3,E-30,employee,badge_swipe,True,2026-08-04 11:07:07
FAC-005-Z3,V-7,visitor,badge_swipe,True,2026-08-04 11:07:07
FAC-003-Z1,E-26,employee,badge_swipe,True,2026-08-04 11:07:07
FAC-002-Z2,E-13,employee,badge_swipe,True,2026-08-04 11:07:07
FAC-003-Z3,E-9,employee,motion,,2026-08-04 11:07:07
FAC-005-Z1,V-6,visitor,badge_swipe,False,2026-08-04 11:07:07
FAC-004-Z3,E-21,employee,motion,,2026-08-04 11:07:07
FAC-003-Z2,E-37,employee,motion,,2026-08-04 11:07:07
FAC-005-Z1,E-33,employee,badge_swipe,True,2026-08-04 11:07:07
FAC-003-Z2,V-6,visitor,badge_swipe,True,2026-08-04 11:22:07
FAC-004-Z3,E-11,employee,badge_swipe,True,2026-08-04 11:22:07
FAC-004-Z2,E-50,employee,motion,,2026-08-04 11:22:07
FAC-004-Z2,E-27,employee,motion,,2026-08-04 11:22:07
FAC-004-Z1,E-40,employee,motion,,2026-08-04 11:22:07
FAC-002-Z1,E-24,employee,motion,,2026-08-04 11:22:07
FAC-004-Z3,E-20,employee,motion,,2026-08-04 11:22:07
FAC-002-Z2,E-35,employee,motion,,2026-08-04 11:37:07
FAC-002-Z3,V-6,visitor,motion,,2026-08-04 11:37:07
FAC-005-Z3,E-49,employee,badge_swipe,True,2026-08-04 11:37:07
FAC-003-Z3,E-8,employee,motion,,2026-08-04 11:37:07
FAC-004-Z2,E-11,employee,badge_swipe,True,2026-08-04 11:37:07
FAC-001-Z1,E-33,employee,motion,,2026-08-04 11:37:07
FAC-003-Z2,E-29,employee,badge_swipe,True,2026-08-04 11:37:07
FAC-002-Z2,E-14,employee,badge_swipe,True,2026-08-04 11:37:07
FAC-005-Z3,E-42,employee,motion,,2026-08-04 11:37:07
FAC-001-Z1,E-45,employee,badge_swipe,True,2026-08-04 11:37:07
FAC-003-Z2,E-24,employee,badge_swipe,True,2026-08-04 11:37:07
FAC-002-Z1,E-25,employee,motion,,2026-08-04 11:37:07
FAC-003-Z1,E-50,employee,motion,,2026-08-04 11:37:07
FAC-001-Z3,E-12,employee,motion,,2026-08-04 11:37:07
FAC-002-Z2,E-34,employee,motion,,2026-08-04 11:37:07
FAC-004-Z3,E-21,employee,motion,,2026-08-04 11:37:07
FAC-001-Z1,E-37,employee,motion,,2026-08-04 11:37:07
FAC-005-Z1,E-19,employee,motion,,2026-08-04 11:37:07
FAC-004-Z1,E-42,employee,badge_swipe,True,2026-08-04 11:37:07
FAC-005-Z3,E-29,employee,motion,,2026-08-04 11:52:07
FAC-004-Z1,E-18,employee,motion,,2026-08-04 11:52:07
FAC-005-Z2,E-41,employee,motion,,2026-08-04 11:52:07
FAC-002-Z2,E-17,employee,motion,,2026-08-04 11:52:07
FAC-003-Z1,V-1,visitor,motion,,2026-08-04 11:52:07
FAC-004-Z2,E-11,employee,motion,,2026-08-04 11:52:07
FAC-004-Z1,E-31,employee,motion,,2026-08-04 11:52:07
FAC-001-Z1,V-1,visitor,badge_swipe,True,2026-08-04 11:52:07
FAC-005-Z2,E-5,employee,motion,,2026-08-04 11:52:07
FAC-004-Z1,E-13,employee,badge_swipe,True,2026-08-04 11:52:07
FAC-004-Z3,E-20,employee,badge_swipe,True,2026-08-04 11:52:07
FAC-002-Z1,E-24,employee,badge_swipe,False,2026-08-04 11:52:07
FAC-001-Z2,E-16,employee,badge_swipe,True,2026-08-04 11:52:07
FAC-003-Z1,E-15,employee,motion,,2026-08-04 12:07:07
FAC-001-Z1,E-5,employee,badge_swipe,True,2026-08-04 12:07:07
FAC-005-Z3,E-45,employee,badge_swipe,True,2026-08-04 12:07:07
FAC-002-Z1,E-2,employee,motion,,2026-08-04 12:07:07
FAC-005-Z3,E-23,employee,badge_swipe,True,2026-08-04 12:07:07
FAC-003-Z3,V-5,visitor,badge_swipe,True,2026-08-04 12:07:07
FAC-004-Z1,E-28,employee,motion,,2026-08-04 12:07:07
FAC-005-Z1,E-16,employee,motion,,2026-08-04 12:07:07
FAC-004-Z2,E-15,employee,badge_swipe,False,2026-08-04 12:07:07
FAC-004-Z1,E-50,employee,motion,,2026-08-04 12:07:07
FAC-003-Z3,E-41,employee,motion,,2026-08-04 12:07:07
FAC-001-Z2,E-15,employee,motion,,2026-08-04 12:07:07
FAC-003-Z1,V-2,visitor,badge_swipe,True,2026-08-04 12:22:07
FAC-003-Z1,E-42,employee,motion,,2026-08-04 12:22:07
FAC-002-Z2,E-31,employee,motion,,2026-08-04 12:22:07
FAC-005-Z1,E-29,employee,badge_swipe,True,2026-08-04 12:22:07
FAC-002-Z1,E-33,employee,badge_swipe,True,2026-08-04 12:22:07
FAC-005-Z3,E-21,employee,badge_swipe,True,2026-08-04 12:22:07
FAC-005-Z2,E-17,employee,badge_swipe,True,2026-08-04 12:22:07
FAC-005-Z1,E-14,employee,badge_swipe,True,2026-08-04 12:22:07
FAC-004-Z1,E-3,employee,motion,,2026-08-04 12:22:07
FAC-003-Z3,E-2,employee,badge_swipe,True,2026-08-04 12:22:07
FAC-003-Z2,E-7,employee,motion,,2026-08-04 12:22:07
FAC-002-Z3,E-19,employee,motion,,2026-08-04 12:22:07
FAC-001-Z1,E-10,employee,motion,,2026-08-04 12:22:07
FAC-004-Z3,E-42,employee,badge_swipe,True,2026-08-04 12:22:07
FAC-005-Z1,E-27,employee,badge_swipe,True,2026-08-04 12:22:07
FAC-005-Z3,E-18,employee,motion,,2026-08-04 12:22:07
FAC-003-Z3,E-47,employee,motion,,2026-08-04 12:22:07
FAC-002-Z2,E-4,employee,badge_swipe,True,2026-08-04 12:22:07
FAC-002-Z3,E-10,employee,motion,,2026-08-04 12:22:07
FAC-001-Z1,E-8,employee,motion,,2026-08-04 12:37:07
FAC-002-Z3,E-1,employee,motion,,2026-08-04 12:37:07
FAC-005-Z1,E-17,employee,badge_swipe,True,2026-08-04 12:37:07
FAC-003-Z1,E-25,employee,badge_swipe,True,2026-08-04 12:37:07
FAC-002-Z3,E-34,employee,badge_swipe,True,2026-08-04 12:37:07
FAC-004-Z2,E-47,employee,badge_swipe,False,2026-08-04 12:37:07
FAC-002-Z1,E-42,employee,motion,,2026-08-04 12:37:07
FAC-005-Z3,E-45,employee,motion,,2026-08-04 12:37:07
FAC-002-Z1,E-11,employee,motion,,2026-08-04 12:37:07
FAC-002-Z1,E-22,employee,motion,,2026-08-04 12:37:07
FAC-004-Z3,E-12,employee,motion,,2026-08-04 12:37:07
FAC-003-Z3,E-15,employee,badge_swipe,True,2026-08-04 12:37:07
FAC-002-Z1,E-44,employee,badge_swipe,True,2026-08-04 12:37:07
FAC-004-Z1,E-34,employee,badge_swipe,True,2026-08-04 12:37:07
FAC-002-Z2,E-40,employee,motion,,2026-08-04 12:37:07
FAC-003-Z1,E-39,employee,motion,,2026-08-04 12:37:07
FAC-005-Z1,E-35,employee,motion,,2026-08-04 12:37:07
FAC-002-Z1,E-19,employee,motion,,2026-08-04 12:37:07
FAC-005-Z3,E-33,employee,motion,,2026-08-04 12:52:07
FAC-001-Z1,E-19,employee,badge_swipe,True,2026-08-04 12:52:07
FAC-001-Z1,E-32,employee,badge_swipe,False,2026-08-04 12:52:07
FAC-005-Z3,E-48,employee,badge_swipe,True,2026-08-04 12:52:07
FAC-002-Z3,E-43,employee,motion,,2026-08-04 12:52:07
FAC-002-Z3,E-40,employee,motion,,2026-08-04 13:07:07
FAC-001-Z1,E-33,employee,motion,,2026-08-04 13:07:07
FAC-001-Z2,E-20,employee,motion,,2026-08-04 13:07:07
FAC-002-Z1,E-1,employee,badge_swipe,True,2026-08-04 13:07:07
FAC-002-Z3,E-25,employee,motion,,2026-08-04 13:07:07
FAC-004-Z3,E-8,employee,motion,,2026-08-04 13:07:07
FAC-003-Z3,E-28,employee,motion,,2026-08-04 13:07:07
FAC-002-Z3,E-29,employee,motion,,2026-08-04 13:07:07
FAC-004-Z2,E-22,employee,badge_swipe,True,2026-08-04 13:07:07
FAC-003-Z2,E-8,employee,motion,,2026-08-04 13:07:07
FAC-002-Z2,E-46,employee,motion,,2026-08-04 13:07:07
FAC-005-Z2,E-34,employee,motion,,2026-08-04 13:07:07
FAC-004-Z2,E-26,employee,badge_swipe,True,2026-08-04 13:07:07
FAC-001-Z3,E-14,employee,motion,,2026-08-04 13:07:07
FAC-001-Z3,E-2,employee,badge_swipe,True,2026-08-04 13:07:07
FAC-005-Z2,E-33,employee,badge_swipe,True,2026-08-04 13:07:07
FAC-001-Z3,E-36,employee,motion,,2026-08-04 13:07:07
FAC-004-Z1,E-12,employee,badge_swipe,True,2026-08-04 13:07:07
FAC-002-Z1,E-35,employee,motion,,2026-08-04 13:07:07
FAC-002-Z2,E-11,employee,motion,,2026-08-04 13:07:07
FAC-004-Z3,V-3,visitor,motion,,2026-08-04 13:22:07
FAC-005-Z2,E-46,employee,motion,,2026-08-04 13:22:07
FAC-005-Z2,E-40,employee,badge_swipe,True,2026-08-04 13:22:07
FAC-002-Z1,E-37,employee,motion,,2026-08-04 13:22:07
FAC-003-Z2,E-38,employee,motion,,2026-08-04 13:22:07
FAC-002-Z3,V-6,visitor,badge_swipe,True,2026-08-04 13:22:07
FAC-001-Z3,E-16,employee,badge_swipe,True,2026-08-04 13:22:07
FAC-002-Z2,E-23,employee,motion,,2026-08-04 13:22:07
FAC-005-Z1,E-8,employee,motion,,2026-08-04 13:22:07
FAC-005-Z3,E-15,employee,motion,,2026-08-04 13:22:07
FAC-005-Z3,E-26,employee,badge_swipe,True,2026-08-04 13:22:07
FAC-005-Z2,E-17,employee,motion,,2026-08-04 13:22:07
FAC-001-Z3,V-4,visitor,motion,,2026-08-04 13:22:07
FAC-005-Z3,E-23,employee,badge_swipe,True,2026-08-04 13:22:07
FAC-002-Z2,E-42,employee,motion,,2026-08-04 13:22:07
FAC-002-Z3,E-17,employee,badge_swipe,True,2026-08-04 13:22:07
FAC-003-Z3,E-23,employee,badge_swipe,True,2026-08-04 13:22:07
FAC-004-Z1,E-19,employee,motion,,2026-08-04 13:22:07
FAC-001-Z3,E-3,employee,motion,,2026-08-04 13:22:07
FAC-001-Z3,E-19,employee,badge_swipe,True,2026-08-04 13:37:07
FAC-001-Z1,V-9,visitor,badge_swipe,True,2026-08-04 13:37:07
FAC-001-Z1,E-39,employee,badge_swipe,True,2026-08-04 13:37:07
FAC-003-Z2,E-16,employee,badge_swipe,True,2026-08-04 13:37:07
FAC-002-Z3,E-25,employee,badge_swipe,True,2026-08-04 13:37:07
FAC-002-Z3,E-36,employee,motion,,2026-08-04 13:37:07
FAC-005-Z3,E-26,employee,motion,,2026-08-04 13:37:07
FAC-002-Z3,E-12,employee,badge_swipe,True,2026-08-04 13:52:07
FAC-002-Z2,E-32,employee,badge_swipe,True,2026-08-04 13:52:07
FAC-003-Z3,E-32,employee,motion,,2026-08-04 13:52:07
FAC-003-Z3,E-11,employee,motion,,2026-08-04 13:52:07
FAC-003-Z1,E-48,employee,motion,,2026-08-04 13:52:07
FAC-002-Z2,E-37,employee,motion,,2026-08-04 13:52:07
FAC-005-Z1,E-49,employee,motion,,2026-08-04 13:52:07
FAC-005-Z1,E-5,employee,motion,,2026-08-04 13:52:07
FAC-001-Z2,E-7,employee,badge_swipe,True,2026-08-04 13:52:07
FAC-003-Z2,V-6,visitor,motion,,2026-08-04 13:52:07
FAC-002-Z1,E-1,employee,badge_swipe,True,2026-08-04 14:07:07
FAC-005-Z3,E-3,employee,motion,,2026-08-04 14:07:07
FAC-003-Z3,E-9,employee,motion,,2026-08-04 14:07:07
FAC-001-Z3,E-31,employee,motion,,2026-08-04 14:07:07
FAC-005-Z3,E-3,employee,badge_swipe,True,2026-08-04 14:07:07
FAC-002-Z3,E-20,employee,motion,,2026-08-04 14:07:07
FAC-001-Z3,E-9,employee,badge_swipe,True,2026-08-04 14:07:07
FAC-004-Z3,E-38,employee,motion,,2026-08-04 14:22:07
FAC-004-Z3,E-13,employee,badge_swipe,True,2026-08-04 14:22:07
FAC-005-Z2,E-39,employee,motion,,2026-08-04 14:22:07
FAC-002-Z1,E-9,employee,badge_swipe,True,2026-08-04 14:22:07
FAC-003-Z3,E-40,employee,motion,,2026-08-04 14:22:07
FAC-002-Z2,E-12,employee,motion,,2026-08-04 14:22:07
FAC-002-Z1,E-47,employee,badge_swipe,True,2026-08-04 14:22:07
FAC-002-Z1,E-50,employee,motion,,2026-08-04 14:22:07
FAC-003-Z3,E-50,employee,badge_swipe,True,2026-08-04 14:22:07
FAC-001-Z3,E-3,employee,badge_swipe,True,2026-08-04 14:22:07
FAC-001-Z2,E-32,employee,motion,,2026-08-04 14:22:07
FAC-001-Z2,E-46,employee,badge_swipe,True,2026-08-04 14:22:07
FAC-004-Z2,E-50,employee,motion,,2026-08-04 14:22:07
FAC-003-Z1,V-4,visitor,badge_swipe,True,2026-08-04 14:22:07
FAC-005-Z1,E-19,employee,badge_swipe,True,2026-08-04 14:22:07
FAC-001-Z2,E-47,employee,motion,,2026-08-04 14:22:07
FAC-004-Z3,E-17,employee,motion,,2026-08-04 14:22:07
FAC-001-Z3,E-13,employee,badge_swipe,True,2026-08-04 14:37:07
FAC-002-Z2,E-29,employee,motion,,2026-08-04 14:37:07
FAC-002-Z1,E-46,employee,badge_swipe,True,2026-08-04 14:37:07
FAC-003-Z1,E-24,employee,badge_swipe,True,2026-08-04 14:37:07
FAC-003-Z1,E-37,employee,motion,,2026-08-04 14:37:07
FAC-003-Z2,E-28,employee,badge_swipe,True,2026-08-04 14:37:07
FAC-003-Z1,V-10,visitor,badge_swipe,True,2026-08-04 14:37:07
FAC-002-Z3,E-8,employee,motion,,2026-08-04 14:37:07
FAC-003-Z2,E-30,employee,badge_swipe,True,2026-08-04 14:37:07
FAC-005-Z3,E-20,employee,motion,,2026-08-04 14:37:07
FAC-004-Z3,E-18,employee,badge_swipe,True,2026-08-04 14:37:07
FAC-004-Z3,E-34,employee,motion,,2026-08-04 14:37:07
FAC-004-Z3,E-3,employee,motion,,2026-08-04 14:37:07
FAC-004-Z1,E-43,employee,motion,,2026-08-04 14:37:07
FAC-003-Z2,E-4,employee,badge_swipe,True,2026-08-04 14:37:07
FAC-003-Z2,E-1,employee,badge_swipe,True,2026-08-04 14:37:07
FAC-004-Z1,E-22,employee,badge_swipe,True,2026-08-04 14:37:07
FAC-002-Z2,E-19,employee,badge_swipe,True,2026-08-04 14:37:07
FAC-001-Z1,E-46,employee,motion,,2026-08-04 14:52:07
FAC-002-Z1,E-10,employee,badge_swipe,True,2026-08-04 14:52:07
FAC-004-Z3,V-10,visitor,motion,,2026-08-04 14:52:07
FAC-002-Z3,E-8,employee,badge_swipe,True,2026-08-04 14:52:07
FAC-002-Z3,E-10,employee,motion,,2026-08-04 14:52:07
FAC-003-Z2,E-48,employee,badge_swipe,True,2026-08-04 14:52:07
FAC-004-Z1,E-1,employee,badge_swipe,True,2026-08-04 14:52:07
FAC-005-Z2,E-41,employee,motion,,2026-08-04 14:52:07
FAC-002-Z3,E-33,employee,motion,,2026-08-04 14:52:07
FAC-002-Z1,E-28,employee,motion,,2026-08-04 14:52:07
FAC-002-Z1,V-3,visitor,badge_swipe,True,2026-08-04 14:52:07
FAC-001-Z3,E-6,employee,motion,,2026-08-04 14:52:07
FAC-003-Z3,V-1,visitor,badge_swipe,True,2026-08-04 15:07:07
FAC-002-Z3,E-50,employee,motion,,2026-08-04 15:07:07
FAC-004-Z1,E-16,employee,motion,,2026-08-04 15:07:07
FAC-002-Z1,E-44,employee,badge_swipe,True,2026-08-04 15:07:07
FAC-004-Z3,E-22,employee,badge_swipe,True,2026-08-04 15:07:07
FAC-005-Z2,E-46,employee,badge_swipe,True,2026-08-04 15:07:07
FAC-001-Z1,E-11,employee,badge_swipe,True,2026-08-04 15:07:07
FAC-005-Z3,E-1,employee,motion,,2026-08-04 15:07:07
FAC-005-Z2,E-15,employee,badge_swipe,True,2026-08-04 15:07:07
FAC-003-Z3,E-34,employee,badge_swipe,True,2026-08-04 15:07:07
FAC-004-Z2,E-12,employee,badge_swipe,True,2026-08-04 15:07:07
FAC-002-Z3,E-28,employee,motion,,2026-08-04 15:07:07
FAC-002-Z3,V-1,visitor,motion,,2026-08-04 15:07:07
FAC-005-Z2,V-8,visitor,motion,,2026-08-04 15:07:07
FAC-003-Z1,E-24,employee,badge_swipe,True,2026-08-04 15:22:07
FAC-001-Z1,E-49,employee,motion,,2026-08-04 15:22:07
FAC-005-Z2,E-25,employee,motion,,2026-08-04 15:22:07
FAC-001-Z2,E-36,employee,motion,,2026-08-04 15:22:07
FAC-002-Z1,V-5,visitor,badge_swipe,True,2026-08-04 15:22:07
FAC-001-Z1,E-50,employee,motion,,2026-08-04 15:22:07
FAC-001-Z2,V-6,visitor,badge_swipe,False,2026-08-04 15:22:07
FAC-002-Z2,E-30,employee,badge_swipe,True,2026-08-04 15:22:07
FAC-002-Z3,V-10,visitor,badge_swipe,True,2026-08-04 15:22:07
FAC-004-Z2,E-45,employee,badge_swipe,True,2026-08-04 15:22:07
FAC-002-Z1,E-30,employee,motion,,2026-08-04 15:37:07
FAC-005-Z2,E-12,employee,motion,,2026-08-04 15:37:07
FAC-004-Z2,E-8,employee,motion,,2026-08-04 15:37:07
FAC-005-Z2,E-20,employee,motion,,2026-08-04 15:37:07
FAC-001-Z1,E-13,employee,badge_swipe,True,2026-08-04 15:37:07
FAC-005-Z1,E-34,employee,motion,,2026-08-04 15:37:07
FAC-001-Z1,E-8,employee,motion,,2026-08-04 15:37:07
FAC-005-Z3,E-18,employee,badge_swipe,True,2026-08-04 15:37:07
FAC-003-Z2,E-16,employee,motion,,2026-08-04 15:52:07
FAC-003-Z3,E-30,employee,badge_swipe,True,2026-08-04 15:52:07
FAC-005-Z3,V-9,visitor,badge_swipe,True,2026-08-04 15:52:07
FAC-003-Z2,E-23,employee,badge_swipe,True,2026-08-04 15:52:07
FAC-004-Z1,V-3,visitor,badge_swipe,True,2026-08-04 15:52:07
FAC-002-Z3,E-29,employee,motion,,2026-08-04 15:52:07
FAC-005-Z1,E-27,employee,motion,,2026-08-04 15:52:07
FAC-002-Z1,E-19,employee,badge_swipe,True,2026-08-04 16:07:07
FAC-003-Z2,E-17,employee,motion,,2026-08-04 16:07:07
FAC-004-Z2,E-12,employee,badge_swipe,True,2026-08-04 16:07:07
FAC-005-Z2,E-35,employee,badge_swipe,True,2026-08-04 16:07:07
FAC-003-Z3,E-9,employee,badge_swipe,True,2026-08-04 16:07:07
FAC-004-Z2,E-46,employee,badge_swipe,True,2026-08-04 16:07:07
FAC-002-Z2,E-45,employee,badge_swipe,True,2026-08-04 16:07:07
FAC-004-Z1,E-25,employee,badge_swipe,True,2026-08-04 16:07:07
FAC-003-Z2,E-50,employee,motion,,2026-08-04 16:07:07
FAC-001-Z3,E-28,employee,motion,,2026-08-04 16:07:07
FAC-001-Z2,E-16,employee,badge_swipe,True,2026-08-04 16:07:07
FAC-005-Z2,E-3,employee,badge_swipe,True,2026-08-04 16:22:07
FAC-004-Z3,E-31,employee,badge_swipe,True,2026-08-04 16:22:07
FAC-005-Z3,E-21,employee,motion,,2026-08-04 16:22:07
FAC-002-Z1,E-14,employee,motion,,2026-08-04 16:22:07
FAC-004-Z2,E-1,employee,badge_swipe,True,2026-08-04 16:22:07
FAC-005-Z3,E-31,employee,badge_swipe,True,2026-08-04 16:22:07
FAC-005-Z2,E-12,employee,badge_swipe,False,2026-08-04 16:22:07
FAC-004-Z2,E-23,employee,motion,,2026-08-04 16:37:07
FAC-001-Z2,E-6,employee,badge_swipe,True,2026-08-04 16:37:07
FAC-003-Z2,E-9,employee,motion,,2026-08-04 16:37:07
FAC-005-Z1,E-24,employee,badge_swipe,True,2026-08-04 16:37:07
FAC-003-Z3,E-16,employee,motion,,2026-08-04 16:37:07
FAC-005-Z2,E-43,employee,badge_swipe,True,2026-08-04 16:37:07
FAC-002-Z3,E-33,employee,badge_swipe,True,2026-08-04 16:37:07
FAC-003-Z1,E-6,employee,motion,,2026-08-04 16:37:07
FAC-002-Z2,E-43,employee,badge_swipe,True,2026-08-04 16:52:07
FAC-002-Z1,E-8,employee,motion,,2026-08-04 16:52:07
FAC-001-Z2,E-31,employee,badge_swipe,True,2026-08-04 16:52:07
FAC-002-Z3,E-16,employee,badge_swipe,True,2026-08-04 16:52:07
FAC-003-Z1,E-12,employee,motion,,2026-08-04 16:52:07
FAC-001-Z1,E-36,employee,badge_swipe,True,2026-08-04 16:52:07
FAC-003-Z1,E-36,employee,badge_swipe,True,2026-08-04 16:52:07
FAC-003-Z1,E-30,employee,motion,,2026-08-04 16:52:07
FAC-002-Z3,V-7,visitor,badge_swipe,True,2026-08-04 17:07:07
FAC-005-Z1,E-28,employee,badge_swipe,True,2026-08-04 17:07:07
FAC-004-Z2,E-23,employee,motion,,2026-08-04 17:07:07
FAC-002-Z2,E-29,employee,motion,,2026-08-04 17:07:07
FAC-005-Z2,E-21,employee,motion,,2026-08-04 17:07:07
FAC-004-Z2,E-20,employee,motion,,2026-08-04 17:07:07
FAC-003-Z2,E-14,employee,badge_swipe,True,2026-08-04 17:07:07
FAC-002-Z2,E-48,employee,badge_swipe,True,2026-08-04 17:07:07
FAC-005-Z3,E-20,employee,motion,,2026-08-04 17:07:07
FAC-005-Z1,E-27,employee,badge_swipe,True,2026-08-04 17:07:07
FAC-003-Z2,E-8,employee,motion,,2026-08-04 17:07:07
FAC-005-Z2,E-44,employee,badge_swipe,True,2026-08-04 17:22:07
FAC-001-Z2,E-4,employee,badge_swipe,False,2026-08-04 17:22:07
FAC-004-Z1,E-18,employee,badge_swipe,True,2026-08-04 17:22:07
FAC-005-Z3,E-12,employee,motion,,2026-08-04 17:22:07
FAC-002-Z3,E-21,employee,motion,,2026-08-04 17:22:07
FAC-002-Z2,E-7,employee,motion,,2026-08-04 17:22:07
FAC-002-Z1,E-40,employee,motion,,2026-08-04 17:22:07
FAC-005-Z1,V-5,visitor,badge_swipe,True,2026-08-04 17:22:07
FAC-005-Z2,E-40,employee,badge_swipe,True,2026-08-04 17:22:07
FAC-003-Z1,E-23,employee,badge_swipe,True,2026-08-04 17:22:07
FAC-002-Z2,V-8,visitor,motion,,2026-08-04 17:22:07
FAC-003-Z3,E-30,employee,motion,,2026-08-04 17:37:07
FAC-005-Z1,V-6,visitor,badge_swipe,True,2026-08-04 17:37:07
FAC-001-Z2,E-29,employee,badge_swipe,True,2026-08-04 17:37:07
FAC-003-Z2,E-40,employee,badge_swipe,True,2026-08-04 17:37:07
FAC-002-Z1,E-13,employee,badge_swipe,True,2026-08-04 17:37:07
FAC-004-Z3,E-45,employee,badge_swipe,True,2026-08-04 17:37:07
FAC-001-Z3,E-22,employee,motion,,2026-08-04 17:37:07
FAC-002-Z3,E-49,employee,badge_swipe,True,2026-08-04 17:37:07
FAC-001-Z1,E-39,employee,motion,,2026-08-04 17:37:07
FAC-003-Z2,E-23,employee,badge_swipe,True,2026-08-04 17:37:07
FAC-001-Z3,E-12,employee,motion,,2026-08-04 17:37:07
FAC-004-Z3,E-20,employee,motion,,2026-08-04 17:37:07
FAC-004-Z1,E-36,employee,motion,,2026-08-04 17:37:07
FAC-005-Z1,E-25,employee,motion,,2026-08-04 17:37:07
FAC-001-Z3,E-48,employee,badge_swipe,True,2026-08-04 17:37:07
FAC-003-Z2,E-29,employee,badge_swipe,True,2026-08-04 17:37:07
FAC-003-Z1,E-32,employee,motion,,2026-08-04 17:37:07
FAC-001-Z1,E-5,employee,badge_swipe,True,2026-08-04 17:52:07
FAC-003-Z1,E-30,employee,badge_swipe,False,2026-08-04 17:52:07
FAC-005-Z1,E-49,employee,motion,,2026-08-04 17:52:07
FAC-004-Z2,E-39,employee,badge_swipe,True,2026-08-04 17:52:07
FAC-004-Z2,E-8,employee,motion,,2026-08-04 17:52:07
FAC-004-Z1,E-10,employee,motion,,2026-08-04 17:52:07
FAC-005-Z2,E-15,employee,badge_swipe,True,2026-08-04 17:52:07
FAC-001-Z2,V-1,visitor,motion,,2026-08-04 17:52:07
FAC-001-Z3,V-2,visitor,motion,,2026-08-04 17:52:07
FAC-001-Z3,E-28,employee,motion,,2026-08-04 17:52:07
FAC-002-Z1,E-29,employee,badge_swipe,True,2026-08-04 17:52:07
FAC-002-Z3,E-35,employee,badge_swipe,True,2026-08-04 17:52:07
FAC-004-Z3,E-37,employee,motion,,2026-08-04 17:52:07
FAC-004-Z3,E-7,employee,badge_swipe,True,2026-08-04 17:52:07
FAC-003-Z3,E-27,employee,badge_swipe,True,2026-08-04 17:52:07
FAC-001-Z3,E-44,employee,motion,,2026-08-04 18:07:07
FAC-004-Z1,E-10,employee,badge_swipe,True,2026-08-04 18:07:07
FAC-002-Z2,E-33,employee,badge_swipe,True,2026-08-04 18:07:07
FAC-005-Z2,E-36,employee,motion,,2026-08-04 18:07:07
FAC-005-Z3,E-29,employee,motion,,2026-08-04 18:07:07
FAC-005-Z2,E-16,employee,badge_swipe,True,2026-08-04 18:07:07
FAC-002-Z2,E-5,employee,motion,,2026-08-04 18:07:07
FAC-005-Z2,E-46,employee,badge_swipe,True,2026-08-04 18:07:07
FAC-003-Z2,E-35,employee,badge_swipe,True,2026-08-04 18:07:07
FAC-005-Z2,E-47,employee,badge_swipe,True,2026-08-04 18:07:07
FAC-005-Z3,E-27,employee,badge_swipe,True,2026-08-04 18:22:07
FAC-002-Z2,E-27,employee,badge_swipe,True,2026-08-04 18:22:07
FAC-003-Z2,E-41,employee,motion,,2026-08-04 18:22:07
FAC-004-Z2,E-21,employee,badge_swipe,True,2026-08-04 18:22:07
FAC-001-Z3,E-4,employee,motion,,2026-08-04 18:22:07
FAC-003-Z1,E-29,employee,motion,,2026-08-04 18:22:07
FAC-003-Z2,E-14,employee,motion,,2026-08-04 18:22:07
FAC-004-Z2,E-28,employee,motion,,2026-08-04 18:22:07
FAC-004-Z1,E-33,employee,badge_swipe,True,2026-08-04 18:22:07
FAC-001-Z2,E-2,employee,motion,,2026-08-04 18:22:07
FAC-002-Z3,E-46,employee,badge_swipe,True,2026-08-04 18:22:07
FAC-001-Z3,E-5,employee,motion,,2026-08-04 18:22:07
FAC-001-Z1,E-49,employee,badge_swipe,True,2026-08-04 18:22:07
FAC-004-Z2,E-16,employee,motion,,2026-08-04 18:37:07
FAC-001-Z2,E-27,employee,badge_swipe,True,2026-08-04 18:37:07
FAC-001-Z3,E-8,employee,badge_swipe,True,2026-08-04 18:37:07
FAC-004-Z3,E-18,employee,badge_swipe,True,2026-08-04 18:37:07
FAC-004-Z2,E-29,employee,motion,,2026-08-04 18:37:07
FAC-005-Z1,E-34,employee,motion,,2026-08-04 18:37:07
FAC-002-Z3,E-36,employee,badge_swipe,True,2026-08-04 18:37:07
FAC-003-Z2,V-9,visitor,badge_swipe,True,2026-08-04 18:52:07
FAC-002-Z2,E-5,employee,motion,,2026-08-04 18:52:07
FAC-001-Z3,E-1,employee,badge_swipe,True,2026-08-04 18:52:07
FAC-005-Z1,E-13,employee,motion,,2026-08-04 18:52:07
FAC-002-Z1,E-27,employee,motion,,2026-08-04 18:52:07
FAC-004-Z3,E-6,employee,motion,,2026-08-04 18:52:07
FAC-005-Z2,E-36,employee,motion,,2026-08-04 18:52:07
FAC-002-Z1,E-46,employee,motion,,2026-08-04 18:52:07
FAC-004-Z3,E-1,employee,motion,,2026-08-04 19:07:07
FAC-002-Z1,V-3,visitor,badge_swipe,True,2026-08-04 19:07:07
FAC-003-Z1,E-27,employee,motion,,2026-08-04 19:37:07
FAC-002-Z2,V-10,visitor,motion,,2026-08-04 19:37:07
FAC-005-Z1,E-34,employee,badge_swipe,True,2026-08-04 19:52:07
FAC-003-Z2,V-1,visitor,badge_swipe,True,2026-08-04 19:52:07
FAC-003-Z1,E-8,employee,badge_swipe,True,2026-08-04 20:07:07
FAC-003-Z1,E-18,employee,motion,,2026-08-04 20:37:07
FAC-005-Z1,E-39,employee,badge_swipe,True,2026-08-04 20:52:07
FAC-004-Z2,E-3,employee,motion,,2026-08-04 20:52:07
FAC-004-Z2,E-20,employee,motion,,2026-08-04 21:07:07
FAC-005-Z3,E-43,employee,badge_swipe,True,2026-08-04 21:22:07
FAC-002-Z1,E-2,employee,motion,,2026-08-04 21:37:07
FAC-001-Z3,E-4,employee,motion,,2026-08-04 21:37:07
FAC-003-Z3,E-28,employee,badge_swipe,True,2026-08-04 21:37:07
FAC-001-Z1,E-46,employee,badge_swipe,True,2026-08-04 21:52:07
FAC-004-Z2,E-49,employee,motion,,2026-08-04 21:52:07
FAC-002-Z1,E-40,employee,badge_swipe,True,2026-08-04 21:52:07
FAC-001-Z2,E-14,employee,motion,,2026-08-04 22:22:07
FAC-005-Z3,E-41,employee,motion,,2026-08-04 22:22:07
FAC-001-Z2,E-6,employee,motion,,2026-08-04 22:22:07
FAC-003-Z1,E-44,employee,motion,,2026-08-04 22:52:07
FAC-003-Z2,E-34,employee,motion,,2026-08-04 23:07:07
FAC-005-Z1,E-50,employee,motion,,2026-08-04 23:07:07
FAC-002-Z3,E-30,employee,badge_swipe,True,2026-08-04 23:22:07
FAC-004-Z3,E-16,employee,motion,,2026-08-04 23:22:07
FAC-004-Z1,E-21,employee,motion,,2026-08-04 23:22:07
FAC-005-Z1,E-12,employee,motion,,2026-08-04 23:37:07
FAC-001-Z2,V-8,visitor,badge_swipe,True,2026-08-04 23:37:07
FAC-003-Z3,E-16,employee,motion,,2026-08-04 23:37:07
FAC-001-Z3,E-44,employee,badge_swipe,True,2026-08-05 00:07:07
FAC-003-Z3,E-37,employee,motion,,2026-08-05 00:07:07
FAC-005-Z2,E-37,employee,motion,,2026-08-05 00:22:07
FAC-005-Z3,E-24,employee,motion,,2026-08-05 00:22:07
FAC-002-Z3,E-7,employee,motion,,2026-08-05 00:22:07
FAC-004-Z3,E-38,employee,badge_swipe,True,2026-08-05 00:37:07
FAC-002-Z2,E-1,employee,badge_swipe,True,2026-08-05 00:37:07
FAC-002-Z2,E-3,employee,motion,,2026-08-05 01:22:07
FAC-004-Z1,E-1,employee,badge_swipe,True,2026-08-05 01:22:07
FAC-001-Z3,E-42,employee,motion,,2026-08-05 01:22:07
FAC-004-Z3,E-40,employee,badge_swipe,True,2026-08-05 01:37:07
FAC-004-Z2,E-48,employee,motion,,2026-08-05 01:52:07
FAC-001-Z2,E-44,employee,motion,,2026-08-05 01:52:07
FAC-003-Z2,E-14,employee,badge_swipe,True,2026-08-05 01:52:07
FAC-004-Z3,E-12,employee,badge_swipe,True,2026-08-05 02:07:07
FAC-005-Z1,E-36,employee,motion,,2026-08-05 02:07:07
FAC-002-Z2,E-39,employee,badge_swipe,True,2026-08-05 02:07:07
FAC-004-Z1,E-25,employee,motion,,2026-08-05 02:22:07
FAC-003-Z2,V-6,visitor,badge_swipe,True,2026-08-05 02:22:07
FAC-001-Z2,E-46,employee,motion,,2026-08-05 02:37:07
FAC-005-Z3,E-26,employee,badge_swipe,True,2026-08-05 03:07:07
FAC-005-Z2,V-3,visitor,motion,,2026-08-05 03:37:07
FAC-004-Z2,E-46,employee,motion,,2026-08-05 03:52:07
FAC-003-Z2,E-29,employee,badge_swipe,True,2026-08-05 03:52:07
FAC-001-Z1,V-8,visitor,motion,,2026-08-05 04:22:07
FAC-004-Z3,E-34,employee,motion,,2026-08-05 04:22:07
FAC-004-Z2,E-7,employee,motion,,2026-08-05 04:37:07
FAC-004-Z2,V-4,visitor,motion,,2026-08-05 04:37:07
FAC-005-Z1,E-26,employee,motion,,2026-08-05 04:52:07
FAC-001-Z2,V-2,visitor,badge_swipe,False,2026-08-05 05:37:07
FAC-003-Z2,E-23,employee,badge_swipe,True,2026-08-05 05:37:07
FAC-001-Z3,V-1,visitor,badge_swipe,True,2026-08-05 05:37:07
FAC-003-Z1,E-49,employee,badge_swipe,True,2026-08-05 06:07:07
FAC-001-Z3,E-8,employee,motion,,2026-08-05 06:07:07
FAC-003-Z1,E-25,employee,motion,,2026-08-05 06:07:07
FAC-004-Z3,E-14,employee,badge_swipe,True,2026-08-05 06:37:07
FAC-002-Z3,E-50,employee,badge_swipe,True,2026-08-05 06:37:07
FAC-003-Z1,E-3,employee,motion,,2026-08-05 06:37:07
FAC-003-Z2,E-13,employee,badge_swipe,True,2026-08-05 07:22:07
FAC-004-Z3,E-6,employee,motion,,2026-08-05 07:22:07
FAC-002-Z3,E-39,employee,badge_swipe,True,2026-08-05 07:37:07
FAC-002-Z1,E-36,employee,badge_swipe,True,2026-08-05 07:52:07
FAC-001-Z3,E-13,employee,motion,,2026-08-05 07:52:07
FAC-004-Z2,E-20,employee,motion,,2026-08-05 08:07:07
FAC-003-Z2,E-13,employee,badge_swipe,True,2026-08-05 08:07:07
FAC-001-Z1,E-40,employee,motion,,2026-08-05 08:07:07
FAC-003-Z2,E-48,employee,badge_swipe,False,2026-08-05 08:07:07
FAC-002-Z2,E-37,employee,motion,,2026-08-05 08:07:07
FAC-002-Z1,E-16,employee,motion,,2026-08-05 08:07:07
FAC-005-Z2,E-30,employee,badge_swipe,True,2026-08-05 08:07:07
FAC-003-Z2,E-13,employee,motion,,2026-08-05 08:07:07
FAC-002-Z1,E-20,employee,badge_swipe,True,2026-08-05 08:07:07
FAC-003-Z1,E-14,employee,motion,,2026-08-05 08:07:07
FAC-004-Z2,E-24,employee,badge_swipe,True,2026-08-05 08:07:07
FAC-004-Z1,E-12,employee,motion,,2026-08-05 08:07:07
FAC-004-Z1,E-10,employee,badge_swipe,True,2026-08-05 08:07:07
FAC-005-Z2,V-5,visitor,motion,,2026-08-05 08:07:07
FAC-002-Z1,E-50,employee,motion,,2026-08-05 08:07:07
FAC-004-Z3,E-20,employee,badge_swipe,True,2026-08-05 08:07:07
FAC-002-Z1,E-13,employee,badge_swipe,True,2026-08-05 08:07:07
FAC-001-Z2,E-24,employee,motion,,2026-08-05 08:07:07
FAC-003-Z2,E-48,employee,badge_swipe,True,2026-08-05 08:07:07
FAC-001-Z2,E-1,employee,motion,,2026-08-05 08:07:07
FAC-002-Z2,E-15,employee,badge_swipe,True,2026-08-05 08:22:07
FAC-003-Z1,E-44,employee,motion,,2026-08-05 08:22:07
FAC-002-Z2,E-3,employee,badge_swipe,True,2026-08-05 08:22:07
FAC-004-Z1,E-4,employee,badge_swipe,True,2026-08-05 08:22:07
FAC-001-Z3,E-8,employee,badge_swipe,True,2026-08-05 08:22:07
FAC-005-Z2,E-39,employee,motion,,2026-08-05 08:22:07
FAC-005-Z1,E-26,employee,motion,,2026-08-05 08:22:07
FAC-001-Z3,E-21,employee,motion,,2026-08-05 08:22:07
FAC-001-Z2,E-23,employee,motion,,2026-08-05 08:22:07
FAC-003-Z2,E-17,employee,motion,,2026-08-05 08:22:07
FAC-001-Z1,E-13,employee,badge_swipe,True,2026-08-05 08:22:07
FAC-001-Z3,E-6,employee,badge_swipe,True,2026-08-05 08:22:07
FAC-002-Z3,E-37,employee,badge_swipe,True,2026-08-05 08:22:07
FAC-005-Z3,E-29,employee,badge_swipe,True,2026-08-05 08:22:07
FAC-003-Z2,E-26,employee,badge_swipe,True,2026-08-05 08:22:07
FAC-003-Z1,E-23,employee,motion,,2026-08-05 08:22:07
FAC-005-Z3,E-20,employee,motion,,2026-08-05 08:22:07
FAC-001-Z3,E-12,employee,badge_swipe,True,2026-08-05 08:22:07
FAC-003-Z2,E-30,employee,motion,,2026-08-05 08:22:07
FAC-003-Z1,E-24,employee,motion,,2026-08-05 08:22:07
FAC-004-Z2,E-50,employee,motion,,2026-08-05 08:37:07
FAC-002-Z2,E-10,employee,motion,,2026-08-05 08:37:07
FAC-001-Z3,V-5,visitor,badge_swipe,True,2026-08-05 08:37:07
FAC-002-Z3,E-5,employee,motion,,2026-08-05 08:37:07
FAC-001-Z3,E-19,employee,motion,,2026-08-05 08:37:07
FAC-003-Z2,E-28,employee,motion,,2026-08-05 08:37:07
FAC-004-Z2,E-19,employee,badge_swipe,False,2026-08-05 08:37:07
FAC-001-Z3,E-11,employee,motion,,2026-08-05 08:37:07
FAC-002-Z1,E-44,employee,badge_swipe,True,2026-08-05 08:37:07
FAC-001-Z1,E-18,employee,badge_swipe,True,2026-08-05 08:37:07
FAC-001-Z3,E-26,employee,badge_swipe,True,2026-08-05 08:37:07
FAC-005-Z2,E-26,employee,badge_swipe,True,2026-08-05 08:37:07
FAC-002-Z3,E-36,employee,motion,,2026-08-05 08:37:07
FAC-004-Z1,E-17,employee,badge_swipe,True,2026-08-05 08:52:07
FAC-003-Z1,E-22,employee,badge_swipe,True,2026-08-05 08:52:07
FAC-004-Z2,V-6,visitor,motion,,2026-08-05 08:52:07
FAC-001-Z3,E-33,employee,motion,,2026-08-05 08:52:07
FAC-002-Z1,E-40,employee,badge_swipe,True,2026-08-05 08:52:07
FAC-003-Z3,E-11,employee,badge_swipe,True,2026-08-05 08:52:07
FAC-004-Z2,E-7,employee,motion,,2026-08-05 09:07:07
FAC-005-Z3,E-34,employee,motion,,2026-08-05 09:07:07
FAC-001-Z3,E-39,employee,badge_swipe,True,2026-08-05 09:07:07
FAC-003-Z1,E-32,employee,badge_swipe,True,2026-08-05 09:07:07
FAC-004-Z2,E-12,employee,motion,,2026-08-05 09:07:07
FAC-003-Z2,E-23,employee,motion,,2026-08-05 09:07:07
FAC-002-Z2,E-6,employee,badge_swipe,True,2026-08-05 09:07:07
FAC-002-Z2,E-34,employee,badge_swipe,True,2026-08-05 09:07:07
FAC-003-Z2,E-32,employee,motion,,2026-08-05 09:07:07
FAC-002-Z2,V-5,visitor,motion,,2026-08-05 09:07:07
FAC-002-Z2,E-13,employee,motion,,2026-08-05 09:07:07
FAC-002-Z3,E-20,employee,motion,,2026-08-05 09:07:07
FAC-001-Z1,E-34,employee,badge_swipe,True,2026-08-05 09:07:07
FAC-003-Z3,E-24,employee,badge_swipe,True,2026-08-05 09:07:07
FAC-003-Z3,E-18,employee,badge_swipe,True,2026-08-05 09:07:07
FAC-002-Z3,E-39,employee,badge_swipe,True,2026-08-05 09:22:07
FAC-004-Z2,E-40,employee,badge_swipe,True,2026-08-05 09:22:07
FAC-001-Z2,E-43,employee,badge_swipe,True,2026-08-05 09:22:07
FAC-002-Z1,E-18,employee,motion,,2026-08-05 09:22:07
FAC-002-Z3,E-7,employee,motion,,2026-08-05 09:22:07
FAC-001-Z3,E-39,employee,badge_swipe,True,2026-08-05 09:22:07
FAC-003-Z3,E-20,employee,motion,,2026-08-05 09:22:07
FAC-002-Z3,E-16,employee,motion,,2026-08-05 09:22:07
FAC-003-Z1,E-15,employee,badge_swipe,True,2026-08-05 09:22:07
FAC-002-Z3,V-7,visitor,badge_swipe,True,2026-08-05 09:22:07
FAC-004-Z1,E-20,employee,motion,,2026-08-05 09:22:07
FAC-004-Z3,E-9,employee,motion,,2026-08-05 09:22:07
FAC-005-Z1,E-45,employee,badge_swipe,True,2026-08-05 09:22:07
FAC-004-Z3,E-29,employee,badge_swipe,True,2026-08-05 09:22:07
FAC-001-Z2,E-18,employee,motion,,2026-08-05 09:22:07
FAC-001-Z2,E-11,employee,motion,,2026-08-05 09:22:07
FAC-002-Z1,E-39,employee,badge_swipe,True,2026-08-05 09:22:07
FAC-004-Z1,E-22,employee,motion,,2026-08-05 09:22:07
FAC-004-Z3,E-37,employee,badge_swipe,True,2026-08-05 09:37:07
FAC-001-Z3,E-25,employee,motion,,2026-08-05 09:37:07
FAC-002-Z1,E-28,employee,badge_swipe,True,2026-08-05 09:37:07
FAC-003-Z1,E-49,employee,motion,,2026-08-05 09:37:07
FAC-003-Z1,E-46,employee,badge_swipe,True,2026-08-05 09:37:07
FAC-004-Z3,E-32,employee,motion,,2026-08-05 09:37:07
FAC-003-Z1,E-30,employee,badge_swipe,True,2026-08-05 09:37:07
FAC-005-Z3,E-35,employee,badge_swipe,True,2026-08-05 09:37:07
FAC-003-Z1,E-19,employee,motion,,2026-08-05 09:37:07
FAC-003-Z2,V-1,visitor,motion,,2026-08-05 09:37:07
FAC-001-Z1,E-23,employee,motion,,2026-08-05 09:52:07
FAC-005-Z1,E-27,employee,motion,,2026-08-05 09:52:07
FAC-004-Z3,E-12,employee,badge_swipe,True,2026-08-05 09:52:07
FAC-004-Z3,E-2,employee,motion,,2026-08-05 09:52:07
FAC-004-Z3,E-16,employee,badge_swipe,True,2026-08-05 09:52:07
FAC-005-Z3,E-27,employee,motion,,2026-08-05 09:52:07
FAC-002-Z3,E-36,employee,motion,,2026-08-05 09:52:07
FAC-005-Z2,E-27,employee,badge_swipe,True,2026-08-05 09:52:07
FAC-004-Z2,E-21,employee,badge_swipe,True,2026-08-05 09:52:07
FAC-003-Z1,E-31,employee,badge_swipe,False,2026-08-05 10:07:07
FAC-002-Z3,E-10,employee,motion,,2026-08-05 10:07:07
FAC-002-Z3,E-7,employee,badge_swipe,True,2026-08-05 10:07:07
FAC-001-Z2,E-42,employee,motion,,2026-08-05 10:07:07
FAC-005-Z1,E-47,employee,motion,,2026-08-05 10:07:07
FAC-004-Z3,E-5,employee,motion,,2026-08-05 10:07:07
FAC-003-Z1,E-50,employee,badge_swipe,True,2026-08-05 10:07:07
FAC-001-Z2,E-18,employee,badge_swipe,True,2026-08-05 10:07:07
FAC-002-Z3,E-42,employee,motion,,2026-08-05 10:07:07
FAC-005-Z1,E-3,employee,badge_swipe,True,2026-08-05 10:07:07
FAC-003-Z1,E-39,employee,motion,,2026-08-05 10:07:07
FAC-003-Z2,E-1,employee,motion,,2026-08-05 10:07:07
FAC-003-Z3,V-6,visitor,badge_swipe,True,2026-08-05 10:07:07
FAC-002-Z1,E-2,employee,badge_swipe,True,2026-08-05 10:22:07
FAC-004-Z1,E-20,employee,badge_swipe,True,2026-08-05 10:22:07
FAC-002-Z3,E-8,employee,motion,,2026-08-05 10:22:07
FAC-002-Z1,E-21,employee,badge_swipe,True,2026-08-05 10:22:07
FAC-004-Z3,E-12,employee,motion,,2026-08-05 10:22:07
FAC-001-Z2,E-39,employee,motion,,2026-08-05 10:22:07
FAC-004-Z1,E-28,employee,badge_swipe,True,2026-08-05 10:22:07
FAC-005-Z1,E-24,employee,motion,,2026-08-05 10:22:07
FAC-003-Z3,E-8,employee,badge_swipe,True,2026-08-05 10:22:07
FAC-001-Z3,E-1,employee,badge_swipe,True,2026-08-05 10:22:07
FAC-005-Z2,E-36,employee,motion,,2026-08-05 10:22:07
FAC-003-Z2,E-50,employee,motion,,2026-08-05 10:22:07
FAC-002-Z3,E-16,employee,badge_swipe,True,2026-08-05 10:22:07
FAC-004-Z1,E-26,employee,badge_swipe,True,2026-08-05 10:22:07
FAC-001-Z1,E-34,employee,badge_swipe,True,2026-08-05 10:22:07
FAC-004-Z1,E-21,employee,motion,,2026-08-05 10:37:07
FAC-002-Z1,E-7,employee,badge_swipe,True,2026-08-05 10:37:07
FAC-005-Z2,E-47,employee,badge_swipe,True,2026-08-05 10:37:07
FAC-004-Z3,E-47,employee,motion,,2026-08-05 10:37:07
FAC-004-Z2,E-39,employee,motion,,2026-08-05 10:37:07
FAC-005-Z3,V-8,visitor,badge_swipe,True,2026-08-05 10:37:07
FAC-004-Z3,E-4,employee,badge_swipe,True,2026-08-05 10:37:07
FAC-002-Z1,E-12,employee,badge_swipe,True,2026-08-05 10:37:07
FAC-001-Z1,E-29,employee,motion,,2026-08-05 10:52:07
FAC-004-Z3,E-16,employee,badge_swipe,True,2026-08-05 10:52:07
FAC-004-Z2,E-9,employee,motion,,2026-08-05 10:52:07
FAC-004-Z1,E-24,employee,motion,,2026-08-05 10:52:07
FAC-004-Z1,E-5,employee,badge_swipe,True,2026-08-05 10:52:07
FAC-004-Z3,E-42,employee,motion,,2026-08-05 10:52:07
FAC-005-Z1,E-24,employee,badge_swipe,True,2026-08-05 10:52:07
FAC-005-Z1,E-45,employee,badge_swipe,True,2026-08-05 11:07:07
FAC-001-Z2,E-16,employee,motion,,2026-08-05 11:07:07
FAC-004-Z2,E-36,employee,motion,,2026-08-05 11:07:07
FAC-001-Z3,E-10,employee,motion,,2026-08-05 11:07:07
FAC-002-Z3,E-49,employee,motion,,2026-08-05 11:07:07
FAC-004-Z3,E-43,employee,badge_swipe,True,2026-08-05 11:07:07
FAC-002-Z1,V-3,visitor,badge_swipe,True,2026-08-05 11:07:07
FAC-004-Z2,V-2,visitor,badge_swipe,True,2026-08-05 11:07:07
FAC-003-Z3,E-42,employee,motion,,2026-08-05 11:22:07
FAC-005-Z2,V-3,visitor,motion,,2026-08-05 11:22:07
FAC-002-Z3,E-10,employee,motion,,2026-08-05 11:22:07
FAC-004-Z1,E-29,employee,badge_swipe,True,2026-08-05 11:22:07
FAC-002-Z2,E-9,employee,motion,,2026-08-05 11:22:07
FAC-005-Z3,E-29,employee,badge_swipe,True,2026-08-05 11:22:07
FAC-002-Z3,E-38,employee,badge_swipe,True,2026-08-05 11:22:07
FAC-003-Z1,E-9,employee,badge_swipe,True,2026-08-05 11:22:07
FAC-002-Z3,E-37,employee,badge_swipe,True,2026-08-05 11:22:07
FAC-005-Z1,E-40,employee,motion,,2026-08-05 11:22:07
FAC-005-Z3,E-18,employee,motion,,2026-08-05 11:22:07
FAC-005-Z3,E-24,employee,motion,,2026-08-05 11:22:07
FAC-003-Z1,E-6,employee,badge_swipe,True,2026-08-05 11:22:07
FAC-002-Z3,E-18,employee,motion,,2026-08-05 11:22:07
FAC-005-Z2,E-49,employee,motion,,2026-08-05 11:22:07
FAC-002-Z2,E-20,employee,badge_swipe,True,2026-08-05 11:22:07
FAC-002-Z2,E-27,employee,motion,,2026-08-05 11:22:07
FAC-005-Z1,E-13,employee,badge_swipe,True,2026-08-05 11:22:07
FAC-001-Z2,E-25,employee,motion,,2026-08-05 11:22:07
FAC-002-Z1,E-28,employee,motion,,2026-08-05 11:37:07
FAC-003-Z2,E-16,employee,badge_swipe,True,2026-08-05 11:37:07
FAC-004-Z3,E-50,employee,motion,,2026-08-05 11:37:07
FAC-003-Z1,E-46,employee,badge_swipe,True,2026-08-05 11:37:07
FAC-002-Z2,E-44,employee,motion,,2026-08-05 11:37:07
FAC-005-Z2,E-44,employee,badge_swipe,True,2026-08-05 11:37:07
FAC-004-Z3,E-22,employee,badge_swipe,True,2026-08-05 11:37:07
FAC-001-Z3,E-43,employee,badge_swipe,True,2026-08-05 11:37:07
FAC-001-Z3,E-44,employee,motion,,2026-08-05 11:37:07
FAC-001-Z2,E-37,employee,badge_swipe,True,2026-08-05 11:37:07
FAC-001-Z1,E-36,employee,motion,,2026-08-05 11:37:07
FAC-002-Z3,E-10,employee,badge_swipe,True,2026-08-05 11:37:07
FAC-002-Z1,E-15,employee,motion,,2026-08-05 11:37:07
FAC-002-Z3,E-20,employee,motion,,2026-08-05 11:37:07
FAC-005-Z2,E-24,employee,motion,,2026-08-05 11:37:07
FAC-004-Z2,E-50,employee,badge_swipe,True,2026-08-05 11:37:07
FAC-002-Z2,E-49,employee,badge_swipe,False,2026-08-05 11:37:07
FAC-003-Z2,V-3,visitor,motion,,2026-08-05 11:37:07
FAC-004-Z3,V-2,visitor,motion,,2026-08-05 11:37:07
FAC-003-Z3,V-2,visitor,motion,,2026-08-05 11:52:07
FAC-004-Z2,E-20,employee,badge_swipe,True,2026-08-05 11:52:07
FAC-004-Z2,E-50,employee,motion,,2026-08-05 11:52:07
FAC-003-Z1,E-48,employee,badge_swipe,True,2026-08-05 11:52:07
FAC-005-Z1,E-8,employee,motion,,2026-08-05 11:52:07
FAC-001-Z1,E-4,employee,badge_swipe,True,2026-08-05 11:52:07
FAC-004-Z2,E-36,employee,motion,,2026-08-05 11:52:07
FAC-001-Z2,E-15,employee,badge_swipe,True,2026-08-05 11:52:07
FAC-001-Z1,E-3,employee,motion,,2026-08-05 11:52:07
FAC-004-Z2,E-31,employee,motion,,2026-08-05 11:52:07
FAC-005-Z3,E-18,employee,badge_swipe,True,2026-08-05 11:52:07
FAC-003-Z1,E-20,employee,badge_swipe,True,2026-08-05 11:52:07
FAC-005-Z1,E-49,employee,motion,,2026-08-05 11:52:07
FAC-002-Z2,E-38,employee,motion,,2026-08-05 12:07:07
FAC-002-Z3,E-39,employee,motion,,2026-08-05 12:07:07
FAC-002-Z3,E-37,employee,badge_swipe,True,2026-08-05 12:07:07
FAC-004-Z3,E-28,employee,motion,,2026-08-05 12:07:07
FAC-002-Z3,E-30,employee,motion,,2026-08-05 12:07:07
FAC-001-Z2,E-38,employee,badge_swipe,True,2026-08-05 12:07:07
FAC-004-Z3,E-39,employee,motion,,2026-08-05 12:22:07
FAC-004-Z3,E-47,employee,motion,,2026-08-05 12:22:07
FAC-004-Z1,E-20,employee,motion,,2026-08-05 12:22:07
FAC-002-Z3,E-40,employee,motion,,2026-08-05 12:22:07
FAC-001-Z2,E-36,employee,motion,,2026-08-05 12:22:07
FAC-005-Z2,E-11,employee,motion,,2026-08-05 12:22:07
FAC-004-Z1,E-8,employee,badge_swipe,True,2026-08-05 12:22:07
FAC-002-Z2,E-8,employee,motion,,2026-08-05 12:22:07
FAC-004-Z3,E-48,employee,badge_swipe,True,2026-08-05 12:22:07
FAC-004-Z1,E-32,employee,motion,,2026-08-05 12:22:07
FAC-004-Z1,E-33,employee,badge_swipe,True,2026-08-05 12:22:07
FAC-003-Z3,E-38,employee,motion,,2026-08-05 12:22:07
FAC-004-Z2,E-31,employee,badge_swipe,True,2026-08-05 12:22:07
FAC-001-Z3,V-8,visitor,badge_swipe,False,2026-08-05 12:22:07
FAC-003-Z2,V-10,visitor,motion,,2026-08-05 12:37:07
FAC-003-Z2,V-5,visitor,motion,,2026-08-05 12:37:07
FAC-004-Z2,E-21,employee,motion,,2026-08-05 12:37:07
FAC-004-Z2,E-48,employee,motion,,2026-08-05 12:37:07
FAC-001-Z3,E-28,employee,motion,,2026-08-05 12:37:07
FAC-004-Z3,E-1,employee,motion,,2026-08-05 12:37:07
FAC-003-Z2,E-32,employee,motion,,2026-08-05 12:37:07
FAC-002-Z3,V-3,visitor,motion,,2026-08-05 12:37:07
FAC-001-Z2,E-25,employee,badge_swipe,True,2026-08-05 12:52:07
FAC-003-Z1,V-6,visitor,motion,,2026-08-05 12:52:07
FAC-003-Z1,E-26,employee,motion,,2026-08-05 12:52:07
FAC-005-Z3,E-48,employee,motion,,2026-08-05 12:52:07
FAC-004-Z1,E-34,employee,badge_swipe,True,2026-08-05 12:52:07
FAC-003-Z1,E-47,employee,motion,,2026-08-05 12:52:07
FAC-001-Z2,E-36,employee,badge_swipe,True,2026-08-05 12:52:07
FAC-001-Z2,E-17,employee,motion,,2026-08-05 13:07:07
FAC-001-Z1,E-34,employee,badge_swipe,True,2026-08-05 13:07:07
FAC-001-Z2,E-35,employee,badge_swipe,True,2026-08-05 13:07:07
FAC-004-Z3,E-34,employee,motion,,2026-08-05 13:07:07
FAC-001-Z2,V-6,visitor,badge_swipe,True,2026-08-05 13:07:07
FAC-002-Z1,E-10,employee,badge_swipe,True,2026-08-05 13:22:07
FAC-004-Z3,E-25,employee,badge_swipe,True,2026-08-05 13:22:07
FAC-003-Z1,E-20,employee,badge_swipe,True,2026-08-05 13:22:07
FAC-002-Z1,E-28,employee,motion,,2026-08-05 13:22:07
FAC-005-Z1,E-2,employee,badge_swipe,True,2026-08-05 13:22:07
FAC-001-Z1,E-13,employee,motion,,2026-08-05 13:22:07
FAC-001-Z3,E-1,employee,badge_swipe,True,2026-08-05 13:22:07
FAC-002-Z2,E-8,employee,badge_swipe,True,2026-08-05 13:22:07
FAC-005-Z3,E-23,employee,motion,,2026-08-05 13:22:07
FAC-003-Z2,E-1,employee,badge_swipe,True,2026-08-05 13:22:07
FAC-002-Z1,V-1,visitor,badge_swipe,True,2026-08-05 13:22:07
FAC-002-Z2,E-24,employee,motion,,2026-08-05 13:22:07
FAC-005-Z2,E-28,employee,motion,,2026-08-05 13:22:07
FAC-003-Z3,E-9,employee,motion,,2026-08-05 13:22:07
FAC-002-Z1,E-13,employee,motion,,2026-08-05 13:37:07
FAC-001-Z3,V-9,visitor,motion,,2026-08-05 13:37:07
FAC-002-Z2,V-6,visitor,motion,,2026-08-05 13:37:07
FAC-002-Z2,E-14,employee,badge_swipe,False,2026-08-05 13:37:07
FAC-004-Z2,E-6,employee,badge_swipe,True,2026-08-05 13:37:07
FAC-004-Z1,E-42,employee,badge_swipe,True,2026-08-05 13:37:07
FAC-002-Z3,E-42,employee,badge_swipe,True,2026-08-05 13:37:07
FAC-005-Z1,E-20,employee,motion,,2026-08-05 13:37:07
FAC-004-Z3,E-35,employee,motion,,2026-08-05 13:37:07
FAC-005-Z2,V-7,visitor,badge_swipe,True,2026-08-05 13:37:07
FAC-005-Z2,E-41,employee,badge_swipe,True,2026-08-05 13:37:07
FAC-004-Z2,E-41,employee,motion,,2026-08-05 13:37:07
FAC-001-Z2,E-35,employee,motion,,2026-08-05 13:37:07
FAC-005-Z2,E-23,employee,motion,,2026-08-05 13:52:07
FAC-003-Z2,E-22,employee,badge_swipe,True,2026-08-05 13:52:07
FAC-002-Z3,E-32,employee,motion,,2026-08-05 13:52:07
FAC-005-Z2,E-15,employee,motion,,2026-08-05 13:52:07
FAC-004-Z2,E-27,employee,badge_swipe,True,2026-08-05 13:52:07
FAC-004-Z3,V-4,visitor,motion,,2026-08-05 13:52:07
FAC-002-Z3,V-8,visitor,badge_swipe,True,2026-08-05 14:07:07
FAC-002-Z3,E-31,employee,motion,,2026-08-05 14:07:07
FAC-001-Z2,E-21,employee,motion,,2026-08-05 14:07:07
FAC-004-Z3,E-6,employee,badge_swipe,True,2026-08-05 14:07:07
FAC-001-Z2,E-15,employee,motion,,2026-08-05 14:07:07
FAC-004-Z1,E-37,employee,motion,,2026-08-05 14:07:07
FAC-001-Z3,E-20,employee,motion,,2026-08-05 14:07:07
FAC-003-Z2,V-7,visitor,motion,,2026-08-05 14:07:07
FAC-005-Z1,E-17,employee,badge_swipe,True,2026-08-05 14:07:07
FAC-002-Z1,E-7,employee,motion,,2026-08-05 14:22:07
FAC-001-Z3,E-9,employee,motion,,2026-08-05 14:22:07
FAC-004-Z2,E-3,employee,motion,,2026-08-05 14:22:07
FAC-004-Z3,E-37,employee,badge_swipe,False,2026-08-05 14:22:07
FAC-001-Z1,V-2,visitor,motion,,2026-08-05 14:22:07
FAC-005-Z2,E-9,employee,motion,,2026-08-05 14:22:07
FAC-001-Z1,E-30,employee,motion,,2026-08-05 14:22:07
FAC-003-Z1,E-6,employee,badge_swipe,True,2026-08-05 14:22:07
FAC-002-Z3,E-23,employee,badge_swipe,True,2026-08-05 14:22:07
FAC-003-Z3,E-35,employee,motion,,2026-08-05 14:22:07
FAC-001-Z1,E-48,employee,motion,,2026-08-05 14:22:07
FAC-001-Z2,E-20,employee,badge_swipe,True,2026-08-05 14:22:07
FAC-001-Z1,E-25,employee,badge_swipe,True,2026-08-05 14:22:07
FAC-001-Z1,E-42,employee,badge_swipe,True,2026-08-05 14:22:07
FAC-003-Z1,E-27,employee,motion,,2026-08-05 14:22:07
FAC-003-Z2,E-47,employee,motion,,2026-08-05 14:37:07
FAC-005-Z2,E-43,employee,badge_swipe,True,2026-08-05 14:37:07
FAC-005-Z1,E-37,employee,badge_swipe,True,2026-08-05 14:37:07
FAC-001-Z3,E-32,employee,motion,,2026-08-05 14:37:07
FAC-001-Z3,E-33,employee,motion,,2026-08-05 14:37:07
FAC-003-Z1,E-24,employee,badge_swipe,True,2026-08-05 14:37:07
FAC-004-Z1,E-29,employee,motion,,2026-08-05 14:37:07
FAC-003-Z3,E-31,employee,badge_swipe,True,2026-08-05 14:37:07
FAC-004-Z1,E-33,employee,motion,,2026-08-05 14:37:07
FAC-002-Z1,E-7,employee,motion,,2026-08-05 14:37:07
FAC-002-Z1,E-28,employee,badge_swipe,True,2026-08-05 14:37:07
FAC-005-Z1,V-4,visitor,motion,,2026-08-05 14:37:07
FAC-004-Z3,E-3,employee,badge_swipe,True,2026-08-05 14:37:07
FAC-005-Z2,E-14,employee,motion,,2026-08-05 14:37:07
FAC-001-Z1,E-19,employee,motion,,2026-08-05 14:37:07
FAC-004-Z1,E-1,employee,badge_swipe,False,2026-08-05 14:37:07
FAC-001-Z1,E-19,employee,motion,,2026-08-05 14:37:07
FAC-003-Z1,E-3,employee,motion,,2026-08-05 14:52:07
FAC-004-Z2,E-32,employee,motion,,2026-08-05 14:52:07
FAC-004-Z1,E-27,employee,badge_swipe,True,2026-08-05 14:52:07
FAC-003-Z3,E-16,employee,motion,,2026-08-05 14:52:07
FAC-004-Z2,E-20,employee,motion,,2026-08-05 14:52:07
FAC-004-Z3,E-18,employee,badge_swipe,True,2026-08-05 15:07:07
FAC-005-Z2,E-18,employee,motion,,2026-08-05 15:07:07
FAC-001-Z3,E-1,employee,badge_swipe,True,2026-08-05 15:07:07
FAC-005-Z3,V-6,visitor,badge_swipe,True,2026-08-05 15:07:07
FAC-004-Z1,E-23,employee,badge_swipe,True,2026-08-05 15:07:07
FAC-002-Z3,E-32,employee,motion,,2026-08-05 15:07:07
FAC-002-Z3,E-38,employee,badge_swipe,True,2026-08-05 15:07:07
FAC-002-Z3,E-47,employee,motion,,2026-08-05 15:07:07
FAC-005-Z2,E-29,employee,badge_swipe,True,2026-08-05 15:07:07
FAC-004-Z3,E-19,employee,motion,,2026-08-05 15:22:07
FAC-004-Z1,E-34,employee,motion,,2026-08-05 15:22:07
FAC-004-Z2,E-12,employee,badge_swipe,True,2026-08-05 15:22:07
FAC-001-Z3,E-30,employee,badge_swipe,True,2026-08-05 15:22:07
FAC-002-Z1,V-7,visitor,motion,,2026-08-05 15:22:07
FAC-003-Z2,E-50,employee,motion,,2026-08-05 15:22:07
FAC-003-Z2,E-32,employee,motion,,2026-08-05 15:22:07
FAC-001-Z3,E-45,employee,badge_swipe,True,2026-08-05 15:22:07
FAC-001-Z1,E-24,employee,badge_swipe,True,2026-08-05 15:22:07
FAC-005-Z2,V-8,visitor,badge_swipe,True,2026-08-05 15:22:07
FAC-004-Z2,V-9,visitor,motion,,2026-08-05 15:22:07
FAC-002-Z1,V-9,visitor,badge_swipe,True,2026-08-05 15:22:07
FAC-003-Z1,E-41,employee,badge_swipe,True,2026-08-05 15:22:07
FAC-003-Z1,E-6,employee,motion,,2026-08-05 15:22:07
FAC-004-Z1,E-41,employee,badge_swipe,True,2026-08-05 15:22:07
FAC-001-Z2,E-3,employee,badge_swipe,True,2026-08-05 15:22:07
FAC-001-Z1,E-21,employee,motion,,2026-08-05 15:22:07
FAC-005-Z3,E-32,employee,badge_swipe,True,2026-08-05 15:22:07
FAC-002-Z3,E-50,employee,motion,,2026-08-05 15:22:07
FAC-003-Z3,V-2,visitor,motion,,2026-08-05 15:37:07
FAC-005-Z1,V-2,visitor,motion,,2026-08-05 15:37:07
FAC-003-Z3,E-5,employee,motion,,2026-08-05 15:37:07
FAC-004-Z2,E-1,employee,motion,,2026-08-05 15:37:07
FAC-003-Z3,E-32,employee,motion,,2026-08-05 15:37:07
FAC-002-Z1,E-22,employee,badge_swipe,False,2026-08-05 15:37:07
FAC-004-Z3,E-8,employee,motion,,2026-08-05 15:37:07
FAC-002-Z1,E-33,employee,badge_swipe,True,2026-08-05 15:37:07
FAC-001-Z2,E-20,employee,badge_swipe,True,2026-08-05 15:37:07
FAC-004-Z2,E-10,employee,badge_swipe,True,2026-08-05 15:37:07
FAC-002-Z1,E-11,employee,badge_swipe,True,2026-08-05 15:37:07
FAC-001-Z1,E-50,employee,badge_swipe,True,2026-08-05 15:37:07
FAC-001-Z2,E-43,employee,motion,,2026-08-05 15:37:07
FAC-001-Z2,E-37,employee,motion,,2026-08-05 15:37:07
FAC-001-Z1,E-34,employee,badge_swipe,True,2026-08-05 15:52:07
FAC-001-Z2,E-21,employee,motion,,2026-08-05 15:52:07
FAC-004-Z1,E-21,employee,badge_swipe,True,2026-08-05 15:52:07
FAC-004-Z2,E-16,employee,motion,,2026-08-05 15:52:07
FAC-001-Z3,V-7,visitor,motion,,2026-08-05 15:52:07
FAC-005-Z2,E-20,employee,motion,,2026-08-05 15:52:07
FAC-003-Z2,E-9,employee,motion,,2026-08-05 15:52:07
FAC-005-Z3,E-6,employee,badge_swipe,True,2026-08-05 15:52:07
FAC-003-Z2,E-42,employee,motion,,2026-08-05 15:52:07
FAC-005-Z3,E-24,employee,badge_swipe,True,2026-08-05 16:07:07
FAC-003-Z1,E-26,employee,motion,,2026-08-05 16:07:07
FAC-002-Z1,E-11,employee,badge_swipe,True,2026-08-05 16:07:07
FAC-003-Z3,E-16,employee,motion,,2026-08-05 16:07:07
FAC-004-Z2,E-8,employee,badge_swipe,False,2026-08-05 16:07:07
FAC-004-Z3,E-32,employee,motion,,2026-08-05 16:07:07
FAC-004-Z3,E-44,employee,badge_swipe,True,2026-08-05 16:22:07
FAC-002-Z3,E-1,employee,badge_swipe,True,2026-08-05 16:22:07
FAC-003-Z1,E-49,employee,badge_swipe,True,2026-08-05 16:22:07
FAC-003-Z2,E-21,employee,motion,,2026-08-05 16:22:07
FAC-001-Z1,E-5,employee,motion,,2026-08-05 16:22:07
FAC-004-Z1,E-31,employee,motion,,2026-08-05 16:22:07
FAC-001-Z2,E-27,employee,motion,,2026-08-05 16:22:07
FAC-002-Z1,E-11,employee,badge_swipe,True,2026-08-05 16:22:07
FAC-001-Z2,E-21,employee,badge_swipe,True,2026-08-05 16:22:07
FAC-005-Z3,E-36,employee,badge_swipe,True,2026-08-05 16:22:07
FAC-004-Z2,E-28,employee,motion,,2026-08-05 16:22:07
FAC-005-Z3,E-2,employee,badge_swipe,True,2026-08-05 16:37:07
FAC-001-Z1,E-34,employee,badge_swipe,True,2026-08-05 16:37:07
FAC-001-Z1,E-47,employee,badge_swipe,True,2026-08-05 16:37:07
FAC-004-Z1,E-16,employee,badge_swipe,True,2026-08-05 16:37:07
FAC-001-Z2,E-47,employee,motion,,2026-08-05 16:37:07
FAC-002-Z3,E-24,employee,badge_swipe,True,2026-08-05 16:37:07
FAC-004-Z1,E-39,employee,badge_swipe,True,2026-08-05 16:37:07
FAC-003-Z2,E-48,employee,motion,,2026-08-05 16:52:07
FAC-004-Z1,E-9,employee,badge_swipe,True,2026-08-05 16:52:07
FAC-004-Z3,E-8,employee,motion,,2026-08-05 16:52:07
FAC-001-Z3,E-11,employee,motion,,2026-08-05 16:52:07
FAC-005-Z1,E-48,employee,badge_swipe,True,2026-08-05 16:52:07
FAC-005-Z1,E-23,employee,motion,,2026-08-05 16:52:07
FAC-003-Z1,E-46,employee,motion,,2026-08-05 16:52:07
FAC-005-Z2,V-6,visitor,motion,,2026-08-05 16:52:07
FAC-001-Z1,E-11,employee,badge_swipe,True,2026-08-05 16:52:07
FAC-001-Z2,E-15,employee,motion,,2026-08-05 16:52:07
FAC-005-Z3,E-13,employee,badge_swipe,True,2026-08-05 17:07:07
FAC-002-Z3,E-25,employee,badge_swipe,True,2026-08-05 17:07:07
FAC-004-Z1,E-3,employee,badge_swipe,True,2026-08-05 17:07:07
FAC-001-Z3,E-3,employee,motion,,2026-08-05 17:07:07
FAC-002-Z1,E-37,employee,motion,,2026-08-05 17:07:07
FAC-002-Z2,E-27,employee,motion,,2026-08-05 17:07:07
FAC-005-Z1,V-8,visitor,motion,,2026-08-05 17:07:07
FAC-001-Z1,E-9,employee,badge_swipe,True,2026-08-05 17:07:07
FAC-002-Z2,E-30,employee,badge_swipe,True,2026-08-05 17:22:07
FAC-004-Z2,V-2,visitor,badge_swipe,True,2026-08-05 17:22:07
FAC-002-Z1,E-26,employee,motion,,2026-08-05 17:22:07
FAC-003-Z2,E-19,employee,badge_swipe,True,2026-08-05 17:22:07
FAC-005-Z1,E-43,employee,badge_swipe,True,2026-08-05 17:22:07
FAC-005-Z2,E-38,employee,motion,,2026-08-05 17:22:07
FAC-005-Z1,E-28,employee,motion,,2026-08-05 17:22:07
FAC-001-Z3,E-13,employee,badge_swipe,True,2026-08-05 17:22:07
FAC-001-Z2,E-27,employee,badge_swipe,True,2026-08-05 17:22:07
FAC-001-Z2,E-9,employee,motion,,2026-08-05 17:22:07
FAC-001-Z3,E-17,employee,motion,,2026-08-05 17:37:07
FAC-005-Z2,E-47,employee,motion,,2026-08-05 17:37:07
FAC-003-Z3,E-30,employee,motion,,2026-08-05 17:37:07
FAC-005-Z2,E-41,employee,motion,,2026-08-05 17:37:07
FAC-002-Z1,V-9,visitor,motion,,2026-08-05 17:37:07
FAC-002-Z3,E-30,employee,motion,,2026-08-05 17:37:07
FAC-005-Z1,E-33,employee,badge_swipe,True,2026-08-05 17:37:07
FAC-004-Z1,E-41,employee,badge_swipe,True,2026-08-05 17:37:07
FAC-002-Z2,E-2,employee,badge_swipe,True,2026-08-05 17:52:07
FAC-001-Z3,E-12,employee,badge_swipe,True,2026-08-05 17:52:07
FAC-001-Z2,E-25,employee,badge_swipe,True,2026-08-05 17:52:07
FAC-005-Z3,E-16,employee,badge_swipe,True,2026-08-05 17:52:07
FAC-004-Z1,E-43,employee,motion,,2026-08-05 17:52:07
FAC-003-Z3,E-39,employee,badge_swipe,True,2026-08-05 17:52:07
FAC-002-Z1,E-3,employee,badge_swipe,True,2026-08-05 17:52:07
FAC-005-Z3,E-48,employee,badge_swipe,True,2026-08-05 17:52:07
FAC-002-Z1,E-33,employee,badge_swipe,True,2026-08-05 17:52:07
FAC-001-Z2,E-17,employee,motion,,2026-08-05 17:52:07
FAC-002-Z1,V-7,visitor,motion,,2026-08-05 17:52:07
FAC-005-Z1,E-15,employee,badge_swipe,True,2026-08-05 17:52:07
FAC-001-Z2,E-34,employee,motion,,2026-08-05 17:52:07
FAC-005-Z2,E-21,employee,badge_swipe,True,2026-08-05 17:52:07
FAC-003-Z2,E-9,employee,badge_swipe,True,2026-08-05 17:52:07
FAC-005-Z2,E-29,employee,motion,,2026-08-05 17:52:07
FAC-005-Z1,E-34,employee,motion,,2026-08-05 18:07:07
FAC-003-Z1,E-40,employee,motion,,2026-08-05 18:07:07
FAC-004-Z2,E-41,employee,motion,,2026-08-05 18:07:07
FAC-002-Z3,E-24,employee,badge_swipe,True,2026-08-05 18:07:07
FAC-004-Z3,E-3,employee,badge_swipe,True,2026-08-05 18:07:07
FAC-004-Z2,V-3,visitor,motion,,2026-08-05 18:07:07
FAC-002-Z1,E-49,employee,motion,,2026-08-05 18:07:07
FAC-001-Z2,E-10,employee,badge_swipe,True,2026-08-05 18:07:07
FAC-005-Z1,E-42,employee,motion,,2026-08-05 18:07:07
FAC-001-Z1,E-20,employee,motion,,2026-08-05 18:07:07
FAC-001-Z2,E-5,employee,motion,,2026-08-05 18:07:07
FAC-004-Z3,E-25,employee,badge_swipe,False,2026-08-05 18:22:07
FAC-004-Z3,E-31,employee,badge_swipe,True,2026-08-05 18:22:07
FAC-001-Z3,E-18,employee,badge_swipe,True,2026-08-05 18:22:07
FAC-004-Z2,E-4,employee,motion,,2026-08-05 18:22:07
FAC-004-Z2,E-5,employee,motion,,2026-08-05 18:22:07
FAC-005-Z1,E-9,employee,badge_swipe,True,2026-08-05 18:22:07
FAC-004-Z3,E-4,employee,badge_swipe,True,2026-08-05 18:22:07
FAC-005-Z3,E-50,employee,motion,,2026-08-05 18:22:07
FAC-002-Z3,E-28,employee,motion,,2026-08-05 18:22:07
FAC-002-Z2,E-19,employee,badge_swipe,False,2026-08-05 18:22:07
FAC-004-Z2,E-37,employee,badge_swipe,True,2026-08-05 18:22:07
FAC-003-Z3,V-7,visitor,motion,,2026-08-05 18:37:07
FAC-005-Z2,E-36,employee,motion,,2026-08-05 18:37:07
FAC-002-Z2,E-38,employee,motion,,2026-08-05 18:37:07
FAC-005-Z2,E-12,employee,badge_swipe,True,2026-08-05 18:37:07
FAC-004-Z2,E-3,employee,badge_swipe,True,2026-08-05 18:37:07
FAC-002-Z1,E-4,employee,badge_swipe,True,2026-08-05 18:37:07
FAC-004-Z3,E-4,employee,badge_swipe,True,2026-08-05 18:37:07
FAC-001-Z2,E-26,employee,motion,,2026-08-05 18:37:07
FAC-005-Z1,E-10,employee,badge_swipe,False,2026-08-05 18:37:07
FAC-005-Z2,E-33,employee,motion,,2026-08-05 18:37:07
FAC-005-Z3,E-35,employee,motion,,2026-08-05 18:52:07
FAC-002-Z1,E-46,employee,badge_swipe,True,2026-08-05 18:52:07
FAC-001-Z1,E-20,employee,badge_swipe,True,2026-08-05 18:52:07
FAC-004-Z1,E-21,employee,badge_swipe,True,2026-08-05 18:52:07
FAC-002-Z1,E-2,employee,badge_swipe,True,2026-08-05 18:52:07
FAC-002-Z2,E-38,employee,badge_swipe,True,2026-08-05 18:52:07
FAC-001-Z3,E-13,employee,motion,,2026-08-05 18:52:07
FAC-004-Z3,E-10,employee,motion,,2026-08-05 18:52:07
FAC-001-Z2,E-14,employee,motion,,2026-08-05 18:52:07
FAC-004-Z3,E-9,employee,motion,,2026-08-05 18:52:07
FAC-001-Z3,E-7,employee,badge_swipe,True,2026-08-05 18:52:07
FAC-005-Z2,E-25,employee,badge_swipe,True,2026-08-05 18:52:07
FAC-003-Z1,E-32,employee,badge_swipe,True,2026-08-05 18:52:07
FAC-001-Z1,E-34,employee,motion,,2026-08-05 18:52:07
FAC-002-Z1,E-16,employee,motion,,2026-08-05 19:07:07
FAC-001-Z2,E-31,employee,badge_swipe,True,2026-08-05 19:07:07
FAC-004-Z1,E-14,employee,motion,,2026-08-05 19:07:07
FAC-003-Z2,E-7,employee,motion,,2026-08-05 19:22:07
FAC-005-Z1,E-14,employee,motion,,2026-08-05 19:22:07
FAC-004-Z2,E-45,employee,motion,,2026-08-05 19:52:07
FAC-005-Z2,E-44,employee,motion,,2026-08-05 20:07:07
FAC-004-Z1,E-23,employee,badge_swipe,True,2026-08-05 20:22:07
FAC-004-Z2,E-4,employee,motion,,2026-08-05 20:37:07
FAC-005-Z2,E-9,employee,badge_swipe,True,2026-08-05 20:37:07
FAC-005-Z1,E-42,employee,motion,,2026-08-05 20:37:07
FAC-003-Z1,E-28,employee,badge_swipe,True,2026-08-05 20:52:07
FAC-003-Z3,E-31,employee,badge_swipe,True,2026-08-05 20:52:07
FAC-001-Z1,E-22,employee,badge_swipe,True,2026-08-05 20:52:07
FAC-005-Z3,E-49,employee,motion,,2026-08-05 21:07:07
FAC-001-Z3,V-8,visitor,badge_swipe,True,2026-08-05 21:07:07
FAC-003-Z3,E-47,employee,badge_swipe,True,2026-08-05 21:22:07
FAC-003-Z2,E-5,employee,badge_swipe,True,2026-08-05 21:37:07
FAC-005-Z1,E-46,employee,motion,,2026-08-05 21:37:07
FAC-002-Z1,E-41,employee,badge_swipe,True,2026-08-05 21:37:07
FAC-001-Z1,E-3,employee,badge_swipe,True,2026-08-05 21:52:07
FAC-004-Z2,E-28,employee,motion,,2026-08-05 21:52:07
FAC-003-Z2,E-40,employee,motion,,2026-08-05 21:52:07
FAC-005-Z2,V-6,visitor,badge_swipe,True,2026-08-05 22:07:07
FAC-003-Z1,E-18,employee,badge_swipe,True,2026-08-05 22:07:07
FAC-003-Z2,E-21,employee,badge_swipe,True,2026-08-05 22:22:07
FAC-005-Z1,E-12,employee,badge_swipe,True,2026-08-05 22:22:07
FAC-001-Z2,V-6,visitor,motion,,2026-08-05 22:22:07
FAC-003-Z1,E-15,employee,badge_swipe,True,2026-08-05 22:37:07
FAC-001-Z1,E-31,employee,badge_swipe,True,2026-08-05 22:37:07
FAC-004-Z3,E-19,employee,motion,,2026-08-05 22:37:07
FAC-004-Z1,E-35,employee,badge_swipe,False,2026-08-05 22:52:07
FAC-002-Z1,E-24,employee,motion,,2026-08-05 22:52:07
FAC-004-Z1,E-14,employee,motion,,2026-08-05 23:07:07
FAC-003-Z2,E-50,employee,motion,,2026-08-05 23:07:07
FAC-005-Z3,E-40,employee,badge_swipe,True,2026-08-05 23:07:07
FAC-003-Z3,E-50,employee,motion,,2026-08-05 23:22:07
FAC-005-Z1,E-5,employee,badge_swipe,True,2026-08-05 23:37:07
FAC-004-Z3,E-33,employee,motion,,2026-08-06 00:22:07
FAC-005-Z1,E-17,employee,motion,,2026-08-06 00:22:07
FAC-001-Z3,E-22,employee,badge_swipe,False,2026-08-06 00:22:07
FAC-001-Z1,V-8,visitor,badge_swipe,True,2026-08-06 00:37:07
FAC-005-Z1,E-30,employee,motion,,2026-08-06 00:37:07
FAC-002-Z3,V-5,visitor,motion,,2026-08-06 00:37:07
FAC-003-Z3,E-10,employee,motion,,2026-08-06 00:52:07
FAC-003-Z1,E-14,employee,motion,,2026-08-06 01:07:07
FAC-005-Z3,E-23,employee,motion,,2026-08-06 01:07:07
FAC-004-Z3,E-36,employee,badge_swipe,True,2026-08-06 01:07:07
FAC-005-Z1,E-35,employee,badge_swipe,True,2026-08-06 01:52:07
FAC-002-Z2,E-50,employee,badge_swipe,True,2026-08-06 01:52:07
FAC-003-Z3,E-34,employee,motion,,2026-08-06 01:52:07
FAC-005-Z2,E-34,employee,motion,,2026-08-06 02:07:07
FAC-005-Z1,E-23,employee,motion,,2026-08-06 02:22:07
FAC-003-Z1,V-9,visitor,motion,,2026-08-06 02:37:07
FAC-003-Z1,E-39,employee,motion,,2026-08-06 02:37:07
FAC-002-Z2,E-3,employee,badge_swipe,True,2026-08-06 02:37:07
FAC-005-Z2,E-5,employee,badge_swipe,True,2026-08-06 03:22:07
FAC-003-Z2,E-50,employee,badge_swipe,True,2026-08-06 03:22:07
FAC-004-Z2,V-7,visitor,badge_swipe,False,2026-08-06 03:22:07
FAC-001-Z3,V-1,visitor,badge_swipe,True,2026-08-06 03:52:07
FAC-003-Z2,E-20,employee,badge_swipe,True,2026-08-06 03:52:07
FAC-005-Z3,E-15,employee,motion,,2026-08-06 03:52:07
FAC-004-Z3,E-41,employee,motion,,2026-08-06 04:22:07
FAC-005-Z2,E-13,employee,motion,,2026-08-06 04:37:07
FAC-004-Z3,E-25,employee,badge_swipe,True,2026-08-06 04:37:07
FAC-005-Z1,E-29,employee,motion,,2026-08-06 04:37:07
FAC-003-Z2,E-42,employee,badge_swipe,True,2026-08-06 04:52:07
FAC-001-Z3,V-9,visitor,badge_swipe,True,2026-08-06 05:22:07
FAC-003-Z2,E-48,employee,badge_swipe,True,2026-08-06 05:22:07
FAC-003-Z3,E-7,employee,motion,,2026-08-06 05:37:07
FAC-004-Z1,E-42,employee,motion,,2026-08-06 05:37:07
FAC-005-Z1,E-34,employee,motion,,2026-08-06 05:37:07
FAC-004-Z3,E-6,employee,motion,,2026-08-06 05:52:07
FAC-003-Z2,V-4,visitor,badge_swipe,True,2026-08-06 05:52:07
FAC-003-Z2,V-8,visitor,badge_swipe,True,2026-08-06 06:07:07
FAC-005-Z1,E-38,employee,badge_swipe,True,2026-08-06 06:37:07
FAC-002-Z1,V-8,visitor,motion,,2026-08-06 06:37:07
FAC-003-Z1,E-20,employee,motion,,2026-08-06 06:37:07
FAC-004-Z3,E-16,employee,motion,,2026-08-06 06:52:07
FAC-003-Z3,V-6,visitor,badge_swipe,True,2026-08-06 07:37:07
FAC-001-Z1,E-48,employee,badge_swipe,False,2026-08-06 07:37:07
FAC-004-Z3,E-39,employee,badge_swipe,True,2026-08-06 07:37:07
FAC-005-Z1,E-23,employee,motion,,2026-08-06 07:52:07
FAC-005-Z1,E-42,employee,badge_swipe,True,2026-08-06 07:52:07
FAC-005-Z2,E-3,employee,badge_swipe,True,2026-08-06 07:52:07
FAC-003-Z1,E-11,employee,motion,,2026-08-06 08:07:07
FAC-005-Z1,E-39,employee,motion,,2026-08-06 08:07:07
FAC-002-Z3,E-50,employee,badge_swipe,True,2026-08-06 08:07:07
FAC-005-Z2,E-22,employee,motion,,2026-08-06 08:07:07
FAC-005-Z2,E-7,employee,motion,,2026-08-06 08:07:07
FAC-005-Z2,E-6,employee,motion,,2026-08-06 08:07:07
FAC-003-Z3,E-35,employee,badge_swipe,True,2026-08-06 08:07:07
FAC-002-Z2,E-39,employee,motion,,2026-08-06 08:07:07
FAC-004-Z1,E-12,employee,motion,,2026-08-06 08:07:07
FAC-004-Z3,E-5,employee,badge_swipe,True,2026-08-06 08:07:07
FAC-002-Z3,E-33,employee,badge_swipe,True,2026-08-06 08:07:07
FAC-004-Z2,E-32,employee,motion,,2026-08-06 08:22:07
FAC-004-Z3,E-5,employee,badge_swipe,True,2026-08-06 08:22:07
FAC-001-Z2,E-19,employee,motion,,2026-08-06 08:22:07
FAC-004-Z1,E-42,employee,badge_swipe,True,2026-08-06 08:22:07
FAC-002-Z2,E-5,employee,motion,,2026-08-06 08:22:07
FAC-005-Z2,E-49,employee,motion,,2026-08-06 08:22:07
FAC-003-Z1,E-45,employee,motion,,2026-08-06 08:22:07
FAC-005-Z2,E-33,employee,motion,,2026-08-06 08:37:07
FAC-005-Z3,E-39,employee,motion,,2026-08-06 08:37:07
FAC-003-Z1,E-4,employee,badge_swipe,False,2026-08-06 08:37:07
FAC-002-Z2,E-5,employee,badge_swipe,True,2026-08-06 08:37:07
FAC-001-Z2,E-8,employee,badge_swipe,True,2026-08-06 08:37:07
FAC-001-Z3,E-17,employee,badge_swipe,False,2026-08-06 08:37:07
FAC-001-Z1,E-37,employee,badge_swipe,True,2026-08-06 08:37:07
FAC-004-Z1,V-9,visitor,motion,,2026-08-06 08:37:07
FAC-004-Z3,E-22,employee,badge_swipe,True,2026-08-06 08:37:07
FAC-001-Z1,E-3,employee,badge_swipe,True,2026-08-06 08:52:07
FAC-004-Z3,E-30,employee,badge_swipe,True,2026-08-06 08:52:07
FAC-003-Z3,E-19,employee,motion,,2026-08-06 08:52:07
FAC-002-Z3,E-15,employee,motion,,2026-08-06 08:52:07
FAC-002-Z2,E-15,employee,motion,,2026-08-06 08:52:07
FAC-005-Z1,E-29,employee,motion,,2026-08-06 08:52:07
FAC-005-Z1,E-27,employee,motion,,2026-08-06 08:52:07
FAC-001-Z2,E-34,employee,motion,,2026-08-06 08:52:07
FAC-003-Z2,V-5,visitor,motion,,2026-08-06 08:52:07
FAC-001-Z2,E-43,employee,badge_swipe,True,2026-08-06 08:52:07
FAC-001-Z3,E-24,employee,motion,,2026-08-06 08:52:07
FAC-005-Z3,E-15,employee,motion,,2026-08-06 09:07:07
FAC-004-Z3,E-45,employee,badge_swipe,True,2026-08-06 09:07:07
FAC-003-Z1,E-30,employee,badge_swipe,True,2026-08-06 09:07:07
FAC-005-Z2,E-32,employee,motion,,2026-08-06 09:07:07
FAC-005-Z1,E-49,employee,badge_swipe,True,2026-08-06 09:07:07
FAC-002-Z1,E-31,employee,badge_swipe,True,2026-08-06 09:07:07
FAC-003-Z2,E-17,employee,motion,,2026-08-06 09:07:07
FAC-003-Z3,E-41,employee,badge_swipe,True,2026-08-06 09:07:07
FAC-002-Z2,E-4,employee,motion,,2026-08-06 09:07:07
FAC-003-Z3,E-5,employee,badge_swipe,True,2026-08-06 09:07:07
FAC-003-Z2,E-38,employee,motion,,2026-08-06 09:07:07
FAC-003-Z1,V-1,visitor,badge_swipe,True,2026-08-06 09:22:07
FAC-002-Z2,E-3,employee,badge_swipe,True,2026-08-06 09:22:07
FAC-001-Z3,E-19,employee,motion,,2026-08-06 09:22:07
FAC-002-Z2,E-34,employee,badge_swipe,True,2026-08-06 09:22:07
FAC-003-Z2,E-6,employee,motion,,2026-08-06 09:22:07
FAC-001-Z1,E-13,employee,badge_swipe,True,2026-08-06 09:22:07
FAC-003-Z2,E-30,employee,motion,,2026-08-06 09:22:07
FAC-004-Z1,E-42,employee,badge_swipe,True,2026-08-06 09:37:07
FAC-004-Z3,E-7,employee,badge_swipe,True,2026-08-06 09:37:07
FAC-005-Z3,E-8,employee,badge_swipe,True,2026-08-06 09:37:07
FAC-005-Z2,E-1,employee,motion,,2026-08-06 09:37:07
FAC-003-Z1,E-11,employee,motion,,2026-08-06 09:37:07
FAC-001-Z1,E-14,employee,badge_swipe,True,2026-08-06 09:37:07
FAC-001-Z1,E-24,employee,badge_swipe,True,2026-08-06 09:37:07
FAC-003-Z3,E-16,employee,badge_swipe,True,2026-08-06 09:37:07
FAC-004-Z3,E-11,employee,badge_swipe,True,2026-08-06 09:37:07
FAC-004-Z1,E-13,employee,badge_swipe,True,2026-08-06 09:37:07
FAC-005-Z2,E-45,employee,motion,,2026-08-06 09:37:07
FAC-002-Z2,E-14,employee,badge_swipe,True,2026-08-06 09:37:07
FAC-003-Z2,E-24,employee,motion,,2026-08-06 09:37:07
FAC-003-Z2,E-25,employee,badge_swipe,True,2026-08-06 09:37:07
FAC-001-Z1,E-36,employee,badge_swipe,True,2026-08-06 09:37:07
FAC-003-Z3,E-20,employee,badge_swipe,True,2026-08-06 09:37:07
FAC-003-Z1,E-3,employee,badge_swipe,True,2026-08-06 09:37:07
FAC-004-Z2,E-48,employee,motion,,2026-08-06 09:37:07
FAC-004-Z1,E-35,employee,badge_swipe,True,2026-08-06 09:37:07
FAC-002-Z2,V-3,visitor,badge_swipe,True,2026-08-06 09:52:07
FAC-001-Z3,E-6,employee,motion,,2026-08-06 09:52:07
FAC-002-Z1,E-22,employee,motion,,2026-08-06 09:52:07
FAC-001-Z1,E-11,employee,badge_swipe,True,2026-08-06 09:52:07
FAC-005-Z1,E-23,employee,badge_swipe,True,2026-08-06 09:52:07
FAC-005-Z2,E-48,employee,badge_swipe,True,2026-08-06 09:52:07
FAC-001-Z2,E-4,employee,badge_swipe,True,2026-08-06 09:52:07
FAC-004-Z1,V-9,visitor,badge_swipe,True,2026-08-06 09:52:07
FAC-005-Z3,E-33,employee,badge_swipe,True,2026-08-06 10:07:07
FAC-004-Z3,E-19,employee,motion,,2026-08-06 10:07:07
FAC-002-Z1,E-15,employee,motion,,2026-08-06 10:07:07
FAC-005-Z2,E-32,employee,badge_swipe,True,2026-08-06 10:07:07
FAC-001-Z2,E-42,employee,badge_swipe,True,2026-08-06 10:07:07
FAC-005-Z3,E-15,employee,badge_swipe,True,2026-08-06 10:07:07
FAC-005-Z1,E-25,employee,motion,,2026-08-06 10:07:07
FAC-003-Z2,E-22,employee,motion,,2026-08-06 10:07:07
FAC-001-Z1,E-10,employee,motion,,2026-08-06 10:07:07
FAC-003-Z2,E-26,employee,badge_swipe,True,2026-08-06 10:07:07
FAC-004-Z3,E-31,employee,motion,,2026-08-06 10:22:07
FAC-002-Z2,E-29,employee,badge_swipe,True,2026-08-06 10:22:07
FAC-001-Z2,E-41,employee,badge_swipe,True,2026-08-06 10:22:07
FAC-004-Z2,E-6,employee,motion,,2026-08-06 10:22:07
FAC-003-Z2,E-17,employee,badge_swipe,True,2026-08-06 10:22:07
FAC-001-Z3,V-8,visitor,badge_swipe,True,2026-08-06 10:22:07
FAC-002-Z2,E-4,employee,badge_swipe,True,2026-08-06 10:22:07
FAC-003-Z3,E-48,employee,motion,,2026-08-06 10:22:07
FAC-003-Z1,E-34,employee,badge_swipe,True,2026-08-06 10:22:07
FAC-002-Z1,E-41,employee,motion,,2026-08-06 10:22:07
FAC-005-Z3,E-42,employee,badge_swipe,True,2026-08-06 10:22:07
FAC-004-Z3,E-2,employee,badge_swipe,True,2026-08-06 10:22:07
FAC-002-Z1,E-3,employee,motion,,2026-08-06 10:22:07
FAC-004-Z2,E-40,employee,motion,,2026-08-06 10:22:07
FAC-002-Z2,E-50,employee,badge_swipe,True,2026-08-06 10:22:07
FAC-001-Z3,E-13,employee,motion,,2026-08-06 10:22:07
FAC-001-Z3,E-39,employee,motion,,2026-08-06 10:22:07
FAC-003-Z1,E-25,employee,badge_swipe,True,2026-08-06 10:22:07
FAC-001-Z2,E-43,employee,badge_swipe,True,2026-08-06 10:22:07
FAC-001-Z1,E-38,employee,badge_swipe,True,2026-08-06 10:22:07
FAC-004-Z3,E-18,employee,motion,,2026-08-06 10:37:07
FAC-005-Z2,E-34,employee,badge_swipe,True,2026-08-06 10:37:07
FAC-002-Z2,E-37,employee,motion,,2026-08-06 10:37:07
FAC-001-Z2,E-49,employee,motion,,2026-08-06 10:37:07
FAC-005-Z1,E-50,employee,badge_swipe,True,2026-08-06 10:37:07
FAC-005-Z1,E-25,employee,badge_swipe,True,2026-08-06 10:37:07
FAC-003-Z2,E-46,employee,motion,,2026-08-06 10:37:07
FAC-004-Z1,E-24,employee,badge_swipe,True,2026-08-06 10:37:07
FAC-005-Z1,E-44,employee,badge_swipe,True,2026-08-06 10:37:07
FAC-002-Z2,E-28,employee,badge_swipe,True,2026-08-06 10:37:07
FAC-003-Z2,E-2,employee,badge_swipe,True,2026-08-06 10:52:07
FAC-001-Z3,E-34,employee,motion,,2026-08-06 10:52:07
FAC-005-Z2,E-34,employee,motion,,2026-08-06 10:52:07
FAC-003-Z2,E-44,employee,motion,,2026-08-06 10:52:07
FAC-005-Z2,E-5,employee,badge_swipe,True,2026-08-06 10:52:07
FAC-002-Z1,E-2,employee,motion,,2026-08-06 10:52:07
FAC-002-Z1,E-24,employee,badge_swipe,True,2026-08-06 10:52:07
FAC-003-Z3,E-18,employee,badge_swipe,True,2026-08-06 10:52:07
FAC-004-Z2,E-41,employee,badge_swipe,True,2026-08-06 10:52:07
FAC-004-Z3,E-49,employee,badge_swipe,True,2026-08-06 10:52:07
FAC-001-Z3,E-10,employee,badge_swipe,True,2026-08-06 10:52:07
FAC-001-Z1,E-39,employee,badge_swipe,False,2026-08-06 10:52:07
FAC-002-Z1,E-39,employee,motion,,2026-08-06 10:52:07
FAC-002-Z1,E-21,employee,motion,,2026-08-06 10:52:07
FAC-001-Z2,E-4,employee,badge_swipe,True,2026-08-06 10:52:07
FAC-005-Z1,V-4,visitor,badge_swipe,True,2026-08-06 10:52:07
FAC-002-Z2,E-27,employee,badge_swipe,True,2026-08-06 11:07:07
FAC-005-Z2,E-3,employee,motion,,2026-08-06 11:07:07
FAC-003-Z1,V-1,visitor,badge_swipe,True,2026-08-06 11:07:07
FAC-002-Z1,E-5,employee,badge_swipe,True,2026-08-06 11:07:07
FAC-001-Z2,E-12,employee,motion,,2026-08-06 11:07:07
FAC-003-Z1,E-37,employee,badge_swipe,True,2026-08-06 11:07:07
FAC-003-Z2,E-20,employee,badge_swipe,True,2026-08-06 11:07:07
FAC-005-Z1,E-39,employee,motion,,2026-08-06 11:07:07
FAC-005-Z3,E-33,employee,badge_swipe,True,2026-08-06 11:07:07
FAC-004-Z2,E-14,employee,badge_swipe,True,2026-08-06 11:07:07
FAC-005-Z1,E-42,employee,badge_swipe,True,2026-08-06 11:07:07
FAC-004-Z3,E-46,employee,badge_swipe,True,2026-08-06 11:07:07
FAC-003-Z2,E-20,employee,badge_swipe,True,2026-08-06 11:07:07
FAC-005-Z2,E-9,employee,motion,,2026-08-06 11:07:07
FAC-002-Z2,E-21,employee,badge_swipe,True,2026-08-06 11:07:07
FAC-002-Z2,E-33,employee,motion,,2026-08-06 11:07:07
FAC-005-Z3,E-39,employee,badge_swipe,False,2026-08-06 11:07:07
FAC-005-Z3,E-3,employee,badge_swipe,True,2026-08-06 11:22:07
FAC-001-Z2,E-12,employee,motion,,2026-08-06 11:22:07
FAC-004-Z1,E-27,employee,motion,,2026-08-06 11:22:07
FAC-005-Z1,E-30,employee,badge_swipe,False,2026-08-06 11:22:07
FAC-002-Z3,V-9,visitor,badge_swipe,True,2026-08-06 11:22:07
FAC-003-Z1,E-49,employee,motion,,2026-08-06 11:22:07
FAC-001-Z1,E-24,employee,motion,,2026-08-06 11:22:07
FAC-003-Z1,E-1,employee,badge_swipe,True,2026-08-06 11:22:07
FAC-003-Z3,E-19,employee,badge_swipe,True,2026-08-06 11:22:07
FAC-001-Z2,V-2,visitor,motion,,2026-08-06 11:22:07
FAC-001-Z3,V-5,visitor,badge_swipe,True,2026-08-06 11:22:07
FAC-002-Z3,E-45,employee,badge_swipe,True,2026-08-06 11:22:07
FAC-003-Z2,V-8,visitor,badge_swipe,True,2026-08-06 11:22:07
FAC-001-Z1,E-50,employee,motion,,2026-08-06 11:22:07
FAC-005-Z1,E-4,employee,badge_swipe,True,2026-08-06 11:22:07
FAC-004-Z3,E-47,employee,motion,,2026-08-06 11:22:07
FAC-005-Z1,V-1,visitor,badge_swipe,True,2026-08-06 11:22:07
FAC-004-Z2,E-16,employee,motion,,2026-08-06 11:37:07
FAC-002-Z3,E-1,employee,motion,,2026-08-06 11:37:07
FAC-002-Z3,V-2,visitor,motion,,2026-08-06 11:37:07
FAC-002-Z3,E-28,employee,badge_swipe,True,2026-08-06 11:37:07
FAC-002-Z1,E-16,employee,badge_swipe,True,2026-08-06 11:37:07
FAC-004-Z3,E-35,employee,badge_swipe,True,2026-08-06 11:37:07
FAC-001-Z3,E-41,employee,badge_swipe,True,2026-08-06 11:37:07
FAC-004-Z2,E-47,employee,badge_swipe,True,2026-08-06 11:37:07
FAC-001-Z1,E-19,employee,motion,,2026-08-06 11:52:07
FAC-001-Z1,E-46,employee,badge_swipe,True,2026-08-06 11:52:07
FAC-004-Z1,E-13,employee,badge_swipe,True,2026-08-06 11:52:07
FAC-001-Z1,E-36,employee,motion,,2026-08-06 11:52:07
FAC-001-Z1,E-6,employee,badge_swipe,True,2026-08-06 11:52:07
FAC-002-Z3,V-8,visitor,badge_swipe,True,2026-08-06 11:52:07
FAC-005-Z1,E-32,employee,motion,,2026-08-06 11:52:07
FAC-005-Z2,V-2,visitor,badge_swipe,True,2026-08-06 11:52:07
FAC-002-Z1,E-39,employee,badge_swipe,True,2026-08-06 11:52:07
FAC-001-Z3,E-13,employee,motion,,2026-08-06 11:52:07
FAC-005-Z1,E-44,employee,motion,,2026-08-06 11:52:07
FAC-004-Z3,E-29,employee,motion,,2026-08-06 11:52:07
FAC-005-Z2,E-15,employee,badge_swipe,True,2026-08-06 11:52:07
FAC-005-Z3,V-1,visitor,motion,,2026-08-06 12:07:07
FAC-003-Z3,E-35,employee,motion,,2026-08-06 12:07:07
FAC-003-Z2,E-10,employee,motion,,2026-08-06 12:07:07
FAC-005-Z1,E-39,employee,badge_swipe,True,2026-08-06 12:07:07
FAC-003-Z1,E-36,employee,motion,,2026-08-06 12:07:07
FAC-001-Z3,E-43,employee,motion,,2026-08-06 12:07:07
FAC-003-Z2,E-39,employee,motion,,2026-08-06 12:07:07
FAC-004-Z3,E-32,employee,motion,,2026-08-06 12:07:07
FAC-002-Z3,E-31,employee,badge_swipe,True,2026-08-06 12:07:07
FAC-003-Z3,E-48,employee,badge_swipe,True,2026-08-06 12:07:07
FAC-002-Z3,E-8,employee,motion,,2026-08-06 12:07:07
FAC-001-Z3,E-15,employee,badge_swipe,True,2026-08-06 12:07:07
FAC-001-Z3,E-11,employee,badge_swipe,True,2026-08-06 12:07:07
FAC-005-Z2,E-4,employee,motion,,2026-08-06 12:07:07
FAC-003-Z1,E-45,employee,motion,,2026-08-06 12:07:07
FAC-005-Z1,E-34,employee,badge_swipe,True,2026-08-06 12:07:07
FAC-004-Z2,E-13,employee,motion,,2026-08-06 12:22:07
FAC-003-Z2,E-1,employee,motion,,2026-08-06 12:22:07
FAC-005-Z3,E-28,employee,badge_swipe,True,2026-08-06 12:22:07
FAC-004-Z1,E-35,employee,badge_swipe,True,2026-08-06 12:22:07
FAC-004-Z1,E-13,employee,motion,,2026-08-06 12:22:07
FAC-001-Z1,E-13,employee,motion,,2026-08-06 12:22:07
FAC-003-Z3,E-29,employee,badge_swipe,True,2026-08-06 12:22:07
FAC-005-Z2,E-18,employee,motion,,2026-08-06 12:22:07
FAC-002-Z3,E-5,employee,badge_swipe,True,2026-08-06 12:22:07
FAC-001-Z3,E-10,employee,badge_swipe,True,2026-08-06 12:22:07
FAC-001-Z3,E-2,employee,motion,,2026-08-06 12:22:07
FAC-002-Z2,E-30,employee,badge_swipe,True,2026-08-06 12:22:07
FAC-002-Z2,E-35,employee,motion,,2026-08-06 12:37:07
FAC-002-Z3,E-32,employee,badge_swipe,True,2026-08-06 12:37:07
FAC-003-Z2,E-33,employee,motion,,2026-08-06 12:37:07
FAC-004-Z1,E-8,employee,badge_swipe,True,2026-08-06 12:37:07
FAC-001-Z2,E-42,employee,badge_swipe,True,2026-08-06 12:37:07
FAC-004-Z3,V-4,visitor,motion,,2026-08-06 12:37:07
FAC-001-Z3,E-20,employee,badge_swipe,True,2026-08-06 12:52:07
FAC-005-Z3,E-23,employee,motion,,2026-08-06 12:52:07
FAC-004-Z3,E-12,employee,badge_swipe,True,2026-08-06 12:52:07
FAC-002-Z1,V-10,visitor,motion,,2026-08-06 12:52:07
FAC-002-Z2,E-15,employee,motion,,2026-08-06 12:52:07
FAC-001-Z3,E-44,employee,motion,,2026-08-06 12:52:07
FAC-001-Z1,E-46,employee,motion,,2026-08-06 12:52:07
FAC-003-Z2,E-41,employee,motion,,2026-08-06 12:52:07
FAC-002-Z1,E-14,employee,badge_swipe,True,2026-08-06 12:52:07
FAC-001-Z1,E-24,employee,motion,,2026-08-06 12:52:07
FAC-002-Z3,E-20,employee,badge_swipe,True,2026-08-06 12:52:07
FAC-002-Z3,E-13,employee,badge_swipe,True,2026-08-06 12:52:07
FAC-004-Z1,E-11,employee,motion,,2026-08-06 12:52:07
FAC-002-Z2,E-16,employee,badge_swipe,True,2026-08-06 12:52:07
FAC-001-Z1,E-10,employee,motion,,2026-08-06 12:52:07
FAC-001-Z1,E-44,employee,motion,,2026-08-06 12:52:07
FAC-004-Z2,E-3,employee,motion,,2026-08-06 13:07:07
FAC-003-Z2,E-41,employee,motion,,2026-08-06 13:07:07
FAC-001-Z3,E-38,employee,motion,,2026-08-06 13:07:07
FAC-001-Z1,E-25,employee,badge_swipe,True,2026-08-06 13:07:07
FAC-003-Z1,E-4,employee,badge_swipe,True,2026-08-06 13:07:07
FAC-005-Z2,E-48,employee,badge_swipe,True,2026-08-06 13:22:07
FAC-005-Z1,E-30,employee,motion,,2026-08-06 13:22:07
FAC-002-Z1,E-35,employee,motion,,2026-08-06 13:22:07
FAC-004-Z3,E-45,employee,motion,,2026-08-06 13:22:07
FAC-004-Z3,E-45,employee,badge_swipe,True,2026-08-06 13:22:07
FAC-003-Z2,E-13,employee,motion,,2026-08-06 13:22:07
FAC-005-Z2,E-15,employee,motion,,2026-08-06 13:22:07
FAC-001-Z3,V-4,visitor,badge_swipe,True,2026-08-06 13:22:07
FAC-004-Z3,E-25,employee,badge_swipe,True,2026-08-06 13:22:07
FAC-001-Z3,E-48,employee,motion,,2026-08-06 13:22:07
FAC-001-Z3,V-7,visitor,badge_swipe,True,2026-08-06 13:37:07
FAC-005-Z3,E-7,employee,motion,,2026-08-06 13:37:07
FAC-001-Z2,V-6,visitor,badge_swipe,True,2026-08-06 13:37:07
FAC-005-Z1,E-17,employee,badge_swipe,True,2026-08-06 13:37:07
FAC-001-Z1,E-8,employee,badge_swipe,True,2026-08-06 13:37:07
FAC-004-Z1,V-5,visitor,motion,,2026-08-06 13:37:07
FAC-002-Z1,E-17,employee,motion,,2026-08-06 13:37:07
FAC-005-Z1,E-29,employee,motion,,2026-08-06 13:37:07
FAC-003-Z3,V-8,visitor,motion,,2026-08-06 13:37:07
FAC-003-Z2,E-44,employee,motion,,2026-08-06 13:37:07
FAC-002-Z2,E-11,employee,badge_swipe,True,2026-08-06 13:37:07
FAC-003-Z2,E-22,employee,motion,,2026-08-06 13:37:07
FAC-005-Z2,E-12,employee,badge_swipe,True,2026-08-06 13:37:07
FAC-004-Z3,E-32,employee,badge_swipe,True,2026-08-06 13:37:07
FAC-001-Z1,V-4,visitor,badge_swipe,True,2026-08-06 13:37:07
FAC-003-Z3,E-9,employee,badge_swipe,True,2026-08-06 13:37:07
FAC-004-Z2,E-18,employee,badge_swipe,True,2026-08-06 13:37:07
FAC-004-Z2,E-11,employee,motion,,2026-08-06 13:52:07
FAC-002-Z3,E-19,employee,motion,,2026-08-06 13:52:07
FAC-003-Z1,E-8,employee,badge_swipe,True,2026-08-06 13:52:07
FAC-004-Z3,E-30,employee,motion,,2026-08-06 13:52:07
FAC-005-Z3,E-49,employee,badge_swipe,False,2026-08-06 13:52:07
FAC-005-Z1,E-46,employee,motion,,2026-08-06 13:52:07
FAC-005-Z1,E-28,employee,motion,,2026-08-06 13:52:07
FAC-005-Z1,E-39,employee,motion,,2026-08-06 13:52:07
FAC-002-Z1,E-25,employee,badge_swipe,True,2026-08-06 13:52:07
FAC-001-Z3,E-37,employee,motion,,2026-08-06 14:07:07
FAC-002-Z2,V-9,visitor,motion,,2026-08-06 14:07:07
FAC-005-Z3,E-40,employee,badge_swipe,True,2026-08-06 14:07:07
FAC-001-Z1,E-2,employee,badge_swipe,False,2026-08-06 14:07:07
FAC-005-Z3,V-7,visitor,badge_swipe,True,2026-08-06 14:07:07
FAC-005-Z2,E-34,employee,motion,,2026-08-06 14:07:07
FAC-005-Z3,E-20,employee,badge_swipe,True,2026-08-06 14:07:07
FAC-003-Z1,E-39,employee,motion,,2026-08-06 14:22:07
FAC-005-Z3,E-33,employee,badge_swipe,True,2026-08-06 14:22:07
FAC-002-Z2,E-47,employee,motion,,2026-08-06 14:22:07
FAC-004-Z2,E-20,employee,badge_swipe,True,2026-08-06 14:22:07
FAC-001-Z1,E-32,employee,motion,,2026-08-06 14:22:07
FAC-001-Z1,E-47,employee,badge_swipe,True,2026-08-06 14:22:07
FAC-001-Z1,E-15,employee,badge_swipe,True,2026-08-06 14:22:07
FAC-002-Z1,E-26,employee,motion,,2026-08-06 14:37:07
FAC-002-Z1,E-33,employee,motion,,2026-08-06 14:37:07
FAC-002-Z1,E-30,employee,badge_swipe,True,2026-08-06 14:37:07
FAC-005-Z2,V-4,visitor,badge_swipe,True,2026-08-06 14:37:07
FAC-002-Z3,E-3,employee,badge_swipe,True,2026-08-06 14:37:07
FAC-001-Z1,E-24,employee,badge_swipe,True,2026-08-06 14:37:07
FAC-002-Z2,E-14,employee,badge_swipe,True,2026-08-06 14:37:07
FAC-005-Z1,E-42,employee,badge_swipe,True,2026-08-06 14:37:07
FAC-004-Z2,E-14,employee,motion,,2026-08-06 14:37:07
FAC-003-Z2,E-5,employee,motion,,2026-08-06 14:37:07
FAC-002-Z3,E-47,employee,motion,,2026-08-06 14:37:07
FAC-004-Z1,E-10,employee,badge_swipe,True,2026-08-06 14:52:07
FAC-004-Z2,E-36,employee,badge_swipe,True,2026-08-06 14:52:07
FAC-004-Z1,E-18,employee,badge_swipe,True,2026-08-06 14:52:07
FAC-005-Z1,V-4,visitor,badge_swipe,False,2026-08-06 14:52:07
FAC-005-Z1,V-10,visitor,motion,,2026-08-06 14:52:07
FAC-002-Z2,E-24,employee,badge_swipe,True,2026-08-06 14:52:07
FAC-003-Z2,E-20,employee,motion,,2026-08-06 14:52:07
FAC-005-Z1,V-10,visitor,motion,,2026-08-06 14:52:07
FAC-002-Z2,E-31,employee,badge_swipe,True,2026-08-06 14:52:07
FAC-001-Z1,E-15,employee,badge_swipe,True,2026-08-06 14:52:07
FAC-004-Z1,E-49,employee,motion,,2026-08-06 14:52:07
FAC-004-Z2,E-5,employee,motion,,2026-08-06 14:52:07
FAC-003-Z2,E-21,employee,motion,,2026-08-06 14:52:07
FAC-004-Z3,E-46,employee,badge_swipe,True,2026-08-06 14:52:07
FAC-004-Z1,E-28,employee,badge_swipe,True,2026-08-06 14:52:07
FAC-004-Z1,E-22,employee,badge_swipe,True,2026-08-06 14:52:07
FAC-005-Z2,E-12,employee,motion,,2026-08-06 14:52:07
FAC-002-Z3,E-2,employee,motion,,2026-08-06 15:07:07
FAC-002-Z1,V-3,visitor,motion,,2026-08-06 15:07:07
FAC-004-Z3,E-20,employee,badge_swipe,True,2026-08-06 15:07:07
FAC-001-Z2,E-29,employee,motion,,2026-08-06 15:07:07
FAC-004-Z1,V-7,visitor,motion,,2026-08-06 15:07:07
FAC-003-Z2,E-47,employee,motion,,2026-08-06 15:07:07
FAC-003-Z2,E-21,employee,motion,,2026-08-06 15:07:07
FAC-001-Z2,E-42,employee,badge_swipe,True,2026-08-06 15:07:07
FAC-004-Z2,V-5,visitor,motion,,2026-08-06 15:07:07
FAC-003-Z1,E-34,employee,motion,,2026-08-06 15:07:07
FAC-002-Z1,E-17,employee,badge_swipe,True,2026-08-06 15:07:07
FAC-003-Z3,E-38,employee,motion,,2026-08-06 15:07:07
FAC-001-Z1,E-19,employee,badge_swipe,True,2026-08-06 15:07:07
FAC-005-Z1,E-28,employee,badge_swipe,True,2026-08-06 15:22:07
FAC-003-Z2,E-1,employee,badge_swipe,True,2026-08-06 15:22:07
FAC-002-Z3,E-42,employee,badge_swipe,True,2026-08-06 15:22:07
FAC-005-Z2,E-38,employee,badge_swipe,True,2026-08-06 15:22:07
FAC-001-Z1,E-6,employee,motion,,2026-08-06 15:22:07
FAC-001-Z1,E-48,employee,badge_swipe,True,2026-08-06 15:22:07
FAC-003-Z1,E-50,employee,motion,,2026-08-06 15:22:07
FAC-003-Z2,E-25,employee,badge_swipe,True,2026-08-06 15:22:07
FAC-005-Z1,E-19,employee,motion,,2026-08-06 15:22:07
FAC-004-Z1,V-7,visitor,badge_swipe,True,2026-08-06 15:37:07
FAC-003-Z3,E-30,employee,badge_swipe,True,2026-08-06 15:37:07
FAC-001-Z1,E-26,employee,badge_swipe,True,2026-08-06 15:37:07
FAC-005-Z1,E-25,employee,badge_swipe,True,2026-08-06 15:37:07
FAC-002-Z3,E-6,employee,motion,,2026-08-06 15:37:07
FAC-003-Z3,E-34,employee,motion,,2026-08-06 15:37:07
FAC-005-Z1,E-5,employee,badge_swipe,True,2026-08-06 15:37:07
FAC-002-Z2,E-50,employee,motion,,2026-08-06 15:37:07
FAC-003-Z3,E-50,employee,badge_swipe,True,2026-08-06 15:37:07
FAC-003-Z1,E-47,employee,badge_swipe,True,2026-08-06 15:37:07
FAC-003-Z3,E-20,employee,badge_swipe,True,2026-08-06 15:37:07
FAC-004-Z1,E-9,employee,motion,,2026-08-06 15:37:07
FAC-005-Z1,E-46,employee,motion,,2026-08-06 15:37:07
FAC-005-Z3,E-26,employee,motion,,2026-08-06 15:37:07
FAC-001-Z3,V-2,visitor,badge_swipe,True,2026-08-06 15:37:07
FAC-005-Z3,E-20,employee,badge_swipe,False,2026-08-06 15:37:07
FAC-002-Z3,E-10,employee,motion,,2026-08-06 15:37:07
FAC-005-Z1,V-6,visitor,badge_swipe,False,2026-08-06 15:52:07
FAC-004-Z1,E-3,employee,motion,,2026-08-06 15:52:07
FAC-004-Z3,E-5,employee,motion,,2026-08-06 15:52:07
FAC-005-Z3,E-8,employee,badge_swipe,True,2026-08-06 15:52:07
FAC-002-Z3,E-41,employee,motion,,2026-08-06 15:52:07
FAC-005-Z1,E-41,employee,badge_swipe,True,2026-08-06 15:52:07
FAC-004-Z2,E-25,employee,badge_swipe,True,2026-08-06 15:52:07
FAC-004-Z2,E-22,employee,badge_swipe,True,2026-08-06 15:52:07
FAC-005-Z3,E-14,employee,badge_swipe,True,2026-08-06 15:52:07
FAC-002-Z3,E-49,employee,motion,,2026-08-06 16:07:07
FAC-005-Z2,E-22,employee,motion,,2026-08-06 16:07:07
FAC-001-Z1,E-11,employee,badge_swipe,True,2026-08-06 16:07:07
FAC-004-Z1,E-4,employee,motion,,2026-08-06 16:07:07
FAC-005-Z2,E-38,employee,motion,,2026-08-06 16:07:07
FAC-003-Z3,V-8,visitor,motion,,2026-08-06 16:07:07
FAC-005-Z1,V-7,visitor,motion,,2026-08-06 16:07:07
FAC-002-Z3,E-28,employee,badge_swipe,True,2026-08-06 16:07:07
FAC-002-Z2,E-33,employee,badge_swipe,True,2026-08-06 16:07:07
FAC-003-Z1,E-25,employee,badge_swipe,True,2026-08-06 16:07:07
FAC-001-Z1,V-2,visitor,motion,,2026-08-06 16:07:07
FAC-004-Z2,E-20,employee,motion,,2026-08-06 16:07:07
FAC-002-Z2,E-32,employee,motion,,2026-08-06 16:07:07
FAC-001-Z2,E-50,employee,motion,,2026-08-06 16:22:07
FAC-003-Z1,V-6,visitor,motion,,2026-08-06 16:22:07
FAC-001-Z1,E-45,employee,motion,,2026-08-06 16:22:07
FAC-003-Z3,E-8,employee,badge_swipe,True,2026-08-06 16:22:07
FAC-003-Z3,E-13,employee,badge_swipe,True,2026-08-06 16:22:07
FAC-002-Z1,E-27,employee,motion,,2026-08-06 16:22:07
FAC-002-Z3,E-35,employee,badge_swipe,True,2026-08-06 16:22:07
FAC-005-Z3,E-17,employee,badge_swipe,True,2026-08-06 16:22:07
FAC-002-Z3,E-32,employee,motion,,2026-08-06 16:37:07
FAC-004-Z3,E-29,employee,badge_swipe,True,2026-08-06 16:37:07
FAC-005-Z3,E-41,employee,motion,,2026-08-06 16:37:07
FAC-002-Z2,E-3,employee,motion,,2026-08-06 16:37:07
FAC-005-Z1,E-37,employee,badge_swipe,False,2026-08-06 16:37:07
FAC-001-Z1,E-32,employee,badge_swipe,True,2026-08-06 16:37:07
FAC-005-Z3,E-43,employee,badge_swipe,True,2026-08-06 16:37:07
FAC-005-Z2,E-38,employee,motion,,2026-08-06 16:52:07
FAC-001-Z2,E-36,employee,badge_swipe,True,2026-08-06 16:52:07
FAC-002-Z1,E-50,employee,motion,,2026-08-06 16:52:07
FAC-005-Z2,E-20,employee,motion,,2026-08-06 16:52:07
FAC-004-Z3,E-27,employee,motion,,2026-08-06 16:52:07
FAC-001-Z3,E-37,employee,badge_swipe,False,2026-08-06 16:52:07
FAC-004-Z3,V-1,visitor,badge_swipe,True,2026-08-06 16:52:07
FAC-005-Z1,E-34,employee,motion,,2026-08-06 16:52:07
FAC-004-Z1,E-45,employee,badge_swipe,True,2026-08-06 16:52:07
FAC-005-Z1,E-13,employee,badge_swipe,True,2026-08-06 16:52:07
FAC-004-Z1,E-5,employee,motion,,2026-08-06 16:52:07
FAC-002-Z1,E-15,employee,badge_swipe,True,2026-08-06 16:52:07
FAC-002-Z3,E-17,employee,badge_swipe,True,2026-08-06 16:52:07
FAC-003-Z2,E-8,employee,motion,,2026-08-06 16:52:07
FAC-001-Z3,E-20,employee,motion,,2026-08-06 16:52:07
FAC-005-Z2,E-27,employee,motion,,2026-08-06 16:52:07
FAC-002-Z2,E-5,employee,badge_swipe,False,2026-08-06 17:07:07
FAC-002-Z3,E-26,employee,badge_swipe,True,2026-08-06 17:07:07
FAC-003-Z3,E-29,employee,motion,,2026-08-06 17:07:07
FAC-003-Z2,E-17,employee,badge_swipe,True,2026-08-06 17:07:07
FAC-004-Z1,E-28,employee,motion,,2026-08-06 17:07:07
FAC-004-Z1,V-10,visitor,badge_swipe,False,2026-08-06 17:22:07
FAC-004-Z1,E-16,employee,motion,,2026-08-06 17:22:07
FAC-004-Z3,E-8,employee,motion,,2026-08-06 17:22:07
FAC-003-Z2,E-15,employee,badge_swipe,True,2026-08-06 17:22:07
FAC-004-Z1,E-13,employee,motion,,2026-08-06 17:22:07
FAC-004-Z1,E-1,employee,motion,,2026-08-06 17:22:07
FAC-001-Z3,E-34,employee,motion,,2026-08-06 17:22:07
FAC-002-Z3,E-26,employee,badge_swipe,True,2026-08-06 17:22:07
FAC-004-Z3,E-1,employee,badge_swipe,True,2026-08-06 17:22:07
FAC-001-Z3,E-47,employee,badge_swipe,True,2026-08-06 17:22:07
FAC-004-Z1,E-2,employee,badge_swipe,True,2026-08-06 17:22:07
FAC-001-Z1,E-2,employee,motion,,2026-08-06 17:22:07
FAC-003-Z2,E-42,employee,badge_swipe,True,2026-08-06 17:22:07
FAC-004-Z1,E-26,employee,motion,,2026-08-06 17:22:07
FAC-004-Z2,E-10,employee,badge_swipe,True,2026-08-06 17:22:07
FAC-002-Z3,E-9,employee,motion,,2026-08-06 17:22:07
FAC-001-Z3,E-21,employee,motion,,2026-08-06 17:22:07
FAC-004-Z2,E-10,employee,badge_swipe,True,2026-08-06 17:22:07
FAC-003-Z3,E-41,employee,motion,,2026-08-06 17:22:07
FAC-005-Z3,E-26,employee,motion,,2026-08-06 17:37:07
FAC-002-Z1,E-3,employee,motion,,2026-08-06 17:37:07
FAC-005-Z1,V-1,visitor,motion,,2026-08-06 17:37:07
FAC-004-Z1,E-16,employee,motion,,2026-08-06 17:37:07
FAC-002-Z2,E-44,employee,badge_swipe,True,2026-08-06 17:37:07
FAC-004-Z1,V-7,visitor,motion,,2026-08-06 17:37:07
FAC-002-Z2,E-50,employee,motion,,2026-08-06 17:37:07
FAC-005-Z3,E-13,employee,motion,,2026-08-06 17:37:07
FAC-002-Z3,E-4,employee,badge_swipe,True,2026-08-06 17:52:07
FAC-002-Z1,E-32,employee,badge_swipe,True,2026-08-06 17:52:07
FAC-001-Z3,E-32,employee,badge_swipe,True,2026-08-06 17:52:07
FAC-003-Z3,E-2,employee,badge_swipe,True,2026-08-06 17:52:07
FAC-002-Z3,E-48,employee,badge_swipe,True,2026-08-06 17:52:07
FAC-001-Z3,E-24,employee,motion,,2026-08-06 17:52:07
FAC-003-Z1,E-38,employee,badge_swipe,True,2026-08-06 17:52:07
FAC-001-Z1,E-35,employee,motion,,2026-08-06 17:52:07
FAC-003-Z1,E-13,employee,motion,,2026-08-06 17:52:07
FAC-002-Z1,E-22,employee,badge_swipe,True,2026-08-06 17:52:07
FAC-003-Z2,E-14,employee,motion,,2026-08-06 17:52:07
FAC-004-Z1,E-48,employee,badge_swipe,True,2026-08-06 17:52:07
FAC-001-Z3,E-39,employee,motion,,2026-08-06 18:07:07
FAC-002-Z3,E-4,employee,badge_swipe,True,2026-08-06 18:07:07
FAC-002-Z2,E-12,employee,badge_swipe,True,2026-08-06 18:07:07
FAC-005-Z3,E-46,employee,motion,,2026-08-06 18:07:07
FAC-001-Z1,E-47,employee,motion,,2026-08-06 18:07:07
FAC-005-Z1,E-4,employee,motion,,2026-08-06 18:07:07
FAC-001-Z3,E-10,employee,motion,,2026-08-06 18:22:07
FAC-004-Z1,E-8,employee,badge_swipe,True,2026-08-06 18:22:07
FAC-003-Z1,E-48,employee,motion,,2026-08-06 18:22:07
FAC-002-Z1,E-26,employee,motion,,2026-08-06 18:22:07
FAC-004-Z1,E-9,employee,badge_swipe,True,2026-08-06 18:22:07
FAC-003-Z1,E-46,employee,motion,,2026-08-06 18:22:07
FAC-004-Z3,E-18,employee,motion,,2026-08-06 18:22:07
FAC-002-Z3,E-23,employee,motion,,2026-08-06 18:22:07
FAC-004-Z3,E-27,employee,motion,,2026-08-06 18:22:07
FAC-001-Z1,E-1,employee,motion,,2026-08-06 18:22:07
FAC-002-Z2,E-4,employee,motion,,2026-08-06 18:22:07
FAC-003-Z2,E-50,employee,motion,,2026-08-06 18:22:07
FAC-002-Z2,E-16,employee,motion,,2026-08-06 18:22:07
FAC-005-Z1,E-41,employee,motion,,2026-08-06 18:37:07
FAC-003-Z2,E-2,employee,badge_swipe,True,2026-08-06 18:37:07
FAC-001-Z3,E-22,employee,badge_swipe,True,2026-08-06 18:37:07
FAC-001-Z3,E-23,employee,badge_swipe,True,2026-08-06 18:37:07
FAC-005-Z2,E-12,employee,badge_swipe,True,2026-08-06 18:37:07
FAC-004-Z2,E-49,employee,motion,,2026-08-06 18:37:07
FAC-004-Z3,E-43,employee,motion,,2026-08-06 18:37:07
FAC-002-Z1,E-3,employee,badge_swipe,True,2026-08-06 18:37:07
FAC-002-Z1,E-50,employee,motion,,2026-08-06 18:37:07
FAC-001-Z1,E-49,employee,motion,,2026-08-06 18:37:07
FAC-005-Z1,V-9,visitor,badge_swipe,True,2026-08-06 18:37:07
FAC-003-Z3,V-7,visitor,badge_swipe,True,2026-08-06 18:37:07
FAC-001-Z2,E-19,employee,motion,,2026-08-06 18:37:07
FAC-001-Z2,E-24,employee,motion,,2026-08-06 18:37:07
FAC-005-Z1,E-44,employee,motion,,2026-08-06 18:37:07
FAC-002-Z1,E-39,employee,badge_swipe,True,2026-08-06 18:52:07
FAC-002-Z1,E-13,employee,motion,,2026-08-06 18:52:07
FAC-005-Z2,E-21,employee,badge_swipe,True,2026-08-06 18:52:07
FAC-001-Z1,E-49,employee,badge_swipe,True,2026-08-06 18:52:07
FAC-005-Z2,E-49,employee,badge_swipe,True,2026-08-06 18:52:07
FAC-005-Z3,V-2,visitor,badge_swipe,True,2026-08-06 18:52:07
FAC-005-Z2,V-5,visitor,motion,,2026-08-06 18:52:07
FAC-002-Z1,E-26,employee,badge_swipe,True,2026-08-06 18:52:07
FAC-005-Z3,E-36,employee,badge_swipe,True,2026-08-06 18:52:07
FAC-003-Z2,E-34,employee,badge_swipe,True,2026-08-06 18:52:07
FAC-002-Z1,E-24,employee,motion,,2026-08-06 18:52:07
FAC-005-Z1,E-31,employee,badge_swipe,True,2026-08-06 18:52:07
FAC-005-Z2,E-36,employee,motion,,2026-08-06 18:52:07
FAC-005-Z1,E-11,employee,motion,,2026-08-06 18:52:07
FAC-005-Z1,E-20,employee,badge_swipe,True,2026-08-06 18:52:07
FAC-003-Z2,E-16,employee,badge_swipe,True,2026-08-06 18:52:07
FAC-004-Z2,E-44,employee,motion,,2026-08-06 18:52:07
FAC-002-Z2,E-23,employee,motion,,2026-08-06 18:52:07
FAC-005-Z3,E-6,employee,badge_swipe,True,2026-08-06 18:52:07
FAC-001-Z2,E-14,employee,badge_swipe,True,2026-08-06 19:07:07
FAC-005-Z1,E-11,employee,badge_swipe,True,2026-08-06 19:22:07
FAC-005-Z3,E-9,employee,motion,,2026-08-06 19:22:07
FAC-005-Z3,E-30,employee,motion,,2026-08-06 19:37:07
FAC-003-Z3,V-6,visitor,motion,,2026-08-06 19:37:07
FAC-001-Z2,E-16,employee,badge_swipe,True,2026-08-06 19:37:07
FAC-001-Z3,E-40,employee,badge_swipe,True,2026-08-06 19:52:07
FAC-004-Z2,E-20,employee,badge_swipe,True,2026-08-06 20:07:07
FAC-004-Z3,E-28,employee,motion,,2026-08-06 20:22:07
FAC-002-Z3,E-23,employee,badge_swipe,True,2026-08-06 21:07:07
FAC-004-Z1,E-22,employee,motion,,2026-08-06 21:07:07
FAC-004-Z2,E-8,employee,motion,,2026-08-06 21:07:07
FAC-004-Z2,V-4,visitor,badge_swipe,True,2026-08-06 21:22:07
FAC-001-Z2,E-45,employee,motion,,2026-08-06 21:22:07
FAC-001-Z1,E-36,employee,motion,,2026-08-06 21:37:07
FAC-002-Z1,E-26,employee,motion,,2026-08-06 21:52:07
FAC-002-Z2,E-34,employee,badge_swipe,True,2026-08-06 22:07:07
FAC-002-Z1,E-42,employee,badge_swipe,False,2026-08-06 22:07:07
FAC-002-Z3,E-1,employee,motion,,2026-08-06 22:07:07
FAC-001-Z1,V-5,visitor,badge_swipe,True,2026-08-06 22:37:07
FAC-003-Z1,E-36,employee,motion,,2026-08-06 22:37:07
FAC-001-Z3,E-11,employee,badge_swipe,True,2026-08-06 22:37:07
FAC-005-Z1,V-3,visitor,badge_swipe,True,2026-08-06 23:07:07
FAC-001-Z1,E-27,employee,badge_swipe,True,2026-08-06 23:07:07
FAC-004-Z1,E-37,employee,motion,,2026-08-06 23:22:07
FAC-003-Z2,E-8,employee,badge_swipe,True,2026-08-06 23:37:07
FAC-003-Z3,E-40,employee,badge_swipe,True,2026-08-06 23:52:07
FAC-003-Z1,E-17,employee,badge_swipe,True,2026-08-07 00:07:07
FAC-004-Z1,E-5,employee,badge_swipe,True,2026-08-07 00:07:07
FAC-004-Z3,V-8,visitor,motion,,2026-08-07 00:07:07
FAC-002-Z3,E-33,employee,badge_swipe,True,2026-08-07 00:37:07
FAC-003-Z3,E-47,employee,motion,,2026-08-07 00:37:07
FAC-001-Z1,E-13,employee,badge_swipe,True,2026-08-07 00:52:07
FAC-001-Z3,E-21,employee,badge_swipe,True,2026-08-07 01:07:07
FAC-003-Z3,E-4,employee,badge_swipe,True,2026-08-07 01:22:07
FAC-002-Z3,E-11,employee,badge_swipe,True,2026-08-07 01:22:07
FAC-003-Z3,V-7,visitor,badge_swipe,True,2026-08-07 01:37:07
FAC-004-Z1,E-34,employee,badge_swipe,True,2026-08-07 01:37:07
FAC-002-Z3,E-4,employee,badge_swipe,False,2026-08-07 02:07:07
FAC-001-Z3,E-17,employee,motion,,2026-08-07 02:22:07
FAC-003-Z1,E-22,employee,badge_swipe,True,2026-08-07 02:22:07
FAC-003-Z1,E-47,employee,badge_swipe,True,2026-08-07 02:22:07
FAC-001-Z2,E-24,employee,motion,,2026-08-07 02:37:07
FAC-005-Z3,E-24,employee,badge_swipe,True,2026-08-07 02:37:07
FAC-003-Z3,E-48,employee,badge_swipe,True,2026-08-07 02:52:07
FAC-003-Z3,E-43,employee,motion,,2026-08-07 02:52:07
FAC-002-Z2,E-49,employee,motion,,2026-08-07 03:22:07
FAC-005-Z2,E-49,employee,motion,,2026-08-07 03:52:07
FAC-004-Z2,E-38,employee,badge_swipe,True,2026-08-07 03:52:07
FAC-004-Z3,E-50,employee,motion,,2026-08-07 04:07:07
FAC-003-Z2,E-43,employee,badge_swipe,True,2026-08-07 04:22:07
FAC-002-Z1,E-31,employee,motion,,2026-08-07 04:22:07
FAC-004-Z1,E-18,employee,motion,,2026-08-07 04:37:07
FAC-005-Z2,V-5,visitor,badge_swipe,True,2026-08-07 04:52:07
FAC-005-Z2,E-39,employee,motion,,2026-08-07 05:07:07
FAC-005-Z1,E-22,employee,badge_swipe,True,2026-08-07 05:07:07
FAC-004-Z2,E-10,employee,badge_swipe,True,2026-08-07 05:22:07
FAC-003-Z1,V-6,visitor,motion,,2026-08-07 05:22:07
FAC-003-Z1,E-46,employee,badge_swipe,True,2026-08-07 05:22:07
FAC-005-Z1,E-19,employee,motion,,2026-08-07 05:52:07
FAC-001-Z2,E-21,employee,motion,,2026-08-07 05:52:07
FAC-004-Z1,E-1,employee,badge_swipe,True,2026-08-07 06:07:07
FAC-005-Z2,E-35,employee,motion,,2026-08-07 06:07:07
FAC-003-Z1,E-9,employee,badge_swipe,True,2026-08-07 06:07:07
FAC-002-Z2,E-4,employee,motion,,2026-08-07 06:22:07
FAC-001-Z3,E-1,employee,badge_swipe,True,2026-08-07 06:22:07
FAC-002-Z3,E-2,employee,motion,,2026-08-07 06:37:07
FAC-005-Z1,E-40,employee,badge_swipe,True,2026-08-07 06:52:07
FAC-002-Z3,E-16,employee,badge_swipe,True,2026-08-07 06:52:07
FAC-002-Z2,V-6,visitor,badge_swipe,True,2026-08-07 06:52:07
FAC-004-Z2,E-11,employee,badge_swipe,True,2026-08-07 07:07:07
FAC-003-Z3,E-18,employee,motion,,2026-08-07 07:22:07
FAC-003-Z3,E-14,employee,motion,,2026-08-07 07:22:07
FAC-002-Z3,E-33,employee,motion,,2026-08-07 07:22:07
FAC-003-Z1,E-28,employee,motion,,2026-08-07 07:37:07
FAC-002-Z1,E-7,employee,badge_swipe,False,2026-08-07 08:07:07
FAC-002-Z3,E-44,employee,badge_swipe,True,2026-08-07 08:07:07
FAC-001-Z1,V-6,visitor,badge_swipe,True,2026-08-07 08:07:07
FAC-002-Z3,E-14,employee,badge_swipe,True,2026-08-07 08:07:07
FAC-004-Z3,E-9,employee,motion,,2026-08-07 08:07:07
FAC-003-Z2,E-40,employee,badge_swipe,True,2026-08-07 08:07:07
FAC-001-Z3,E-38,employee,badge_swipe,True,2026-08-07 08:07:07
FAC-005-Z1,E-34,employee,badge_swipe,True,2026-08-07 08:07:07
FAC-005-Z3,E-5,employee,motion,,2026-08-07 08:07:07
FAC-002-Z2,E-45,employee,badge_swipe,True,2026-08-07 08:07:07
FAC-003-Z1,V-5,visitor,badge_swipe,True,2026-08-07 08:07:07
FAC-004-Z2,E-11,employee,motion,,2026-08-07 08:07:07
FAC-002-Z2,E-18,employee,motion,,2026-08-07 08:07:07
FAC-002-Z3,E-5,employee,motion,,2026-08-07 08:07:07
FAC-005-Z1,E-22,employee,motion,,2026-08-07 08:07:07
FAC-002-Z1,E-12,employee,badge_swipe,True,2026-08-07 08:07:07
FAC-005-Z3,E-37,employee,motion,,2026-08-07 08:07:07
FAC-004-Z1,E-33,employee,motion,,2026-08-07 08:07:07
FAC-005-Z1,E-49,employee,motion,,2026-08-07 08:07:07
FAC-003-Z1,E-41,employee,badge_swipe,True,2026-08-07 08:07:07
FAC-003-Z1,E-32,employee,badge_swipe,True,2026-08-07 08:22:07
FAC-003-Z1,E-47,employee,badge_swipe,True,2026-08-07 08:22:07
FAC-001-Z3,E-16,employee,badge_swipe,True,2026-08-07 08:22:07
FAC-004-Z3,E-19,employee,motion,,2026-08-07 08:22:07
FAC-004-Z1,E-39,employee,badge_swipe,True,2026-08-07 08:22:07
FAC-005-Z1,E-1,employee,motion,,2026-08-07 08:22:07
FAC-005-Z1,E-22,employee,motion,,2026-08-07 08:22:07
FAC-001-Z2,V-6,visitor,badge_swipe,True,2026-08-07 08:22:07
FAC-005-Z2,E-8,employee,motion,,2026-08-07 08:22:07
FAC-003-Z3,E-21,employee,badge_swipe,True,2026-08-07 08:22:07
FAC-002-Z3,E-2,employee,motion,,2026-08-07 08:22:07
FAC-005-Z1,E-10,employee,motion,,2026-08-07 08:37:07
FAC-005-Z3,E-30,employee,badge_swipe,True,2026-08-07 08:37:07
FAC-003-Z1,E-24,employee,badge_swipe,True,2026-08-07 08:37:07
FAC-005-Z2,E-44,employee,badge_swipe,True,2026-08-07 08:37:07
FAC-001-Z3,E-1,employee,badge_swipe,True,2026-08-07 08:37:07
FAC-003-Z2,E-41,employee,badge_swipe,True,2026-08-07 08:37:07
FAC-002-Z2,E-12,employee,badge_swipe,True,2026-08-07 08:37:07
FAC-002-Z2,E-10,employee,motion,,2026-08-07 08:52:07
FAC-003-Z3,E-39,employee,badge_swipe,True,2026-08-07 08:52:07
FAC-005-Z3,E-50,employee,badge_swipe,True,2026-08-07 08:52:07
FAC-001-Z3,E-43,employee,badge_swipe,True,2026-08-07 08:52:07
FAC-003-Z3,E-14,employee,motion,,2026-08-07 08:52:07
FAC-003-Z1,E-28,employee,badge_swipe,True,2026-08-07 08:52:07
FAC-003-Z2,E-49,employee,badge_swipe,True,2026-08-07 08:52:07
FAC-003-Z3,E-10,employee,badge_swipe,True,2026-08-07 08:52:07
FAC-002-Z3,V-8,visitor,badge_swipe,True,2026-08-07 08:52:07
FAC-002-Z1,E-4,employee,badge_swipe,True,2026-08-07 08:52:07
FAC-001-Z3,E-42,employee,badge_swipe,True,2026-08-07 08:52:07
FAC-004-Z2,E-10,employee,motion,,2026-08-07 08:52:07
FAC-001-Z1,E-4,employee,badge_swipe,True,2026-08-07 08:52:07
FAC-003-Z2,E-22,employee,motion,,2026-08-07 08:52:07
FAC-005-Z1,E-15,employee,motion,,2026-08-07 09:07:07
FAC-001-Z3,E-8,employee,motion,,2026-08-07 09:07:07
FAC-002-Z3,E-43,employee,motion,,2026-08-07 09:07:07
FAC-001-Z3,E-33,employee,badge_swipe,True,2026-08-07 09:07:07
FAC-001-Z3,V-10,visitor,motion,,2026-08-07 09:07:07
FAC-005-Z3,E-2,employee,motion,,2026-08-07 09:07:07
FAC-002-Z2,E-6,employee,badge_swipe,True,2026-08-07 09:07:07
FAC-002-Z2,E-20,employee,motion,,2026-08-07 09:07:07
FAC-004-Z3,E-21,employee,badge_swipe,True,2026-08-07 09:07:07
FAC-003-Z3,E-42,employee,badge_swipe,True,2026-08-07 09:07:07
FAC-004-Z1,E-12,employee,badge_swipe,True,2026-08-07 09:07:07
FAC-001-Z2,E-49,employee,badge_swipe,True,2026-08-07 09:22:07
FAC-005-Z1,E-6,employee,badge_swipe,True,2026-08-07 09:22:07
FAC-004-Z2,E-48,employee,badge_swipe,True,2026-08-07 09:22:07
FAC-001-Z2,E-24,employee,motion,,2026-08-07 09:22:07
FAC-001-Z2,E-50,employee,badge_swipe,True,2026-08-07 09:22:07
FAC-004-Z3,E-45,employee,badge_swipe,False,2026-08-07 09:22:07
FAC-005-Z3,E-14,employee,badge_swipe,True,2026-08-07 09:37:07
FAC-002-Z3,E-31,employee,motion,,2026-08-07 09:37:07
FAC-005-Z1,E-4,employee,motion,,2026-08-07 09:37:07
FAC-002-Z1,E-2,employee,badge_swipe,True,2026-08-07 09:37:07
FAC-001-Z2,E-13,employee,badge_swipe,True,2026-08-07 09:37:07
FAC-003-Z3,E-30,employee,motion,,2026-08-07 09:37:07
FAC-001-Z3,E-14,employee,motion,,2026-08-07 09:37:07
FAC-005-Z1,E-46,employee,motion,,2026-08-07 09:37:07
FAC-002-Z3,E-20,employee,motion,,2026-08-07 09:37:07
FAC-003-Z3,E-46,employee,badge_swipe,True,2026-08-07 09:37:07
FAC-004-Z2,E-6,employee,motion,,2026-08-07 09:37:07
FAC-001-Z2,E-19,employee,motion,,2026-08-07 09:37:07
FAC-005-Z1,E-45,employee,motion,,2026-08-07 09:37:07
FAC-002-Z3,E-23,employee,badge_swipe,True,2026-08-07 09:37:07
FAC-003-Z3,E-33,employee,badge_swipe,True,2026-08-07 09:37:07
FAC-005-Z1,E-28,employee,badge_swipe,True,2026-08-07 09:52:07
FAC-005-Z2,E-9,employee,motion,,2026-08-07 09:52:07
FAC-001-Z2,V-9,visitor,motion,,2026-08-07 09:52:07
FAC-005-Z1,E-22,employee,motion,,2026-08-07 09:52:07
FAC-003-Z1,E-3,employee,badge_swipe,True,2026-08-07 09:52:07
FAC-004-Z2,E-43,employee,motion,,2026-08-07 09:52:07
FAC-001-Z1,E-13,employee,motion,,2026-08-07 09:52:07
FAC-002-Z3,E-17,employee,motion,,2026-08-07 10:07:07
FAC-003-Z1,E-16,employee,motion,,2026-08-07 10:07:07
FAC-004-Z1,E-22,employee,badge_swipe,True,2026-08-07 10:07:07
FAC-002-Z1,E-8,employee,badge_swipe,True,2026-08-07 10:07:07
FAC-001-Z3,E-6,employee,badge_swipe,True,2026-08-07 10:07:07
FAC-005-Z1,E-7,employee,badge_swipe,True,2026-08-07 10:07:07
FAC-001-Z2,V-2,visitor,badge_swipe,True,2026-08-07 10:07:07
FAC-005-Z2,E-43,employee,motion,,2026-08-07 10:07:07
FAC-002-Z2,E-34,employee,badge_swipe,True,2026-08-07 10:07:07
FAC-003-Z2,E-44,employee,badge_swipe,True,2026-08-07 10:07:07
FAC-001-Z3,E-48,employee,badge_swipe,True,2026-08-07 10:07:07
FAC-005-Z3,V-9,visitor,motion,,2026-08-07 10:07:07
FAC-002-Z1,E-46,employee,motion,,2026-08-07 10:07:07
FAC-002-Z2,E-35,employee,motion,,2026-08-07 10:07:07
FAC-005-Z2,E-48,employee,badge_swipe,True,2026-08-07 10:22:07
FAC-001-Z3,E-27,employee,motion,,2026-08-07 10:22:07
FAC-002-Z2,V-3,visitor,motion,,2026-08-07 10:22:07
FAC-001-Z1,E-32,employee,badge_swipe,True,2026-08-07 10:22:07
FAC-005-Z2,V-7,visitor,badge_swipe,True,2026-08-07 10:22:07
FAC-001-Z2,E-12,employee,badge_swipe,True,2026-08-07 10:22:07
FAC-001-Z2,E-8,employee,badge_swipe,True,2026-08-07 10:22:07
FAC-002-Z1,E-13,employee,badge_swipe,True,2026-08-07 10:22:07
FAC-002-Z1,E-2,employee,motion,,2026-08-07 10:22:07
FAC-001-Z3,E-6,employee,motion,,2026-08-07 10:22:07
FAC-003-Z1,E-44,employee,badge_swipe,True,2026-08-07 10:22:07
FAC-002-Z1,E-32,employee,badge_swipe,True,2026-08-07 10:22:07
FAC-004-Z2,E-15,employee,motion,,2026-08-07 10:22:07
FAC-004-Z3,E-10,employee,motion,,2026-08-07 10:22:07
FAC-004-Z3,E-5,employee,badge_swipe,True,2026-08-07 10:22:07
FAC-002-Z1,E-7,employee,motion,,2026-08-07 10:22:07
FAC-005-Z3,E-43,employee,motion,,2026-08-07 10:22:07
FAC-004-Z1,E-27,employee,badge_swipe,True,2026-08-07 10:37:07
FAC-002-Z2,E-25,employee,badge_swipe,True,2026-08-07 10:37:07
FAC-001-Z1,E-7,employee,badge_swipe,True,2026-08-07 10:37:07
FAC-001-Z3,E-6,employee,motion,,2026-08-07 10:37:07
FAC-003-Z1,E-14,employee,motion,,2026-08-07 10:37:07
FAC-003-Z1,E-21,employee,badge_swipe,True,2026-08-07 10:37:07
FAC-003-Z1,E-48,employee,motion,,2026-08-07 10:37:07
FAC-003-Z2,E-9,employee,motion,,2026-08-07 10:52:07
FAC-005-Z3,E-14,employee,badge_swipe,True,2026-08-07 10:52:07
FAC-002-Z1,E-38,employee,badge_swipe,True,2026-08-07 10:52:07
FAC-001-Z1,E-2,employee,badge_swipe,True,2026-08-07 10:52:07
FAC-002-Z2,E-18,employee,badge_swipe,False,2026-08-07 10:52:07
FAC-003-Z3,E-4,employee,badge_swipe,True,2026-08-07 10:52:07
FAC-002-Z2,E-45,employee,motion,,2026-08-07 10:52:07
FAC-004-Z1,E-25,employee,badge_swipe,True,2026-08-07 10:52:07
FAC-001-Z3,E-27,employee,motion,,2026-08-07 10:52:07
FAC-001-Z3,E-44,employee,motion,,2026-08-07 10:52:07
FAC-002-Z3,E-40,employee,badge_swipe,True,2026-08-07 10:52:07
FAC-001-Z2,E-7,employee,motion,,2026-08-07 10:52:07
FAC-005-Z2,E-40,employee,motion,,2026-08-07 10:52:07
FAC-002-Z1,E-38,employee,motion,,2026-08-07 10:52:07
FAC-004-Z1,E-11,employee,motion,,2026-08-07 10:52:07
FAC-001-Z3,E-10,employee,motion,,2026-08-07 10:52:07
FAC-002-Z2,E-49,employee,badge_swipe,True,2026-08-07 10:52:07
FAC-002-Z3,E-1,employee,motion,,2026-08-07 10:52:07
FAC-001-Z3,E-32,employee,motion,,2026-08-07 10:52:07
FAC-001-Z2,E-23,employee,badge_swipe,True,2026-08-07 10:52:07
FAC-002-Z1,E-8,employee,motion,,2026-08-07 11:07:07
FAC-002-Z3,E-50,employee,motion,,2026-08-07 11:07:07
FAC-002-Z3,E-40,employee,motion,,2026-08-07 11:07:07
FAC-002-Z1,V-6,visitor,badge_swipe,True,2026-08-07 11:07:07
FAC-004-Z3,E-22,employee,badge_swipe,True,2026-08-07 11:07:07
FAC-001-Z1,E-3,employee,badge_swipe,True,2026-08-07 11:07:07
FAC-004-Z2,E-31,employee,badge_swipe,True,2026-08-07 11:07:07
FAC-002-Z3,E-16,employee,motion,,2026-08-07 11:07:07
FAC-004-Z1,E-30,employee,badge_swipe,True,2026-08-07 11:07:07
FAC-001-Z2,E-17,employee,motion,,2026-08-07 11:07:07
FAC-004-Z2,E-11,employee,motion,,2026-08-07 11:07:07
FAC-001-Z2,E-3,employee,badge_swipe,True,2026-08-07 11:07:07
FAC-001-Z1,E-20,employee,badge_swipe,True,2026-08-07 11:07:07
FAC-004-Z2,E-39,employee,badge_swipe,True,2026-08-07 11:07:07
FAC-003-Z3,E-46,employee,motion,,2026-08-07 11:07:07
FAC-005-Z3,E-1,employee,badge_swipe,True,2026-08-07 11:07:07
FAC-003-Z3,E-22,employee,badge_swipe,True,2026-08-07 11:22:07
FAC-001-Z2,E-35,employee,badge_swipe,True,2026-08-07 11:22:07
FAC-002-Z1,V-4,visitor,badge_swipe,True,2026-08-07 11:22:07
FAC-003-Z2,E-9,employee,badge_swipe,True,2026-08-07 11:22:07
FAC-002-Z3,E-48,employee,motion,,2026-08-07 11:22:07
FAC-004-Z1,E-20,employee,badge_swipe,True,2026-08-07 11:22:07
FAC-002-Z2,E-17,employee,motion,,2026-08-07 11:22:07
FAC-002-Z1,E-15,employee,badge_swipe,True,2026-08-07 11:22:07
FAC-005-Z1,E-3,employee,motion,,2026-08-07 11:37:07
FAC-001-Z3,E-32,employee,motion,,2026-08-07 11:37:07
FAC-004-Z3,E-42,employee,motion,,2026-08-07 11:37:07
FAC-005-Z1,E-4,employee,badge_swipe,True,2026-08-07 11:37:07
FAC-001-Z3,E-13,employee,badge_swipe,True,2026-08-07 11:37:07
FAC-001-Z1,E-33,employee,motion,,2026-08-07 11:37:07
FAC-004-Z2,E-23,employee,motion,,2026-08-07 11:37:07
FAC-001-Z3,E-19,employee,badge_swipe,True,2026-08-07 11:52:07
FAC-001-Z1,E-28,employee,motion,,2026-08-07 11:52:07
FAC-004-Z2,E-17,employee,badge_swipe,True,2026-08-07 11:52:07
FAC-005-Z1,V-10,visitor,badge_swipe,True,2026-08-07 11:52:07
FAC-001-Z1,E-27,employee,badge_swipe,True,2026-08-07 11:52:07
FAC-001-Z1,V-1,visitor,motion,,2026-08-07 11:52:07
FAC-003-Z1,E-49,employee,motion,,2026-08-07 11:52:07
FAC-002-Z3,E-11,employee,motion,,2026-08-07 11:52:07
FAC-003-Z2,V-1,visitor,motion,,2026-08-07 11:52:07
FAC-001-Z2,E-49,employee,motion,,2026-08-07 11:52:07
FAC-002-Z1,E-16,employee,motion,,2026-08-07 11:52:07
FAC-004-Z2,E-46,employee,badge_swipe,True,2026-08-07 11:52:07
FAC-004-Z3,E-12,employee,badge_swipe,True,2026-08-07 11:52:07
FAC-001-Z1,E-27,employee,motion,,2026-08-07 11:52:07
FAC-003-Z2,E-44,employee,motion,,2026-08-07 11:52:07
FAC-005-Z1,E-47,employee,badge_swipe,True,2026-08-07 11:52:07
FAC-004-Z3,E-33,employee,badge_swipe,True,2026-08-07 11:52:07
FAC-001-Z1,E-37,employee,badge_swipe,True,2026-08-07 12:07:07
FAC-003-Z2,V-7,visitor,motion,,2026-08-07 12:07:07
FAC-005-Z2,E-28,employee,motion,,2026-08-07 12:07:07
FAC-005-Z3,V-9,visitor,badge_swipe,True,2026-08-07 12:07:07
FAC-005-Z3,E-12,employee,motion,,2026-08-07 12:07:07
FAC-002-Z3,E-43,employee,motion,,2026-08-07 12:07:07
FAC-005-Z3,E-14,employee,badge_swipe,True,2026-08-07 12:07:07
FAC-002-Z2,E-49,employee,motion,,2026-08-07 12:07:07
FAC-001-Z3,V-9,visitor,badge_swipe,True,2026-08-07 12:07:07
FAC-005-Z3,E-45,employee,motion,,2026-08-07 12:07:07
FAC-004-Z3,E-18,employee,motion,,2026-08-07 12:07:07
FAC-002-Z1,E-35,employee,badge_swipe,True,2026-08-07 12:07:07
FAC-004-Z3,E-50,employee,motion,,2026-08-07 12:07:07
FAC-001-Z3,E-22,employee,badge_swipe,True,2026-08-07 12:07:07
FAC-001-Z2,E-35,employee,motion,,2026-08-07 12:07:07
FAC-003-Z2,E-25,employee,motion,,2026-08-07 12:07:07
FAC-004-Z1,E-44,employee,motion,,2026-08-07 12:07:07
FAC-004-Z2,E-24,employee,motion,,2026-08-07 12:07:07
FAC-002-Z2,E-27,employee,motion,,2026-08-07 12:07:07
FAC-001-Z2,E-40,employee,motion,,2026-08-07 12:07:07
FAC-003-Z2,E-30,employee,motion,,2026-08-07 12:22:07
FAC-005-Z3,E-29,employee,motion,,2026-08-07 12:22:07
FAC-005-Z3,E-48,employee,badge_swipe,True,2026-08-07 12:22:07
FAC-004-Z1,E-42,employee,badge_swipe,True,2026-08-07 12:22:07
FAC-001-Z1,E-43,employee,motion,,2026-08-07 12:22:07
FAC-003-Z1,E-33,employee,motion,,2026-08-07 12:22:07
FAC-002-Z3,E-35,employee,motion,,2026-08-07 12:22:07
FAC-001-Z3,E-27,employee,badge_swipe,True,2026-08-07 12:22:07
FAC-004-Z3,V-9,visitor,badge_swipe,True,2026-08-07 12:22:07
FAC-001-Z1,E-33,employee,motion,,2026-08-07 12:22:07
FAC-001-Z2,V-2,visitor,badge_swipe,True,2026-08-07 12:22:07
FAC-004-Z2,E-32,employee,motion,,2026-08-07 12:37:07
FAC-005-Z3,E-40,employee,badge_swipe,True,2026-08-07 12:37:07
FAC-003-Z3,E-41,employee,badge_swipe,True,2026-08-07 12:37:07
FAC-002-Z2,E-28,employee,motion,,2026-08-07 12:37:07
FAC-003-Z3,E-19,employee,motion,,2026-08-07 12:37:07
FAC-002-Z3,E-13,employee,motion,,2026-08-07 12:37:07
FAC-001-Z3,V-4,visitor,motion,,2026-08-07 12:37:07
FAC-004-Z2,E-21,employee,badge_swipe,True,2026-08-07 12:37:07
FAC-003-Z1,E-19,employee,badge_swipe,True,2026-08-07 12:37:07
FAC-002-Z1,E-33,employee,motion,,2026-08-07 12:52:07
FAC-003-Z1,E-45,employee,badge_swipe,False,2026-08-07 12:52:07
FAC-002-Z2,E-44,employee,badge_swipe,True,2026-08-07 12:52:07
FAC-001-Z1,E-27,employee,badge_swipe,True,2026-08-07 12:52:07
FAC-001-Z3,E-46,employee,motion,,2026-08-07 12:52:07
FAC-001-Z1,E-20,employee,badge_swipe,True,2026-08-07 12:52:07
FAC-001-Z2,E-35,employee,badge_swipe,True,2026-08-07 12:52:07
FAC-001-Z1,E-28,employee,badge_swipe,True,2026-08-07 12:52:07
FAC-003-Z2,E-33,employee,motion,,2026-08-07 12:52:07
FAC-003-Z2,E-35,employee,motion,,2026-08-07 12:52:07
FAC-001-Z3,E-13,employee,badge_swipe,True,2026-08-07 12:52:07
FAC-004-Z1,E-37,employee,motion,,2026-08-07 12:52:07
FAC-005-Z2,E-15,employee,motion,,2026-08-07 13:07:07
FAC-004-Z1,E-4,employee,badge_swipe,True,2026-08-07 13:07:07
FAC-005-Z2,E-27,employee,badge_swipe,True,2026-08-07 13:07:07
FAC-001-Z2,E-15,employee,motion,,2026-08-07 13:07:07
FAC-005-Z3,V-2,visitor,motion,,2026-08-07 13:07:07
FAC-001-Z2,E-3,employee,badge_swipe,True,2026-08-07 13:07:07
FAC-004-Z1,E-32,employee,badge_swipe,True,2026-08-07 13:22:07
FAC-004-Z2,V-5,visitor,motion,,2026-08-07 13:22:07
FAC-005-Z3,E-17,employee,badge_swipe,True,2026-08-07 13:22:07
FAC-002-Z3,E-16,employee,motion,,2026-08-07 13:22:07
FAC-003-Z3,E-19,employee,badge_swipe,True,2026-08-07 13:22:07
FAC-004-Z3,E-43,employee,motion,,2026-08-07 13:22:07
FAC-002-Z3,E-41,employee,badge_swipe,False,2026-08-07 13:22:07
FAC-001-Z1,E-26,employee,badge_swipe,True,2026-08-07 13:22:07
FAC-003-Z1,E-10,employee,motion,,2026-08-07 13:22:07
FAC-002-Z2,E-41,employee,badge_swipe,True,2026-08-07 13:22:07
FAC-004-Z3,E-31,employee,badge_swipe,True,2026-08-07 13:22:07
FAC-002-Z3,E-43,employee,badge_swipe,True,2026-08-07 13:22:07
FAC-004-Z1,E-13,employee,motion,,2026-08-07 13:22:07
FAC-001-Z1,E-37,employee,motion,,2026-08-07 13:22:07
FAC-001-Z3,E-41,employee,motion,,2026-08-07 13:22:07
FAC-004-Z1,E-4,employee,badge_swipe,True,2026-08-07 13:22:07
FAC-003-Z2,E-5,employee,badge_swipe,True,2026-08-07 13:22:07
FAC-003-Z2,V-5,visitor,motion,,2026-08-07 13:37:07
FAC-004-Z1,E-42,employee,motion,,2026-08-07 13:37:07
FAC-002-Z1,E-47,employee,badge_swipe,True,2026-08-07 13:37:07
FAC-004-Z3,E-37,employee,motion,,2026-08-07 13:37:07
FAC-003-Z2,E-37,employee,motion,,2026-08-07 13:37:07
FAC-003-Z3,E-10,employee,badge_swipe,True,2026-08-07 13:37:07
FAC-005-Z2,E-23,employee,motion,,2026-08-07 13:52:07
FAC-003-Z1,E-7,employee,motion,,2026-08-07 13:52:07
FAC-003-Z2,E-25,employee,badge_swipe,True,2026-08-07 13:52:07
FAC-005-Z2,E-23,employee,badge_swipe,True,2026-08-07 13:52:07
FAC-005-Z3,E-35,employee,motion,,2026-08-07 13:52:07
FAC-001-Z1,E-3,employee,motion,,2026-08-07 13:52:07
FAC-004-Z2,E-33,employee,motion,,2026-08-07 13:52:07
FAC-005-Z1,E-38,employee,motion,,2026-08-07 13:52:07
FAC-004-Z3,E-47,employee,motion,,2026-08-07 13:52:07
FAC-003-Z1,E-22,employee,badge_swipe,True,2026-08-07 13:52:07
FAC-005-Z3,E-35,employee,motion,,2026-08-07 13:52:07
FAC-004-Z3,E-35,employee,badge_swipe,True,2026-08-07 13:52:07
FAC-001-Z2,E-37,employee,badge_swipe,True,2026-08-07 13:52:07
FAC-002-Z2,E-25,employee,badge_swipe,True,2026-08-07 14:07:07
FAC-004-Z3,E-6,employee,badge_swipe,True,2026-08-07 14:07:07
FAC-005-Z3,E-30,employee,badge_swipe,True,2026-08-07 14:07:07
FAC-005-Z1,E-48,employee,badge_swipe,True,2026-08-07 14:07:07
FAC-004-Z2,E-49,employee,motion,,2026-08-07 14:07:07
FAC-004-Z1,E-13,employee,motion,,2026-08-07 14:07:07
FAC-003-Z2,E-9,employee,badge_swipe,True,2026-08-07 14:07:07
FAC-001-Z3,E-10,employee,badge_swipe,True,2026-08-07 14:07:07
FAC-003-Z3,E-15,employee,badge_swipe,True,2026-08-07 14:07:07
FAC-005-Z1,E-28,employee,motion,,2026-08-07 14:07:07
FAC-003-Z3,E-27,employee,badge_swipe,True,2026-08-07 14:07:07
FAC-001-Z2,E-35,employee,motion,,2026-08-07 14:07:07
FAC-001-Z3,E-5,employee,badge_swipe,True,2026-08-07 14:22:07
FAC-005-Z3,E-14,employee,badge_swipe,True,2026-08-07 14:22:07
FAC-005-Z1,E-22,employee,motion,,2026-08-07 14:22:07
FAC-003-Z2,E-5,employee,motion,,2026-08-07 14:22:07
FAC-001-Z1,E-10,employee,motion,,2026-08-07 14:22:07
FAC-003-Z1,E-17,employee,badge_swipe,True,2026-08-07 14:22:07
FAC-001-Z3,E-10,employee,badge_swipe,True,2026-08-07 14:22:07
FAC-002-Z1,E-38,employee,badge_swipe,True,2026-08-07 14:22:07
FAC-002-Z3,E-33,employee,motion,,2026-08-07 14:22:07
FAC-003-Z2,E-34,employee,motion,,2026-08-07 14:22:07
FAC-002-Z1,E-13,employee,motion,,2026-08-07 14:22:07
FAC-002-Z1,E-12,employee,motion,,2026-08-07 14:22:07
FAC-002-Z1,E-9,employee,badge_swipe,True,2026-08-07 14:22:07
FAC-004-Z1,E-2,employee,motion,,2026-08-07 14:22:07
FAC-001-Z3,E-1,employee,badge_swipe,True,2026-08-07 14:22:07
FAC-003-Z3,E-50,employee,motion,,2026-08-07 14:22:07
FAC-004-Z3,E-27,employee,badge_swipe,True,2026-08-07 14:22:07
FAC-001-Z1,E-2,employee,motion,,2026-08-07 14:22:07
FAC-004-Z2,E-28,employee,motion,,2026-08-07 14:22:07
FAC-003-Z3,V-6,visitor,motion,,2026-08-07 14:37:07
FAC-001-Z1,E-6,employee,badge_swipe,True,2026-08-07 14:37:07
FAC-004-Z1,E-28,employee,badge_swipe,True,2026-08-07 14:37:07
FAC-002-Z1,E-47,employee,motion,,2026-08-07 14:37:07
FAC-001-Z3,E-20,employee,badge_swipe,True,2026-08-07 14:37:07
FAC-004-Z2,E-34,employee,motion,,2026-08-07 14:37:07
FAC-002-Z1,E-19,employee,badge_swipe,True,2026-08-07 14:37:07
FAC-002-Z1,E-48,employee,motion,,2026-08-07 14:37:07
FAC-001-Z1,E-13,employee,badge_swipe,True,2026-08-07 14:37:07
FAC-005-Z1,E-18,employee,badge_swipe,True,2026-08-07 14:52:07
FAC-004-Z3,E-31,employee,badge_swipe,True,2026-08-07 14:52:07
FAC-004-Z3,E-41,employee,badge_swipe,True,2026-08-07 14:52:07
FAC-002-Z3,E-4,employee,motion,,2026-08-07 14:52:07
FAC-002-Z2,E-21,employee,motion,,2026-08-07 14:52:07
FAC-003-Z3,E-50,employee,motion,,2026-08-07 14:52:07
FAC-001-Z2,E-45,employee,motion,,2026-08-07 14:52:07
FAC-004-Z2,E-12,employee,motion,,2026-08-07 14:52:07
FAC-005-Z2,E-17,employee,motion,,2026-08-07 14:52:07
FAC-005-Z2,E-15,employee,badge_swipe,True,2026-08-07 14:52:07
FAC-002-Z3,E-37,employee,badge_swipe,True,2026-08-07 14:52:07
FAC-004-Z1,E-43,employee,motion,,2026-08-07 14:52:07
FAC-003-Z3,E-10,employee,motion,,2026-08-07 14:52:07
FAC-002-Z2,E-30,employee,badge_swipe,True,2026-08-07 14:52:07
FAC-005-Z3,E-39,employee,badge_swipe,True,2026-08-07 14:52:07
FAC-002-Z3,V-6,visitor,motion,,2026-08-07 14:52:07
FAC-003-Z3,E-24,employee,motion,,2026-08-07 14:52:07
FAC-004-Z3,E-10,employee,badge_swipe,True,2026-08-07 14:52:07
FAC-004-Z3,E-22,employee,motion,,2026-08-07 15:07:07
FAC-005-Z1,V-9,visitor,badge_swipe,True,2026-08-07 15:07:07
FAC-003-Z2,E-41,employee,badge_swipe,True,2026-08-07 15:07:07
FAC-001-Z3,V-4,visitor,badge_swipe,True,2026-08-07 15:07:07
FAC-005-Z3,E-48,employee,badge_swipe,True,2026-08-07 15:07:07
FAC-005-Z1,E-14,employee,badge_swipe,False,2026-08-07 15:07:07
FAC-004-Z3,E-40,employee,motion,,2026-08-07 15:07:07
FAC-002-Z3,E-33,employee,badge_swipe,True,2026-08-07 15:07:07
FAC-002-Z1,E-48,employee,motion,,2026-08-07 15:07:07
FAC-002-Z3,E-10,employee,motion,,2026-08-07 15:07:07
FAC-004-Z1,E-25,employee,motion,,2026-08-07 15:07:07
FAC-004-Z3,E-20,employee,badge_swipe,True,2026-08-07 15:22:07
FAC-003-Z1,E-11,employee,badge_swipe,True,2026-08-07 15:22:07
FAC-003-Z2,E-23,employee,motion,,2026-08-07 15:22:07
FAC-001-Z3,E-32,employee,motion,,2026-08-07 15:22:07
FAC-005-Z3,E-30,employee,motion,,2026-08-07 15:22:07
FAC-001-Z1,E-42,employee,badge_swipe,True,2026-08-07 15:22:07
FAC-003-Z2,V-9,visitor,badge_swipe,True,2026-08-07 15:22:07
FAC-004-Z1,V-6,visitor,badge_swipe,True,2026-08-07 15:22:07
FAC-004-Z3,E-20,employee,badge_swipe,True,2026-08-07 15:22:07
FAC-002-Z1,E-37,employee,motion,,2026-08-07 15:22:07
FAC-005-Z2,E-12,employee,motion,,2026-08-07 15:22:07
FAC-004-Z2,E-41,employee,motion,,2026-08-07 15:22:07
FAC-001-Z1,V-1,visitor,badge_swipe,True,2026-08-07 15:22:07
FAC-004-Z1,E-12,employee,badge_swipe,True,2026-08-07 15:22:07
FAC-001-Z2,E-19,employee,badge_swipe,True,2026-08-07 15:22:07
FAC-005-Z2,E-12,employee,motion,,2026-08-07 15:22:07
FAC-003-Z1,E-37,employee,badge_swipe,True,2026-08-07 15:22:07
FAC-003-Z3,E-48,employee,badge_swipe,True,2026-08-07 15:37:07
FAC-004-Z1,E-46,employee,motion,,2026-08-07 15:37:07
FAC-005-Z3,E-32,employee,badge_swipe,True,2026-08-07 15:37:07
FAC-002-Z2,E-17,employee,motion,,2026-08-07 15:37:07
FAC-004-Z1,E-41,employee,badge_swipe,True,2026-08-07 15:37:07
FAC-003-Z2,E-33,employee,badge_swipe,False,2026-08-07 15:37:07
FAC-001-Z2,E-18,employee,badge_swipe,True,2026-08-07 15:37:07
FAC-003-Z1,E-11,employee,motion,,2026-08-07 15:37:07
FAC-004-Z2,E-27,employee,motion,,2026-08-07 15:52:07
FAC-003-Z1,E-25,employee,motion,,2026-08-07 15:52:07
FAC-002-Z3,E-27,employee,motion,,2026-08-07 15:52:07
FAC-004-Z2,E-19,employee,badge_swipe,True,2026-08-07 15:52:07
FAC-004-Z3,E-20,employee,badge_swipe,True,2026-08-07 15:52:07
FAC-002-Z3,E-32,employee,motion,,2026-08-07 15:52:07
FAC-004-Z1,E-26,employee,badge_swipe,True,2026-08-07 16:07:07
FAC-001-Z2,E-36,employee,motion,,2026-08-07 16:07:07
FAC-001-Z1,E-20,employee,motion,,2026-08-07 16:07:07
FAC-001-Z1,E-31,employee,motion,,2026-08-07 16:07:07
FAC-002-Z3,E-35,employee,badge_swipe,True,2026-08-07 16:07:07
FAC-003-Z2,E-9,employee,badge_swipe,True,2026-08-07 16:07:07
FAC-002-Z3,E-17,employee,motion,,2026-08-07 16:07:07
FAC-001-Z1,E-41,employee,badge_swipe,True,2026-08-07 16:07:07
FAC-005-Z1,E-37,employee,badge_swipe,True,2026-08-07 16:07:07
FAC-001-Z3,E-38,employee,motion,,2026-08-07 16:07:07
FAC-002-Z2,V-6,visitor,motion,,2026-08-07 16:07:07
FAC-002-Z2,E-27,employee,badge_swipe,True,2026-08-07 16:07:07
FAC-005-Z1,E-2,employee,motion,,2026-08-07 16:07:07
FAC-004-Z2,E-21,employee,motion,,2026-08-07 16:07:07
FAC-005-Z1,E-8,employee,badge_swipe,True,2026-08-07 16:07:07
FAC-003-Z2,E-2,employee,badge_swipe,True,2026-08-07 16:07:07
FAC-004-Z1,E-22,employee,badge_swipe,True,2026-08-07 16:07:07
FAC-005-Z1,E-21,employee,badge_swipe,True,2026-08-07 16:07:07
FAC-001-Z2,E-16,employee,badge_swipe,True,2026-08-07 16:07:07
FAC-004-Z1,E-2,employee,badge_swipe,True,2026-08-07 16:07:07
FAC-002-Z2,E-16,employee,badge_swipe,True,2026-08-07 16:22:07
FAC-005-Z2,E-42,employee,motion,,2026-08-07 16:22:07
FAC-001-Z1,V-8,visitor,badge_swipe,True,2026-08-07 16:22:07
FAC-004-Z2,E-22,employee,badge_swipe,True,2026-08-07 16:22:07
FAC-003-Z2,E-40,employee,motion,,2026-08-07 16:22:07
FAC-001-Z2,E-9,employee,motion,,2026-08-07 16:22:07
FAC-003-Z2,E-39,employee,badge_swipe,True,2026-08-07 16:22:07
FAC-001-Z3,E-36,employee,badge_swipe,True,2026-08-07 16:22:07
FAC-002-Z2,V-1,visitor,badge_swipe,True,2026-08-07 16:22:07
FAC-001-Z1,E-33,employee,badge_swipe,True,2026-08-07 16:22:07
FAC-004-Z1,E-12,employee,badge_swipe,True,2026-08-07 16:22:07
FAC-004-Z2,E-24,employee,badge_swipe,True,2026-08-07 16:37:07
FAC-002-Z1,E-26,employee,badge_swipe,True,2026-08-07 16:37:07
FAC-005-Z1,E-37,employee,motion,,2026-08-07 16:37:07
FAC-003-Z1,V-2,visitor,motion,,2026-08-07 16:37:07
FAC-002-Z3,E-49,employee,badge_swipe,True,2026-08-07 16:37:07
FAC-001-Z1,E-17,employee,badge_swipe,True,2026-08-07 16:37:07
FAC-001-Z3,V-8,visitor,badge_swipe,False,2026-08-07 16:37:07
FAC-003-Z3,E-34,employee,motion,,2026-08-07 16:37:07
FAC-004-Z3,E-2,employee,badge_swipe,True,2026-08-07 16:37:07
FAC-004-Z3,E-41,employee,badge_swipe,True,2026-08-07 16:37:07
FAC-005-Z1,E-32,employee,badge_swipe,True,2026-08-07 16:37:07
FAC-002-Z1,E-16,employee,badge_swipe,True,2026-08-07 16:37:07
FAC-003-Z1,E-13,employee,badge_swipe,True,2026-08-07 16:37:07
FAC-001-Z1,E-47,employee,motion,,2026-08-07 16:37:07
FAC-002-Z3,E-18,employee,motion,,2026-08-07 16:37:07
FAC-003-Z1,E-18,employee,badge_swipe,True,2026-08-07 16:37:07
FAC-001-Z1,E-19,employee,badge_swipe,True,2026-08-07 16:37:07
FAC-005-Z3,E-15,employee,badge_swipe,True,2026-08-07 16:37:07
FAC-001-Z1,E-27,employee,badge_swipe,True,2026-08-07 16:37:07
FAC-003-Z2,E-24,employee,motion,,2026-08-07 16:52:07
FAC-001-Z3,E-33,employee,motion,,2026-08-07 16:52:07
FAC-004-Z1,E-30,employee,badge_swipe,True,2026-08-07 16:52:07
FAC-004-Z2,E-10,employee,badge_swipe,True,2026-08-07 16:52:07
FAC-001-Z3,E-18,employee,badge_swipe,True,2026-08-07 16:52:07
FAC-005-Z2,E-27,employee,badge_swipe,True,2026-08-07 16:52:07
FAC-002-Z2,E-6,employee,motion,,2026-08-07 16:52:07
FAC-001-Z3,E-48,employee,badge_swipe,True,2026-08-07 16:52:07
FAC-001-Z1,V-5,visitor,badge_swipe,True,2026-08-07 16:52:07
FAC-002-Z1,E-18,employee,motion,,2026-08-07 16:52:07
FAC-005-Z2,E-8,employee,badge_swipe,True,2026-08-07 16:52:07
FAC-005-Z1,E-9,employee,motion,,2026-08-07 16:52:07
FAC-002-Z1,E-1,employee,motion,,2026-08-07 16:52:07
FAC-004-Z1,E-31,employee,motion,,2026-08-07 16:52:07
FAC-002-Z3,E-44,employee,badge_swipe,True,2026-08-07 16:52:07
FAC-004-Z3,E-43,employee,badge_swipe,True,2026-08-07 16:52:07
FAC-003-Z1,V-9,visitor,badge_swipe,True,2026-08-07 17:07:07
FAC-001-Z3,E-47,employee,motion,,2026-08-07 17:07:07
FAC-003-Z2,E-9,employee,badge_swipe,True,2026-08-07 17:07:07
FAC-003-Z2,E-45,employee,motion,,2026-08-07 17:07:07
FAC-005-Z2,V-1,visitor,motion,,2026-08-07 17:07:07
FAC-005-Z1,E-28,employee,motion,,2026-08-07 17:07:07
FAC-003-Z1,E-28,employee,badge_swipe,True,2026-08-07 17:07:07
FAC-004-Z1,E-50,employee,badge_swipe,True,2026-08-07 17:07:07
FAC-004-Z3,V-2,visitor,motion,,2026-08-07 17:22:07
FAC-002-Z2,E-50,employee,motion,,2026-08-07 17:22:07
FAC-005-Z1,E-27,employee,motion,,2026-08-07 17:22:07
FAC-003-Z1,E-28,employee,motion,,2026-08-07 17:22:07
FAC-003-Z2,E-28,employee,motion,,2026-08-07 17:22:07
FAC-005-Z2,E-48,employee,badge_swipe,True,2026-08-07 17:22:07
FAC-002-Z3,E-27,employee,badge_swipe,True,2026-08-07 17:22:07
FAC-002-Z2,V-7,visitor,badge_swipe,True,2026-08-07 17:22:07
FAC-004-Z2,E-47,employee,motion,,2026-08-07 17:22:07
FAC-004-Z1,E-16,employee,badge_swipe,True,2026-08-07 17:37:07
FAC-001-Z1,E-43,employee,motion,,2026-08-07 17:37:07
FAC-005-Z2,E-18,employee,motion,,2026-08-07 17:37:07
FAC-002-Z3,E-23,employee,badge_swipe,True,2026-08-07 17:37:07
FAC-004-Z1,V-10,visitor,motion,,2026-08-07 17:37:07
FAC-002-Z3,E-44,employee,motion,,2026-08-07 17:37:07
FAC-004-Z2,E-2,employee,motion,,2026-08-07 17:37:07
FAC-002-Z3,E-38,employee,motion,,2026-08-07 17:37:07
FAC-004-Z3,E-12,employee,motion,,2026-08-07 17:37:07
FAC-001-Z2,E-17,employee,badge_swipe,True,2026-08-07 17:37:07
FAC-005-Z2,E-37,employee,badge_swipe,True,2026-08-07 17:37:07
FAC-004-Z1,E-16,employee,motion,,2026-08-07 17:37:07
FAC-003-Z3,E-44,employee,badge_swipe,False,2026-08-07 17:37:07
FAC-001-Z1,V-7,visitor,badge_swipe,True,2026-08-07 17:37:07
FAC-003-Z2,E-18,employee,motion,,2026-08-07 17:37:07
FAC-003-Z1,E-3,employee,motion,,2026-08-07 17:37:07
FAC-003-Z1,E-42,employee,motion,,2026-08-07 17:37:07
FAC-002-Z3,E-6,employee,motion,,2026-08-07 17:37:07
FAC-004-Z3,E-45,employee,badge_swipe,True,2026-08-07 17:37:07
FAC-004-Z1,E-32,employee,motion,,2026-08-07 17:52:07
FAC-003-Z3,E-7,employee,motion,,2026-08-07 17:52:07
FAC-003-Z1,E-46,employee,motion,,2026-08-07 17:52:07
FAC-002-Z2,E-30,employee,motion,,2026-08-07 17:52:07
FAC-001-Z3,E-37,employee,motion,,2026-08-07 17:52:07
FAC-003-Z1,E-48,employee,badge_swipe,True,2026-08-07 17:52:07
FAC-004-Z1,E-42,employee,motion,,2026-08-07 17:52:07
FAC-002-Z1,E-4,employee,motion,,2026-08-07 17:52:07
FAC-005-Z2,E-28,employee,badge_swipe,True,2026-08-07 17:52:07
FAC-004-Z3,E-6,employee,badge_swipe,True,2026-08-07 17:52:07
FAC-001-Z2,E-49,employee,badge_swipe,True,2026-08-07 17:52:07
FAC-002-Z3,E-32,employee,motion,,2026-08-07 18:07:07
FAC-002-Z3,E-39,employee,motion,,2026-08-07 18:07:07
FAC-005-Z3,E-13,employee,motion,,2026-08-07 18:07:07
FAC-001-Z2,E-47,employee,badge_swipe,True,2026-08-07 18:07:07
FAC-004-Z1,E-46,employee,motion,,2026-08-07 18:07:07
FAC-001-Z2,E-47,employee,motion,,2026-08-07 18:07:07
FAC-001-Z1,E-32,employee,badge_swipe,True,2026-08-07 18:07:07
FAC-001-Z3,E-7,employee,motion,,2026-08-07 18:07:07
FAC-005-Z2,E-33,employee,badge_swipe,True,2026-08-07 18:07:07
FAC-004-Z2,V-1,visitor,badge_swipe,True,2026-08-07 18:07:07
FAC-004-Z2,E-15,employee,motion,,2026-08-07 18:07:07
FAC-002-Z3,E-42,employee,motion,,2026-08-07 18:07:07
FAC-001-Z1,E-14,employee,motion,,2026-08-07 18:07:07
FAC-004-Z2,E-31,employee,badge_swipe,True,2026-08-07 18:07:07
FAC-004-Z2,E-10,employee,badge_swipe,True,2026-08-07 18:07:07
FAC-001-Z1,E-35,employee,badge_swipe,True,2026-08-07 18:07:07
FAC-005-Z2,E-25,employee,motion,,2026-08-07 18:22:07
FAC-004-Z3,E-22,employee,badge_swipe,True,2026-08-07 18:22:07
FAC-004-Z1,V-4,visitor,motion,,2026-08-07 18:22:07
FAC-004-Z3,E-43,employee,motion,,2026-08-07 18:22:07
FAC-001-Z3,E-14,employee,badge_swipe,True,2026-08-07 18:22:07
FAC-004-Z1,E-44,employee,motion,,2026-08-07 18:22:07
FAC-005-Z1,E-29,employee,motion,,2026-08-07 18:22:07
FAC-004-Z3,E-19,employee,motion,,2026-08-07 18:22:07
FAC-005-Z1,E-33,employee,motion,,2026-08-07 18:37:07
FAC-004-Z2,E-35,employee,motion,,2026-08-07 18:37:07
FAC-005-Z2,E-38,employee,motion,,2026-08-07 18:37:07
FAC-003-Z1,E-32,employee,badge_swipe,True,2026-08-07 18:37:07
FAC-004-Z3,E-33,employee,motion,,2026-08-07 18:37:07
FAC-004-Z3,E-18,employee,motion,,2026-08-07 18:37:07
FAC-005-Z2,V-7,visitor,motion,,2026-08-07 18:37:07
FAC-003-Z1,E-15,employee,badge_swipe,True,2026-08-07 18:37:07
FAC-003-Z2,E-46,employee,motion,,2026-08-07 18:37:07
FAC-002-Z3,E-48,employee,motion,,2026-08-07 18:37:07
FAC-002-Z3,E-27,employee,badge_swipe,True,2026-08-07 18:37:07
FAC-004-Z2,E-29,employee,badge_swipe,True,2026-08-07 18:37:07
FAC-001-Z3,E-50,employee,motion,,2026-08-07 18:37:07
FAC-002-Z3,E-27,employee,motion,,2026-08-07 18:37:07
FAC-001-Z2,E-28,employee,badge_swipe,True,2026-08-07 18:37:07
FAC-001-Z1,E-46,employee,badge_swipe,True,2026-08-07 18:37:07
FAC-004-Z1,E-20,employee,badge_swipe,True,2026-08-07 18:37:07
FAC-003-Z3,E-20,employee,motion,,2026-08-07 18:37:07
FAC-005-Z2,E-22,employee,badge_swipe,True,2026-08-07 18:52:07
FAC-001-Z1,E-18,employee,badge_swipe,True,2026-08-07 18:52:07
FAC-002-Z1,E-14,employee,motion,,2026-08-07 18:52:07
FAC-001-Z3,E-42,employee,badge_swipe,True,2026-08-07 18:52:07
FAC-001-Z2,E-10,employee,badge_swipe,True,2026-08-07 18:52:07
FAC-005-Z1,V-9,visitor,motion,,2026-08-07 18:52:07
FAC-002-Z1,E-23,employee,motion,,2026-08-07 18:52:07
FAC-001-Z3,E-24,employee,badge_swipe,True,2026-08-07 18:52:07
FAC-005-Z3,E-20,employee,motion,,2026-08-07 18:52:07
FAC-005-Z2,E-32,employee,motion,,2026-08-07 18:52:07
FAC-005-Z1,E-8,employee,motion,,2026-08-07 18:52:07
FAC-003-Z3,E-7,employee,badge_swipe,True,2026-08-07 18:52:07
FAC-002-Z2,E-24,employee,motion,,2026-08-07 18:52:07
FAC-001-Z2,E-14,employee,badge_swipe,True,2026-08-07 18:52:07
FAC-004-Z3,E-38,employee,badge_swipe,True,2026-08-07 18:52:07
FAC-005-Z1,E-8,employee,badge_swipe,True,2026-08-07 18:52:07
FAC-002-Z1,E-34,employee,motion,,2026-08-07 19:07:07
FAC-004-Z1,E-18,employee,badge_swipe,True,2026-08-07 19:22:07
FAC-003-Z3,E-48,employee,badge_swipe,False,2026-08-07 19:37:07
FAC-002-Z1,E-41,employee,badge_swipe,True,2026-08-07 19:37:07
FAC-003-Z1,V-5,visitor,badge_swipe,True,2026-08-07 20:07:07
FAC-004-Z1,E-40,employee,motion,,2026-08-07 20:07:07
FAC-002-Z3,E-17,employee,motion,,2026-08-07 20:07:07
FAC-004-Z2,E-9,employee,badge_swipe,False,2026-08-07 20:22:07
FAC-005-Z1,E-2,employee,badge_swipe,True,2026-08-07 20:22:07
FAC-002-Z3,E-23,employee,badge_swipe,True,2026-08-07 20:52:07
FAC-002-Z2,E-35,employee,motion,,2026-08-07 21:07:07
FAC-004-Z1,E-41,employee,badge_swipe,False,2026-08-07 21:07:07
FAC-003-Z1,E-48,employee,badge_swipe,True,2026-08-07 21:07:07
FAC-005-Z2,E-6,employee,badge_swipe,True,2026-08-07 21:37:07
FAC-004-Z1,E-27,employee,badge_swipe,True,2026-08-07 21:37:07
FAC-002-Z2,E-38,employee,badge_swipe,True,2026-08-07 21:52:07
FAC-001-Z1,E-12,employee,badge_swipe,True,2026-08-07 22:07:07
FAC-005-Z1,E-7,employee,badge_swipe,True,2026-08-07 22:22:07
FAC-005-Z2,E-20,employee,motion,,2026-08-07 22:22:07
FAC-002-Z1,E-11,employee,badge_swipe,False,2026-08-07 22:37:07
FAC-004-Z1,E-9,employee,badge_swipe,True,2026-08-07 22:52:07
FAC-003-Z1,E-16,employee,badge_swipe,True,2026-08-07 22:52:07
FAC-005-Z3,E-40,employee,badge_swipe,True,2026-08-07 23:37:07
FAC-002-Z2,E-13,employee,badge_swipe,True,2026-08-07 23:37:07
FAC-005-Z3,V-2,visitor,motion,,2026-08-07 23:52:07
FAC-002-Z1,E-4,employee,badge_swipe,True,2026-08-07 23:52:07
FAC-003-Z1,E-37,employee,motion,,2026-08-08 00:22:07
FAC-002-Z3,V-9,visitor,badge_swipe,True,2026-08-08 00:22:07
FAC-002-Z3,V-3,visitor,badge_swipe,True,2026-08-08 00:37:07
FAC-003-Z1,E-2,employee,badge_swipe,True,2026-08-08 00:52:07
FAC-003-Z2,E-7,employee,motion,,2026-08-08 00:52:07
FAC-004-Z3,E-31,employee,motion,,2026-08-08 01:07:07
FAC-003-Z2,E-33,employee,motion,,2026-08-08 01:22:07
FAC-004-Z1,E-30,employee,motion,,2026-08-08 01:22:07
FAC-005-Z3,E-22,employee,motion,,2026-08-08 01:22:07
FAC-005-Z1,V-3,visitor,motion,,2026-08-08 01:37:07
FAC-005-Z1,E-47,employee,badge_swipe,True,2026-08-08 01:37:07
FAC-001-Z2,E-28,employee,badge_swipe,True,2026-08-08 02:07:07
FAC-002-Z1,E-14,employee,badge_swipe,True,2026-08-08 02:07:07
FAC-005-Z3,E-27,employee,badge_swipe,True,2026-08-08 02:22:07
FAC-003-Z1,V-1,visitor,badge_swipe,True,2026-08-08 02:37:07
FAC-003-Z2,E-41,employee,motion,,2026-08-08 02:52:07
FAC-002-Z3,E-4,employee,badge_swipe,True,2026-08-08 03:07:07
FAC-002-Z3,E-32,employee,badge_swipe,True,2026-08-08 03:52:07
FAC-004-Z3,E-21,employee,motion,,2026-08-08 04:07:07
FAC-002-Z3,E-7,employee,badge_swipe,True,2026-08-08 04:22:07
FAC-001-Z3,E-26,employee,motion,,2026-08-08 04:22:07
FAC-004-Z3,E-22,employee,motion,,2026-08-08 04:22:07
FAC-002-Z2,E-50,employee,badge_swipe,True,2026-08-08 04:37:07
FAC-003-Z3,V-3,visitor,motion,,2026-08-08 04:37:07
FAC-001-Z1,E-30,employee,motion,,2026-08-08 04:37:07
FAC-004-Z2,E-23,employee,badge_swipe,True,2026-08-08 04:52:07
FAC-004-Z2,E-41,employee,motion,,2026-08-08 04:52:07
FAC-004-Z2,E-14,employee,badge_swipe,True,2026-08-08 04:52:07
FAC-005-Z1,E-46,employee,badge_swipe,True,2026-08-08 05:07:07
FAC-004-Z2,E-35,employee,motion,,2026-08-08 05:07:07
FAC-003-Z3,E-47,employee,motion,,2026-08-08 05:07:07
FAC-004-Z3,E-3,employee,badge_swipe,True,2026-08-08 05:22:07
FAC-001-Z1,E-13,employee,badge_swipe,True,2026-08-08 05:37:07
FAC-004-Z1,E-50,employee,badge_swipe,True,2026-08-08 05:37:07
FAC-005-Z1,E-11,employee,badge_swipe,True,2026-08-08 05:52:07
FAC-004-Z1,E-50,employee,motion,,2026-08-08 06:07:07
FAC-004-Z1,E-36,employee,motion,,2026-08-08 06:07:07
FAC-005-Z2,E-32,employee,motion,,2026-08-08 06:22:07
FAC-002-Z3,E-22,employee,motion,,2026-08-08 06:37:07
FAC-005-Z3,V-6,visitor,badge_swipe,True,2026-08-08 07:07:07
FAC-003-Z2,V-2,visitor,badge_swipe,True,2026-08-08 07:07:07
FAC-004-Z3,V-7,visitor,motion,,2026-08-08 07:22:07
FAC-005-Z1,E-39,employee,motion,,2026-08-08 07:37:07
FAC-004-Z2,E-2,employee,motion,,2026-08-08 07:37:07
FAC-003-Z1,E-47,employee,badge_swipe,True,2026-08-08 07:52:07
FAC-003-Z2,E-42,employee,motion,,2026-08-08 07:52:07
FAC-003-Z2,E-42,employee,motion,,2026-08-08 07:52:07
FAC-001-Z2,E-3,employee,motion,,2026-08-08 08:37:07
FAC-005-Z2,E-35,employee,badge_swipe,True,2026-08-08 08:52:07
FAC-001-Z2,E-35,employee,badge_swipe,True,2026-08-08 08:52:07
FAC-002-Z3,E-18,employee,badge_swipe,True,2026-08-08 08:52:07
FAC-001-Z3,E-39,employee,motion,,2026-08-08 09:37:07
FAC-002-Z2,E-7,employee,motion,,2026-08-08 09:52:07
FAC-001-Z1,E-15,employee,badge_swipe,True,2026-08-08 09:52:07
FAC-005-Z3,E-30,employee,motion,,2026-08-08 10:07:07
FAC-003-Z1,E-47,employee,badge_swipe,True,2026-08-08 10:07:07
FAC-004-Z2,E-35,employee,motion,,2026-08-08 10:37:07
FAC-004-Z2,E-47,employee,motion,,2026-08-08 11:07:07
FAC-001-Z3,E-23,employee,motion,,2026-08-08 11:07:07
FAC-003-Z2,E-6,employee,motion,,2026-08-08 11:22:07
FAC-002-Z1,E-41,employee,badge_swipe,True,2026-08-08 11:22:07
FAC-003-Z3,E-30,employee,motion,,2026-08-08 11:22:07
FAC-005-Z1,E-42,employee,motion,,2026-08-08 11:37:07
FAC-001-Z3,E-15,employee,badge_swipe,True,2026-08-08 11:37:07
FAC-003-Z1,E-25,employee,badge_swipe,True,2026-08-08 11:52:07
FAC-002-Z3,E-31,employee,motion,,2026-08-08 11:52:07
FAC-004-Z2,E-11,employee,badge_swipe,True,2026-08-08 11:52:07
FAC-003-Z1,E-42,employee,motion,,2026-08-08 12:07:07
FAC-005-Z3,V-7,visitor,badge_swipe,True,2026-08-08 12:22:07
FAC-003-Z1,E-23,employee,badge_swipe,True,2026-08-08 12:37:07
FAC-003-Z3,E-43,employee,motion,,2026-08-08 12:52:07
FAC-002-Z1,E-16,employee,badge_swipe,True,2026-08-08 12:52:07
FAC-001-Z1,E-28,employee,badge_swipe,True,2026-08-08 12:52:07
FAC-003-Z2,E-10,employee,badge_swipe,True,2026-08-08 13:22:07
FAC-002-Z3,E-4,employee,badge_swipe,True,2026-08-08 13:22:07
FAC-005-Z2,V-7,visitor,motion,,2026-08-08 13:22:07
FAC-002-Z2,E-1,employee,motion,,2026-08-08 13:37:07
FAC-002-Z2,E-32,employee,badge_swipe,True,2026-08-08 13:52:07
FAC-005-Z2,E-2,employee,motion,,2026-08-08 13:52:07
FAC-005-Z2,E-6,employee,motion,,2026-08-08 13:52:07
FAC-001-Z3,E-20,employee,badge_swipe,True,2026-08-08 14:07:07
FAC-002-Z2,E-45,employee,motion,,2026-08-08 14:07:07
FAC-003-Z2,E-12,employee,motion,,2026-08-08 14:07:07
FAC-004-Z2,E-7,employee,motion,,2026-08-08 14:22:07
FAC-005-Z2,E-42,employee,motion,,2026-08-08 14:22:07
FAC-004-Z2,E-1,employee,badge_swipe,True,2026-08-08 14:22:07
FAC-003-Z3,E-25,employee,motion,,2026-08-08 14:37:07
FAC-001-Z2,E-5,employee,motion,,2026-08-08 14:37:07
FAC-004-Z2,E-17,employee,badge_swipe,True,2026-08-08 15:07:07
FAC-002-Z2,E-31,employee,badge_swipe,True,2026-08-08 15:07:07
FAC-002-Z3,E-2,employee,badge_swipe,True,2026-08-08 15:37:07
FAC-001-Z3,E-16,employee,badge_swipe,True,2026-08-08 16:07:07
FAC-003-Z1,E-7,employee,motion,,2026-08-08 16:07:07
FAC-005-Z1,E-41,employee,motion,,2026-08-08 16:22:07
FAC-001-Z3,V-10,visitor,motion,,2026-08-08 16:37:07
FAC-004-Z3,E-13,employee,motion,,2026-08-08 16:52:07
FAC-004-Z1,E-43,employee,badge_swipe,True,2026-08-08 17:22:07
FAC-004-Z3,E-49,employee,badge_swipe,True,2026-08-08 17:37:07
FAC-001-Z2,E-33,employee,badge_swipe,True,2026-08-08 17:52:07
FAC-003-Z3,E-25,employee,badge_swipe,True,2026-08-08 18:07:07
FAC-005-Z3,E-47,employee,motion,,2026-08-08 18:07:07
FAC-001-Z3,E-33,employee,motion,,2026-08-08 18:22:07
FAC-003-Z1,E-32,employee,motion,,2026-08-08 18:22:07
FAC-004-Z2,E-4,employee,badge_swipe,True,2026-08-08 18:22:07
FAC-003-Z3,E-36,employee,motion,,2026-08-08 18:37:07
FAC-001-Z1,E-15,employee,motion,,2026-08-08 18:37:07
FAC-003-Z3,E-35,employee,badge_swipe,True,2026-08-08 18:37:07
FAC-001-Z2,E-1,employee,motion,,2026-08-08 18:52:07
FAC-001-Z3,E-31,employee,motion,,2026-08-08 18:52:07
FAC-005-Z3,E-29,employee,badge_swipe,True,2026-08-08 19:07:07
FAC-001-Z1,E-42,employee,badge_swipe,True,2026-08-08 19:07:07
FAC-004-Z2,E-45,employee,motion,,2026-08-08 19:22:07
FAC-001-Z3,E-30,employee,motion,,2026-08-08 19:22:07
FAC-001-Z3,E-30,employee,badge_swipe,True,2026-08-08 19:37:07
FAC-003-Z2,E-39,employee,motion,,2026-08-08 19:37:07
FAC-004-Z1,V-10,visitor,motion,,2026-08-08 19:37:07
FAC-005-Z1,V-10,visitor,badge_swipe,True,2026-08-08 19:52:07
FAC-002-Z1,E-24,employee,badge_swipe,True,2026-08-08 20:07:07
FAC-004-Z3,E-32,employee,badge_swipe,True,2026-08-08 20:07:07
FAC-002-Z3,E-42,employee,badge_swipe,True,2026-08-08 20:07:07
FAC-003-Z1,E-48,employee,badge_swipe,True,2026-08-08 20:22:07
FAC-003-Z2,E-21,employee,badge_swipe,True,2026-08-08 20:22:07
FAC-001-Z1,E-31,employee,badge_swipe,True,2026-08-08 20:22:07
FAC-004-Z1,E-21,employee,motion,,2026-08-08 20:37:07
FAC-005-Z1,E-48,employee,badge_swipe,True,2026-08-08 20:37:07
FAC-002-Z3,E-36,employee,badge_swipe,True,2026-08-08 20:52:07
FAC-005-Z2,V-1,visitor,badge_swipe,True,2026-08-08 21:07:07
FAC-003-Z3,E-9,employee,motion,,2026-08-08 21:07:07
FAC-005-Z2,E-46,employee,badge_swipe,True,2026-08-08 21:22:07
FAC-001-Z1,E-38,employee,motion,,2026-08-08 21:22:07
FAC-004-Z3,E-36,employee,motion,,2026-08-08 21:22:07
FAC-002-Z3,E-8,employee,motion,,2026-08-08 21:37:07
FAC-004-Z2,V-4,visitor,badge_swipe,True,2026-08-08 21:37:07
FAC-004-Z3,E-9,employee,badge_swipe,True,2026-08-08 21:37:07
FAC-004-Z1,E-29,employee,motion,,2026-08-08 21:52:07
FAC-005-Z1,E-15,employee,motion,,2026-08-08 21:52:07
FAC-004-Z3,E-43,employee,badge_swipe,True,2026-08-08 22:07:07
FAC-001-Z3,E-16,employee,motion,,2026-08-08 22:07:07
FAC-005-Z1,E-19,employee,badge_swipe,True,2026-08-08 22:22:07
FAC-002-Z1,E-5,employee,badge_swipe,True,2026-08-08 22:37:07
FAC-005-Z2,E-4,employee,badge_swipe,True,2026-08-08 22:37:07
FAC-003-Z3,E-8,employee,badge_swipe,True,2026-08-08 23:07:07
FAC-005-Z1,E-27,employee,motion,,2026-08-08 23:07:07
FAC-002-Z2,E-37,employee,badge_swipe,False,2026-08-08 23:07:07
FAC-001-Z1,E-23,employee,badge_swipe,True,2026-08-08 23:22:07
FAC-003-Z1,E-43,employee,badge_swipe,True,2026-08-08 23:37:07
FAC-001-Z1,E-35,employee,motion,,2026-08-08 23:52:07
FAC-003-Z2,E-23,employee,motion,,2026-08-09 00:07:07
FAC-003-Z2,E-47,employee,badge_swipe,True,2026-08-09 00:07:07
FAC-001-Z3,E-47,employee,badge_swipe,True,2026-08-09 00:07:07
FAC-005-Z1,E-37,employee,badge_swipe,True,2026-08-09 00:37:07
FAC-001-Z2,E-29,employee,motion,,2026-08-09 01:22:07
FAC-002-Z1,E-9,employee,motion,,2026-08-09 01:37:07
FAC-005-Z1,E-47,employee,badge_swipe,True,2026-08-09 01:37:07
FAC-001-Z3,E-35,employee,badge_swipe,True,2026-08-09 01:37:07
FAC-005-Z2,E-20,employee,motion,,2026-08-09 01:52:07
FAC-003-Z2,E-50,employee,badge_swipe,True,2026-08-09 01:52:07
FAC-003-Z3,E-12,employee,badge_swipe,True,2026-08-09 02:22:07
FAC-002-Z1,E-17,employee,badge_swipe,True,2026-08-09 02:22:07
FAC-002-Z2,E-30,employee,motion,,2026-08-09 02:37:07
FAC-002-Z3,E-14,employee,motion,,2026-08-09 02:37:07
FAC-005-Z1,E-39,employee,motion,,2026-08-09 02:37:07
FAC-005-Z2,E-37,employee,badge_swipe,True,2026-08-09 02:52:07
FAC-005-Z2,E-20,employee,motion,,2026-08-09 02:52:07
FAC-005-Z2,E-23,employee,motion,,2026-08-09 02:52:07
FAC-004-Z2,E-32,employee,motion,,2026-08-09 03:07:07
FAC-004-Z3,E-11,employee,badge_swipe,False,2026-08-09 03:07:07
FAC-002-Z3,E-50,employee,badge_swipe,True,2026-08-09 03:37:07
FAC-004-Z2,E-42,employee,motion,,2026-08-09 03:52:07
FAC-005-Z3,V-5,visitor,motion,,2026-08-09 03:52:07
FAC-003-Z2,E-50,employee,badge_swipe,True,2026-08-09 03:52:07
FAC-001-Z2,V-8,visitor,badge_swipe,True,2026-08-09 04:07:07
FAC-003-Z2,E-50,employee,motion,,2026-08-09 04:07:07
FAC-001-Z2,E-14,employee,motion,,2026-08-09 04:07:07
FAC-005-Z1,E-35,employee,badge_swipe,True,2026-08-09 04:37:07
FAC-002-Z3,E-17,employee,motion,,2026-08-09 04:52:07
FAC-002-Z3,E-40,employee,motion,,2026-08-09 04:52:07
FAC-001-Z3,E-38,employee,motion,,2026-08-09 05:07:07
FAC-005-Z3,V-9,visitor,motion,,2026-08-09 05:22:07
FAC-002-Z2,E-49,employee,motion,,2026-08-09 05:22:07
FAC-003-Z1,E-40,employee,badge_swipe,True,2026-08-09 05:22:07
FAC-005-Z2,E-14,employee,motion,,2026-08-09 05:52:07
FAC-002-Z3,E-43,employee,badge_swipe,True,2026-08-09 06:07:07
FAC-004-Z3,E-4,employee,motion,,2026-08-09 06:22:07
FAC-004-Z3,E-31,employee,motion,,2026-08-09 06:22:07
FAC-004-Z1,E-22,employee,badge_swipe,True,2026-08-09 06:37:07
FAC-005-Z3,E-27,employee,badge_swipe,True,2026-08-09 06:52:07
FAC-002-Z1,E-4,employee,motion,,2026-08-09 06:52:07
FAC-001-Z3,E-49,employee,badge_swipe,True,2026-08-09 07:07:07
FAC-001-Z2,E-13,employee,motion,,2026-08-09 07:22:07
FAC-003-Z3,E-11,employee,badge_swipe,True,2026-08-09 07:22:07
FAC-004-Z3,E-9,employee,motion,,2026-08-09 07:37:07
FAC-001-Z3,E-13,employee,badge_swipe,False,2026-08-09 07:37:07
FAC-001-Z2,E-42,employee,badge_swipe,True,2026-08-09 07:52:07
FAC-004-Z2,E-29,employee,badge_swipe,True,2026-08-09 07:52:07
FAC-003-Z1,E-14,employee,motion,,2026-08-09 08:07:07
FAC-005-Z1,E-36,employee,motion,,2026-08-09 08:07:07
FAC-005-Z1,E-2,employee,motion,,2026-08-09 08:07:07
FAC-002-Z2,E-45,employee,badge_swipe,True,2026-08-09 08:37:07
FAC-005-Z3,V-5,visitor,badge_swipe,True,2026-08-09 08:37:07
FAC-003-Z1,E-27,employee,badge_swipe,True,2026-08-09 08:52:07
FAC-003-Z3,V-1,visitor,motion,,2026-08-09 08:52:07
FAC-001-Z3,E-42,employee,badge_swipe,True,2026-08-09 10:07:07
FAC-002-Z2,E-39,employee,motion,,2026-08-09 10:07:07
FAC-005-Z2,E-14,employee,badge_swipe,True,2026-08-09 10:22:07
FAC-003-Z1,E-38,employee,badge_swipe,True,2026-08-09 10:37:07
FAC-002-Z3,V-7,visitor,motion,,2026-08-09 10:37:07
FAC-002-Z2,E-3,employee,motion,,2026-08-09 11:22:07
FAC-004-Z1,E-34,employee,badge_swipe,True,2026-08-09 11:22:07
FAC-004-Z1,E-38,employee,badge_swipe,True,2026-08-09 11:37:07
FAC-002-Z3,E-40,employee,badge_swipe,True,2026-08-09 11:37:07
FAC-005-Z3,E-26,employee,motion,,2026-08-09 11:52:07
FAC-002-Z2,V-4,visitor,motion,,2026-08-09 11:52:07
FAC-005-Z3,E-17,employee,badge_swipe,True,2026-08-09 11:52:07
FAC-004-Z2,V-3,visitor,badge_swipe,True,2026-08-09 12:22:07
FAC-002-Z2,E-35,employee,badge_swipe,True,2026-08-09 12:37:07
FAC-004-Z2,E-18,employee,motion,,2026-08-09 12:52:07
FAC-005-Z1,E-10,employee,motion,,2026-08-09 12:52:07
FAC-004-Z3,E-49,employee,badge_swipe,False,2026-08-09 12:52:07
FAC-004-Z3,E-13,employee,badge_swipe,False,2026-08-09 13:07:07
FAC-001-Z2,E-49,employee,motion,,2026-08-09 13:07:07
FAC-003-Z1,E-45,employee,motion,,2026-08-09 13:22:07
FAC-003-Z2,E-9,employee,motion,,2026-08-09 13:22:07
FAC-005-Z2,E-33,employee,badge_swipe,True,2026-08-09 13:37:07
FAC-002-Z2,E-47,employee,badge_swipe,True,2026-08-09 13:52:07
FAC-004-Z2,E-36,employee,badge_swipe,True,2026-08-09 13:52:07
FAC-005-Z1,E-32,employee,motion,,2026-08-09 14:07:07
FAC-005-Z3,E-6,employee,badge_swipe,True,2026-08-09 14:07:07
FAC-004-Z2,E-31,employee,motion,,2026-08-09 14:07:07
FAC-004-Z1,V-5,visitor,badge_swipe,True,2026-08-09 14:22:07
FAC-002-Z1,E-40,employee,motion,,2026-08-09 14:37:07
FAC-005-Z2,E-37,employee,motion,,2026-08-09 14:37:07
FAC-001-Z1,E-1,employee,motion,,2026-08-09 14:37:07
FAC-003-Z1,E-22,employee,motion,,2026-08-09 14:52:07
FAC-004-Z2,V-4,visitor,badge_swipe,True,2026-08-09 14:52:07
FAC-001-Z3,E-32,employee,badge_swipe,True,2026-08-09 14:52:07
FAC-004-Z3,E-11,employee,badge_swipe,True,2026-08-09 15:07:07
FAC-001-Z2,E-30,employee,motion,,2026-08-09 15:37:07
FAC-001-Z2,E-18,employee,motion,,2026-08-09 15:37:07
FAC-004-Z3,E-2,employee,motion,,2026-08-09 16:22:07
FAC-004-Z2,E-48,employee,motion,,2026-08-09 16:22:07
FAC-002-Z2,E-44,employee,motion,,2026-08-09 16:37:07
FAC-003-Z2,E-12,employee,badge_swipe,True,2026-08-09 16:52:07
FAC-005-Z2,E-19,employee,motion,,2026-08-09 16:52:07
FAC-005-Z1,E-12,employee,badge_swipe,True,2026-08-09 17:07:07
FAC-002-Z2,E-3,employee,motion,,2026-08-09 17:22:07
FAC-001-Z3,E-13,employee,motion,,2026-08-09 17:22:07
FAC-004-Z3,E-29,employee,badge_swipe,False,2026-08-09 17:22:07
FAC-005-Z2,E-37,employee,badge_swipe,True,2026-08-09 17:37:07
FAC-005-Z3,E-5,employee,motion,,2026-08-09 17:37:07
FAC-001-Z2,E-8,employee,badge_swipe,True,2026-08-09 17:52:07
FAC-002-Z1,E-12,employee,motion,,2026-08-09 17:52:07
FAC-003-Z2,E-44,employee,badge_swipe,True,2026-08-09 18:07:07
FAC-003-Z2,E-20,employee,motion,,2026-08-09 18:22:07
FAC-002-Z2,E-10,employee,badge_swipe,True,2026-08-09 18:22:07
FAC-005-Z1,E-47,employee,motion,,2026-08-09 18:22:07
FAC-003-Z3,E-15,employee,badge_swipe,True,2026-08-09 18:37:07
FAC-004-Z1,V-7,visitor,badge_swipe,True,2026-08-09 18:37:07
FAC-002-Z1,E-33,employee,motion,,2026-08-09 18:37:07
FAC-003-Z3,E-43,employee,motion,,2026-08-09 18:52:07
FAC-002-Z1,E-35,employee,motion,,2026-08-09 18:52:07
FAC-001-Z3,V-6,visitor,motion,,2026-08-09 19:07:07
FAC-004-Z3,E-26,employee,badge_swipe,True,2026-08-09 19:07:07
FAC-004-Z3,E-38,employee,motion,,2026-08-09 19:22:07
FAC-001-Z3,E-9,employee,motion,,2026-08-09 19:52:07
FAC-004-Z2,V-5,visitor,badge_swipe,True,2026-08-09 20:07:07
FAC-002-Z1,E-4,employee,badge_swipe,False,2026-08-09 20:07:07
FAC-003-Z2,E-3,employee,badge_swipe,True,2026-08-09 20:22:07
FAC-001-Z3,E-48,employee,badge_swipe,True,2026-08-09 20:37:07
FAC-004-Z2,E-22,employee,motion,,2026-08-09 20:52:07
FAC-004-Z2,E-13,employee,motion,,2026-08-09 21:22:07
FAC-003-Z2,E-20,employee,badge_swipe,True,2026-08-09 21:37:07
FAC-002-Z1,E-47,employee,motion,,2026-08-09 21:52:07
FAC-003-Z1,E-18,employee,badge_swipe,True,2026-08-09 21:52:07
FAC-003-Z1,E-50,employee,motion,,2026-08-09 22:22:07
FAC-003-Z1,E-11,employee,motion,,2026-08-09 22:22:07
FAC-001-Z1,E-14,employee,badge_swipe,True,2026-08-09 22:22:07
FAC-002-Z1,V-9,visitor,motion,,2026-08-09 22:52:07
FAC-005-Z3,E-34,employee,badge_swipe,True,2026-08-09 22:52:07
FAC-002-Z2,E-44,employee,badge_swipe,True,2026-08-09 23:07:07
FAC-005-Z1,E-2,employee,motion,,2026-08-09 23:07:07
FAC-002-Z1,E-36,employee,motion,,2026-08-09 23:07:07
FAC-003-Z3,E-16,employee,motion,,2026-08-09 23:22:07
FAC-005-Z3,E-50,employee,badge_swipe,True,2026-08-09 23:22:07
FAC-001-Z3,E-10,employee,motion,,2026-08-09 23:52:07
FAC-005-Z2,E-4,employee,badge_swipe,True,2026-08-09 23:52:07
FAC-003-Z2,V-5,visitor,badge_swipe,True,2026-08-09 23:52:07
FAC-004-Z3,E-3,employee,badge_swipe,True,2026-08-10 00:22:07
FAC-003-Z3,E-12,employee,motion,,2026-08-10 00:22:07
FAC-001-Z3,E-31,employee,motion,,2026-08-10 00:37:07
FAC-004-Z2,E-10,employee,badge_swipe,True,2026-08-10 00:37:07
FAC-003-Z3,E-2,employee,badge_swipe,True,2026-08-10 00:37:07
FAC-001-Z1,V-2,visitor,badge_swipe,True,2026-08-10 00:52:07
FAC-003-Z2,E-3,employee,motion,,2026-08-10 00:52:07
FAC-002-Z3,E-9,employee,badge_swipe,True,2026-08-10 00:52:07
FAC-004-Z3,E-17,employee,motion,,2026-08-10 01:07:07
FAC-001-Z2,E-7,employee,badge_swipe,True,2026-08-10 01:07:07
FAC-001-Z2,E-7,employee,badge_swipe,True,2026-08-10 01:07:07
FAC-004-Z2,E-3,employee,badge_swipe,True,2026-08-10 01:37:07
FAC-005-Z1,E-35,employee,badge_swipe,True,2026-08-10 01:37:07
FAC-005-Z3,E-24,employee,badge_swipe,True,2026-08-10 01:52:07
FAC-004-Z2,V-6,visitor,badge_swipe,True,2026-08-10 02:22:07
FAC-005-Z3,E-20,employee,badge_swipe,True,2026-08-10 02:22:07
FAC-004-Z2,V-7,visitor,badge_swipe,True,2026-08-10 02:37:07
FAC-001-Z3,V-10,visitor,motion,,2026-08-10 02:37:07
FAC-002-Z2,E-6,employee,motion,,2026-08-10 02:37:07
FAC-004-Z1,E-28,employee,motion,,2026-08-10 02:52:07
FAC-001-Z2,E-9,employee,motion,,2026-08-10 03:22:07
FAC-001-Z1,E-37,employee,badge_swipe,True,2026-08-10 03:22:07
FAC-004-Z1,E-9,employee,motion,,2026-08-10 03:52:07
FAC-003-Z1,E-15,employee,motion,,2026-08-10 04:07:07
FAC-002-Z1,E-10,employee,badge_swipe,True,2026-08-10 04:22:07
FAC-002-Z1,E-14,employee,badge_swipe,True,2026-08-10 04:37:07
FAC-004-Z2,E-15,employee,motion,,2026-08-10 04:37:07
FAC-003-Z1,V-3,visitor,motion,,2026-08-10 04:37:07
FAC-001-Z3,E-30,employee,badge_swipe,True,2026-08-10 04:52:07
FAC-003-Z2,E-47,employee,motion,,2026-08-10 04:52:07
FAC-005-Z1,E-19,employee,motion,,2026-08-10 05:07:07
FAC-004-Z2,V-10,visitor,badge_swipe,True,2026-08-10 05:07:07
FAC-005-Z1,E-33,employee,motion,,2026-08-10 05:07:07
FAC-004-Z2,E-35,employee,badge_swipe,True,2026-08-10 05:37:07
FAC-002-Z3,E-46,employee,badge_swipe,True,2026-08-10 05:52:07
FAC-005-Z3,E-38,employee,badge_swipe,True,2026-08-10 05:52:07
FAC-005-Z1,E-11,employee,badge_swipe,True,2026-08-10 05:52:07
FAC-002-Z3,E-49,employee,motion,,2026-08-10 06:07:07
FAC-003-Z1,E-24,employee,motion,,2026-08-10 06:07:07
FAC-005-Z1,V-6,visitor,badge_swipe,False,2026-08-10 06:07:07
FAC-002-Z2,E-24,employee,motion,,2026-08-10 06:22:07
FAC-003-Z3,E-3,employee,badge_swipe,True,2026-08-10 06:22:07
FAC-004-Z1,E-31,employee,motion,,2026-08-10 06:22:07
FAC-002-Z2,E-30,employee,badge_swipe,True,2026-08-10 06:52:07
FAC-003-Z1,E-42,employee,badge_swipe,True,2026-08-10 07:07:07
FAC-003-Z1,E-44,employee,motion,,2026-08-10 07:22:07
FAC-003-Z1,E-21,employee,motion,,2026-08-10 07:22:07
FAC-001-Z3,E-1,employee,motion,,2026-08-10 07:22:07
FAC-005-Z1,V-1,visitor,motion,,2026-08-10 07:37:07
FAC-004-Z2,E-5,employee,badge_swipe,True,2026-08-10 07:37:07
FAC-003-Z2,E-39,employee,motion,,2026-08-10 07:52:07
FAC-001-Z1,E-4,employee,motion,,2026-08-10 07:52:07
FAC-005-Z2,V-9,visitor,badge_swipe,False,2026-08-10 08:07:07
FAC-005-Z2,E-19,employee,badge_swipe,True,2026-08-10 08:07:07
FAC-001-Z2,E-20,employee,badge_swipe,True,2026-08-10 08:07:07
FAC-002-Z2,E-50,employee,badge_swipe,True,2026-08-10 08:07:07
FAC-004-Z2,E-16,employee,motion,,2026-08-10 08:07:07
FAC-005-Z1,E-1,employee,motion,,2026-08-10 08:07:07
FAC-004-Z2,E-45,employee,badge_swipe,True,2026-08-10 08:07:07
FAC-002-Z2,E-46,employee,badge_swipe,True,2026-08-10 08:07:07
FAC-002-Z2,E-15,employee,badge_swipe,True,2026-08-10 08:07:07
FAC-003-Z2,E-41,employee,motion,,2026-08-10 08:07:07
FAC-005-Z1,E-5,employee,badge_swipe,True,2026-08-10 08:07:07
FAC-005-Z2,E-30,employee,badge_swipe,True,2026-08-10 08:07:07
FAC-004-Z1,E-22,employee,motion,,2026-08-10 08:07:07
FAC-005-Z1,E-26,employee,motion,,2026-08-10 08:07:07
FAC-002-Z2,E-3,employee,motion,,2026-08-10 08:07:07
FAC-003-Z3,E-7,employee,badge_swipe,True,2026-08-10 08:07:07
FAC-005-Z3,E-40,employee,motion,,2026-08-10 08:22:07
FAC-004-Z1,E-6,employee,badge_swipe,True,2026-08-10 08:22:07
FAC-004-Z1,E-50,employee,badge_swipe,True,2026-08-10 08:22:07
FAC-004-Z3,E-11,employee,motion,,2026-08-10 08:22:07
FAC-002-Z1,E-12,employee,badge_swipe,True,2026-08-10 08:22:07
FAC-003-Z2,E-24,employee,motion,,2026-08-10 08:22:07
FAC-001-Z3,E-23,employee,motion,,2026-08-10 08:22:07
FAC-002-Z1,E-46,employee,motion,,2026-08-10 08:22:07
FAC-004-Z1,E-22,employee,badge_swipe,True,2026-08-10 08:22:07
FAC-003-Z2,E-26,employee,motion,,2026-08-10 08:22:07
FAC-001-Z2,E-38,employee,motion,,2026-08-10 08:22:07
FAC-005-Z2,E-36,employee,motion,,2026-08-10 08:22:07
FAC-002-Z3,E-37,employee,badge_swipe,False,2026-08-10 08:22:07
FAC-003-Z3,E-14,employee,badge_swipe,True,2026-08-10 08:22:07
FAC-004-Z1,V-2,visitor,badge_swipe,True,2026-08-10 08:37:07
FAC-002-Z2,E-21,employee,motion,,2026-08-10 08:37:07
FAC-005-Z3,E-27,employee,badge_swipe,True,2026-08-10 08:37:07
FAC-002-Z3,E-47,employee,badge_swipe,True,2026-08-10 08:37:07
FAC-003-Z1,E-9,employee,badge_swipe,True,2026-08-10 08:37:07
FAC-004-Z3,E-14,employee,motion,,2026-08-10 08:37:07
FAC-003-Z3,E-1,employee,badge_swipe,True,2026-08-10 08:52:07
FAC-003-Z3,E-8,employee,badge_swipe,True,2026-08-10 08:52:07
FAC-002-Z1,E-18,employee,motion,,2026-08-10 08:52:07
FAC-002-Z2,E-21,employee,motion,,2026-08-10 08:52:07
FAC-005-Z2,E-13,employee,motion,,2026-08-10 08:52:07
FAC-003-Z3,E-5,employee,badge_swipe,True,2026-08-10 08:52:07
FAC-003-Z1,E-3,employee,badge_swipe,True,2026-08-10 08:52:07
FAC-005-Z2,E-25,employee,motion,,2026-08-10 08:52:07
FAC-002-Z1,E-38,employee,motion,,2026-08-10 08:52:07
FAC-001-Z3,E-22,employee,badge_swipe,True,2026-08-10 08:52:07
FAC-002-Z1,E-21,employee,badge_swipe,True,2026-08-10 08:52:07
FAC-005-Z3,E-49,employee,motion,,2026-08-10 08:52:07
FAC-005-Z3,E-50,employee,motion,,2026-08-10 08:52:07
FAC-004-Z1,E-29,employee,motion,,2026-08-10 08:52:07
FAC-003-Z1,E-29,employee,motion,,2026-08-10 08:52:07
FAC-001-Z3,E-46,employee,badge_swipe,True,2026-08-10 08:52:07
FAC-004-Z1,V-3,visitor,motion,,2026-08-10 08:52:07
FAC-005-Z3,E-22,employee,badge_swipe,True,2026-08-10 08:52:07
FAC-005-Z1,E-21,employee,motion,,2026-08-10 08:52:07
FAC-001-Z2,E-21,employee,badge_swipe,True,2026-08-10 09:07:07
FAC-004-Z2,E-40,employee,badge_swipe,True,2026-08-10 09:07:07
FAC-001-Z1,E-41,employee,badge_swipe,True,2026-08-10 09:07:07
FAC-001-Z1,E-13,employee,motion,,2026-08-10 09:07:07
FAC-002-Z3,E-26,employee,badge_swipe,True,2026-08-10 09:07:07
FAC-002-Z2,E-5,employee,motion,,2026-08-10 09:07:07
FAC-002-Z2,E-45,employee,motion,,2026-08-10 09:07:07
FAC-004-Z1,E-37,employee,motion,,2026-08-10 09:07:07
FAC-004-Z3,E-29,employee,motion,,2026-08-10 09:07:07
FAC-003-Z2,E-42,employee,badge_swipe,True,2026-08-10 09:07:07
FAC-005-Z3,V-10,visitor,badge_swipe,True,2026-08-10 09:07:07
FAC-005-Z1,E-24,employee,motion,,2026-08-10 09:07:07
FAC-001-Z2,E-4,employee,badge_swipe,True,2026-08-10 09:07:07
FAC-002-Z1,E-27,employee,badge_swipe,True,2026-08-10 09:22:07
FAC-002-Z1,E-45,employee,motion,,2026-08-10 09:22:07
FAC-004-Z3,E-27,employee,badge_swipe,True,2026-08-10 09:22:07
FAC-004-Z1,E-19,employee,badge_swipe,True,2026-08-10 09:22:07
FAC-001-Z2,E-25,employee,badge_swipe,True,2026-08-10 09:22:07
FAC-005-Z1,E-45,employee,motion,,2026-08-10 09:22:07
FAC-004-Z1,E-23,employee,motion,,2026-08-10 09:22:07
FAC-005-Z3,E-39,employee,badge_swipe,True,2026-08-10 09:22:07
FAC-003-Z2,E-47,employee,badge_swipe,False,2026-08-10 09:22:07
FAC-003-Z3,E-11,employee,badge_swipe,True,2026-08-10 09:22:07
FAC-002-Z2,E-42,employee,motion,,2026-08-10 09:22:07
FAC-004-Z3,E-3,employee,motion,,2026-08-10 09:22:07
FAC-002-Z1,E-46,employee,motion,,2026-08-10 09:22:07
FAC-005-Z2,E-40,employee,badge_swipe,True,2026-08-10 09:37:07
FAC-001-Z3,E-16,employee,badge_swipe,True,2026-08-10 09:37:07
FAC-003-Z2,V-8,visitor,badge_swipe,True,2026-08-10 09:37:07
FAC-003-Z1,E-3,employee,badge_swipe,True,2026-08-10 09:37:07
FAC-003-Z2,E-18,employee,motion,,2026-08-10 09:37:07
FAC-004-Z3,V-8,visitor,motion,,2026-08-10 09:37:07
FAC-004-Z1,E-32,employee,badge_swipe,True,2026-08-10 09:37:07
FAC-002-Z2,V-8,visitor,motion,,2026-08-10 09:37:07
FAC-002-Z1,V-4,visitor,badge_swipe,True,2026-08-10 09:37:07
FAC-005-Z1,E-43,employee,motion,,2026-08-10 09:52:07
FAC-004-Z1,E-46,employee,badge_swipe,True,2026-08-10 09:52:07
FAC-002-Z2,V-7,visitor,motion,,2026-08-10 09:52:07
FAC-005-Z2,E-26,employee,badge_swipe,True,2026-08-10 09:52:07
FAC-004-Z1,V-4,visitor,badge_swipe,True,2026-08-10 09:52:07
FAC-002-Z3,E-2,employee,motion,,2026-08-10 09:52:07
FAC-004-Z2,E-41,employee,badge_swipe,True,2026-08-10 09:52:07
FAC-002-Z3,E-21,employee,motion,,2026-08-10 09:52:07
FAC-001-Z1,E-1,employee,motion,,2026-08-10 09:52:07
FAC-005-Z3,E-10,employee,motion,,2026-08-10 09:52:07
FAC-003-Z2,E-33,employee,motion,,2026-08-10 09:52:07
FAC-003-Z2,E-34,employee,badge_swipe,True,2026-08-10 09:52:07
FAC-001-Z1,E-15,employee,motion,,2026-08-10 09:52:07
FAC-001-Z1,E-24,employee,motion,,2026-08-10 09:52:07
FAC-003-Z2,E-46,employee,badge_swipe,True,2026-08-10 09:52:07
FAC-003-Z3,E-22,employee,badge_swipe,True,2026-08-10 09:52:07
FAC-002-Z3,E-39,employee,badge_swipe,True,2026-08-10 09:52:07
FAC-002-Z3,V-1,visitor,motion,,2026-08-10 09:52:07
FAC-002-Z1,E-18,employee,motion,,2026-08-10 10:07:07
FAC-004-Z1,E-25,employee,badge_swipe,True,2026-08-10 10:07:07
FAC-003-Z1,V-7,visitor,motion,,2026-08-10 10:07:07
FAC-003-Z1,E-12,employee,motion,,2026-08-10 10:07:07
FAC-004-Z1,E-47,employee,badge_swipe,True,2026-08-10 10:07:07
FAC-001-Z1,E-34,employee,motion,,2026-08-10 10:07:07
FAC-002-Z2,E-12,employee,badge_swipe,True,2026-08-10 10:07:07
FAC-002-Z2,E-13,employee,badge_swipe,True,2026-08-10 10:07:07
FAC-003-Z2,V-5,visitor,badge_swipe,True,2026-08-10 10:07:07
FAC-003-Z3,E-31,employee,badge_swipe,True,2026-08-10 10:22:07
FAC-004-Z1,E-49,employee,motion,,2026-08-10 10:22:07
FAC-004-Z3,E-10,employee,badge_swipe,True,2026-08-10 10:22:07
FAC-002-Z3,E-18,employee,motion,,2026-08-10 10:22:07
FAC-004-Z2,E-28,employee,motion,,2026-08-10 10:22:07
FAC-005-Z1,V-9,visitor,motion,,2026-08-10 10:22:07
FAC-004-Z3,E-7,employee,badge_swipe,True,2026-08-10 10:22:07
FAC-003-Z1,E-39,employee,badge_swipe,True,2026-08-10 10:22:07
FAC-005-Z3,E-39,employee,motion,,2026-08-10 10:22:07
FAC-004-Z1,E-25,employee,motion,,2026-08-10 10:22:07
FAC-005-Z3,V-10,visitor,motion,,2026-08-10 10:22:07
FAC-004-Z2,E-39,employee,badge_swipe,True,2026-08-10 10:37:07
FAC-003-Z2,E-29,employee,badge_swipe,True,2026-08-10 10:37:07
FAC-002-Z2,E-23,employee,badge_swipe,True,2026-08-10 10:37:07
FAC-005-Z2,V-3,visitor,motion,,2026-08-10 10:37:07
FAC-001-Z3,E-20,employee,motion,,2026-08-10 10:37:07
FAC-002-Z3,E-6,employee,motion,,2026-08-10 10:52:07
FAC-004-Z3,E-12,employee,motion,,2026-08-10 10:52:07
FAC-004-Z3,E-8,employee,motion,,2026-08-10 10:52:07
FAC-001-Z3,E-34,employee,motion,,2026-08-10 10:52:07
FAC-003-Z3,E-10,employee,badge_swipe,True,2026-08-10 10:52:07
FAC-003-Z2,V-8,visitor,motion,,2026-08-10 10:52:07
FAC-005-Z1,E-24,employee,motion,,2026-08-10 10:52:07
FAC-002-Z1,E-25,employee,motion,,2026-08-10 10:52:07
FAC-002-Z2,E-19,employee,badge_swipe,True,2026-08-10 10:52:07
FAC-001-Z2,E-30,employee,badge_swipe,True,2026-08-10 10:52:07
FAC-004-Z1,E-9,employee,badge_swipe,True,2026-08-10 10:52:07
FAC-005-Z2,E-41,employee,badge_swipe,True,2026-08-10 11:07:07
FAC-001-Z2,E-20,employee,motion,,2026-08-10 11:07:07
FAC-001-Z2,E-8,employee,badge_swipe,True,2026-08-10 11:07:07
FAC-005-Z3,E-26,employee,badge_swipe,True,2026-08-10 11:07:07
FAC-002-Z2,E-21,employee,badge_swipe,True,2026-08-10 11:07:07
FAC-005-Z3,E-19,employee,motion,,2026-08-10 11:07:07
FAC-001-Z3,E-44,employee,badge_swipe,True,2026-08-10 11:07:07
FAC-003-Z1,E-12,employee,badge_swipe,True,2026-08-10 11:07:07
FAC-004-Z1,E-48,employee,badge_swipe,True,2026-08-10 11:22:07
FAC-004-Z2,E-11,employee,badge_swipe,True,2026-08-10 11:22:07
FAC-004-Z2,E-44,employee,motion,,2026-08-10 11:22:07
FAC-002-Z3,V-7,visitor,motion,,2026-08-10 11:22:07
FAC-002-Z2,E-38,employee,motion,,2026-08-10 11:22:07
FAC-003-Z3,E-2,employee,badge_swipe,True,2026-08-10 11:37:07
FAC-005-Z3,E-46,employee,badge_swipe,True,2026-08-10 11:37:07
FAC-004-Z3,E-29,employee,motion,,2026-08-10 11:37:07
FAC-002-Z3,E-22,employee,motion,,2026-08-10 11:37:07
FAC-005-Z1,E-42,employee,motion,,2026-08-10 11:37:07
FAC-004-Z2,V-1,visitor,badge_swipe,True,2026-08-10 11:37:07
FAC-005-Z3,E-42,employee,badge_swipe,True,2026-08-10 11:37:07
FAC-003-Z2,E-42,employee,motion,,2026-08-10 11:37:07
FAC-002-Z3,E-23,employee,motion,,2026-08-10 11:37:07
FAC-002-Z3,E-24,employee,motion,,2026-08-10 11:37:07
FAC-002-Z1,E-45,employee,motion,,2026-08-10 11:37:07
FAC-003-Z1,E-37,employee,badge_swipe,True,2026-08-10 11:52:07
FAC-004-Z1,V-8,visitor,motion,,2026-08-10 11:52:07
FAC-005-Z1,E-2,employee,motion,,2026-08-10 11:52:07
FAC-004-Z3,E-33,employee,badge_swipe,True,2026-08-10 11:52:07
FAC-001-Z1,V-6,visitor,badge_swipe,True,2026-08-10 11:52:07
FAC-001-Z2,E-41,employee,badge_swipe,False,2026-08-10 11:52:07
FAC-001-Z2,E-23,employee,motion,,2026-08-10 11:52:07
FAC-003-Z2,E-42,employee,badge_swipe,True,2026-08-10 11:52:07
FAC-003-Z2,E-27,employee,badge_swipe,True,2026-08-10 11:52:07
FAC-003-Z1,E-1,employee,motion,,2026-08-10 11:52:07
FAC-005-Z1,E-4,employee,motion,,2026-08-10 12:07:07
FAC-005-Z2,E-47,employee,badge_swipe,True,2026-08-10 12:07:07
FAC-005-Z3,E-7,employee,motion,,2026-08-10 12:07:07
FAC-004-Z1,E-18,employee,motion,,2026-08-10 12:07:07
FAC-004-Z2,E-18,employee,badge_swipe,True,2026-08-10 12:07:07
FAC-005-Z2,E-30,employee,motion,,2026-08-10 12:07:07
FAC-001-Z1,E-13,employee,motion,,2026-08-10 12:07:07
FAC-004-Z3,E-29,employee,badge_swipe,True,2026-08-10 12:07:07
FAC-005-Z1,E-26,employee,motion,,2026-08-10 12:07:07
FAC-003-Z2,E-39,employee,badge_swipe,True,2026-08-10 12:07:07
FAC-005-Z2,E-20,employee,motion,,2026-08-10 12:07:07
FAC-005-Z2,E-30,employee,badge_swipe,True,2026-08-10 12:07:07
FAC-003-Z2,E-14,employee,badge_swipe,True,2026-08-10 12:07:07
FAC-003-Z2,E-42,employee,motion,,2026-08-10 12:07:07
FAC-005-Z3,E-32,employee,badge_swipe,True,2026-08-10 12:07:07
FAC-005-Z3,E-30,employee,motion,,2026-08-10 12:07:07
FAC-001-Z2,E-4,employee,badge_swipe,True,2026-08-10 12:07:07
FAC-005-Z3,E-46,employee,motion,,2026-08-10 12:07:07
FAC-005-Z3,E-15,employee,badge_swipe,True,2026-08-10 12:07:07
FAC-001-Z2,E-48,employee,motion,,2026-08-10 12:07:07
FAC-005-Z2,E-30,employee,motion,,2026-08-10 12:22:07
FAC-001-Z1,E-43,employee,badge_swipe,True,2026-08-10 12:22:07
FAC-001-Z1,E-48,employee,motion,,2026-08-10 12:22:07
FAC-005-Z1,E-21,employee,badge_swipe,True,2026-08-10 12:22:07
FAC-002-Z1,E-11,employee,motion,,2026-08-10 12:22:07
FAC-005-Z2,E-33,employee,badge_swipe,True,2026-08-10 12:22:07
FAC-001-Z3,E-35,employee,motion,,2026-08-10 12:22:07
FAC-002-Z2,E-10,employee,motion,,2026-08-10 12:37:07
FAC-004-Z3,E-47,employee,badge_swipe,True,2026-08-10 12:37:07
FAC-001-Z1,E-15,employee,motion,,2026-08-10 12:37:07
FAC-001-Z2,E-3,employee,badge_swipe,True,2026-08-10 12:37:07
FAC-002-Z3,E-20,employee,motion,,2026-08-10 12:37:07
FAC-001-Z1,E-50,employee,badge_swipe,True,2026-08-10 12:52:07
FAC-004-Z2,E-46,employee,motion,,2026-08-10 12:52:07
FAC-004-Z2,E-25,employee,motion,,2026-08-10 12:52:07
FAC-002-Z1,E-50,employee,motion,,2026-08-10 12:52:07
FAC-001-Z3,E-36,employee,motion,,2026-08-10 12:52:07
FAC-005-Z3,E-36,employee,motion,,2026-08-10 12:52:07
FAC-005-Z3,E-43,employee,badge_swipe,True,2026-08-10 12:52:07
FAC-005-Z1,E-29,employee,badge_swipe,True,2026-08-10 12:52:07
FAC-003-Z3,E-45,employee,badge_swipe,True,2026-08-10 12:52:07
FAC-005-Z2,E-16,employee,motion,,2026-08-10 12:52:07
FAC-005-Z2,E-11,employee,badge_swipe,True,2026-08-10 12:52:07
FAC-002-Z3,E-1,employee,motion,,2026-08-10 13:07:07
FAC-003-Z3,E-40,employee,badge_swipe,True,2026-08-10 13:07:07
FAC-003-Z2,E-37,employee,badge_swipe,True,2026-08-10 13:07:07
FAC-002-Z3,E-12,employee,motion,,2026-08-10 13:07:07
FAC-005-Z2,E-28,employee,badge_swipe,True,2026-08-10 13:07:07
FAC-002-Z2,E-39,employee,motion,,2026-08-10 13:07:07
FAC-003-Z2,E-46,employee,motion,,2026-08-10 13:07:07
FAC-003-Z2,E-37,employee,motion,,2026-08-10 13:07:07
FAC-002-Z1,E-38,employee,motion,,2026-08-10 13:07:07
FAC-003-Z1,E-11,employee,badge_swipe,True,2026-08-10 13:07:07
FAC-005-Z1,E-31,employee,motion,,2026-08-10 13:07:07
FAC-004-Z3,E-12,employee,badge_swipe,True,2026-08-10 13:07:07
FAC-003-Z2,E-1,employee,badge_swipe,True,2026-08-10 13:07:07
FAC-003-Z2,E-34,employee,motion,,2026-08-10 13:07:07
FAC-002-Z2,E-5,employee,badge_swipe,True,2026-08-10 13:07:07
FAC-005-Z2,V-2,visitor,motion,,2026-08-10 13:07:07
FAC-004-Z3,E-50,employee,motion,,2026-08-10 13:07:07
FAC-004-Z1,E-19,employee,motion,,2026-08-10 13:07:07
FAC-002-Z1,E-36,employee,motion,,2026-08-10 13:07:07
FAC-004-Z2,E-43,employee,badge_swipe,True,2026-08-10 13:22:07
FAC-003-Z3,E-23,employee,badge_swipe,True,2026-08-10 13:22:07
FAC-003-Z2,E-12,employee,motion,,2026-08-10 13:22:07
FAC-005-Z2,E-8,employee,motion,,2026-08-10 13:22:07
FAC-003-Z3,E-28,employee,badge_swipe,True,2026-08-10 13:22:07
FAC-001-Z2,E-3,employee,badge_swipe,True,2026-08-10 13:22:07
FAC-003-Z2,E-16,employee,motion,,2026-08-10 13:22:07
FAC-005-Z3,V-3,visitor,badge_swipe,True,2026-08-10 13:37:07
FAC-005-Z3,E-33,employee,motion,,2026-08-10 13:37:07
FAC-005-Z1,E-17,employee,badge_swipe,True,2026-08-10 13:37:07
FAC-001-Z2,E-24,employee,badge_swipe,True,2026-08-10 13:37:07
FAC-002-Z2,E-38,employee,badge_swipe,True,2026-08-10 13:37:07
FAC-002-Z3,E-42,employee,motion,,2026-08-10 13:37:07
FAC-005-Z1,E-23,employee,motion,,2026-08-10 13:37:07
FAC-001-Z1,E-34,employee,badge_swipe,False,2026-08-10 13:37:07
FAC-003-Z2,E-47,employee,motion,,2026-08-10 13:37:07
FAC-001-Z1,E-23,employee,badge_swipe,True,2026-08-10 13:37:07
FAC-004-Z3,E-3,employee,badge_swipe,True,2026-08-10 13:37:07
FAC-002-Z2,E-29,employee,badge_swipe,True,2026-08-10 13:37:07
FAC-005-Z2,E-24,employee,motion,,2026-08-10 13:37:07
FAC-004-Z3,E-18,employee,badge_swipe,True,2026-08-10 13:37:07
FAC-004-Z2,E-36,employee,motion,,2026-08-10 13:37:07
FAC-002-Z3,E-42,employee,motion,,2026-08-10 13:37:07
FAC-001-Z3,E-16,employee,motion,,2026-08-10 13:37:07
FAC-001-Z2,E-42,employee,motion,,2026-08-10 13:37:07
FAC-005-Z3,V-2,visitor,motion,,2026-08-10 13:52:07
FAC-002-Z2,E-20,employee,motion,,2026-08-10 13:52:07
FAC-005-Z2,E-50,employee,motion,,2026-08-10 13:52:07
FAC-001-Z1,E-22,employee,motion,,2026-08-10 13:52:07
FAC-004-Z1,E-25,employee,motion,,2026-08-10 13:52:07
FAC-005-Z2,E-6,employee,motion,,2026-08-10 13:52:07
FAC-003-Z1,E-25,employee,badge_swipe,True,2026-08-10 13:52:07
FAC-001-Z1,E-28,employee,badge_swipe,True,2026-08-10 13:52:07
FAC-003-Z2,E-41,employee,motion,,2026-08-10 13:52:07
FAC-001-Z3,E-20,employee,motion,,2026-08-10 13:52:07
FAC-004-Z2,E-21,employee,motion,,2026-08-10 13:52:07
FAC-003-Z3,E-26,employee,badge_swipe,True,2026-08-10 13:52:07
FAC-001-Z3,E-10,employee,motion,,2026-08-10 13:52:07
FAC-004-Z2,E-23,employee,motion,,2026-08-10 13:52:07
FAC-005-Z2,E-42,employee,motion,,2026-08-10 13:52:07
FAC-004-Z2,E-14,employee,badge_swipe,True,2026-08-10 13:52:07
FAC-001-Z3,E-24,employee,badge_swipe,True,2026-08-10 14:07:07
FAC-002-Z2,E-50,employee,badge_swipe,True,2026-08-10 14:07:07
FAC-003-Z2,E-10,employee,badge_swipe,True,2026-08-10 14:07:07
FAC-004-Z3,E-14,employee,badge_swipe,True,2026-08-10 14:07:07
FAC-003-Z2,E-48,employee,motion,,2026-08-10 14:07:07
FAC-003-Z3,E-37,employee,motion,,2026-08-10 14:07:07
FAC-005-Z1,E-33,employee,motion,,2026-08-10 14:07:07
FAC-005-Z3,E-10,employee,badge_swipe,True,2026-08-10 14:07:07
FAC-002-Z3,E-13,employee,motion,,2026-08-10 14:22:07
FAC-001-Z2,E-25,employee,motion,,2026-08-10 14:22:07
FAC-003-Z2,E-10,employee,badge_swipe,True,2026-08-10 14:22:07
FAC-005-Z1,E-30,employee,badge_swipe,True,2026-08-10 14:22:07
FAC-005-Z3,V-6,visitor,badge_swipe,True,2026-08-10 14:22:07
FAC-004-Z1,E-16,employee,badge_swipe,False,2026-08-10 14:22:07
FAC-003-Z3,E-47,employee,motion,,2026-08-10 14:22:07
FAC-003-Z3,E-47,employee,motion,,2026-08-10 14:22:07
FAC-003-Z2,E-49,employee,motion,,2026-08-10 14:22:07
FAC-003-Z2,E-1,employee,badge_swipe,True,2026-08-10 14:22:07
FAC-003-Z2,V-4,visitor,badge_swipe,True,2026-08-10 14:22:07
FAC-004-Z2,E-32,employee,badge_swipe,True,2026-08-10 14:22:07
FAC-001-Z3,E-44,employee,badge_swipe,True,2026-08-10 14:22:07
FAC-005-Z3,E-31,employee,badge_swipe,True,2026-08-10 14:37:07
FAC-002-Z1,E-45,employee,badge_swipe,True,2026-08-10 14:37:07
FAC-005-Z1,E-32,employee,motion,,2026-08-10 14:37:07
FAC-002-Z3,E-25,employee,badge_swipe,True,2026-08-10 14:37:07
FAC-003-Z2,V-4,visitor,motion,,2026-08-10 14:37:07
FAC-003-Z2,E-37,employee,motion,,2026-08-10 14:37:07
FAC-004-Z1,V-9,visitor,badge_swipe,True,2026-08-10 14:37:07
FAC-005-Z3,E-14,employee,badge_swipe,True,2026-08-10 14:37:07
FAC-004-Z2,E-12,employee,badge_swipe,True,2026-08-10 14:37:07
FAC-005-Z3,E-47,employee,motion,,2026-08-10 14:37:07
FAC-005-Z1,E-34,employee,badge_swipe,True,2026-08-10 14:37:07
FAC-002-Z2,E-3,employee,badge_swipe,True,2026-08-10 14:37:07
FAC-003-Z1,E-31,employee,motion,,2026-08-10 14:52:07
FAC-004-Z3,E-41,employee,motion,,2026-08-10 14:52:07
FAC-002-Z2,E-19,employee,badge_swipe,True,2026-08-10 14:52:07
FAC-004-Z1,E-13,employee,motion,,2026-08-10 14:52:07
FAC-003-Z3,E-1,employee,motion,,2026-08-10 14:52:07
FAC-003-Z1,E-2,employee,badge_swipe,True,2026-08-10 14:52:07
FAC-005-Z3,E-25,employee,badge_swipe,True,2026-08-10 14:52:07
FAC-003-Z1,E-39,employee,badge_swipe,True,2026-08-10 14:52:07
FAC-002-Z3,E-8,employee,motion,,2026-08-10 14:52:07
FAC-004-Z2,E-44,employee,badge_swipe,True,2026-08-10 14:52:07
FAC-005-Z2,E-21,employee,badge_swipe,True,2026-08-10 14:52:07
FAC-001-Z2,E-32,employee,badge_swipe,True,2026-08-10 14:52:07
FAC-003-Z2,E-18,employee,badge_swipe,True,2026-08-10 14:52:07
FAC-002-Z2,E-31,employee,badge_swipe,True,2026-08-10 14:52:07
FAC-001-Z2,E-12,employee,motion,,2026-08-10 14:52:07
FAC-003-Z1,E-41,employee,motion,,2026-08-10 14:52:07
FAC-005-Z2,V-10,visitor,badge_swipe,True,2026-08-10 14:52:07
FAC-005-Z3,E-27,employee,badge_swipe,True,2026-08-10 14:52:07
FAC-004-Z1,E-6,employee,motion,,2026-08-10 14:52:07
FAC-003-Z2,E-23,employee,badge_swipe,True,2026-08-10 14:52:07
FAC-003-Z1,E-2,employee,badge_swipe,True,2026-08-10 15:07:07
FAC-004-Z2,E-44,employee,motion,,2026-08-10 15:07:07
FAC-002-Z3,E-7,employee,badge_swipe,True,2026-08-10 15:07:07
FAC-003-Z2,E-37,employee,motion,,2026-08-10 15:07:07
FAC-002-Z2,E-38,employee,motion,,2026-08-10 15:07:07
FAC-002-Z1,E-22,employee,motion,,2026-08-10 15:07:07
FAC-005-Z2,E-17,employee,badge_swipe,True,2026-08-10 15:07:07
FAC-005-Z1,E-2,employee,motion,,2026-08-10 15:07:07
FAC-002-Z1,E-42,employee,motion,,2026-08-10 15:22:07
FAC-001-Z1,E-10,employee,badge_swipe,True,2026-08-10 15:22:07
FAC-002-Z2,E-46,employee,motion,,2026-08-10 15:22:07
FAC-001-Z3,E-9,employee,badge_swipe,True,2026-08-10 15:22:07
FAC-001-Z3,V-5,visitor,badge_swipe,True,2026-08-10 15:22:07
FAC-002-Z1,E-20,employee,motion,,2026-08-10 15:22:07
FAC-003-Z3,E-11,employee,motion,,2026-08-10 15:22:07
FAC-001-Z3,E-38,employee,motion,,2026-08-10 15:22:07
FAC-002-Z3,E-1,employee,motion,,2026-08-10 15:37:07
FAC-002-Z1,E-41,employee,badge_swipe,True,2026-08-10 15:37:07
FAC-002-Z3,E-15,employee,motion,,2026-08-10 15:37:07
FAC-005-Z2,E-11,employee,badge_swipe,True,2026-08-10 15:37:07
FAC-004-Z1,E-19,employee,badge_swipe,True,2026-08-10 15:37:07
FAC-005-Z3,V-6,visitor,badge_swipe,True,2026-08-10 15:37:07
FAC-004-Z1,E-38,employee,motion,,2026-08-10 15:37:07
FAC-003-Z1,E-11,employee,motion,,2026-08-10 15:37:07
FAC-004-Z3,E-43,employee,badge_swipe,True,2026-08-10 15:37:07
FAC-001-Z1,E-24,employee,motion,,2026-08-10 15:37:07
FAC-005-Z3,V-6,visitor,motion,,2026-08-10 15:37:07
FAC-001-Z3,E-18,employee,motion,,2026-08-10 15:37:07
FAC-001-Z3,E-20,employee,badge_swipe,True,2026-08-10 15:37:07
FAC-001-Z1,E-44,employee,badge_swipe,True,2026-08-10 15:52:07
FAC-002-Z1,E-29,employee,motion,,2026-08-10 15:52:07
FAC-005-Z1,E-1,employee,motion,,2026-08-10 15:52:07
FAC-003-Z1,E-24,employee,badge_swipe,True,2026-08-10 15:52:07
FAC-001-Z3,E-23,employee,motion,,2026-08-10 15:52:07
FAC-004-Z1,E-27,employee,badge_swipe,True,2026-08-10 15:52:07
FAC-004-Z3,E-45,employee,motion,,2026-08-10 15:52:07
FAC-001-Z1,E-37,employee,motion,,2026-08-10 15:52:07
FAC-002-Z3,E-18,employee,motion,,2026-08-10 15:52:07
FAC-004-Z1,E-36,employee,motion,,2026-08-10 15:52:07
FAC-001-Z1,E-35,employee,motion,,2026-08-10 15:52:07
FAC-004-Z3,E-45,employee,badge_swipe,True,2026-08-10 15:52:07
FAC-001-Z3,E-17,employee,motion,,2026-08-10 15:52:07
FAC-002-Z2,E-49,employee,motion,,2026-08-10 15:52:07
FAC-003-Z2,E-50,employee,motion,,2026-08-10 15:52:07
FAC-002-Z2,E-8,employee,badge_swipe,True,2026-08-10 15:52:07
FAC-003-Z2,E-25,employee,motion,,2026-08-10 15:52:07
FAC-005-Z3,E-20,employee,motion,,2026-08-10 15:52:07
FAC-003-Z3,E-14,employee,motion,,2026-08-10 15:52:07
FAC-004-Z2,E-3,employee,motion,,2026-08-10 16:07:07
FAC-002-Z3,E-3,employee,badge_swipe,True,2026-08-10 16:07:07
FAC-003-Z3,E-42,employee,badge_swipe,True,2026-08-10 16:07:07
FAC-001-Z2,E-36,employee,motion,,2026-08-10 16:07:07
FAC-001-Z2,E-3,employee,badge_swipe,True,2026-08-10 16:07:07
FAC-003-Z2,E-41,employee,badge_swipe,True,2026-08-10 16:07:07
FAC-001-Z3,E-15,employee,badge_swipe,True,2026-08-10 16:07:07
FAC-001-Z2,E-30,employee,motion,,2026-08-10 16:07:07
FAC-003-Z1,E-33,employee,motion,,2026-08-10 16:07:07
FAC-001-Z1,V-7,visitor,badge_swipe,True,2026-08-10 16:07:07
FAC-005-Z1,E-10,employee,motion,,2026-08-10 16:07:07
FAC-004-Z3,V-4,visitor,motion,,2026-08-10 16:07:07
FAC-001-Z3,E-43,employee,badge_swipe,True,2026-08-10 16:07:07
FAC-002-Z2,V-2,visitor,motion,,2026-08-10 16:22:07
FAC-002-Z3,E-25,employee,motion,,2026-08-10 16:22:07
FAC-004-Z2,E-33,employee,motion,,2026-08-10 16:22:07
FAC-003-Z1,E-8,employee,motion,,2026-08-10 16:22:07
FAC-001-Z3,E-20,employee,badge_swipe,True,2026-08-10 16:22:07
FAC-004-Z1,E-42,employee,badge_swipe,True,2026-08-10 16:22:07
FAC-002-Z1,E-34,employee,motion,,2026-08-10 16:22:07
FAC-004-Z2,E-25,employee,motion,,2026-08-10 16:22:07
FAC-003-Z1,E-45,employee,badge_swipe,True,2026-08-10 16:22:07
FAC-005-Z3,E-47,employee,motion,,2026-08-10 16:22:07
FAC-003-Z2,E-37,employee,badge_swipe,True,2026-08-10 16:22:07
FAC-001-Z2,E-49,employee,motion,,2026-08-10 16:22:07
FAC-005-Z1,E-32,employee,motion,,2026-08-10 16:22:07
FAC-004-Z1,E-44,employee,motion,,2026-08-10 16:22:07
FAC-003-Z2,E-8,employee,badge_swipe,True,2026-08-10 16:22:07
FAC-003-Z2,E-17,employee,badge_swipe,True,2026-08-10 16:22:07
FAC-004-Z1,E-8,employee,badge_swipe,True,2026-08-10 16:22:07
FAC-001-Z1,E-16,employee,badge_swipe,True,2026-08-10 16:22:07
FAC-005-Z2,E-44,employee,motion,,2026-08-10 16:22:07
FAC-002-Z1,E-25,employee,motion,,2026-08-10 16:37:07
FAC-004-Z1,E-17,employee,motion,,2026-08-10 16:37:07
FAC-002-Z3,E-14,employee,motion,,2026-08-10 16:37:07
FAC-005-Z3,E-27,employee,motion,,2026-08-10 16:37:07
FAC-002-Z1,E-10,employee,motion,,2026-08-10 16:37:07
FAC-005-Z3,E-42,employee,motion,,2026-08-10 16:37:07
FAC-001-Z1,E-43,employee,motion,,2026-08-10 16:37:07
FAC-004-Z3,V-5,visitor,motion,,2026-08-10 16:37:07
FAC-004-Z2,E-29,employee,motion,,2026-08-10 16:37:07
FAC-005-Z1,E-48,employee,badge_swipe,True,2026-08-10 16:37:07
FAC-004-Z2,E-46,employee,motion,,2026-08-10 16:37:07
FAC-004-Z1,E-28,employee,motion,,2026-08-10 16:37:07
FAC-001-Z2,E-8,employee,motion,,2026-08-10 16:37:07
FAC-002-Z2,E-21,employee,badge_swipe,True,2026-08-10 16:37:07
FAC-005-Z1,E-19,employee,motion,,2026-08-10 16:37:07
FAC-004-Z3,E-2,employee,badge_swipe,True,2026-08-10 16:37:07
FAC-005-Z1,E-28,employee,badge_swipe,True,2026-08-10 16:52:07
FAC-002-Z2,E-32,employee,motion,,2026-08-10 16:52:07
FAC-003-Z3,E-37,employee,badge_swipe,True,2026-08-10 16:52:07
FAC-002-Z1,E-35,employee,motion,,2026-08-10 16:52:07
FAC-003-Z2,E-32,employee,motion,,2026-08-10 16:52:07
FAC-003-Z2,V-2,visitor,motion,,2026-08-10 16:52:07
FAC-001-Z3,V-6,visitor,badge_swipe,True,2026-08-10 16:52:07
FAC-001-Z1,E-8,employee,badge_swipe,True,2026-08-10 16:52:07
FAC-005-Z3,E-36,employee,motion,,2026-08-10 16:52:07
FAC-004-Z3,V-1,visitor,badge_swipe,True,2026-08-10 16:52:07
FAC-005-Z2,E-39,employee,badge_swipe,True,2026-08-10 16:52:07
FAC-002-Z2,E-11,employee,motion,,2026-08-10 16:52:07
FAC-004-Z2,E-46,employee,motion,,2026-08-10 16:52:07
FAC-002-Z1,E-16,employee,motion,,2026-08-10 16:52:07
FAC-002-Z2,E-49,employee,motion,,2026-08-10 16:52:07
FAC-003-Z3,E-25,employee,badge_swipe,False,2026-08-10 16:52:07
FAC-005-Z2,E-44,employee,motion,,2026-08-10 16:52:07
FAC-005-Z3,E-35,employee,badge_swipe,True,2026-08-10 17:07:07
FAC-002-Z2,E-50,employee,badge_swipe,True,2026-08-10 17:07:07
FAC-005-Z2,E-40,employee,motion,,2026-08-10 17:07:07
FAC-001-Z1,E-40,employee,badge_swipe,True,2026-08-10 17:07:07
FAC-002-Z3,E-37,employee,badge_swipe,True,2026-08-10 17:07:07
FAC-003-Z3,E-41,employee,motion,,2026-08-10 17:07:07
FAC-005-Z2,E-15,employee,motion,,2026-08-10 17:07:07
FAC-003-Z3,E-10,employee,badge_swipe,True,2026-08-10 17:07:07
FAC-005-Z2,E-18,employee,badge_swipe,True,2026-08-10 17:22:07
FAC-001-Z2,E-47,employee,badge_swipe,True,2026-08-10 17:22:07
FAC-001-Z1,E-21,employee,motion,,2026-08-10 17:22:07
FAC-005-Z1,E-11,employee,motion,,2026-08-10 17:22:07
FAC-003-Z2,V-8,visitor,motion,,2026-08-10 17:22:07
FAC-005-Z3,E-26,employee,badge_swipe,True,2026-08-10 17:22:07
FAC-003-Z2,E-2,employee,motion,,2026-08-10 17:22:07
FAC-002-Z3,V-8,visitor,badge_swipe,True,2026-08-10 17:22:07
FAC-001-Z2,E-14,employee,badge_swipe,True,2026-08-10 17:22:07
FAC-005-Z1,E-4,employee,motion,,2026-08-10 17:22:07
FAC-001-Z1,E-34,employee,badge_swipe,True,2026-08-10 17:22:07
FAC-004-Z1,E-47,employee,motion,,2026-08-10 17:22:07
FAC-005-Z1,E-20,employee,motion,,2026-08-10 17:22:07
FAC-002-Z1,E-17,employee,motion,,2026-08-10 17:22:07
FAC-005-Z3,E-44,employee,badge_swipe,True,2026-08-10 17:22:07
FAC-005-Z2,E-48,employee,badge_swipe,True,2026-08-10 17:22:07
FAC-003-Z1,E-12,employee,motion,,2026-08-10 17:37:07
FAC-002-Z1,V-5,visitor,badge_swipe,True,2026-08-10 17:37:07
FAC-005-Z1,V-9,visitor,badge_swipe,True,2026-08-10 17:37:07
FAC-002-Z3,E-29,employee,motion,,2026-08-10 17:37:07
FAC-005-Z1,E-15,employee,motion,,2026-08-10 17:37:07
FAC-002-Z3,E-6,employee,motion,,2026-08-10 17:37:07
FAC-004-Z1,E-15,employee,badge_swipe,True,2026-08-10 17:37:07
FAC-001-Z3,V-8,visitor,badge_swipe,True,2026-08-10 17:37:07
FAC-001-Z3,E-16,employee,motion,,2026-08-10 17:37:07
FAC-004-Z1,E-28,employee,motion,,2026-08-10 17:37:07
FAC-005-Z3,E-2,employee,motion,,2026-08-10 17:37:07
FAC-004-Z1,E-33,employee,motion,,2026-08-10 17:52:07
FAC-005-Z3,E-28,employee,badge_swipe,True,2026-08-10 17:52:07
FAC-003-Z2,E-26,employee,badge_swipe,True,2026-08-10 17:52:07
FAC-001-Z1,E-27,employee,badge_swipe,True,2026-08-10 17:52:07
FAC-001-Z3,E-31,employee,badge_swipe,True,2026-08-10 17:52:07
FAC-005-Z2,E-2,employee,motion,,2026-08-10 17:52:07
FAC-004-Z3,V-8,visitor,motion,,2026-08-10 17:52:07
FAC-003-Z3,E-46,employee,badge_swipe,True,2026-08-10 17:52:07
FAC-003-Z3,E-2,employee,motion,,2026-08-10 17:52:07
FAC-004-Z2,E-46,employee,badge_swipe,True,2026-08-10 17:52:07
FAC-004-Z3,E-4,employee,badge_swipe,True,2026-08-10 17:52:07
FAC-003-Z3,E-40,employee,badge_swipe,True,2026-08-10 17:52:07
FAC-001-Z1,E-48,employee,badge_swipe,True,2026-08-10 17:52:07
FAC-004-Z3,E-2,employee,badge_swipe,True,2026-08-10 17:52:07
FAC-002-Z3,E-49,employee,motion,,2026-08-10 17:52:07
FAC-005-Z2,E-44,employee,badge_swipe,True,2026-08-10 17:52:07
FAC-002-Z2,E-39,employee,badge_swipe,True,2026-08-10 17:52:07
FAC-001-Z1,E-38,employee,badge_swipe,True,2026-08-10 17:52:07
FAC-001-Z2,E-7,employee,badge_swipe,True,2026-08-10 17:52:07
FAC-005-Z3,E-40,employee,badge_swipe,True,2026-08-10 17:52:07
FAC-005-Z3,E-44,employee,motion,,2026-08-10 18:07:07
FAC-001-Z3,V-2,visitor,badge_swipe,True,2026-08-10 18:07:07
FAC-002-Z2,E-21,employee,motion,,2026-08-10 18:07:07
FAC-001-Z1,E-20,employee,badge_swipe,True,2026-08-10 18:07:07
FAC-003-Z1,E-9,employee,motion,,2026-08-10 18:07:07
FAC-003-Z1,E-5,employee,motion,,2026-08-10 18:07:07
FAC-004-Z1,E-49,employee,motion,,2026-08-10 18:07:07
FAC-001-Z1,E-27,employee,badge_swipe,True,2026-08-10 18:07:07
FAC-001-Z2,E-37,employee,badge_swipe,True,2026-08-10 18:07:07
FAC-004-Z2,E-5,employee,badge_swipe,True,2026-08-10 18:07:07
FAC-002-Z2,E-41,employee,badge_swipe,True,2026-08-10 18:07:07
FAC-005-Z2,E-17,employee,badge_swipe,True,2026-08-10 18:07:07
FAC-003-Z3,E-19,employee,badge_swipe,True,2026-08-10 18:07:07
FAC-005-Z1,E-33,employee,motion,,2026-08-10 18:07:07
FAC-002-Z1,E-21,employee,badge_swipe,True,2026-08-10 18:07:07
FAC-003-Z2,E-47,employee,motion,,2026-08-10 18:22:07
FAC-001-Z2,E-5,employee,motion,,2026-08-10 18:22:07
FAC-003-Z1,E-27,employee,motion,,2026-08-10 18:22:07
FAC-005-Z1,E-25,employee,badge_swipe,True,2026-08-10 18:22:07
FAC-004-Z3,E-45,employee,badge_swipe,True,2026-08-10 18:22:07
FAC-004-Z2,E-29,employee,badge_swipe,True,2026-08-10 18:22:07
FAC-004-Z1,E-10,employee,motion,,2026-08-10 18:22:07
FAC-003-Z3,E-4,employee,motion,,2026-08-10 18:22:07
FAC-005-Z2,E-5,employee,motion,,2026-08-10 18:22:07
FAC-005-Z3,E-4,employee,badge_swipe,True,2026-08-10 18:22:07
FAC-004-Z2,E-13,employee,badge_swipe,True,2026-08-10 18:22:07
FAC-003-Z1,E-35,employee,motion,,2026-08-10 18:22:07
FAC-004-Z2,E-15,employee,motion,,2026-08-10 18:22:07
FAC-005-Z1,E-26,employee,motion,,2026-08-10 18:22:07
FAC-005-Z3,E-21,employee,motion,,2026-08-10 18:22:07
FAC-003-Z1,E-26,employee,badge_swipe,False,2026-08-10 18:22:07
FAC-001-Z1,E-24,employee,motion,,2026-08-10 18:22:07
FAC-003-Z3,E-34,employee,motion,,2026-08-10 18:22:07
FAC-002-Z3,E-8,employee,motion,,2026-08-10 18:37:07
FAC-001-Z1,E-45,employee,badge_swipe,True,2026-08-10 18:37:07
FAC-001-Z3,E-16,employee,motion,,2026-08-10 18:37:07
FAC-002-Z3,E-22,employee,badge_swipe,True,2026-08-10 18:37:07
FAC-001-Z2,E-16,employee,motion,,2026-08-10 18:37:07
FAC-004-Z2,E-38,employee,motion,,2026-08-10 18:37:07
FAC-002-Z3,E-49,employee,badge_swipe,True,2026-08-10 18:37:07
FAC-002-Z3,E-30,employee,motion,,2026-08-10 18:37:07
FAC-001-Z2,E-5,employee,motion,,2026-08-10 18:52:07
FAC-003-Z3,E-36,employee,motion,,2026-08-10 18:52:07
FAC-005-Z3,E-25,employee,badge_swipe,True,2026-08-10 18:52:07
FAC-004-Z2,E-18,employee,badge_swipe,False,2026-08-10 18:52:07
FAC-001-Z3,E-24,employee,motion,,2026-08-10 18:52:07
FAC-003-Z1,E-6,employee,badge_swipe,True,2026-08-10 18:52:07
FAC-004-Z2,E-45,employee,badge_swipe,True,2026-08-10 18:52:07
FAC-002-Z2,E-29,employee,badge_swipe,True,2026-08-10 18:52:07
FAC-001-Z2,V-8,visitor,motion,,2026-08-10 18:52:07
FAC-003-Z1,E-16,employee,badge_swipe,True,2026-08-10 18:52:07
FAC-001-Z3,E-33,employee,motion,,2026-08-10 18:52:07
FAC-001-Z3,E-38,employee,motion,,2026-08-10 18:52:07
FAC-002-Z3,E-13,employee,badge_swipe,True,2026-08-10 18:52:07
FAC-001-Z3,E-14,employee,badge_swipe,True,2026-08-10 18:52:07
FAC-002-Z2,E-18,employee,badge_swipe,True,2026-08-10 18:52:07
FAC-002-Z2,E-45,employee,motion,,2026-08-10 18:52:07
FAC-002-Z1,V-3,visitor,badge_swipe,True,2026-08-10 18:52:07
FAC-004-Z2,E-26,employee,motion,,2026-08-10 19:07:07
FAC-001-Z1,E-5,employee,motion,,2026-08-10 19:07:07
FAC-001-Z3,E-9,employee,motion,,2026-08-10 19:07:07
FAC-002-Z2,E-35,employee,badge_swipe,True,2026-08-10 19:37:07
FAC-001-Z3,E-6,employee,motion,,2026-08-10 19:37:07
FAC-004-Z3,E-15,employee,motion,,2026-08-10 19:52:07
FAC-005-Z3,V-6,visitor,motion,,2026-08-10 19:52:07
FAC-002-Z1,E-10,employee,motion,,2026-08-10 19:52:07
FAC-003-Z1,E-14,employee,badge_swipe,True,2026-08-10 20:07:07
FAC-003-Z2,E-21,employee,motion,,2026-08-10 20:37:07
FAC-004-Z1,E-28,employee,motion,,2026-08-10 20:52:07
FAC-004-Z1,E-12,employee,motion,,2026-08-10 21:07:07
FAC-004-Z1,E-46,employee,badge_swipe,True,2026-08-10 21:07:07
FAC-004-Z1,E-45,employee,badge_swipe,True,2026-08-10 21:07:07
FAC-005-Z3,E-46,employee,badge_swipe,True,2026-08-10 21:22:07
FAC-002-Z3,E-27,employee,badge_swipe,True,2026-08-10 21:22:07
FAC-003-Z3,E-3,employee,motion,,2026-08-10 21:22:07
FAC-004-Z2,E-9,employee,motion,,2026-08-10 21:37:07
FAC-001-Z3,E-1,employee,motion,,2026-08-10 21:52:07
FAC-004-Z1,E-22,employee,motion,,2026-08-10 21:52:07
FAC-003-Z3,E-41,employee,badge_swipe,True,2026-08-10 21:52:07
FAC-001-Z1,E-35,employee,badge_swipe,True,2026-08-10 22:07:07
FAC-005-Z2,E-37,employee,badge_swipe,True,2026-08-10 22:07:07
FAC-001-Z3,E-30,employee,badge_swipe,True,2026-08-10 22:07:07
FAC-002-Z2,E-4,employee,badge_swipe,True,2026-08-10 22:22:07
FAC-002-Z1,E-30,employee,badge_swipe,True,2026-08-10 22:52:07
FAC-005-Z3,E-36,employee,motion,,2026-08-10 22:52:07
FAC-003-Z3,E-2,employee,badge_swipe,True,2026-08-10 22:52:07
FAC-005-Z1,E-29,employee,badge_swipe,True,2026-08-10 23:07:07
FAC-003-Z2,E-30,employee,badge_swipe,True,2026-08-10 23:07:07
FAC-005-Z3,E-39,employee,badge_swipe,True,2026-08-10 23:52:07
FAC-002-Z1,E-22,employee,badge_swipe,True,2026-08-11 00:22:07
FAC-005-Z1,E-43,employee,motion,,2026-08-11 00:22:07
FAC-004-Z3,E-5,employee,badge_swipe,True,2026-08-11 00:37:07
FAC-002-Z2,E-48,employee,badge_swipe,True,2026-08-11 01:07:07
FAC-005-Z3,E-1,employee,badge_swipe,True,2026-08-11 01:22:07
FAC-005-Z3,E-32,employee,badge_swipe,True,2026-08-11 01:22:07
FAC-005-Z1,E-23,employee,badge_swipe,True,2026-08-11 01:52:07
FAC-004-Z2,V-7,visitor,badge_swipe,True,2026-08-11 02:07:07
FAC-004-Z3,E-35,employee,motion,,2026-08-11 02:07:07
FAC-002-Z2,E-7,employee,badge_swipe,True,2026-08-11 02:07:07
FAC-001-Z2,E-24,employee,badge_swipe,True,2026-08-11 02:22:07
FAC-002-Z3,E-31,employee,badge_swipe,True,2026-08-11 02:37:07
FAC-003-Z2,E-36,employee,motion,,2026-08-11 02:37:07
FAC-003-Z2,E-23,employee,motion,,2026-08-11 02:52:07
FAC-005-Z3,E-31,employee,badge_swipe,True,2026-08-11 02:52:07
FAC-003-Z1,E-45,employee,motion,,2026-08-11 02:52:07
FAC-005-Z2,E-4,employee,badge_swipe,True,2026-08-11 03:07:07
FAC-005-Z1,E-24,employee,motion,,2026-08-11 03:22:07
FAC-005-Z3,E-27,employee,motion,,2026-08-11 03:22:07
FAC-004-Z1,E-40,employee,motion,,2026-08-11 03:22:07
FAC-004-Z2,V-3,visitor,motion,,2026-08-11 03:52:07
FAC-005-Z1,E-12,employee,badge_swipe,True,2026-08-11 03:52:07
FAC-001-Z1,E-2,employee,motion,,2026-08-11 03:52:07
FAC-001-Z3,E-49,employee,badge_swipe,True,2026-08-11 04:07:07
FAC-002-Z3,E-14,employee,badge_swipe,True,2026-08-11 04:22:07
FAC-005-Z1,V-4,visitor,badge_swipe,False,2026-08-11 04:37:07
FAC-001-Z3,E-22,employee,badge_swipe,True,2026-08-11 04:37:07
FAC-001-Z1,E-36,employee,badge_swipe,True,2026-08-11 04:52:07
FAC-001-Z1,V-7,visitor,badge_swipe,True,2026-08-11 04:52:07
FAC-002-Z2,E-29,employee,badge_swipe,True,2026-08-11 04:52:07
FAC-003-Z1,E-18,employee,badge_swipe,True,2026-08-11 05:07:07
FAC-003-Z2,E-5,employee,badge_swipe,True,2026-08-11 05:22:07
FAC-005-Z1,E-35,employee,badge_swipe,True,2026-08-11 05:22:07
FAC-001-Z1,E-5,employee,badge_swipe,True,2026-08-11 05:52:07
FAC-001-Z2,E-35,employee,motion,,2026-08-11 05:52:07
FAC-001-Z2,E-23,employee,motion,,2026-08-11 05:52:07
FAC-001-Z2,V-9,visitor,badge_swipe,True,2026-08-11 06:22:07
FAC-003-Z2,E-29,employee,badge_swipe,True,2026-08-11 06:22:07
FAC-002-Z3,V-10,visitor,badge_swipe,True,2026-08-11 06:22:07
FAC-002-Z1,E-26,employee,badge_swipe,True,2026-08-11 06:37:07
FAC-003-Z1,E-7,employee,badge_swipe,True,2026-08-11 06:37:07
FAC-004-Z2,E-20,employee,badge_swipe,True,2026-08-11 06:37:07
FAC-003-Z2,V-2,visitor,motion,,2026-08-11 07:07:07
FAC-002-Z1,E-4,employee,motion,,2026-08-11 07:07:07
FAC-004-Z3,E-3,employee,motion,,2026-08-11 07:07:07
FAC-003-Z2,E-46,employee,motion,,2026-08-11 07:22:07
FAC-002-Z3,E-42,employee,badge_swipe,True,2026-08-11 07:22:07
FAC-004-Z3,E-18,employee,motion,,2026-08-11 07:22:07
FAC-004-Z2,E-48,employee,badge_swipe,True,2026-08-11 07:37:07
FAC-003-Z3,E-19,employee,badge_swipe,True,2026-08-11 08:07:07
FAC-002-Z3,E-34,employee,motion,,2026-08-11 08:07:07
FAC-003-Z2,E-17,employee,badge_swipe,True,2026-08-11 08:07:07
FAC-004-Z3,E-15,employee,badge_swipe,True,2026-08-11 08:07:07
FAC-004-Z2,E-22,employee,motion,,2026-08-11 08:07:07
FAC-005-Z3,E-43,employee,motion,,2026-08-11 08:07:07
FAC-001-Z1,E-17,employee,badge_swipe,True,2026-08-11 08:07:07
FAC-001-Z2,V-9,visitor,motion,,2026-08-11 08:07:07
FAC-001-Z3,E-35,employee,motion,,2026-08-11 08:07:07
FAC-001-Z2,E-34,employee,badge_swipe,True,2026-08-11 08:07:07
FAC-003-Z1,E-38,employee,motion,,2026-08-11 08:07:07
FAC-003-Z2,E-35,employee,motion,,2026-08-11 08:07:07
FAC-003-Z2,E-50,employee,motion,,2026-08-11 08:07:07
FAC-003-Z3,E-43,employee,motion,,2026-08-11 08:07:07
FAC-002-Z3,E-42,employee,badge_swipe,True,2026-08-11 08:22:07
FAC-005-Z3,E-26,employee,motion,,2026-08-11 08:22:07
FAC-005-Z2,E-24,employee,badge_swipe,True,2026-08-11 08:22:07
FAC-002-Z1,V-4,visitor,motion,,2026-08-11 08:22:07
FAC-003-Z3,E-4,employee,badge_swipe,True,2026-08-11 08:22:07
FAC-004-Z1,E-10,employee,motion,,2026-08-11 08:22:07
FAC-004-Z2,E-30,employee,badge_swipe,True,2026-08-11 08:22:07
FAC-005-Z2,E-7,employee,motion,,2026-08-11 08:22:07
FAC-005-Z3,V-7,visitor,motion,,2026-08-11 08:22:07
FAC-003-Z2,E-23,employee,badge_swipe,True,2026-08-11 08:22:07
FAC-005-Z3,E-42,employee,badge_swipe,True,2026-08-11 08:22:07
FAC-003-Z1,E-9,employee,badge_swipe,True,2026-08-11 08:22:07
FAC-001-Z2,E-14,employee,badge_swipe,True,2026-08-11 08:22:07
FAC-001-Z1,E-1,employee,badge_swipe,True,2026-08-11 08:22:07
FAC-003-Z1,E-43,employee,motion,,2026-08-11 08:22:07
FAC-002-Z2,E-4,employee,motion,,2026-08-11 08:22:07
FAC-005-Z3,V-3,visitor,motion,,2026-08-11 08:37:07
FAC-004-Z3,V-7,visitor,motion,,2026-08-11 08:37:07
FAC-003-Z1,E-4,employee,badge_swipe,True,2026-08-11 08:37:07
FAC-001-Z1,E-2,employee,motion,,2026-08-11 08:37:07
FAC-001-Z3,E-8,employee,motion,,2026-08-11 08:37:07
FAC-001-Z1,E-37,employee,motion,,2026-08-11 08:37:07
FAC-001-Z3,E-21,employee,badge_swipe,True,2026-08-11 08:37:07
FAC-005-Z2,E-21,employee,badge_swipe,True,2026-08-11 08:37:07
FAC-004-Z3,E-24,employee,motion,,2026-08-11 08:37:07
FAC-005-Z2,E-35,employee,motion,,2026-08-11 08:37:07
FAC-005-Z3,E-39,employee,badge_swipe,False,2026-08-11 08:37:07
FAC-002-Z3,E-11,employee,motion,,2026-08-11 08:37:07
FAC-001-Z2,E-16,employee,badge_swipe,True,2026-08-11 08:37:07
FAC-003-Z3,E-20,employee,motion,,2026-08-11 08:52:07
FAC-005-Z1,E-13,employee,motion,,2026-08-11 08:52:07
FAC-004-Z1,E-5,employee,badge_swipe,True,2026-08-11 08:52:07
FAC-003-Z3,E-11,employee,motion,,2026-08-11 08:52:07
FAC-001-Z3,V-4,visitor,badge_swipe,True,2026-08-11 08:52:07
FAC-004-Z2,E-36,employee,badge_swipe,True,2026-08-11 08:52:07
FAC-001-Z2,E-6,employee,badge_swipe,True,2026-08-11 08:52:07
FAC-005-Z1,E-45,employee,badge_swipe,True,2026-08-11 08:52:07
FAC-004-Z3,E-28,employee,motion,,2026-08-11 08:52:07
FAC-002-Z1,E-12,employee,motion,,2026-08-11 08:52:07
FAC-005-Z3,E-3,employee,motion,,2026-08-11 08:52:07
FAC-004-Z3,V-9,visitor,badge_swipe,True,2026-08-11 08:52:07
FAC-001-Z2,V-9,visitor,motion,,2026-08-11 08:52:07
FAC-003-Z3,E-25,employee,badge_swipe,True,2026-08-11 08:52:07
FAC-001-Z3,E-22,employee,motion,,2026-08-11 08:52:07
FAC-001-Z2,E-37,employee,motion,,2026-08-11 08:52:07
FAC-005-Z2,E-27,employee,badge_swipe,True,2026-08-11 08:52:07
FAC-001-Z3,V-2,visitor,motion,,2026-08-11 08:52:07
FAC-002-Z1,V-10,visitor,badge_swipe,True,2026-08-11 08:52:07
FAC-003-Z1,E-13,employee,badge_swipe,True,2026-08-11 09:07:07
FAC-002-Z2,E-18,employee,badge_swipe,False,2026-08-11 09:07:07
FAC-004-Z2,E-37,employee,badge_swipe,True,2026-08-11 09:07:07
FAC-005-Z2,V-4,visitor,motion,,2026-08-11 09:07:07
FAC-005-Z1,E-28,employee,badge_swipe,True,2026-08-11 09:07:07
FAC-001-Z3,E-17,employee,badge_swipe,True,2026-08-11 09:07:07
FAC-002-Z2,V-10,visitor,badge_swipe,True,2026-08-11 09:07:07
FAC-001-Z2,E-50,employee,badge_swipe,True,2026-08-11 09:07:07
FAC-001-Z3,V-3,visitor,motion,,2026-08-11 09:07:07
FAC-001-Z3,E-40,employee,motion,,2026-08-11 09:07:07
FAC-004-Z3,E-37,employee,badge_swipe,True,2026-08-11 09:07:07
FAC-005-Z1,E-16,employee,motion,,2026-08-11 09:07:07
FAC-003-Z3,E-29,employee,motion,,2026-08-11 09:07:07
FAC-004-Z2,E-26,employee,motion,,2026-08-11 09:07:07
FAC-005-Z1,V-5,visitor,badge_swipe,True,2026-08-11 09:07:07
FAC-005-Z1,E-36,employee,badge_swipe,True,2026-08-11 09:07:07
FAC-004-Z1,V-4,visitor,motion,,2026-08-11 09:07:07
FAC-004-Z3,V-4,visitor,badge_swipe,True,2026-08-11 09:07:07
FAC-005-Z3,E-22,employee,motion,,2026-08-11 09:22:07
FAC-001-Z3,E-2,employee,badge_swipe,True,2026-08-11 09:22:07
FAC-004-Z3,E-45,employee,badge_swipe,True,2026-08-11 09:22:07
FAC-001-Z2,E-1,employee,motion,,2026-08-11 09:22:07
FAC-004-Z1,E-36,employee,badge_swipe,True,2026-08-11 09:22:07
FAC-003-Z2,E-8,employee,motion,,2026-08-11 09:22:07
FAC-003-Z1,E-46,employee,badge_swipe,True,2026-08-11 09:22:07
FAC-004-Z2,E-41,employee,motion,,2026-08-11 09:22:07
FAC-005-Z2,E-6,employee,badge_swipe,True,2026-08-11 09:22:07
FAC-003-Z2,E-16,employee,motion,,2026-08-11 09:22:07
FAC-002-Z3,E-27,employee,badge_swipe,True,2026-08-11 09:22:07
FAC-005-Z2,E-6,employee,badge_swipe,True,2026-08-11 09:22:07
FAC-002-Z1,E-49,employee,badge_swipe,True,2026-08-11 09:22:07
FAC-001-Z1,E-29,employee,motion,,2026-08-11 09:22:07
FAC-005-Z2,E-2,employee,motion,,2026-08-11 09:22:07
FAC-002-Z3,V-5,visitor,badge_swipe,True,2026-08-11 09:22:07
FAC-005-Z3,E-43,employee,badge_swipe,True,2026-08-11 09:22:07
FAC-003-Z1,E-1,employee,motion,,2026-08-11 09:22:07
FAC-003-Z3,E-36,employee,motion,,2026-08-11 09:22:07
FAC-003-Z2,E-44,employee,badge_swipe,True,2026-08-11 09:22:07
FAC-001-Z1,E-25,employee,motion,,2026-08-11 09:37:07
FAC-003-Z1,E-13,employee,badge_swipe,True,2026-08-11 09:37:07
FAC-003-Z2,E-21,employee,motion,,2026-08-11 09:37:07
FAC-001-Z3,E-37,employee,badge_swipe,True,2026-08-11 09:37:07
FAC-001-Z2,E-16,employee,badge_swipe,True,2026-08-11 09:37:07
FAC-003-Z2,E-8,employee,motion,,2026-08-11 09:37:07
FAC-002-Z1,E-40,employee,badge_swipe,True,2026-08-11 09:37:07
FAC-001-Z1,E-39,employee,motion,,2026-08-11 09:37:07
FAC-003-Z3,E-22,employee,motion,,2026-08-11 09:37:07
FAC-005-Z2,E-47,employee,motion,,2026-08-11 09:37:07
FAC-002-Z3,E-5,employee,motion,,2026-08-11 09:37:07
FAC-001-Z2,E-17,employee,motion,,2026-08-11 09:37:07
FAC-003-Z2,E-7,employee,motion,,2026-08-11 09:52:07
FAC-004-Z2,E-37,employee,motion,,2026-08-11 09:52:07
FAC-004-Z3,E-38,employee,motion,,2026-08-11 09:52:07
FAC-004-Z1,V-9,visitor,badge_swipe,True,2026-08-11 09:52:07
FAC-005-Z1,E-14,employee,motion,,2026-08-11 09:52:07
FAC-005-Z3,V-5,visitor,badge_swipe,False,2026-08-11 09:52:07
FAC-004-Z3,V-2,visitor,badge_swipe,True,2026-08-11 09:52:07
FAC-001-Z1,E-1,employee,badge_swipe,True,2026-08-11 09:52:07
FAC-002-Z3,V-3,visitor,motion,,2026-08-11 09:52:07
FAC-002-Z1,E-23,employee,motion,,2026-08-11 09:52:07
FAC-004-Z1,V-4,visitor,motion,,2026-08-11 09:52:07
FAC-002-Z2,E-40,employee,motion,,2026-08-11 09:52:07
FAC-005-Z3,E-8,employee,badge_swipe,True,2026-08-11 10:07:07
FAC-003-Z1,E-23,employee,badge_swipe,True,2026-08-11 10:07:07
FAC-004-Z2,V-2,visitor,motion,,2026-08-11 10:07:07
FAC-005-Z3,E-20,employee,motion,,2026-08-11 10:07:07
FAC-004-Z2,E-31,employee,badge_swipe,True,2026-08-11 10:07:07
FAC-004-Z1,V-7,visitor,badge_swipe,True,2026-08-11 10:22:07
FAC-003-Z3,E-29,employee,badge_swipe,True,2026-08-11 10:22:07
FAC-002-Z1,E-31,employee,motion,,2026-08-11 10:22:07
FAC-001-Z1,E-34,employee,motion,,2026-08-11 10:22:07
FAC-001-Z1,V-7,visitor,motion,,2026-08-11 10:22:07
FAC-005-Z3,E-22,employee,motion,,2026-08-11 10:22:07
FAC-002-Z3,E-43,employee,badge_swipe,True,2026-08-11 10:22:07
FAC-002-Z3,E-41,employee,badge_swipe,True,2026-08-11 10:22:07
FAC-002-Z1,V-6,visitor,badge_swipe,True,2026-08-11 10:22:07
FAC-002-Z1,E-6,employee,motion,,2026-08-11 10:22:07
FAC-001-Z2,E-19,employee,motion,,2026-08-11 10:22:07
FAC-003-Z3,E-34,employee,motion,,2026-08-11 10:22:07
FAC-003-Z3,E-15,employee,motion,,2026-08-11 10:22:07
FAC-003-Z2,E-5,employee,motion,,2026-08-11 10:37:07
FAC-003-Z1,E-4,employee,badge_swipe,True,2026-08-11 10:37:07
FAC-004-Z3,E-18,employee,badge_swipe,True,2026-08-11 10:37:07
FAC-001-Z1,V-8,visitor,motion,,2026-08-11 10:37:07
FAC-003-Z2,E-14,employee,badge_swipe,True,2026-08-11 10:37:07
FAC-002-Z1,E-22,employee,motion,,2026-08-11 10:37:07
FAC-001-Z2,E-44,employee,badge_swipe,True,2026-08-11 10:37:07
FAC-003-Z2,E-22,employee,badge_swipe,True,2026-08-11 10:37:07
FAC-003-Z1,E-22,employee,badge_swipe,True,2026-08-11 10:52:07
FAC-001-Z1,E-15,employee,badge_swipe,True,2026-08-11 10:52:07
FAC-005-Z2,E-11,employee,motion,,2026-08-11 10:52:07
FAC-004-Z1,E-31,employee,motion,,2026-08-11 10:52:07
FAC-001-Z3,E-25,employee,badge_swipe,True,2026-08-11 10:52:07
FAC-002-Z2,E-42,employee,motion,,2026-08-11 10:52:07
FAC-004-Z1,E-6,employee,motion,,2026-08-11 10:52:07
FAC-002-Z2,E-50,employee,badge_swipe,True,2026-08-11 10:52:07
FAC-003-Z2,E-40,employee,motion,,2026-08-11 10:52:07
FAC-001-Z2,E-41,employee,badge_swipe,True,2026-08-11 10:52:07
FAC-003-Z1,E-16,employee,motion,,2026-08-11 10:52:07
FAC-002-Z1,E-9,employee,motion,,2026-08-11 10:52:07
FAC-001-Z3,E-1,employee,motion,,2026-08-11 10:52:07
FAC-002-Z2,E-38,employee,badge_swipe,True,2026-08-11 10:52:07
FAC-002-Z1,E-12,employee,motion,,2026-08-11 10:52:07
FAC-004-Z3,E-22,employee,motion,,2026-08-11 10:52:07
FAC-004-Z1,E-27,employee,motion,,2026-08-11 10:52:07
FAC-002-Z1,E-9,employee,motion,,2026-08-11 11:07:07
FAC-003-Z1,E-22,employee,motion,,2026-08-11 11:07:07
FAC-004-Z3,E-18,employee,badge_swipe,True,2026-08-11 11:07:07
FAC-002-Z2,E-4,employee,badge_swipe,True,2026-08-11 11:07:07
FAC-005-Z3,E-16,employee,motion,,2026-08-11 11:07:07
FAC-002-Z3,E-40,employee,motion,,2026-08-11 11:07:07
FAC-005-Z3,E-21,employee,motion,,2026-08-11 11:07:07
FAC-004-Z2,E-38,employee,motion,,2026-08-11 11:07:07
FAC-002-Z2,E-25,employee,badge_swipe,True,2026-08-11 11:07:07
FAC-002-Z2,V-6,visitor,badge_swipe,True,2026-08-11 11:07:07
FAC-003-Z1,E-32,employee,motion,,2026-08-11 11:07:07
FAC-004-Z2,E-42,employee,badge_swipe,False,2026-08-11 11:07:07
FAC-005-Z2,E-39,employee,motion,,2026-08-11 11:07:07
FAC-003-Z3,E-43,employee,badge_swipe,True,2026-08-11 11:07:07
FAC-003-Z3,E-8,employee,badge_swipe,True,2026-08-11 11:22:07
FAC-005-Z1,E-5,employee,badge_swipe,True,2026-08-11 11:22:07
FAC-002-Z3,V-6,visitor,motion,,2026-08-11 11:22:07
FAC-005-Z2,E-40,employee,motion,,2026-08-11 11:22:07
FAC-002-Z2,E-21,employee,badge_swipe,True,2026-08-11 11:22:07
FAC-005-Z3,E-14,employee,badge_swipe,True,2026-08-11 11:22:07
FAC-004-Z1,E-44,employee,motion,,2026-08-11 11:22:07
FAC-005-Z1,E-34,employee,badge_swipe,True,2026-08-11 11:22:07
FAC-005-Z1,E-46,employee,motion,,2026-08-11 11:22:07
FAC-001-Z3,E-49,employee,motion,,2026-08-11 11:22:07
FAC-004-Z3,V-3,visitor,motion,,2026-08-11 11:22:07
FAC-001-Z3,E-19,employee,motion,,2026-08-11 11:22:07
FAC-003-Z1,E-24,employee,motion,,2026-08-11 11:37:07
FAC-003-Z3,E-47,employee,badge_swipe,True,2026-08-11 11:37:07
FAC-003-Z2,E-36,employee,badge_swipe,True,2026-08-11 11:37:07
FAC-005-Z1,E-38,employee,motion,,2026-08-11 11:37:07
FAC-002-Z1,E-4,employee,badge_swipe,True,2026-08-11 11:37:07
FAC-001-Z1,E-28,employee,motion,,2026-08-11 11:37:07
FAC-004-Z1,E-40,employee,badge_swipe,True,2026-08-11 11:37:07
FAC-001-Z3,E-6,employee,badge_swipe,True,2026-08-11 11:37:07
FAC-004-Z3,E-25,employee,badge_swipe,True,2026-08-11 11:37:07
FAC-001-Z3,E-9,employee,motion,,2026-08-11 11:37:07
FAC-001-Z1,E-13,employee,motion,,2026-08-11 11:37:07
FAC-003-Z3,E-21,employee,badge_swipe,True,2026-08-11 11:37:07
FAC-002-Z1,E-14,employee,badge_swipe,True,2026-08-11 11:37:07
FAC-004-Z1,E-20,employee,badge_swipe,True,2026-08-11 11:37:07
FAC-004-Z1,E-13,employee,badge_swipe,True,2026-08-11 11:37:07
FAC-004-Z2,E-16,employee,motion,,2026-08-11 11:37:07
FAC-003-Z1,E-16,employee,badge_swipe,True,2026-08-11 11:37:07
FAC-001-Z2,E-26,employee,badge_swipe,True,2026-08-11 11:37:07
FAC-004-Z2,E-39,employee,motion,,2026-08-11 11:37:07
FAC-001-Z3,E-37,employee,badge_swipe,True,2026-08-11 11:52:07
FAC-002-Z3,E-9,employee,badge_swipe,True,2026-08-11 11:52:07
FAC-003-Z2,E-5,employee,badge_swipe,False,2026-08-11 11:52:07
FAC-003-Z1,E-13,employee,motion,,2026-08-11 11:52:07
FAC-002-Z3,E-18,employee,badge_swipe,True,2026-08-11 11:52:07
FAC-001-Z3,E-12,employee,motion,,2026-08-11 11:52:07
FAC-003-Z2,E-9,employee,motion,,2026-08-11 11:52:07
FAC-003-Z1,E-32,employee,motion,,2026-08-11 11:52:07
FAC-003-Z2,E-34,employee,badge_swipe,True,2026-08-11 11:52:07
FAC-005-Z3,E-49,employee,badge_swipe,True,2026-08-11 11:52:07
FAC-005-Z1,E-17,employee,badge_swipe,True,2026-08-11 11:52:07
FAC-005-Z2,E-6,employee,motion,,2026-08-11 11:52:07
FAC-004-Z1,E-1,employee,motion,,2026-08-11 11:52:07
FAC-001-Z2,E-39,employee,motion,,2026-08-11 11:52:07
FAC-005-Z3,E-36,employee,motion,,2026-08-11 12:07:07
FAC-005-Z1,E-10,employee,motion,,2026-08-11 12:07:07
FAC-004-Z3,E-44,employee,motion,,2026-08-11 12:07:07
FAC-002-Z2,E-37,employee,badge_swipe,True,2026-08-11 12:07:07
FAC-001-Z1,E-15,employee,motion,,2026-08-11 12:07:07
FAC-002-Z3,E-44,employee,badge_swipe,True,2026-08-11 12:07:07
FAC-005-Z2,E-12,employee,motion,,2026-08-11 12:07:07
FAC-002-Z3,E-47,employee,motion,,2026-08-11 12:07:07
FAC-002-Z3,V-5,visitor,motion,,2026-08-11 12:22:07
FAC-005-Z1,E-13,employee,motion,,2026-08-11 12:22:07
FAC-005-Z2,V-10,visitor,badge_swipe,True,2026-08-11 12:22:07
FAC-001-Z2,E-7,employee,badge_swipe,True,2026-08-11 12:22:07
FAC-005-Z3,E-8,employee,badge_swipe,True,2026-08-11 12:22:07
FAC-002-Z3,E-50,employee,badge_swipe,True,2026-08-11 12:22:07
FAC-004-Z3,E-25,employee,badge_swipe,True,2026-08-11 12:22:07
FAC-005-Z2,E-13,employee,badge_swipe,True,2026-08-11 12:22:07
FAC-005-Z2,E-29,employee,motion,,2026-08-11 12:22:07
FAC-001-Z3,E-10,employee,badge_swipe,True,2026-08-11 12:22:07
FAC-004-Z1,E-7,employee,badge_swipe,True,2026-08-11 12:22:07
FAC-001-Z1,E-46,employee,badge_swipe,False,2026-08-11 12:22:07
FAC-005-Z1,E-20,employee,motion,,2026-08-11 12:37:07
FAC-003-Z2,E-11,employee,motion,,2026-08-11 12:37:07
FAC-001-Z1,E-48,employee,badge_swipe,True,2026-08-11 12:37:07
FAC-003-Z3,E-49,employee,badge_swipe,True,2026-08-11 12:37:07
FAC-002-Z1,E-12,employee,badge_swipe,True,2026-08-11 12:37:07
FAC-003-Z3,E-12,employee,motion,,2026-08-11 12:37:07
FAC-002-Z1,E-11,employee,motion,,2026-08-11 12:37:07
FAC-005-Z3,E-18,employee,badge_swipe,True,2026-08-11 12:52:07
FAC-003-Z2,E-28,employee,badge_swipe,True,2026-08-11 12:52:07
FAC-005-Z2,E-12,employee,motion,,2026-08-11 12:52:07
FAC-001-Z3,E-2,employee,motion,,2026-08-11 12:52:07
FAC-002-Z3,E-26,employee,badge_swipe,True,2026-08-11 12:52:07
FAC-003-Z3,E-25,employee,badge_swipe,True,2026-08-11 12:52:07
FAC-002-Z1,E-22,employee,motion,,2026-08-11 12:52:07
FAC-003-Z2,E-5,employee,motion,,2026-08-11 12:52:07
FAC-003-Z3,E-44,employee,motion,,2026-08-11 12:52:07
FAC-004-Z1,E-16,employee,badge_swipe,True,2026-08-11 12:52:07
FAC-003-Z3,E-47,employee,motion,,2026-08-11 12:52:07
FAC-005-Z3,E-41,employee,badge_swipe,False,2026-08-11 12:52:07
FAC-004-Z2,E-48,employee,motion,,2026-08-11 12:52:07
FAC-001-Z1,E-18,employee,motion,,2026-08-11 12:52:07
FAC-005-Z1,E-41,employee,badge_swipe,True,2026-08-11 12:52:07
FAC-005-Z2,E-47,employee,badge_swipe,True,2026-08-11 12:52:07
FAC-001-Z1,E-3,employee,motion,,2026-08-11 12:52:07
FAC-002-Z1,V-10,visitor,motion,,2026-08-11 12:52:07
FAC-003-Z2,E-28,employee,motion,,2026-08-11 13:07:07
FAC-003-Z1,E-38,employee,motion,,2026-08-11 13:07:07
FAC-005-Z1,V-4,visitor,badge_swipe,True,2026-08-11 13:07:07
FAC-005-Z2,E-48,employee,badge_swipe,True,2026-08-11 13:07:07
FAC-002-Z1,E-28,employee,motion,,2026-08-11 13:07:07
FAC-005-Z3,E-6,employee,motion,,2026-08-11 13:07:07
FAC-004-Z2,E-28,employee,motion,,2026-08-11 13:07:07
FAC-003-Z2,E-25,employee,badge_swipe,True,2026-08-11 13:07:07
FAC-002-Z1,E-44,employee,motion,,2026-08-11 13:07:07
FAC-003-Z2,E-20,employee,motion,,2026-08-11 13:07:07
FAC-003-Z1,E-13,employee,badge_swipe,True,2026-08-11 13:07:07
FAC-004-Z3,E-46,employee,motion,,2026-08-11 13:07:07
FAC-004-Z2,E-34,employee,motion,,2026-08-11 13:07:07
FAC-003-Z1,E-12,employee,motion,,2026-08-11 13:22:07
FAC-004-Z3,E-41,employee,motion,,2026-08-11 13:22:07
FAC-005-Z1,V-3,visitor,motion,,2026-08-11 13:22:07
FAC-003-Z3,E-44,employee,badge_swipe,True,2026-08-11 13:22:07
FAC-003-Z3,E-1,employee,motion,,2026-08-11 13:22:07
FAC-004-Z3,E-44,employee,badge_swipe,True,2026-08-11 13:22:07
FAC-001-Z2,E-41,employee,motion,,2026-08-11 13:22:07
FAC-005-Z3,E-24,employee,badge_swipe,True,2026-08-11 13:22:07
FAC-001-Z2,E-19,employee,badge_swipe,True,2026-08-11 13:22:07
FAC-004-Z1,E-36,employee,badge_swipe,True,2026-08-11 13:22:07
FAC-002-Z3,E-49,employee,badge_swipe,True,2026-08-11 13:22:07
FAC-005-Z2,E-40,employee,badge_swipe,True,2026-08-11 13:22:07
FAC-001-Z1,E-46,employee,motion,,2026-08-11 13:22:07
FAC-003-Z2,E-8,employee,badge_swipe,True,2026-08-11 13:22:07
FAC-001-Z2,E-50,employee,motion,,2026-08-11 13:22:07
FAC-005-Z3,E-40,employee,motion,,2026-08-11 13:22:07
FAC-005-Z1,E-10,employee,motion,,2026-08-11 13:22:07
FAC-001-Z3,V-8,visitor,motion,,2026-08-11 13:22:07
FAC-002-Z3,E-44,employee,motion,,2026-08-11 13:37:07
FAC-005-Z3,E-13,employee,motion,,2026-08-11 13:37:07
FAC-004-Z2,E-17,employee,badge_swipe,True,2026-08-11 13:37:07
FAC-005-Z3,V-5,visitor,badge_swipe,True,2026-08-11 13:37:07
FAC-005-Z1,V-1,visitor,badge_swipe,True,2026-08-11 13:37:07
FAC-003-Z1,V-9,visitor,badge_swipe,True,2026-08-11 13:37:07
FAC-002-Z3,E-46,employee,motion,,2026-08-11 13:37:07
FAC-003-Z2,V-10,visitor,motion,,2026-08-11 13:37:07
FAC-003-Z3,E-16,employee,badge_swipe,True,2026-08-11 13:52:07
FAC-001-Z1,E-32,employee,badge_swipe,True,2026-08-11 13:52:07
FAC-004-Z2,E-16,employee,badge_swipe,True,2026-08-11 13:52:07
FAC-001-Z1,E-27,employee,badge_swipe,True,2026-08-11 13:52:07
FAC-002-Z2,E-48,employee,badge_swipe,True,2026-08-11 13:52:07
FAC-002-Z1,V-9,visitor,badge_swipe,True,2026-08-11 13:52:07
FAC-002-Z3,E-17,employee,badge_swipe,True,2026-08-11 13:52:07
FAC-003-Z1,E-41,employee,badge_swipe,True,2026-08-11 13:52:07
FAC-004-Z2,E-32,employee,badge_swipe,True,2026-08-11 13:52:07
FAC-003-Z2,E-13,employee,motion,,2026-08-11 13:52:07
FAC-003-Z1,E-11,employee,badge_swipe,True,2026-08-11 13:52:07
FAC-003-Z1,E-2,employee,motion,,2026-08-11 13:52:07
FAC-002-Z1,E-40,employee,badge_swipe,True,2026-08-11 14:07:07
FAC-002-Z1,E-45,employee,motion,,2026-08-11 14:07:07
FAC-005-Z2,E-27,employee,badge_swipe,True,2026-08-11 14:07:07
FAC-004-Z2,V-5,visitor,badge_swipe,True,2026-08-11 14:07:07
FAC-005-Z3,E-45,employee,motion,,2026-08-11 14:07:07
FAC-005-Z1,E-32,employee,motion,,2026-08-11 14:07:07
FAC-002-Z2,E-11,employee,badge_swipe,True,2026-08-11 14:07:07
FAC-002-Z2,E-38,employee,badge_swipe,True,2026-08-11 14:07:07
FAC-002-Z3,E-42,employee,badge_swipe,True,2026-08-11 14:07:07
FAC-005-Z3,E-7,employee,motion,,2026-08-11 14:07:07
FAC-004-Z3,E-28,employee,badge_swipe,True,2026-08-11 14:07:07
FAC-005-Z1,E-6,employee,badge_swipe,True,2026-08-11 14:07:07
FAC-003-Z1,E-27,employee,badge_swipe,True,2026-08-11 14:07:07
FAC-005-Z2,E-18,employee,badge_swipe,True,2026-08-11 14:07:07
FAC-004-Z3,V-10,visitor,badge_swipe,True,2026-08-11 14:07:07
FAC-005-Z1,E-15,employee,badge_swipe,True,2026-08-11 14:07:07
FAC-005-Z2,E-5,employee,badge_swipe,True,2026-08-11 14:07:07
FAC-004-Z1,V-2,visitor,motion,,2026-08-11 14:07:07
FAC-002-Z1,E-45,employee,motion,,2026-08-11 14:07:07
FAC-001-Z2,V-9,visitor,motion,,2026-08-11 14:07:07
FAC-004-Z3,E-23,employee,badge_swipe,True,2026-08-11 14:22:07
FAC-002-Z3,E-37,employee,badge_swipe,True,2026-08-11 14:22:07
FAC-004-Z1,E-12,employee,badge_swipe,True,2026-08-11 14:22:07
FAC-003-Z1,E-2,employee,motion,,2026-08-11 14:22:07
FAC-005-Z3,E-43,employee,badge_swipe,True,2026-08-11 14:22:07
FAC-003-Z2,E-48,employee,badge_swipe,True,2026-08-11 14:22:07
FAC-003-Z1,E-30,employee,motion,,2026-08-11 14:22:07
FAC-002-Z2,E-9,employee,badge_swipe,True,2026-08-11 14:22:07
FAC-001-Z2,E-19,employee,motion,,2026-08-11 14:22:07
FAC-005-Z3,E-44,employee,badge_swipe,True,2026-08-11 14:22:07
FAC-005-Z1,E-28,employee,motion,,2026-08-11 14:22:07
FAC-002-Z3,V-10,visitor,motion,,2026-08-11 14:37:07
FAC-002-Z1,E-36,employee,badge_swipe,True,2026-08-11 14:37:07
FAC-005-Z1,E-1,employee,badge_swipe,True,2026-08-11 14:37:07
FAC-002-Z3,E-6,employee,badge_swipe,True,2026-08-11 14:37:07
FAC-003-Z2,E-21,employee,badge_swipe,True,2026-08-11 14:37:07
FAC-005-Z1,E-1,employee,motion,,2026-08-11 14:37:07
FAC-004-Z3,E-50,employee,badge_swipe,True,2026-08-11 14:37:07
FAC-001-Z3,E-4,employee,motion,,2026-08-11 14:37:07
FAC-001-Z2,E-41,employee,badge_swipe,True,2026-08-11 14:37:07
FAC-001-Z2,E-25,employee,motion,,2026-08-11 14:37:07
FAC-004-Z3,E-24,employee,motion,,2026-08-11 14:37:07
FAC-002-Z1,E-7,employee,badge_swipe,True,2026-08-11 14:37:07
FAC-003-Z2,E-14,employee,badge_swipe,True,2026-08-11 14:37:07
FAC-002-Z2,E-34,employee,motion,,2026-08-11 14:52:07
FAC-003-Z3,V-3,visitor,badge_swipe,True,2026-08-11 14:52:07
FAC-003-Z1,E-38,employee,badge_swipe,True,2026-08-11 14:52:07
FAC-001-Z1,E-38,employee,motion,,2026-08-11 14:52:07
FAC-002-Z1,E-41,employee,motion,,2026-08-11 14:52:07
FAC-002-Z3,E-16,employee,badge_swipe,True,2026-08-11 15:07:07
FAC-001-Z1,E-17,employee,motion,,2026-08-11 15:07:07
FAC-005-Z1,E-3,employee,motion,,2026-08-11 15:07:07
FAC-003-Z3,E-15,employee,motion,,2026-08-11 15:07:07
FAC-005-Z2,E-24,employee,badge_swipe,True,2026-08-11 15:07:07
FAC-004-Z1,E-22,employee,badge_swipe,True,2026-08-11 15:07:07
FAC-001-Z3,E-48,employee,motion,,2026-08-11 15:07:07
FAC-001-Z1,E-44,employee,badge_swipe,True,2026-08-11 15:07:07
FAC-001-Z1,E-38,employee,motion,,2026-08-11 15:07:07
FAC-005-Z3,V-3,visitor,badge_swipe,True,2026-08-11 15:07:07
FAC-005-Z3,E-14,employee,badge_swipe,True,2026-08-11 15:07:07
FAC-002-Z3,E-34,employee,motion,,2026-08-11 15:07:07
FAC-001-Z2,E-20,employee,motion,,2026-08-11 15:07:07
FAC-002-Z1,E-41,employee,motion,,2026-08-11 15:07:07
FAC-004-Z2,E-12,employee,motion,,2026-08-11 15:07:07
FAC-002-Z1,E-8,employee,badge_swipe,True,2026-08-11 15:07:07
FAC-003-Z3,E-18,employee,motion,,2026-08-11 15:07:07
FAC-004-Z3,E-41,employee,motion,,2026-08-11 15:22:07
FAC-001-Z1,E-33,employee,motion,,2026-08-11 15:22:07
FAC-004-Z1,E-28,employee,motion,,2026-08-11 15:22:07
FAC-004-Z2,E-27,employee,motion,,2026-08-11 15:22:07
FAC-005-Z3,E-38,employee,badge_swipe,True,2026-08-11 15:22:07
FAC-002-Z3,V-7,visitor,motion,,2026-08-11 15:22:07
FAC-001-Z3,E-29,employee,motion,,2026-08-11 15:22:07
FAC-001-Z3,E-18,employee,badge_swipe,True,2026-08-11 15:22:07
FAC-004-Z2,E-2,employee,badge_swipe,True,2026-08-11 15:22:07
FAC-002-Z3,E-25,employee,badge_swipe,True,2026-08-11 15:22:07
FAC-003-Z1,E-19,employee,badge_swipe,True,2026-08-11 15:22:07
FAC-004-Z1,E-13,employee,badge_swipe,True,2026-08-11 15:22:07
FAC-001-Z2,E-25,employee,motion,,2026-08-11 15:22:07
FAC-001-Z3,V-10,visitor,badge_swipe,True,2026-08-11 15:22:07
FAC-004-Z2,E-5,employee,motion,,2026-08-11 15:22:07
FAC-005-Z3,V-6,visitor,badge_swipe,True,2026-08-11 15:37:07
FAC-002-Z2,E-10,employee,motion,,2026-08-11 15:37:07
FAC-002-Z1,E-14,employee,badge_swipe,True,2026-08-11 15:37:07
FAC-005-Z3,E-42,employee,motion,,2026-08-11 15:37:07
FAC-004-Z3,E-10,employee,motion,,2026-08-11 15:37:07
FAC-004-Z2,E-36,employee,badge_swipe,True,2026-08-11 15:37:07
FAC-003-Z1,E-18,employee,badge_swipe,True,2026-08-11 15:37:07
FAC-004-Z2,E-35,employee,badge_swipe,True,2026-08-11 15:37:07
FAC-004-Z3,E-3,employee,badge_swipe,True,2026-08-11 15:52:07
FAC-005-Z1,E-34,employee,badge_swipe,True,2026-08-11 15:52:07
FAC-004-Z3,E-28,employee,motion,,2026-08-11 15:52:07
FAC-004-Z3,E-29,employee,badge_swipe,True,2026-08-11 15:52:07
FAC-003-Z2,E-11,employee,badge_swipe,True,2026-08-11 15:52:07
FAC-004-Z1,E-12,employee,badge_swipe,True,2026-08-11 15:52:07
FAC-001-Z1,E-30,employee,badge_swipe,True,2026-08-11 16:07:07
FAC-004-Z1,E-27,employee,badge_swipe,True,2026-08-11 16:07:07
FAC-001-Z1,V-2,visitor,badge_swipe,True,2026-08-11 16:07:07
FAC-002-Z2,E-33,employee,motion,,2026-08-11 16:07:07
FAC-003-Z1,E-2,employee,badge_swipe,True,2026-08-11 16:07:07
FAC-005-Z2,V-5,visitor,badge_swipe,True,2026-08-11 16:07:07
FAC-003-Z2,E-20,employee,motion,,2026-08-11 16:07:07
FAC-002-Z3,E-34,employee,badge_swipe,True,2026-08-11 16:07:07
FAC-001-Z3,E-17,employee,motion,,2026-08-11 16:07:07
FAC-002-Z2,E-22,employee,motion,,2026-08-11 16:07:07
FAC-005-Z1,E-38,employee,badge_swipe,True,2026-08-11 16:07:07
FAC-002-Z2,E-36,employee,motion,,2026-08-11 16:07:07
FAC-001-Z3,E-13,employee,motion,,2026-08-11 16:07:07
FAC-004-Z1,E-35,employee,badge_swipe,True,2026-08-11 16:22:07
FAC-001-Z2,V-6,visitor,motion,,2026-08-11 16:22:07
FAC-001-Z2,E-41,employee,badge_swipe,False,2026-08-11 16:22:07
FAC-003-Z1,E-30,employee,badge_swipe,True,2026-08-11 16:22:07
FAC-001-Z2,E-47,employee,motion,,2026-08-11 16:22:07
FAC-001-Z2,E-37,employee,motion,,2026-08-11 16:22:07
FAC-002-Z3,E-37,employee,badge_swipe,True,2026-08-11 16:22:07
FAC-002-Z2,E-43,employee,motion,,2026-08-11 16:22:07
FAC-002-Z1,E-34,employee,motion,,2026-08-11 16:22:07
FAC-005-Z2,E-47,employee,motion,,2026-08-11 16:22:07
FAC-005-Z3,E-50,employee,badge_swipe,True,2026-08-11 16:22:07
FAC-002-Z2,E-13,employee,badge_swipe,True,2026-08-11 16:37:07
FAC-004-Z2,E-26,employee,badge_swipe,True,2026-08-11 16:37:07
FAC-001-Z2,E-2,employee,badge_swipe,True,2026-08-11 16:37:07
FAC-004-Z1,E-36,employee,badge_swipe,True,2026-08-11 16:37:07
FAC-003-Z3,E-8,employee,badge_swipe,True,2026-08-11 16:37:07
FAC-001-Z2,E-13,employee,badge_swipe,True,2026-08-11 16:37:07
FAC-004-Z1,E-12,employee,badge_swipe,True,2026-08-11 16:37:07
FAC-002-Z2,E-20,employee,motion,,2026-08-11 16:37:07
FAC-002-Z1,E-13,employee,badge_swipe,True,2026-08-11 16:37:07
FAC-002-Z3,E-9,employee,badge_swipe,False,2026-08-11 16:37:07
FAC-001-Z1,E-28,employee,badge_swipe,True,2026-08-11 16:37:07
FAC-003-Z3,E-9,employee,motion,,2026-08-11 16:37:07
FAC-003-Z3,E-41,employee,badge_swipe,True,2026-08-11 16:37:07
FAC-003-Z3,E-18,employee,motion,,2026-08-11 16:37:07
FAC-004-Z3,E-48,employee,motion,,2026-08-11 16:37:07
FAC-005-Z1,E-18,employee,motion,,2026-08-11 16:37:07
FAC-002-Z2,E-1,employee,badge_swipe,True,2026-08-11 16:37:07
FAC-001-Z3,E-2,employee,motion,,2026-08-11 16:37:07
FAC-004-Z1,E-26,employee,motion,,2026-08-11 16:52:07
FAC-004-Z3,E-21,employee,badge_swipe,True,2026-08-11 16:52:07
FAC-002-Z2,E-33,employee,motion,,2026-08-11 16:52:07
FAC-002-Z3,E-45,employee,motion,,2026-08-11 16:52:07
FAC-002-Z1,E-45,employee,badge_swipe,True,2026-08-11 16:52:07
FAC-003-Z2,E-25,employee,motion,,2026-08-11 16:52:07
FAC-004-Z1,E-16,employee,badge_swipe,True,2026-08-11 16:52:07
FAC-002-Z3,V-5,visitor,motion,,2026-08-11 17:07:07
FAC-003-Z2,E-45,employee,motion,,2026-08-11 17:07:07
FAC-005-Z3,E-21,employee,motion,,2026-08-11 17:07:07
FAC-002-Z3,E-32,employee,motion,,2026-08-11 17:07:07
FAC-001-Z1,E-35,employee,badge_swipe,True,2026-08-11 17:07:07
FAC-001-Z2,E-12,employee,motion,,2026-08-11 17:07:07
FAC-002-Z3,E-35,employee,motion,,2026-08-11 17:07:07
FAC-003-Z2,E-47,employee,motion,,2026-08-11 17:07:07
FAC-003-Z3,E-33,employee,motion,,2026-08-11 17:22:07
FAC-004-Z3,E-23,employee,badge_swipe,True,2026-08-11 17:22:07
FAC-001-Z1,V-7,visitor,motion,,2026-08-11 17:22:07
FAC-003-Z3,E-27,employee,motion,,2026-08-11 17:22:07
FAC-004-Z1,E-44,employee,badge_swipe,True,2026-08-11 17:22:07
FAC-005-Z3,E-24,employee,badge_swipe,True,2026-08-11 17:37:07
FAC-003-Z2,E-21,employee,motion,,2026-08-11 17:37:07
FAC-002-Z3,E-35,employee,badge_swipe,True,2026-08-11 17:37:07
FAC-001-Z3,E-4,employee,badge_swipe,True,2026-08-11 17:37:07
FAC-004-Z1,E-8,employee,badge_swipe,True,2026-08-11 17:37:07
FAC-003-Z2,V-9,visitor,badge_swipe,False,2026-08-11 17:37:07
FAC-002-Z2,E-24,employee,badge_swipe,True,2026-08-11 17:37:07
FAC-001-Z2,E-27,employee,badge_swipe,False,2026-08-11 17:37:07
FAC-001-Z3,E-34,employee,badge_swipe,True,2026-08-11 17:37:07
FAC-002-Z2,E-2,employee,badge_swipe,True,2026-08-11 17:37:07
FAC-001-Z3,E-20,employee,motion,,2026-08-11 17:52:07
FAC-004-Z3,E-34,employee,motion,,2026-08-11 17:52:07
FAC-003-Z1,E-49,employee,motion,,2026-08-11 17:52:07
FAC-005-Z2,E-31,employee,badge_swipe,True,2026-08-11 17:52:07
FAC-004-Z3,E-50,employee,motion,,2026-08-11 17:52:07
FAC-003-Z2,E-6,employee,badge_swipe,True,2026-08-11 17:52:07
FAC-005-Z1,E-8,employee,motion,,2026-08-11 17:52:07
FAC-005-Z2,E-27,employee,badge_swipe,True,2026-08-11 17:52:07
FAC-002-Z2,E-22,employee,motion,,2026-08-11 17:52:07
FAC-005-Z3,E-34,employee,motion,,2026-08-11 17:52:07
FAC-002-Z3,V-7,visitor,motion,,2026-08-11 17:52:07
FAC-002-Z1,E-20,employee,badge_swipe,True,2026-08-11 17:52:07
FAC-001-Z2,E-13,employee,badge_swipe,True,2026-08-11 18:07:07
FAC-001-Z3,E-23,employee,badge_swipe,True,2026-08-11 18:07:07
FAC-001-Z2,E-48,employee,motion,,2026-08-11 18:07:07
FAC-005-Z1,E-25,employee,badge_swipe,True,2026-08-11 18:07:07
FAC-004-Z3,E-22,employee,motion,,2026-08-11 18:07:07
FAC-005-Z2,E-44,employee,badge_swipe,True,2026-08-11 18:07:07
FAC-005-Z1,E-20,employee,badge_swipe,True,2026-08-11 18:22:07
FAC-003-Z2,E-28,employee,motion,,2026-08-11 18:22:07
FAC-002-Z1,E-35,employee,badge_swipe,True,2026-08-11 18:22:07
FAC-004-Z2,E-49,employee,badge_swipe,True,2026-08-11 18:22:07
FAC-005-Z1,E-13,employee,motion,,2026-08-11 18:22:07
FAC-005-Z3,E-18,employee,motion,,2026-08-11 18:22:07
FAC-002-Z2,E-33,employee,badge_swipe,True,2026-08-11 18:22:07
FAC-005-Z1,E-6,employee,badge_swipe,True,2026-08-11 18:22:07
FAC-002-Z3,E-44,employee,motion,,2026-08-11 18:22:07
FAC-004-Z1,E-2,employee,badge_swipe,True,2026-08-11 18:22:07
FAC-001-Z1,V-4,visitor,motion,,2026-08-11 18:37:07
FAC-005-Z2,E-19,employee,badge_swipe,True,2026-08-11 18:37:07
FAC-005-Z3,E-23,employee,motion,,2026-08-11 18:37:07
FAC-002-Z2,E-26,employee,motion,,2026-08-11 18:37:07
FAC-002-Z3,E-47,employee,badge_swipe,True,2026-08-11 18:37:07
FAC-004-Z1,V-3,visitor,badge_swipe,True,2026-08-11 18:37:07
FAC-005-Z3,V-9,visitor,motion,,2026-08-11 18:37:07
FAC-004-Z1,E-17,employee,motion,,2026-08-11 18:37:07
FAC-005-Z3,E-21,employee,motion,,2026-08-11 18:37:07
FAC-005-Z3,E-42,employee,motion,,2026-08-11 18:37:07
FAC-004-Z1,V-1,visitor,motion,,2026-08-11 18:37:07
FAC-001-Z2,E-29,employee,motion,,2026-08-11 18:37:07
FAC-004-Z3,E-37,employee,motion,,2026-08-11 18:37:07
FAC-001-Z2,E-36,employee,badge_swipe,True,2026-08-11 18:37:07
FAC-001-Z2,E-39,employee,motion,,2026-08-11 18:37:07
FAC-004-Z3,E-50,employee,motion,,2026-08-11 18:52:07
FAC-002-Z3,E-10,employee,badge_swipe,True,2026-08-11 18:52:07
FAC-005-Z3,E-18,employee,badge_swipe,True,2026-08-11 18:52:07
FAC-004-Z2,E-36,employee,badge_swipe,False,2026-08-11 18:52:07
FAC-003-Z1,V-8,visitor,badge_swipe,False,2026-08-11 18:52:07
FAC-001-Z1,E-5,employee,badge_swipe,True,2026-08-11 19:22:07
FAC-003-Z3,V-3,visitor,badge_swipe,True,2026-08-11 19:22:07
FAC-005-Z1,E-33,employee,badge_swipe,True,2026-08-11 19:37:07
FAC-004-Z1,E-11,employee,badge_swipe,True,2026-08-11 19:37:07
FAC-003-Z1,E-37,employee,motion,,2026-08-11 19:37:07
FAC-004-Z1,V-9,visitor,badge_swipe,False,2026-08-11 20:07:07
FAC-002-Z2,E-42,employee,badge_swipe,True,2026-08-11 20:22:07
FAC-004-Z2,V-6,visitor,motion,,2026-08-11 20:22:07
FAC-003-Z3,E-17,employee,motion,,2026-08-11 20:37:07
FAC-005-Z2,E-16,employee,badge_swipe,True,2026-08-11 20:37:07
FAC-001-Z1,E-13,employee,badge_swipe,True,2026-08-11 20:52:07
FAC-003-Z1,E-17,employee,badge_swipe,True,2026-08-11 20:52:07
FAC-001-Z1,E-47,employee,badge_swipe,True,2026-08-11 21:22:07
FAC-001-Z2,E-38,employee,badge_swipe,True,2026-08-11 21:22:07
FAC-005-Z2,E-14,employee,badge_swipe,True,2026-08-11 21:37:07
FAC-004-Z3,E-30,employee,motion,,2026-08-11 21:37:07
FAC-001-Z2,E-1,employee,motion,,2026-08-11 21:37:07
FAC-005-Z2,E-22,employee,badge_swipe,True,2026-08-11 21:52:07
FAC-003-Z3,E-24,employee,badge_swipe,True,2026-08-11 21:52:07
FAC-004-Z3,E-5,employee,motion,,2026-08-11 22:07:07
FAC-003-Z3,E-14,employee,motion,,2026-08-11 22:22:07
FAC-003-Z1,E-5,employee,badge_swipe,True,2026-08-11 22:22:07
FAC-002-Z2,V-10,visitor,motion,,2026-08-11 22:37:07
FAC-005-Z3,E-16,employee,motion,,2026-08-11 22:52:07
FAC-005-Z2,E-48,employee,motion,,2026-08-11 23:07:07
FAC-003-Z2,E-12,employee,badge_swipe,True,2026-08-11 23:07:07
FAC-001-Z1,E-30,employee,badge_swipe,True,2026-08-11 23:07:07
FAC-002-Z2,E-20,employee,motion,,2026-08-11 23:22:07
FAC-004-Z3,E-22,employee,motion,,2026-08-11 23:22:07
FAC-004-Z2,E-38,employee,badge_swipe,True,2026-08-11 23:22:07
FAC-003-Z2,E-44,employee,motion,,2026-08-11 23:37:07
FAC-001-Z2,E-41,employee,motion,,2026-08-11 23:52:07
FAC-005-Z2,E-49,employee,badge_swipe,True,2026-08-11 23:52:07
FAC-002-Z2,E-2,employee,badge_swipe,True,2026-08-11 23:52:07
FAC-001-Z2,E-15,employee,badge_swipe,True,2026-08-12 00:07:07
FAC-005-Z2,E-39,employee,motion,,2026-08-12 00:07:07
FAC-003-Z1,E-24,employee,badge_swipe,True,2026-08-12 00:22:07
FAC-003-Z1,E-22,employee,motion,,2026-08-12 00:37:07
FAC-005-Z1,E-35,employee,motion,,2026-08-12 00:37:07
FAC-003-Z2,E-33,employee,motion,,2026-08-12 00:37:07
FAC-001-Z3,E-9,employee,badge_swipe,True,2026-08-12 00:52:07
FAC-002-Z3,E-10,employee,badge_swipe,True,2026-08-12 01:22:07
FAC-002-Z1,E-19,employee,badge_swipe,True,2026-08-12 01:22:07
FAC-005-Z1,E-27,employee,motion,,2026-08-12 01:37:07
FAC-002-Z2,E-44,employee,badge_swipe,True,2026-08-12 01:52:07
FAC-001-Z1,E-47,employee,badge_swipe,True,2026-08-12 01:52:07
FAC-001-Z2,E-19,employee,motion,,2026-08-12 02:07:07
FAC-004-Z2,V-2,visitor,motion,,2026-08-12 02:07:07
FAC-002-Z3,E-20,employee,badge_swipe,True,2026-08-12 02:07:07
FAC-005-Z2,E-29,employee,motion,,2026-08-12 02:52:07
FAC-002-Z3,E-9,employee,badge_swipe,True,2026-08-12 02:52:07
FAC-003-Z1,E-9,employee,badge_swipe,True,2026-08-12 02:52:07
FAC-004-Z1,E-8,employee,badge_swipe,True,2026-08-12 03:07:07
FAC-004-Z1,E-11,employee,motion,,2026-08-12 03:07:07
FAC-001-Z2,E-49,employee,motion,,2026-08-12 03:07:07
FAC-005-Z3,E-43,employee,badge_swipe,True,2026-08-12 03:22:07
FAC-004-Z3,E-21,employee,motion,,2026-08-12 03:37:07
FAC-001-Z1,E-2,employee,motion,,2026-08-12 03:37:07
FAC-003-Z2,E-11,employee,motion,,2026-08-12 03:52:07
FAC-005-Z2,E-9,employee,motion,,2026-08-12 04:07:07
FAC-004-Z2,E-5,employee,motion,,2026-08-12 04:22:07
FAC-004-Z3,E-47,employee,badge_swipe,False,2026-08-12 04:22:07
FAC-005-Z1,E-2,employee,motion,,2026-08-12 04:22:07
FAC-002-Z2,E-45,employee,motion,,2026-08-12 04:37:07
FAC-005-Z1,E-1,employee,motion,,2026-08-12 04:52:07
FAC-003-Z3,E-42,employee,motion,,2026-08-12 04:52:07
FAC-002-Z3,E-40,employee,badge_swipe,True,2026-08-12 04:52:07
FAC-002-Z3,E-45,employee,badge_swipe,True,2026-08-12 05:22:07
FAC-003-Z2,E-46,employee,motion,,2026-08-12 05:37:07
FAC-002-Z3,E-19,employee,motion,,2026-08-12 05:37:07
FAC-001-Z3,E-21,employee,motion,,2026-08-12 05:37:07
FAC-001-Z1,E-48,employee,motion,,2026-08-12 05:52:07
FAC-005-Z3,E-25,employee,badge_swipe,True,2026-08-12 05:52:07
FAC-005-Z2,E-43,employee,badge_swipe,True,2026-08-12 06:07:07
FAC-003-Z2,E-38,employee,badge_swipe,False,2026-08-12 06:07:07
FAC-001-Z3,E-16,employee,badge_swipe,True,2026-08-12 06:07:07
FAC-005-Z3,E-37,employee,badge_swipe,True,2026-08-12 06:22:07
FAC-003-Z2,E-6,employee,motion,,2026-08-12 06:22:07
FAC-002-Z1,E-43,employee,badge_swipe,True,2026-08-12 06:22:07
FAC-003-Z3,E-6,employee,badge_swipe,True,2026-08-12 06:37:07
FAC-001-Z3,E-22,employee,badge_swipe,True,2026-08-12 06:37:07
FAC-001-Z2,E-35,employee,motion,,2026-08-12 06:37:07
FAC-005-Z3,E-9,employee,badge_swipe,True,2026-08-12 06:52:07
FAC-005-Z1,V-5,visitor,motion,,2026-08-12 06:52:07
FAC-003-Z3,E-19,employee,motion,,2026-08-12 07:07:07
FAC-004-Z3,E-14,employee,motion,,2026-08-12 07:37:07
FAC-005-Z1,E-46,employee,badge_swipe,True,2026-08-12 07:37:07
FAC-002-Z1,E-3,employee,badge_swipe,True,2026-08-12 08:07:07
FAC-002-Z1,E-22,employee,motion,,2026-08-12 08:07:07
FAC-005-Z1,E-36,employee,badge_swipe,True,2026-08-12 08:07:07
FAC-001-Z1,E-36,employee,badge_swipe,True,2026-08-12 08:07:07
FAC-004-Z2,E-32,employee,badge_swipe,True,2026-08-12 08:07:07
FAC-002-Z2,V-10,visitor,badge_swipe,True,2026-08-12 08:07:07
FAC-002-Z2,E-46,employee,badge_swipe,True,2026-08-12 08:22:07
FAC-005-Z2,E-23,employee,motion,,2026-08-12 08:22:07
FAC-003-Z3,E-46,employee,motion,,2026-08-12 08:22:07
FAC-001-Z1,E-1,employee,badge_swipe,True,2026-08-12 08:22:07
FAC-003-Z2,E-4,employee,motion,,2026-08-12 08:22:07
FAC-005-Z3,V-6,visitor,badge_swipe,True,2026-08-12 08:22:07
FAC-005-Z1,E-28,employee,motion,,2026-08-12 08:22:07
FAC-005-Z2,E-28,employee,badge_swipe,True,2026-08-12 08:22:07
FAC-002-Z1,E-45,employee,badge_swipe,True,2026-08-12 08:22:07
FAC-004-Z1,E-43,employee,motion,,2026-08-12 08:22:07
FAC-003-Z3,E-38,employee,badge_swipe,True,2026-08-12 08:22:07
FAC-003-Z2,E-39,employee,motion,,2026-08-12 08:22:07
FAC-002-Z2,E-9,employee,motion,,2026-08-12 08:22:07
FAC-004-Z2,E-13,employee,motion,,2026-08-12 08:22:07
FAC-003-Z1,E-43,employee,motion,,2026-08-12 08:22:07
FAC-001-Z2,E-21,employee,motion,,2026-08-12 08:22:07
FAC-003-Z1,E-11,employee,motion,,2026-08-12 08:22:07
FAC-003-Z1,E-38,employee,badge_swipe,True,2026-08-12 08:22:07
FAC-002-Z1,E-17,employee,motion,,2026-08-12 08:37:07
FAC-005-Z2,E-27,employee,motion,,2026-08-12 08:37:07
FAC-004-Z3,E-22,employee,motion,,2026-08-12 08:37:07
FAC-001-Z3,E-7,employee,motion,,2026-08-12 08:37:07
FAC-004-Z3,E-3,employee,motion,,2026-08-12 08:37:07
FAC-002-Z3,E-47,employee,badge_swipe,True,2026-08-12 08:37:07
FAC-002-Z2,E-22,employee,motion,,2026-08-12 08:37:07
FAC-002-Z3,E-34,employee,badge_swipe,True,2026-08-12 08:52:07
FAC-002-Z2,E-49,employee,badge_swipe,True,2026-08-12 08:52:07
FAC-004-Z2,E-44,employee,motion,,2026-08-12 08:52:07
FAC-003-Z2,E-39,employee,badge_swipe,True,2026-08-12 08:52:07
FAC-005-Z3,E-48,employee,badge_swipe,True,2026-08-12 08:52:07
FAC-004-Z1,E-44,employee,motion,,2026-08-12 09:07:07
FAC-001-Z2,E-41,employee,motion,,2026-08-12 09:07:07
FAC-001-Z2,E-2,employee,badge_swipe,True,2026-08-12 09:07:07
FAC-005-Z3,E-6,employee,badge_swipe,True,2026-08-12 09:07:07
FAC-003-Z1,E-18,employee,motion,,2026-08-12 09:07:07
FAC-002-Z3,E-19,employee,badge_swipe,True,2026-08-12 09:07:07
FAC-003-Z1,E-49,employee,motion,,2026-08-12 09:07:07
FAC-005-Z2,V-1,visitor,motion,,2026-08-12 09:07:07
FAC-002-Z1,V-2,visitor,motion,,2026-08-12 09:07:07
FAC-004-Z3,E-5,employee,motion,,2026-08-12 09:07:07
FAC-003-Z3,V-5,visitor,motion,,2026-08-12 09:07:07
FAC-005-Z1,E-11,employee,motion,,2026-08-12 09:07:07
FAC-002-Z1,E-3,employee,badge_swipe,True,2026-08-12 09:07:07
FAC-002-Z1,E-26,employee,motion,,2026-08-12 09:07:07
FAC-002-Z1,E-4,employee,motion,,2026-08-12 09:07:07
FAC-002-Z1,V-5,visitor,motion,,2026-08-12 09:07:07
FAC-002-Z2,E-15,employee,badge_swipe,True,2026-08-12 09:07:07
FAC-003-Z1,E-38,employee,motion,,2026-08-12 09:22:07
FAC-001-Z2,E-32,employee,badge_swipe,True,2026-08-12 09:22:07
FAC-005-Z2,E-48,employee,motion,,2026-08-12 09:22:07
FAC-002-Z3,E-24,employee,motion,,2026-08-12 09:22:07
FAC-004-Z3,E-5,employee,badge_swipe,True,2026-08-12 09:22:07
FAC-003-Z1,E-4,employee,badge_swipe,True,2026-08-12 09:22:07
FAC-001-Z1,E-41,employee,badge_swipe,True,2026-08-12 09:22:07
FAC-002-Z2,E-14,employee,motion,,2026-08-12 09:22:07
FAC-003-Z1,V-10,visitor,badge_swipe,True,2026-08-12 09:22:07
FAC-001-Z2,E-15,employee,badge_swipe,True,2026-08-12 09:22:07
FAC-002-Z1,E-8,employee,badge_swipe,True,2026-08-12 09:22:07
FAC-001-Z3,E-21,employee,badge_swipe,True,2026-08-12 09:22:07
FAC-005-Z1,E-37,employee,motion,,2026-08-12 09:22:07
FAC-004-Z2,E-13,employee,badge_swipe,True,2026-08-12 09:22:07
FAC-003-Z1,V-2,visitor,motion,,2026-08-12 09:37:07
FAC-004-Z1,E-29,employee,badge_swipe,True,2026-08-12 09:37:07
FAC-005-Z3,E-39,employee,motion,,2026-08-12 09:37:07
FAC-001-Z1,E-22,employee,motion,,2026-08-12 09:37:07
FAC-003-Z3,V-3,visitor,badge_swipe,True,2026-08-12 09:37:07
FAC-005-Z3,E-12,employee,badge_swipe,True,2026-08-12 09:37:07
FAC-001-Z1,E-16,employee,motion,,2026-08-12 09:52:07
FAC-005-Z1,V-1,visitor,badge_swipe,True,2026-08-12 09:52:07
FAC-002-Z2,E-9,employee,badge_swipe,True,2026-08-12 09:52:07
FAC-005-Z1,E-17,employee,motion,,2026-08-12 09:52:07
FAC-005-Z3,E-12,employee,badge_swipe,True,2026-08-12 09:52:07
FAC-002-Z2,E-34,employee,badge_swipe,True,2026-08-12 09:52:07
FAC-003-Z1,E-2,employee,badge_swipe,True,2026-08-12 09:52:07
FAC-002-Z2,E-48,employee,motion,,2026-08-12 09:52:07
FAC-004-Z3,E-45,employee,badge_swipe,True,2026-08-12 09:52:07
FAC-003-Z2,E-24,employee,motion,,2026-08-12 09:52:07
FAC-005-Z3,E-22,employee,badge_swipe,True,2026-08-12 09:52:07
FAC-003-Z2,E-26,employee,motion,,2026-08-12 09:52:07
FAC-002-Z2,E-8,employee,badge_swipe,True,2026-08-12 09:52:07
FAC-001-Z2,E-31,employee,badge_swipe,True,2026-08-12 09:52:07
FAC-001-Z1,E-5,employee,badge_swipe,True,2026-08-12 09:52:07
FAC-002-Z3,E-1,employee,badge_swipe,True,2026-08-12 09:52:07
FAC-001-Z3,V-10,visitor,motion,,2026-08-12 09:52:07
FAC-001-Z2,E-12,employee,badge_swipe,True,2026-08-12 09:52:07
FAC-002-Z3,E-18,employee,badge_swipe,True,2026-08-12 10:07:07
FAC-001-Z2,E-18,employee,motion,,2026-08-12 10:07:07
FAC-001-Z2,E-4,employee,badge_swipe,True,2026-08-12 10:07:07
FAC-002-Z3,E-30,employee,badge_swipe,True,2026-08-12 10:07:07
FAC-005-Z3,E-21,employee,motion,,2026-08-12 10:07:07
FAC-002-Z3,E-34,employee,badge_swipe,True,2026-08-12 10:07:07
FAC-004-Z3,V-9,visitor,motion,,2026-08-12 10:07:07
FAC-004-Z2,E-2,employee,badge_swipe,True,2026-08-12 10:07:07
FAC-002-Z1,E-27,employee,motion,,2026-08-12 10:07:07
FAC-002-Z3,E-34,employee,badge_swipe,True,2026-08-12 10:22:07
FAC-002-Z2,E-43,employee,motion,,2026-08-12 10:22:07
FAC-002-Z1,E-1,employee,badge_swipe,True,2026-08-12 10:22:07
FAC-005-Z1,E-1,employee,motion,,2026-08-12 10:22:07
FAC-002-Z1,E-49,employee,motion,,2026-08-12 10:22:07
FAC-004-Z1,E-35,employee,motion,,2026-08-12 10:22:07
FAC-001-Z1,E-16,employee,badge_swipe,True,2026-08-12 10:22:07
FAC-004-Z3,E-14,employee,badge_swipe,True,2026-08-12 10:22:07
FAC-005-Z2,E-46,employee,badge_swipe,True,2026-08-12 10:22:07
FAC-003-Z2,V-6,visitor,motion,,2026-08-12 10:22:07
FAC-001-Z2,E-23,employee,badge_swipe,True,2026-08-12 10:22:07
FAC-004-Z1,E-12,employee,badge_swipe,True,2026-08-12 10:22:07
FAC-002-Z2,E-40,employee,motion,,2026-08-12 10:22:07
FAC-005-Z3,V-7,visitor,badge_swipe,False,2026-08-12 10:37:07
FAC-002-Z2,E-34,employee,motion,,2026-08-12 10:37:07
FAC-004-Z3,V-2,visitor,motion,,2026-08-12 10:37:07
FAC-002-Z1,E-29,employee,motion,,2026-08-12 10:37:07
FAC-005-Z1,E-40,employee,motion,,2026-08-12 10:37:07
FAC-004-Z2,E-49,employee,badge_swipe,True,2026-08-12 10:37:07
FAC-001-Z1,V-3,visitor,motion,,2026-08-12 10:37:07
FAC-002-Z3,E-12,employee,motion,,2026-08-12 10:37:07
FAC-005-Z3,E-6,employee,motion,,2026-08-12 10:37:07
FAC-005-Z2,E-33,employee,motion,,2026-08-12 10:52:07
FAC-002-Z1,E-49,employee,motion,,2026-08-12 10:52:07
FAC-005-Z2,E-50,employee,motion,,2026-08-12 10:52:07
FAC-001-Z3,E-3,employee,badge_swipe,True,2026-08-12 10:52:07
FAC-001-Z2,E-24,employee,badge_swipe,True,2026-08-12 10:52:07
FAC-004-Z3,E-31,employee,motion,,2026-08-12 10:52:07
FAC-001-Z3,E-33,employee,badge_swipe,True,2026-08-12 10:52:07
FAC-005-Z1,E-20,employee,badge_swipe,True,2026-08-12 10:52:07
FAC-005-Z3,E-34,employee,motion,,2026-08-12 10:52:07
FAC-005-Z1,V-5,visitor,motion,,2026-08-12 10:52:07
FAC-004-Z2,E-28,employee,badge_swipe,True,2026-08-12 10:52:07
FAC-004-Z2,V-7,visitor,motion,,2026-08-12 10:52:07
FAC-003-Z1,E-8,employee,badge_swipe,True,2026-08-12 10:52:07
FAC-002-Z2,E-20,employee,badge_swipe,True,2026-08-12 10:52:07
FAC-004-Z2,E-22,employee,badge_swipe,True,2026-08-12 10:52:07
FAC-003-Z2,E-25,employee,badge_swipe,False,2026-08-12 10:52:07
FAC-003-Z3,E-38,employee,badge_swipe,True,2026-08-12 10:52:07
FAC-003-Z1,E-7,employee,badge_swipe,True,2026-08-12 10:52:07
FAC-002-Z2,V-3,visitor,motion,,2026-08-12 11:07:07
FAC-002-Z1,E-10,employee,motion,,2026-08-12 11:07:07
FAC-005-Z2,E-34,employee,badge_swipe,True,2026-08-12 11:07:07
FAC-001-Z2,E-27,employee,badge_swipe,True,2026-08-12 11:07:07
FAC-005-Z2,E-16,employee,badge_swipe,True,2026-08-12 11:07:07
FAC-003-Z1,E-16,employee,motion,,2026-08-12 11:07:07
FAC-001-Z2,E-19,employee,motion,,2026-08-12 11:07:07
FAC-005-Z1,E-34,employee,badge_swipe,True,2026-08-12 11:07:07
FAC-004-Z1,E-4,employee,badge_swipe,True,2026-08-12 11:07:07
FAC-002-Z3,E-40,employee,badge_swipe,True,2026-08-12 11:07:07
FAC-005-Z2,V-2,visitor,motion,,2026-08-12 11:07:07
FAC-004-Z3,E-12,employee,badge_swipe,True,2026-08-12 11:07:07
FAC-004-Z2,V-2,visitor,motion,,2026-08-12 11:22:07
FAC-001-Z3,E-39,employee,motion,,2026-08-12 11:22:07
FAC-001-Z3,E-6,employee,motion,,2026-08-12 11:22:07
FAC-002-Z2,E-22,employee,motion,,2026-08-12 11:22:07
FAC-004-Z3,E-39,employee,badge_swipe,True,2026-08-12 11:22:07
FAC-001-Z2,E-15,employee,motion,,2026-08-12 11:22:07
FAC-003-Z1,E-1,employee,motion,,2026-08-12 11:22:07
FAC-004-Z1,E-16,employee,motion,,2026-08-12 11:22:07
FAC-004-Z2,E-2,employee,badge_swipe,True,2026-08-12 11:22:07
FAC-004-Z1,E-32,employee,badge_swipe,True,2026-08-12 11:22:07
FAC-001-Z3,E-18,employee,badge_swipe,True,2026-08-12 11:22:07
FAC-002-Z2,E-27,employee,motion,,2026-08-12 11:22:07
FAC-002-Z3,E-3,employee,motion,,2026-08-12 11:22:07
FAC-004-Z1,E-46,employee,motion,,2026-08-12 11:22:07
FAC-003-Z3,E-12,employee,badge_swipe,True,2026-08-12 11:22:07
FAC-003-Z1,E-37,employee,motion,,2026-08-12 11:22:07
FAC-002-Z3,E-11,employee,badge_swipe,True,2026-08-12 11:37:07
FAC-005-Z1,E-39,employee,badge_swipe,True,2026-08-12 11:37:07
FAC-001-Z1,E-2,employee,badge_swipe,False,2026-08-12 11:37:07
FAC-005-Z3,E-47,employee,badge_swipe,True,2026-08-12 11:37:07
FAC-002-Z1,E-34,employee,motion,,2026-08-12 11:37:07
FAC-002-Z2,V-5,visitor,motion,,2026-08-12 11:37:07
FAC-003-Z1,E-25,employee,motion,,2026-08-12 11:37:07
FAC-001-Z1,E-11,employee,badge_swipe,True,2026-08-12 11:37:07
FAC-001-Z2,E-21,employee,motion,,2026-08-12 11:37:07
FAC-004-Z3,E-37,employee,motion,,2026-08-12 11:37:07
FAC-005-Z3,E-25,employee,badge_swipe,True,2026-08-12 11:37:07
FAC-001-Z3,E-49,employee,motion,,2026-08-12 11:37:07
FAC-003-Z1,E-12,employee,motion,,2026-08-12 11:37:07
FAC-003-Z3,E-41,employee,motion,,2026-08-12 11:37:07
FAC-005-Z2,E-12,employee,badge_swipe,True,2026-08-12 11:37:07
FAC-002-Z3,E-24,employee,badge_swipe,True,2026-08-12 11:37:07
FAC-005-Z3,E-9,employee,motion,,2026-08-12 11:37:07
FAC-004-Z2,E-3,employee,motion,,2026-08-12 11:37:07
FAC-004-Z1,E-22,employee,badge_swipe,True,2026-08-12 11:37:07
FAC-003-Z2,E-50,employee,motion,,2026-08-12 11:52:07
FAC-004-Z1,E-12,employee,badge_swipe,True,2026-08-12 11:52:07
FAC-001-Z3,E-29,employee,badge_swipe,True,2026-08-12 11:52:07
FAC-001-Z1,E-45,employee,badge_swipe,True,2026-08-12 11:52:07
FAC-002-Z1,V-4,visitor,badge_swipe,True,2026-08-12 11:52:07
FAC-004-Z2,E-17,employee,badge_swipe,True,2026-08-12 11:52:07
FAC-003-Z2,V-2,visitor,motion,,2026-08-12 11:52:07
FAC-002-Z3,V-2,visitor,motion,,2026-08-12 11:52:07
FAC-001-Z2,E-16,employee,badge_swipe,True,2026-08-12 11:52:07
FAC-003-Z1,E-42,employee,badge_swipe,True,2026-08-12 11:52:07
FAC-005-Z3,E-49,employee,badge_swipe,True,2026-08-12 11:52:07
FAC-005-Z2,E-7,employee,motion,,2026-08-12 11:52:07
FAC-005-Z1,V-9,visitor,motion,,2026-08-12 11:52:07
FAC-001-Z2,V-3,visitor,badge_swipe,True,2026-08-12 12:07:07
FAC-001-Z2,E-50,employee,badge_swipe,True,2026-08-12 12:07:07
FAC-004-Z1,E-22,employee,badge_swipe,True,2026-08-12 12:07:07
FAC-005-Z2,V-2,visitor,badge_swipe,True,2026-08-12 12:07:07
FAC-001-Z1,E-41,employee,badge_swipe,True,2026-08-12 12:07:07
FAC-004-Z1,E-26,employee,badge_swipe,True,2026-08-12 12:07:07
FAC-001-Z2,E-39,employee,motion,,2026-08-12 12:07:07
FAC-003-Z2,E-39,employee,badge_swipe,True,2026-08-12 12:07:07
FAC-003-Z1,E-25,employee,badge_swipe,True,2026-08-12 12:07:07
FAC-001-Z3,E-2,employee,badge_swipe,True,2026-08-12 12:07:07
FAC-004-Z3,E-3,employee,badge_swipe,True,2026-08-12 12:22:07
FAC-005-Z1,E-49,employee,motion,,2026-08-12 12:22:07
FAC-004-Z3,V-3,visitor,badge_swipe,True,2026-08-12 12:22:07
FAC-005-Z1,E-41,employee,motion,,2026-08-12 12:22:07
FAC-003-Z1,E-29,employee,motion,,2026-08-12 12:22:07
FAC-004-Z3,E-16,employee,badge_swipe,True,2026-08-12 12:22:07
FAC-004-Z3,E-47,employee,motion,,2026-08-12 12:37:07
FAC-003-Z2,E-16,employee,motion,,2026-08-12 12:37:07
FAC-002-Z1,E-42,employee,motion,,2026-08-12 12:37:07
FAC-003-Z1,E-49,employee,badge_swipe,True,2026-08-12 12:37:07
FAC-001-Z3,V-8,visitor,badge_swipe,True,2026-08-12 12:37:07
FAC-001-Z1,E-19,employee,badge_swipe,True,2026-08-12 12:37:07
FAC-001-Z3,E-45,employee,badge_swipe,True,2026-08-12 12:37:07
FAC-001-Z1,E-39,employee,motion,,2026-08-12 12:37:07
FAC-001-Z3,E-35,employee,motion,,2026-08-12 12:37:07
FAC-003-Z1,E-19,employee,badge_swipe,True,2026-08-12 12:37:07
FAC-004-Z2,E-43,employee,motion,,2026-08-12 12:37:07
FAC-003-Z3,E-1,employee,badge_swipe,True,2026-08-12 12:37:07
FAC-004-Z1,E-6,employee,motion,,2026-08-12 12:37:07
FAC-001-Z3,E-16,employee,badge_swipe,True,2026-08-12 12:37:07
FAC-001-Z2,E-38,employee,badge_swipe,True,2026-08-12 12:37:07
FAC-003-Z2,V-9,visitor,badge_swipe,True,2026-08-12 12:37:07
FAC-002-Z1,E-32,employee,badge_swipe,True,2026-08-12 12:37:07
FAC-004-Z1,E-42,employee,badge_swipe,True,2026-08-12 12:37:07
FAC-003-Z2,E-34,employee,badge_swipe,True,2026-08-12 12:37:07
FAC-004-Z3,V-5,visitor,badge_swipe,True,2026-08-12 12:37:07
FAC-001-Z1,E-40,employee,motion,,2026-08-12 12:52:07
FAC-002-Z2,E-14,employee,badge_swipe,True,2026-08-12 12:52:07
FAC-004-Z1,E-32,employee,badge_swipe,True,2026-08-12 12:52:07
FAC-003-Z1,E-28,employee,motion,,2026-08-12 12:52:07
FAC-004-Z2,E-13,employee,badge_swipe,True,2026-08-12 12:52:07
FAC-004-Z3,E-16,employee,badge_swipe,True,2026-08-12 12:52:07
FAC-004-Z2,E-47,employee,badge_swipe,True,2026-08-12 12:52:07
FAC-005-Z2,E-43,employee,badge_swipe,True,2026-08-12 12:52:07
FAC-002-Z3,E-16,employee,motion,,2026-08-12 12:52:07
FAC-001-Z2,E-42,employee,motion,,2026-08-12 12:52:07
FAC-005-Z3,E-36,employee,badge_swipe,False,2026-08-12 12:52:07
FAC-003-Z3,E-24,employee,badge_swipe,True,2026-08-12 12:52:07
FAC-004-Z2,E-7,employee,motion,,2026-08-12 12:52:07
FAC-002-Z3,E-18,employee,badge_swipe,True,2026-08-12 12:52:07
FAC-002-Z1,E-50,employee,motion,,2026-08-12 12:52:07
FAC-004-Z3,E-28,employee,badge_swipe,True,2026-08-12 12:52:07
FAC-003-Z2,E-38,employee,motion,,2026-08-12 12:52:07
FAC-005-Z3,E-13,employee,motion,,2026-08-12 12:52:07
FAC-001-Z2,E-6,employee,motion,,2026-08-12 12:52:07
FAC-002-Z1,E-50,employee,motion,,2026-08-12 13:07:07
FAC-004-Z2,E-49,employee,motion,,2026-08-12 13:07:07
FAC-002-Z1,E-4,employee,motion,,2026-08-12 13:07:07
FAC-005-Z2,V-8,visitor,badge_swipe,True,2026-08-12 13:07:07
FAC-005-Z2,E-28,employee,motion,,2026-08-12 13:07:07
FAC-002-Z3,E-24,employee,motion,,2026-08-12 13:07:07
FAC-005-Z3,E-44,employee,motion,,2026-08-12 13:07:07
FAC-003-Z1,E-50,employee,motion,,2026-08-12 13:07:07
FAC-002-Z3,E-18,employee,motion,,2026-08-12 13:07:07
FAC-004-Z2,E-13,employee,badge_swipe,True,2026-08-12 13:07:07
FAC-001-Z1,E-19,employee,badge_swipe,True,2026-08-12 13:07:07
FAC-005-Z3,V-8,visitor,badge_swipe,True,2026-08-12 13:07:07
FAC-002-Z3,E-14,employee,badge_swipe,True,2026-08-12 13:07:07
FAC-004-Z2,E-17,employee,motion,,2026-08-12 13:07:07
FAC-003-Z2,E-29,employee,badge_swipe,True,2026-08-12 13:22:07
FAC-002-Z1,E-8,employee,badge_swipe,True,2026-08-12 13:22:07
FAC-003-Z3,E-15,employee,motion,,2026-08-12 13:22:07
FAC-004-Z1,E-6,employee,badge_swipe,True,2026-08-12 13:22:07
FAC-005-Z1,E-10,employee,motion,,2026-08-12 13:22:07
FAC-003-Z2,E-17,employee,motion,,2026-08-12 13:22:07
FAC-005-Z2,E-12,employee,badge_swipe,True,2026-08-12 13:22:07
FAC-004-Z1,E-43,employee,motion,,2026-08-12 13:22:07
FAC-004-Z2,E-36,employee,badge_swipe,True,2026-08-12 13:22:07
FAC-003-Z3,E-15,employee,badge_swipe,True,2026-08-12 13:22:07
FAC-002-Z2,V-5,visitor,motion,,2026-08-12 13:22:07
FAC-004-Z1,E-44,employee,motion,,2026-08-12 13:22:07
FAC-001-Z1,E-38,employee,badge_swipe,True,2026-08-12 13:22:07
FAC-004-Z2,E-44,employee,badge_swipe,True,2026-08-12 13:22:07
FAC-002-Z2,E-22,employee,motion,,2026-08-12 13:22:07
FAC-005-Z1,E-29,employee,motion,,2026-08-12 13:22:07
FAC-005-Z2,E-8,employee,motion,,2026-08-12 13:22:07
FAC-001-Z1,E-12,employee,badge_swipe,True,2026-08-12 13:37:07
FAC-005-Z1,E-4,employee,motion,,2026-08-12 13:37:07
FAC-001-Z3,E-26,employee,badge_swipe,True,2026-08-12 13:37:07
FAC-002-Z3,E-1,employee,motion,,2026-08-12 13:37:07
FAC-003-Z1,E-34,employee,motion,,2026-08-12 13:37:07
FAC-004-Z2,E-45,employee,motion,,2026-08-12 13:52:07
FAC-004-Z1,E-37,employee,motion,,2026-08-12 13:52:07
FAC-004-Z1,E-49,employee,badge_swipe,True,2026-08-12 13:52:07
FAC-005-Z1,V-8,visitor,motion,,2026-08-12 13:52:07
FAC-001-Z2,E-27,employee,badge_swipe,True,2026-08-12 13:52:07
FAC-002-Z2,E-10,employee,motion,,2026-08-12 13:52:07
FAC-002-Z1,E-34,employee,motion,,2026-08-12 13:52:07
FAC-001-Z2,E-36,employee,badge_swipe,True,2026-08-12 13:52:07
FAC-004-Z1,E-3,employee,motion,,2026-08-12 13:52:07
FAC-004-Z1,V-6,visitor,badge_swipe,True,2026-08-12 13:52:07
FAC-003-Z3,V-8,visitor,badge_swipe,True,2026-08-12 13:52:07
FAC-005-Z2,E-14,employee,motion,,2026-08-12 13:52:07
FAC-002-Z2,E-47,employee,motion,,2026-08-12 13:52:07
FAC-004-Z1,E-15,employee,motion,,2026-08-12 14:07:07
FAC-002-Z1,E-15,employee,motion,,2026-08-12 14:07:07
FAC-004-Z1,E-27,employee,badge_swipe,True,2026-08-12 14:07:07
FAC-001-Z2,V-10,visitor,badge_swipe,True,2026-08-12 14:07:07
FAC-004-Z3,E-13,employee,motion,,2026-08-12 14:07:07
FAC-001-Z1,E-26,employee,badge_swipe,True,2026-08-12 14:07:07
FAC-001-Z2,E-32,employee,motion,,2026-08-12 14:07:07
FAC-001-Z2,V-4,visitor,motion,,2026-08-12 14:07:07
FAC-002-Z1,E-20,employee,motion,,2026-08-12 14:22:07
FAC-005-Z3,E-2,employee,badge_swipe,True,2026-08-12 14:22:07
FAC-001-Z1,V-5,visitor,badge_swipe,True,2026-08-12 14:22:07
FAC-005-Z2,E-37,employee,badge_swipe,True,2026-08-12 14:22:07
FAC-003-Z3,V-4,visitor,badge_swipe,True,2026-08-12 14:22:07
FAC-003-Z2,E-28,employee,badge_swipe,True,2026-08-12 14:22:07
FAC-002-Z2,E-1,employee,motion,,2026-08-12 14:22:07
FAC-002-Z3,E-49,employee,motion,,2026-08-12 14:22:07
FAC-001-Z1,V-1,visitor,badge_swipe,True,2026-08-12 14:22:07
FAC-003-Z1,E-39,employee,motion,,2026-08-12 14:37:07
FAC-005-Z1,E-48,employee,motion,,2026-08-12 14:37:07
FAC-001-Z2,E-10,employee,motion,,2026-08-12 14:37:07
FAC-005-Z2,E-26,employee,badge_swipe,True,2026-08-12 14:37:07
FAC-001-Z1,E-29,employee,motion,,2026-08-12 14:37:07
FAC-001-Z1,E-36,employee,badge_swipe,True,2026-08-12 14:37:07
FAC-001-Z2,V-10,visitor,motion,,2026-08-12 14:37:07
FAC-001-Z3,E-25,employee,badge_swipe,True,2026-08-12 14:37:07
FAC-001-Z2,E-19,employee,motion,,2026-08-12 14:37:07
FAC-001-Z2,E-9,employee,badge_swipe,True,2026-08-12 14:37:07
FAC-001-Z3,E-10,employee,motion,,2026-08-12 14:37:07
FAC-005-Z3,E-15,employee,motion,,2026-08-12 14:37:07
FAC-003-Z2,E-38,employee,badge_swipe,True,2026-08-12 14:37:07
FAC-002-Z2,E-5,employee,motion,,2026-08-12 14:37:07
FAC-004-Z2,E-24,employee,motion,,2026-08-12 14:37:07
FAC-002-Z3,E-41,employee,badge_swipe,True,2026-08-12 14:37:07
FAC-004-Z1,E-5,employee,motion,,2026-08-12 14:37:07
FAC-002-Z1,E-31,employee,badge_swipe,True,2026-08-12 14:52:07
FAC-001-Z2,E-4,employee,motion,,2026-08-12 14:52:07
FAC-003-Z2,E-46,employee,badge_swipe,True,2026-08-12 14:52:07
FAC-002-Z3,V-8,visitor,badge_swipe,True,2026-08-12 14:52:07
FAC-005-Z3,E-4,employee,motion,,2026-08-12 14:52:07
FAC-002-Z3,E-21,employee,motion,,2026-08-12 15:07:07
FAC-003-Z2,E-4,employee,badge_swipe,True,2026-08-12 15:07:07
FAC-003-Z1,E-13,employee,badge_swipe,True,2026-08-12 15:07:07
FAC-003-Z2,V-8,visitor,motion,,2026-08-12 15:07:07
FAC-003-Z1,E-19,employee,motion,,2026-08-12 15:07:07
FAC-004-Z2,E-40,employee,badge_swipe,False,2026-08-12 15:07:07
FAC-003-Z1,E-9,employee,badge_swipe,True,2026-08-12 15:07:07
FAC-004-Z1,E-9,employee,motion,,2026-08-12 15:07:07
FAC-005-Z3,V-6,visitor,badge_swipe,True,2026-08-12 15:07:07
FAC-003-Z1,E-25,employee,motion,,2026-08-12 15:22:07
FAC-001-Z2,E-30,employee,badge_swipe,True,2026-08-12 15:22:07
FAC-001-Z2,E-19,employee,motion,,2026-08-12 15:22:07
FAC-005-Z1,E-34,employee,motion,,2026-08-12 15:22:07
FAC-005-Z1,E-48,employee,motion,,2026-08-12 15:22:07
FAC-005-Z3,E-25,employee,badge_swipe,True,2026-08-12 15:22:07
FAC-002-Z3,E-47,employee,badge_swipe,True,2026-08-12 15:22:07
FAC-003-Z1,V-9,visitor,badge_swipe,True,2026-08-12 15:22:07
FAC-002-Z1,E-10,employee,badge_swipe,True,2026-08-12 15:22:07
FAC-001-Z2,V-7,visitor,motion,,2026-08-12 15:22:07
FAC-003-Z3,E-33,employee,motion,,2026-08-12 15:22:07
FAC-002-Z1,E-26,employee,motion,,2026-08-12 15:22:07
FAC-005-Z1,E-3,employee,motion,,2026-08-12 15:37:07
FAC-001-Z1,E-32,employee,motion,,2026-08-12 15:37:07
FAC-004-Z2,E-4,employee,badge_swipe,True,2026-08-12 15:37:07
FAC-004-Z2,E-32,employee,motion,,2026-08-12 15:37:07
FAC-001-Z2,E-33,employee,badge_swipe,True,2026-08-12 15:37:07
FAC-002-Z2,E-14,employee,motion,,2026-08-12 15:37:07
FAC-005-Z1,E-23,employee,motion,,2026-08-12 15:37:07
FAC-002-Z1,E-34,employee,badge_swipe,False,2026-08-12 15:37:07
FAC-003-Z1,E-34,employee,badge_swipe,True,2026-08-12 15:37:07
FAC-003-Z1,E-37,employee,badge_swipe,True,2026-08-12 15:37:07
FAC-002-Z2,E-29,employee,badge_swipe,True,2026-08-12 15:52:07
FAC-005-Z1,E-44,employee,motion,,2026-08-12 15:52:07
FAC-004-Z3,E-1,employee,motion,,2026-08-12 15:52:07
FAC-005-Z1,V-8,visitor,badge_swipe,True,2026-08-12 15:52:07
FAC-003-Z2,E-7,employee,badge_swipe,True,2026-08-12 15:52:07
FAC-001-Z1,E-30,employee,motion,,2026-08-12 15:52:07
FAC-002-Z1,E-9,employee,motion,,2026-08-12 15:52:07
FAC-003-Z1,E-6,employee,motion,,2026-08-12 15:52:07
FAC-004-Z3,E-24,employee,badge_swipe,True,2026-08-12 15:52:07
FAC-001-Z3,E-21,employee,badge_swipe,True,2026-08-12 16:07:07
FAC-005-Z3,V-4,visitor,motion,,2026-08-12 16:07:07
FAC-004-Z1,E-7,employee,badge_swipe,True,2026-08-12 16:07:07
FAC-001-Z1,E-4,employee,badge_swipe,False,2026-08-12 16:07:07
FAC-001-Z3,E-41,employee,motion,,2026-08-12 16:07:07
FAC-003-Z2,E-23,employee,motion,,2026-08-12 16:07:07
FAC-005-Z3,E-50,employee,badge_swipe,True,2026-08-12 16:07:07
FAC-004-Z1,E-21,employee,badge_swipe,True,2026-08-12 16:22:07
FAC-003-Z2,E-26,employee,badge_swipe,False,2026-08-12 16:22:07
FAC-001-Z2,E-43,employee,badge_swipe,False,2026-08-12 16:22:07
FAC-003-Z2,E-6,employee,badge_swipe,True,2026-08-12 16:22:07
FAC-002-Z1,V-2,visitor,badge_swipe,True,2026-08-12 16:22:07
FAC-001-Z2,E-46,employee,motion,,2026-08-12 16:22:07
FAC-002-Z2,E-21,employee,motion,,2026-08-12 16:22:07
FAC-001-Z3,E-29,employee,badge_swipe,True,2026-08-12 16:22:07
FAC-003-Z2,E-46,employee,motion,,2026-08-12 16:22:07
FAC-005-Z2,E-49,employee,motion,,2026-08-12 16:22:07
FAC-003-Z1,E-46,employee,motion,,2026-08-12 16:37:07
FAC-004-Z2,E-40,employee,motion,,2026-08-12 16:37:07
FAC-005-Z2,E-49,employee,motion,,2026-08-12 16:37:07
FAC-005-Z1,E-12,employee,motion,,2026-08-12 16:37:07
FAC-004-Z1,E-27,employee,badge_swipe,True,2026-08-12 16:37:07
FAC-003-Z3,E-42,employee,motion,,2026-08-12 16:37:07
FAC-004-Z2,E-45,employee,motion,,2026-08-12 16:37:07
FAC-005-Z3,E-36,employee,badge_swipe,True,2026-08-12 16:37:07
FAC-003-Z2,V-1,visitor,motion,,2026-08-12 16:37:07
FAC-005-Z2,E-36,employee,badge_swipe,True,2026-08-12 16:37:07
FAC-004-Z3,E-5,employee,motion,,2026-08-12 16:52:07
FAC-004-Z3,V-8,visitor,badge_swipe,True,2026-08-12 16:52:07
FAC-005-Z3,E-28,employee,motion,,2026-08-12 16:52:07
FAC-002-Z2,V-6,visitor,motion,,2026-08-12 16:52:07
FAC-003-Z3,E-46,employee,motion,,2026-08-12 16:52:07
FAC-002-Z1,E-31,employee,badge_swipe,True,2026-08-12 16:52:07
FAC-001-Z1,E-46,employee,badge_swipe,True,2026-08-12 16:52:07
FAC-004-Z2,E-43,employee,badge_swipe,True,2026-08-12 16:52:07
FAC-001-Z1,E-6,employee,badge_swipe,True,2026-08-12 16:52:07
FAC-004-Z2,E-15,employee,motion,,2026-08-12 16:52:07
FAC-001-Z2,E-2,employee,motion,,2026-08-12 16:52:07
FAC-004-Z3,E-1,employee,badge_swipe,True,2026-08-12 16:52:07
FAC-005-Z2,E-33,employee,badge_swipe,True,2026-08-12 16:52:07
FAC-003-Z3,E-29,employee,motion,,2026-08-12 16:52:07
FAC-004-Z2,E-45,employee,badge_swipe,True,2026-08-12 16:52:07
FAC-003-Z3,V-8,visitor,motion,,2026-08-12 16:52:07
FAC-003-Z1,E-33,employee,badge_swipe,True,2026-08-12 16:52:07
FAC-002-Z1,E-19,employee,motion,,2026-08-12 17:07:07
FAC-001-Z1,V-9,visitor,badge_swipe,True,2026-08-12 17:07:07
FAC-004-Z2,E-35,employee,badge_swipe,True,2026-08-12 17:07:07
FAC-005-Z2,E-48,employee,badge_swipe,True,2026-08-12 17:07:07
FAC-004-Z1,E-50,employee,motion,,2026-08-12 17:07:07
FAC-001-Z1,E-49,employee,motion,,2026-08-12 17:07:07
FAC-004-Z3,E-15,employee,badge_swipe,True,2026-08-12 17:07:07
FAC-002-Z3,E-10,employee,motion,,2026-08-12 17:07:07
FAC-003-Z2,E-1,employee,motion,,2026-08-12 17:07:07
FAC-001-Z3,E-32,employee,badge_swipe,True,2026-08-12 17:07:07
FAC-004-Z1,E-42,employee,motion,,2026-08-12 17:07:07
FAC-002-Z1,E-35,employee,badge_swipe,True,2026-08-12 17:22:07
FAC-003-Z2,E-17,employee,badge_swipe,True,2026-08-12 17:22:07
FAC-004-Z3,E-28,employee,motion,,2026-08-12 17:22:07
FAC-005-Z2,E-28,employee,motion,,2026-08-12 17:22:07
FAC-001-Z1,V-2,visitor,motion,,2026-08-12 17:22:07
FAC-003-Z3,E-10,employee,badge_swipe,True,2026-08-12 17:22:07
FAC-005-Z2,E-21,employee,motion,,2026-08-12 17:22:07
FAC-004-Z1,E-41,employee,motion,,2026-08-12 17:22:07
FAC-001-Z2,E-28,employee,badge_swipe,True,2026-08-12 17:22:07
FAC-001-Z2,V-5,visitor,motion,,2026-08-12 17:22:07
FAC-004-Z3,E-2,employee,motion,,2026-08-12 17:22:07
FAC-002-Z1,E-25,employee,badge_swipe,True,2026-08-12 17:22:07
FAC-002-Z1,E-32,employee,motion,,2026-08-12 17:22:07
FAC-005-Z3,E-1,employee,motion,,2026-08-12 17:22:07
FAC-001-Z2,V-10,visitor,badge_swipe,True,2026-08-12 17:22:07
FAC-001-Z1,E-9,employee,motion,,2026-08-12 17:22:07
FAC-001-Z3,E-12,employee,badge_swipe,True,2026-08-12 17:22:07
FAC-004-Z1,E-25,employee,badge_swipe,True,2026-08-12 17:37:07
FAC-004-Z3,E-1,employee,motion,,2026-08-12 17:37:07
FAC-004-Z2,E-17,employee,badge_swipe,True,2026-08-12 17:37:07
FAC-001-Z1,E-24,employee,motion,,2026-08-12 17:37:07
FAC-001-Z1,E-47,employee,motion,,2026-08-12 17:37:07
FAC-001-Z1,E-19,employee,badge_swipe,False,2026-08-12 17:37:07
FAC-002-Z1,V-6,visitor,motion,,2026-08-12 17:37:07
FAC-004-Z3,E-6,employee,motion,,2026-08-12 17:37:07
FAC-004-Z3,E-42,employee,badge_swipe,True,2026-08-12 17:37:07
FAC-003-Z3,E-25,employee,badge_swipe,True,2026-08-12 17:37:07
FAC-003-Z2,E-5,employee,badge_swipe,True,2026-08-12 17:52:07
FAC-003-Z1,E-17,employee,badge_swipe,True,2026-08-12 17:52:07
FAC-003-Z1,E-25,employee,motion,,2026-08-12 17:52:07
FAC-001-Z1,E-44,employee,motion,,2026-08-12 17:52:07
FAC-004-Z2,E-27,employee,motion,,2026-08-12 17:52:07
FAC-005-Z3,E-6,employee,motion,,2026-08-12 17:52:07
FAC-002-Z1,E-5,employee,badge_swipe,True,2026-08-12 17:52:07
FAC-003-Z2,E-49,employee,badge_swipe,False,2026-08-12 17:52:07
FAC-005-Z3,E-21,employee,motion,,2026-08-12 17:52:07
FAC-003-Z1,E-12,employee,motion,,2026-08-12 18:07:07
FAC-002-Z1,E-41,employee,badge_swipe,True,2026-08-12 18:07:07
FAC-004-Z1,E-39,employee,motion,,2026-08-12 18:07:07
FAC-002-Z2,E-21,employee,badge_swipe,True,2026-08-12 18:07:07
FAC-004-Z3,E-20,employee,badge_swipe,True,2026-08-12 18:07:07
FAC-001-Z2,E-12,employee,motion,,2026-08-12 18:07:07
FAC-004-Z1,E-11,employee,motion,,2026-08-12 18:07:07
FAC-003-Z2,V-9,visitor,motion,,2026-08-12 18:07:07
FAC-003-Z1,V-10,visitor,badge_swipe,True,2026-08-12 18:07:07
FAC-004-Z1,E-31,employee,motion,,2026-08-12 18:07:07
FAC-004-Z3,E-15,employee,badge_swipe,True,2026-08-12 18:22:07
FAC-004-Z3,E-8,employee,badge_swipe,True,2026-08-12 18:22:07
FAC-001-Z1,E-1,employee,badge_swipe,True,2026-08-12 18:22:07
FAC-003-Z3,V-9,visitor,motion,,2026-08-12 18:22:07
FAC-001-Z3,E-46,employee,motion,,2026-08-12 18:22:07
FAC-003-Z2,E-34,employee,motion,,2026-08-12 18:22:07
FAC-005-Z2,E-22,employee,motion,,2026-08-12 18:22:07
FAC-002-Z1,E-32,employee,badge_swipe,True,2026-08-12 18:22:07
FAC-001-Z2,E-36,employee,motion,,2026-08-12 18:22:07
FAC-005-Z2,E-36,employee,motion,,2026-08-12 18:22:07
FAC-005-Z2,E-13,employee,badge_swipe,True,2026-08-12 18:22:07
FAC-001-Z3,E-12,employee,motion,,2026-08-12 18:22:07
FAC-004-Z2,E-29,employee,motion,,2026-08-12 18:22:07
FAC-002-Z2,E-44,employee,motion,,2026-08-12 18:22:07
FAC-004-Z1,E-43,employee,motion,,2026-08-12 18:37:07
FAC-005-Z2,E-29,employee,badge_swipe,True,2026-08-12 18:37:07
FAC-003-Z1,E-25,employee,motion,,2026-08-12 18:37:07
FAC-003-Z3,E-42,employee,badge_swipe,True,2026-08-12 18:37:07
FAC-003-Z2,E-46,employee,motion,,2026-08-12 18:37:07
FAC-003-Z3,E-3,employee,motion,,2026-08-12 18:52:07
FAC-004-Z1,E-6,employee,motion,,2026-08-12 18:52:07
FAC-003-Z3,V-4,visitor,motion,,2026-08-12 18:52:07
FAC-002-Z1,E-40,employee,motion,,2026-08-12 18:52:07
FAC-003-Z2,E-43,employee,motion,,2026-08-12 18:52:07
FAC-004-Z3,E-6,employee,badge_swipe,True,2026-08-12 18:52:07
FAC-005-Z1,E-3,employee,motion,,2026-08-12 18:52:07
FAC-001-Z3,E-4,employee,badge_swipe,True,2026-08-12 18:52:07
FAC-003-Z3,E-25,employee,badge_swipe,True,2026-08-12 18:52:07
FAC-001-Z1,E-24,employee,motion,,2026-08-12 19:07:07
FAC-005-Z3,E-35,employee,motion,,2026-08-12 19:07:07
FAC-001-Z2,E-24,employee,motion,,2026-08-12 19:07:07
FAC-002-Z2,E-4,employee,motion,,2026-08-12 19:52:07
FAC-002-Z2,V-6,visitor,badge_swipe,True,2026-08-12 19:52:07
FAC-002-Z1,E-4,employee,motion,,2026-08-12 19:52:07
FAC-004-Z2,E-44,employee,badge_swipe,True,2026-08-12 20:07:07
FAC-002-Z2,E-26,employee,badge_swipe,True,2026-08-12 20:07:07
FAC-004-Z3,E-35,employee,badge_swipe,True,2026-08-12 20:37:07
FAC-005-Z2,E-16,employee,motion,,2026-08-12 20:37:07
FAC-005-Z3,E-45,employee,badge_swipe,True,2026-08-12 20:52:07
FAC-002-Z1,E-44,employee,badge_swipe,True,2026-08-12 20:52:07
FAC-004-Z3,E-29,employee,motion,,2026-08-12 20:52:07
FAC-002-Z1,E-7,employee,motion,,2026-08-12 21:07:07
FAC-005-Z3,E-21,employee,motion,,2026-08-12 21:07:07
FAC-003-Z3,E-31,employee,motion,,2026-08-12 21:22:07
FAC-004-Z3,E-18,employee,motion,,2026-08-12 21:22:07
FAC-005-Z2,V-9,visitor,badge_swipe,True,2026-08-12 21:22:07
FAC-001-Z2,E-25,employee,badge_swipe,True,2026-08-12 21:37:07
FAC-005-Z2,E-37,employee,badge_swipe,True,2026-08-12 21:52:07
FAC-005-Z1,E-42,employee,motion,,2026-08-12 21:52:07
FAC-004-Z1,E-27,employee,motion,,2026-08-12 22:22:07
FAC-004-Z2,E-7,employee,badge_swipe,True,2026-08-12 22:22:07
FAC-001-Z3,E-12,employee,badge_swipe,True,2026-08-12 22:37:07
FAC-002-Z1,E-16,employee,badge_swipe,True,2026-08-12 22:37:07
FAC-001-Z2,E-31,employee,motion,,2026-08-12 22:37:07
FAC-005-Z3,E-42,employee,motion,,2026-08-12 23:07:07
FAC-004-Z3,E-10,employee,badge_swipe,True,2026-08-12 23:22:07
FAC-001-Z1,E-13,employee,badge_swipe,True,2026-08-12 23:37:07
FAC-003-Z3,E-27,employee,motion,,2026-08-12 23:52:07
FAC-002-Z3,E-31,employee,badge_swipe,True,2026-08-12 23:52:07
FAC-005-Z2,E-24,employee,motion,,2026-08-13 00:22:07
FAC-001-Z1,V-7,visitor,badge_swipe,False,2026-08-13 00:37:07
FAC-004-Z3,E-17,employee,badge_swipe,True,2026-08-13 00:52:07
FAC-005-Z2,E-44,employee,motion,,2026-08-13 00:52:07
FAC-003-Z3,E-30,employee,badge_swipe,True,2026-08-13 01:22:07
FAC-003-Z2,E-1,employee,badge_swipe,True,2026-08-13 01:22:07
FAC-004-Z2,E-43,employee,badge_swipe,True,2026-08-13 01:37:07
FAC-002-Z3,E-11,employee,motion,,2026-08-13 01:37:07
FAC-003-Z3,E-4,employee,motion,,2026-08-13 01:37:07
FAC-002-Z2,E-6,employee,badge_swipe,True,2026-08-13 01:52:07
FAC-003-Z2,E-25,employee,badge_swipe,True,2026-08-13 02:07:07
FAC-001-Z3,E-9,employee,motion,,2026-08-13 02:37:07
FAC-003-Z2,E-18,employee,motion,,2026-08-13 02:37:07
FAC-002-Z1,E-40,employee,motion,,2026-08-13 02:37:07
FAC-005-Z2,E-15,employee,motion,,2026-08-13 02:52:07
FAC-002-Z1,E-4,employee,motion,,2026-08-13 02:52:07
FAC-002-Z2,E-30,employee,badge_swipe,True,2026-08-13 02:52:07
FAC-002-Z3,E-9,employee,badge_swipe,True,2026-08-13 03:22:07
FAC-001-Z3,E-44,employee,motion,,2026-08-13 03:37:07
FAC-003-Z3,E-43,employee,motion,,2026-08-13 03:37:07
FAC-004-Z3,E-25,employee,motion,,2026-08-13 03:37:07
FAC-004-Z3,V-8,visitor,badge_swipe,True,2026-08-13 03:52:07
FAC-002-Z3,E-13,employee,motion,,2026-08-13 03:52:07
FAC-003-Z1,E-47,employee,badge_swipe,False,2026-08-13 03:52:07
FAC-005-Z1,E-11,employee,badge_swipe,True,2026-08-13 04:22:07
FAC-005-Z3,E-10,employee,badge_swipe,True,2026-08-13 04:22:07
FAC-005-Z1,E-13,employee,badge_swipe,True,2026-08-13 04:22:07
FAC-003-Z1,E-36,employee,motion,,2026-08-13 04:37:07
FAC-002-Z1,E-3,employee,badge_swipe,True,2026-08-13 04:52:07
FAC-001-Z2,E-46,employee,motion,,2026-08-13 04:52:07
FAC-005-Z1,E-50,employee,badge_swipe,True,2026-08-13 04:52:07
FAC-005-Z2,E-35,employee,badge_swipe,True,2026-08-13 05:07:07
FAC-001-Z2,V-10,visitor,badge_swipe,True,2026-08-13 05:07:07
FAC-001-Z3,E-17,employee,motion,,2026-08-13 05:07:07
FAC-004-Z3,E-48,employee,motion,,2026-08-13 05:22:07
FAC-004-Z3,E-27,employee,badge_swipe,True,2026-08-13 05:37:07
FAC-002-Z1,E-27,employee,badge_swipe,True,2026-08-13 05:37:07
FAC-003-Z3,E-23,employee,badge_swipe,True,2026-08-13 05:37:07
FAC-005-Z2,E-26,employee,motion,,2026-08-13 05:52:07
FAC-003-Z2,V-5,visitor,badge_swipe,True,2026-08-13 06:22:07
FAC-003-Z1,E-47,employee,motion,,2026-08-13 06:37:07
FAC-002-Z2,E-42,employee,badge_swipe,True,2026-08-13 06:37:07
FAC-004-Z1,E-4,employee,motion,,2026-08-13 06:37:07
FAC-003-Z1,E-42,employee,motion,,2026-08-13 07:22:07
FAC-003-Z3,E-18,employee,badge_swipe,True,2026-08-13 07:22:07
FAC-003-Z3,E-5,employee,motion,,2026-08-13 07:22:07
FAC-003-Z3,E-45,employee,motion,,2026-08-13 07:37:07
FAC-005-Z3,E-31,employee,badge_swipe,True,2026-08-13 07:37:07
FAC-002-Z1,E-26,employee,badge_swipe,True,2026-08-13 08:07:07
FAC-003-Z3,E-28,employee,motion,,2026-08-13 08:07:07
FAC-002-Z3,E-5,employee,badge_swipe,True,2026-08-13 08:07:07
FAC-003-Z1,E-5,employee,motion,,2026-08-13 08:07:07
FAC-003-Z2,V-9,visitor,motion,,2026-08-13 08:07:07
FAC-004-Z2,V-3,visitor,badge_swipe,True,2026-08-13 08:07:07
FAC-004-Z3,E-4,employee,badge_swipe,True,2026-08-13 08:07:07
FAC-001-Z1,E-38,employee,badge_swipe,True,2026-08-13 08:07:07
FAC-002-Z1,E-28,employee,badge_swipe,True,2026-08-13 08:07:07
FAC-005-Z2,E-16,employee,motion,,2026-08-13 08:07:07
FAC-002-Z1,E-20,employee,badge_swipe,True,2026-08-13 08:07:07
FAC-001-Z3,E-2,employee,motion,,2026-08-13 08:07:07
FAC-003-Z1,E-45,employee,motion,,2026-08-13 08:07:07
FAC-001-Z3,E-28,employee,motion,,2026-08-13 08:22:07
FAC-002-Z2,E-9,employee,motion,,2026-08-13 08:22:07
FAC-004-Z2,E-27,employee,motion,,2026-08-13 08:22:07
FAC-002-Z2,E-41,employee,badge_swipe,True,2026-08-13 08:22:07
FAC-001-Z1,V-3,visitor,motion,,2026-08-13 08:22:07
FAC-002-Z1,V-7,visitor,badge_swipe,True,2026-08-13 08:22:07
FAC-005-Z2,E-44,employee,motion,,2026-08-13 08:22:07
FAC-003-Z3,E-8,employee,badge_swipe,True,2026-08-13 08:22:07
FAC-005-Z3,E-8,employee,badge_swipe,True,2026-08-13 08:22:07
FAC-005-Z1,E-50,employee,badge_swipe,True,2026-08-13 08:22:07
FAC-003-Z3,E-17,employee,motion,,2026-08-13 08:22:07
FAC-003-Z2,E-28,employee,motion,,2026-08-13 08:22:07
FAC-005-Z1,E-4,employee,motion,,2026-08-13 08:22:07
FAC-004-Z3,E-37,employee,badge_swipe,True,2026-08-13 08:22:07
FAC-004-Z3,E-40,employee,motion,,2026-08-13 08:22:07
FAC-005-Z2,E-43,employee,badge_swipe,True,2026-08-13 08:22:07
FAC-001-Z2,E-26,employee,badge_swipe,True,2026-08-13 08:22:07
FAC-001-Z3,E-23,employee,badge_swipe,True,2026-08-13 08:22:07
FAC-001-Z3,E-19,employee,badge_swipe,True,2026-08-13 08:22:07
FAC-002-Z2,E-3,employee,motion,,2026-08-13 08:37:07
FAC-002-Z2,E-7,employee,badge_swipe,True,2026-08-13 08:37:07
FAC-005-Z1,E-17,employee,motion,,2026-08-13 08:37:07
FAC-005-Z2,E-14,employee,badge_swipe,True,2026-08-13 08:37:07
FAC-001-Z2,E-3,employee,badge_swipe,True,2026-08-13 08:37:07
FAC-003-Z2,E-15,employee,motion,,2026-08-13 08:37:07
FAC-002-Z2,E-29,employee,badge_swipe,True,2026-08-13 08:52:07
FAC-002-Z2,E-14,employee,motion,,2026-08-13 08:52:07
FAC-001-Z2,E-28,employee,badge_swipe,True,2026-08-13 08:52:07
FAC-001-Z3,E-10,employee,badge_swipe,True,2026-08-13 08:52:07
FAC-003-Z1,E-22,employee,motion,,2026-08-13 08:52:07
FAC-002-Z3,E-9,employee,motion,,2026-08-13 08:52:07
FAC-004-Z3,E-28,employee,motion,,2026-08-13 08:52:07
FAC-004-Z1,E-8,employee,badge_swipe,True,2026-08-13 08:52:07
FAC-004-Z1,V-10,visitor,badge_swipe,True,2026-08-13 08:52:07
FAC-005-Z3,E-2,employee,badge_swipe,True,2026-08-13 08:52:07
FAC-002-Z2,E-42,employee,badge_swipe,True,2026-08-13 08:52:07
FAC-005-Z3,E-50,employee,badge_swipe,True,2026-08-13 08:52:07
FAC-003-Z2,V-1,visitor,badge_swipe,True,2026-08-13 08:52:07
FAC-001-Z2,E-39,employee,motion,,2026-08-13 08:52:07
FAC-004-Z3,E-41,employee,badge_swipe,True,2026-08-13 08:52:07
FAC-005-Z1,V-6,visitor,motion,,2026-08-13 08:52:07
FAC-003-Z3,E-40,employee,motion,,2026-08-13 08:52:07
FAC-003-Z1,E-48,employee,motion,,2026-08-13 08:52:07
FAC-005-Z3,V-8,visitor,badge_swipe,True,2026-08-13 09:07:07
FAC-004-Z3,E-25,employee,motion,,2026-08-13 09:07:07
FAC-002-Z2,E-50,employee,motion,,2026-08-13 09:07:07
FAC-002-Z2,E-22,employee,badge_swipe,True,2026-08-13 09:07:07
FAC-004-Z1,E-17,employee,badge_swipe,True,2026-08-13 09:07:07
FAC-003-Z2,E-24,employee,badge_swipe,False,2026-08-13 09:07:07
FAC-001-Z2,E-28,employee,badge_swipe,True,2026-08-13 09:07:07
FAC-004-Z1,E-18,employee,motion,,2026-08-13 09:07:07
FAC-001-Z1,E-17,employee,badge_swipe,True,2026-08-13 09:07:07
FAC-003-Z2,E-6,employee,badge_swipe,True,2026-08-13 09:07:07
FAC-002-Z2,E-26,employee,motion,,2026-08-13 09:07:07
FAC-005-Z1,E-20,employee,motion,,2026-08-13 09:07:07
FAC-005-Z1,E-39,employee,motion,,2026-08-13 09:07:07
FAC-002-Z1,E-44,employee,motion,,2026-08-13 09:07:07
FAC-002-Z2,E-21,employee,badge_swipe,True,2026-08-13 09:07:07
FAC-002-Z3,E-6,employee,badge_swipe,True,2026-08-13 09:07:07
FAC-004-Z1,V-6,visitor,motion,,2026-08-13 09:07:07
FAC-001-Z3,V-6,visitor,badge_swipe,True,2026-08-13 09:07:07
FAC-003-Z2,E-1,employee,motion,,2026-08-13 09:07:07
FAC-001-Z2,E-11,employee,motion,,2026-08-13 09:07:07
FAC-001-Z3,E-18,employee,badge_swipe,True,2026-08-13 09:22:07
FAC-001-Z3,E-48,employee,badge_swipe,True,2026-08-13 09:22:07
FAC-003-Z1,E-39,employee,motion,,2026-08-13 09:22:07
FAC-001-Z3,E-34,employee,motion,,2026-08-13 09:22:07
FAC-005-Z3,E-8,employee,motion,,2026-08-13 09:22:07
FAC-002-Z2,E-43,employee,motion,,2026-08-13 09:22:07
FAC-004-Z2,V-2,visitor,motion,,2026-08-13 09:22:07
FAC-002-Z1,E-25,employee,motion,,2026-08-13 09:22:07
FAC-003-Z2,E-45,employee,badge_swipe,True,2026-08-13 09:22:07
FAC-005-Z1,E-26,employee,badge_swipe,True,2026-08-13 09:22:07
FAC-003-Z3,E-2,employee,badge_swipe,True,2026-08-13 09:22:07
FAC-002-Z2,E-13,employee,motion,,2026-08-13 09:22:07
FAC-004-Z3,E-29,employee,badge_swipe,True,2026-08-13 09:22:07
FAC-004-Z3,E-37,employee,motion,,2026-08-13 09:22:07
FAC-002-Z3,E-30,employee,motion,,2026-08-13 09:37:07
FAC-003-Z2,E-49,employee,motion,,2026-08-13 09:37:07
FAC-002-Z1,E-45,employee,motion,,2026-08-13 09:37:07
FAC-002-Z1,E-25,employee,badge_swipe,True,2026-08-13 09:37:07
FAC-003-Z3,E-48,employee,motion,,2026-08-13 09:37:07
FAC-002-Z1,E-10,employee,badge_swipe,True,2026-08-13 09:37:07
FAC-003-Z1,V-2,visitor,badge_swipe,True,2026-08-13 09:37:07
FAC-002-Z1,E-23,employee,motion,,2026-08-13 09:37:07
FAC-002-Z2,E-34,employee,badge_swipe,True,2026-08-13 09:37:07
FAC-005-Z3,E-24,employee,badge_swipe,True,2026-08-13 09:52:07
FAC-001-Z1,V-3,visitor,badge_swipe,False,2026-08-13 09:52:07
FAC-001-Z3,E-39,employee,motion,,2026-08-13 09:52:07
FAC-003-Z3,E-14,employee,badge_swipe,True,2026-08-13 09:52:07
FAC-005-Z3,E-7,employee,badge_swipe,True,2026-08-13 09:52:07
FAC-003-Z3,E-40,employee,motion,,2026-08-13 09:52:07
FAC-001-Z2,E-50,employee,motion,,2026-08-13 09:52:07
FAC-005-Z1,E-20,employee,badge_swipe,True,2026-08-13 09:52:07
FAC-001-Z2,V-3,visitor,motion,,2026-08-13 10:07:07
FAC-001-Z2,E-23,employee,badge_swipe,True,2026-08-13 10:07:07
FAC-003-Z1,E-44,employee,motion,,2026-08-13 10:07:07
FAC-005-Z2,E-20,employee,badge_swipe,True,2026-08-13 10:07:07
FAC-005-Z1,E-15,employee,badge_swipe,True,2026-08-13 10:07:07
FAC-004-Z3,E-9,employee,motion,,2026-08-13 10:07:07
FAC-004-Z1,E-33,employee,badge_swipe,True,2026-08-13 10:07:07
FAC-002-Z2,E-46,employee,badge_swipe,True,2026-08-13 10:07:07
FAC-004-Z2,E-7,employee,motion,,2026-08-13 10:07:07
FAC-001-Z1,E-44,employee,badge_swipe,True,2026-08-13 10:07:07
FAC-003-Z1,E-12,employee,badge_swipe,True,2026-08-13 10:07:07
FAC-002-Z1,E-19,employee,motion,,2026-08-13 10:22:07
FAC-002-Z3,E-5,employee,badge_swipe,True,2026-08-13 10:22:07
FAC-004-Z3,E-41,employee,badge_swipe,False,2026-08-13 10:22:07
FAC-003-Z1,E-21,employee,badge_swipe,True,2026-08-13 10:22:07
FAC-004-Z1,E-8,employee,motion,,2026-08-13 10:22:07
FAC-003-Z1,E-1,employee,badge_swipe,True,2026-08-13 10:22:07
FAC-004-Z3,E-32,employee,motion,,2026-08-13 10:22:07
FAC-001-Z2,E-2,employee,badge_swipe,True,2026-08-13 10:22:07
FAC-002-Z3,E-8,employee,motion,,2026-08-13 10:37:07
FAC-005-Z1,V-8,visitor,badge_swipe,True,2026-08-13 10:37:07
FAC-003-Z2,E-16,employee,motion,,2026-08-13 10:37:07
FAC-005-Z2,E-38,employee,badge_swipe,True,2026-08-13 10:37:07
FAC-002-Z3,E-46,employee,badge_swipe,True,2026-08-13 10:37:07
FAC-002-Z1,E-40,employee,motion,,2026-08-13 10:37:07
FAC-002-Z2,V-4,visitor,badge_swipe,True,2026-08-13 10:37:07
FAC-005-Z2,E-23,employee,motion,,2026-08-13 10:37:07
FAC-004-Z1,E-12,employee,motion,,2026-08-13 10:37:07
FAC-001-Z1,E-20,employee,badge_swipe,True,2026-08-13 10:37:07
FAC-003-Z2,E-38,employee,badge_swipe,True,2026-08-13 10:52:07
FAC-001-Z1,E-14,employee,badge_swipe,True,2026-08-13 10:52:07
FAC-001-Z3,E-26,employee,badge_swipe,False,2026-08-13 10:52:07
FAC-004-Z1,E-47,employee,badge_swipe,True,2026-08-13 10:52:07
FAC-001-Z2,E-25,employee,badge_swipe,True,2026-08-13 10:52:07
FAC-002-Z3,E-30,employee,motion,,2026-08-13 10:52:07
FAC-002-Z1,E-37,employee,motion,,2026-08-13 10:52:07
FAC-002-Z3,E-32,employee,motion,,2026-08-13 11:07:07
FAC-003-Z1,E-44,employee,badge_swipe,True,2026-08-13 11:07:07
FAC-005-Z2,E-30,employee,motion,,2026-08-13 11:07:07
FAC-002-Z3,E-35,employee,motion,,2026-08-13 11:07:07
FAC-005-Z1,E-14,employee,motion,,2026-08-13 11:07:07
FAC-003-Z2,E-12,employee,badge_swipe,True,2026-08-13 11:07:07
FAC-001-Z2,E-38,employee,motion,,2026-08-13 11:07:07
FAC-001-Z3,E-10,employee,motion,,2026-08-13 11:07:07
FAC-002-Z3,E-11,employee,badge_swipe,True,2026-08-13 11:07:07
FAC-001-Z1,E-25,employee,motion,,2026-08-13 11:07:07
FAC-001-Z2,E-38,employee,badge_swipe,True,2026-08-13 11:07:07
FAC-003-Z3,E-25,employee,badge_swipe,True,2026-08-13 11:07:07
FAC-001-Z2,E-27,employee,badge_swipe,True,2026-08-13 11:07:07
FAC-005-Z2,E-26,employee,badge_swipe,True,2026-08-13 11:07:07
FAC-003-Z3,E-37,employee,motion,,2026-08-13 11:07:07
FAC-001-Z1,E-27,employee,motion,,2026-08-13 11:22:07
FAC-005-Z1,E-21,employee,motion,,2026-08-13 11:22:07
FAC-003-Z3,E-33,employee,badge_swipe,True,2026-08-13 11:22:07
FAC-002-Z2,E-50,employee,motion,,2026-08-13 11:22:07
FAC-003-Z2,V-6,visitor,badge_swipe,True,2026-08-13 11:22:07
FAC-001-Z1,E-39,employee,badge_swipe,True,2026-08-13 11:22:07
FAC-004-Z3,E-34,employee,motion,,2026-08-13 11:22:07
FAC-004-Z1,E-18,employee,badge_swipe,True,2026-08-13 11:22:07
FAC-004-Z1,E-20,employee,motion,,2026-08-13 11:22:07
FAC-005-Z3,E-5,employee,badge_swipe,True,2026-08-13 11:22:07
FAC-004-Z2,E-32,employee,badge_swipe,False,2026-08-13 11:22:07
FAC-004-Z1,E-26,employee,badge_swipe,True,2026-08-13 11:37:07
FAC-004-Z2,E-21,employee,badge_swipe,True,2026-08-13 11:37:07
FAC-002-Z3,E-22,employee,motion,,2026-08-13 11:37:07
FAC-005-Z2,E-22,employee,motion,,2026-08-13 11:37:07
FAC-002-Z2,E-29,employee,badge_swipe,True,2026-08-13 11:37:07
FAC-003-Z2,E-2,employee,badge_swipe,True,2026-08-13 11:52:07
FAC-004-Z1,E-34,employee,motion,,2026-08-13 11:52:07
FAC-003-Z3,V-2,visitor,badge_swipe,True,2026-08-13 11:52:07
FAC-001-Z1,E-23,employee,badge_swipe,True,2026-08-13 11:52:07
FAC-003-Z3,E-49,employee,badge_swipe,True,2026-08-13 11:52:07
FAC-004-Z1,E-32,employee,badge_swipe,True,2026-08-13 11:52:07
FAC-005-Z2,E-29,employee,badge_swipe,True,2026-08-13 11:52:07
FAC-004-Z2,E-12,employee,badge_swipe,True,2026-08-13 11:52:07
FAC-002-Z1,E-38,employee,badge_swipe,True,2026-08-13 11:52:07
FAC-001-Z1,E-24,employee,motion,,2026-08-13 11:52:07
FAC-001-Z2,E-4,employee,badge_swipe,True,2026-08-13 11:52:07
FAC-003-Z3,E-14,employee,badge_swipe,True,2026-08-13 11:52:07
FAC-003-Z3,E-25,employee,motion,,2026-08-13 11:52:07
FAC-002-Z1,E-7,employee,badge_swipe,True,2026-08-13 11:52:07
FAC-004-Z3,E-18,employee,motion,,2026-08-13 11:52:07
FAC-004-Z3,E-14,employee,badge_swipe,True,2026-08-13 12:07:07
FAC-001-Z1,E-36,employee,badge_swipe,True,2026-08-13 12:07:07
FAC-002-Z1,V-2,visitor,motion,,2026-08-13 12:07:07
FAC-002-Z2,E-7,employee,motion,,2026-08-13 12:07:07
FAC-005-Z1,E-43,employee,badge_swipe,False,2026-08-13 12:07:07
FAC-002-Z2,E-38,employee,badge_swipe,True,2026-08-13 12:07:07
FAC-002-Z3,E-24,employee,badge_swipe,True,2026-08-13 12:07:07
FAC-001-Z2,E-16,employee,motion,,2026-08-13 12:07:07
FAC-002-Z1,E-20,employee,motion,,2026-08-13 12:07:07
FAC-004-Z1,E-36,employee,motion,,2026-08-13 12:07:07
FAC-001-Z3,E-6,employee,badge_swipe,True,2026-08-13 12:07:07
FAC-004-Z2,E-13,employee,motion,,2026-08-13 12:07:07
FAC-002-Z1,E-31,employee,badge_swipe,True,2026-08-13 12:22:07
FAC-005-Z3,E-36,employee,motion,,2026-08-13 12:22:07
FAC-002-Z3,V-9,visitor,badge_swipe,False,2026-08-13 12:22:07
FAC-002-Z3,E-17,employee,badge_swipe,False,2026-08-13 12:22:07
FAC-003-Z2,E-5,employee,badge_swipe,True,2026-08-13 12:22:07
FAC-005-Z3,E-1,employee,motion,,2026-08-13 12:22:07
FAC-002-Z2,E-19,employee,motion,,2026-08-13 12:22:07
FAC-005-Z2,E-26,employee,motion,,2026-08-13 12:22:07
FAC-004-Z2,E-27,employee,motion,,2026-08-13 12:22:07
FAC-003-Z1,V-7,visitor,badge_swipe,True,2026-08-13 12:22:07
FAC-005-Z3,E-49,employee,badge_swipe,True,2026-08-13 12:22:07
FAC-003-Z1,E-18,employee,motion,,2026-08-13 12:22:07
FAC-004-Z3,V-8,visitor,motion,,2026-08-13 12:37:07
FAC-001-Z2,E-5,employee,badge_swipe,True,2026-08-13 12:37:07
FAC-001-Z3,E-45,employee,badge_swipe,True,2026-08-13 12:37:07
FAC-004-Z1,E-28,employee,motion,,2026-08-13 12:37:07
FAC-001-Z3,E-6,employee,motion,,2026-08-13 12:37:07
FAC-002-Z2,E-25,employee,badge_swipe,True,2026-08-13 12:37:07
FAC-003-Z1,E-46,employee,motion,,2026-08-13 12:37:07
FAC-005-Z2,E-46,employee,motion,,2026-08-13 12:37:07
FAC-002-Z2,E-34,employee,badge_swipe,True,2026-08-13 12:37:07
FAC-004-Z2,E-20,employee,motion,,2026-08-13 12:37:07
FAC-003-Z3,E-12,employee,badge_swipe,True,2026-08-13 12:37:07
FAC-003-Z1,E-37,employee,motion,,2026-08-13 12:37:07
FAC-004-Z1,E-11,employee,badge_swipe,True,2026-08-13 12:37:07
FAC-005-Z1,E-6,employee,badge_swipe,False,2026-08-13 12:37:07
FAC-004-Z2,E-47,employee,badge_swipe,True,2026-08-13 12:37:07
FAC-003-Z2,E-11,employee,motion,,2026-08-13 12:37:07
FAC-005-Z3,E-3,employee,badge_swipe,True,2026-08-13 12:37:07
FAC-004-Z2,E-6,employee,badge_swipe,True,2026-08-13 12:37:07
FAC-002-Z2,E-1,employee,badge_swipe,True,2026-08-13 12:52:07
FAC-004-Z3,E-14,employee,badge_swipe,True,2026-08-13 12:52:07
FAC-002-Z1,E-8,employee,motion,,2026-08-13 12:52:07
FAC-004-Z3,E-40,employee,badge_swipe,True,2026-08-13 12:52:07
FAC-003-Z1,E-20,employee,badge_swipe,True,2026-08-13 12:52:07
FAC-002-Z3,E-26,employee,badge_swipe,True,2026-08-13 12:52:07
FAC-005-Z2,E-4,employee,motion,,2026-08-13 12:52:07
FAC-001-Z1,V-9,visitor,motion,,2026-08-13 12:52:07
FAC-004-Z3,E-6,employee,motion,,2026-08-13 12:52:07
FAC-003-Z2,E-14,employee,motion,,2026-08-13 12:52:07
FAC-001-Z2,E-35,employee,badge_swipe,True,2026-08-13 12:52:07
FAC-002-Z2,E-33,employee,badge_swipe,True,2026-08-13 12:52:07
FAC-001-Z2,E-1,employee,motion,,2026-08-13 12:52:07
FAC-002-Z2,E-5,employee,badge_swipe,True,2026-08-13 12:52:07
FAC-005-Z1,E-35,employee,badge_swipe,True,2026-08-13 12:52:07
FAC-001-Z3,E-25,employee,badge_swipe,True,2026-08-13 12:52:07
FAC-005-Z1,E-24,employee,motion,,2026-08-13 12:52:07
FAC-004-Z2,E-46,employee,badge_swipe,True,2026-08-13 12:52:07
FAC-003-Z3,E-13,employee,badge_swipe,True,2026-08-13 12:52:07
FAC-005-Z1,E-35,employee,badge_swipe,True,2026-08-13 13:07:07
FAC-003-Z2,E-14,employee,motion,,2026-08-13 13:07:07
FAC-001-Z3,E-40,employee,badge_swipe,True,2026-08-13 13:07:07
FAC-003-Z3,E-3,employee,motion,,2026-08-13 13:07:07
FAC-003-Z1,E-13,employee,motion,,2026-08-13 13:07:07
FAC-001-Z1,E-42,employee,motion,,2026-08-13 13:07:07
FAC-002-Z2,V-9,visitor,badge_swipe,True,2026-08-13 13:07:07
FAC-005-Z1,E-31,employee,badge_swipe,False,2026-08-13 13:07:07
FAC-005-Z3,V-6,visitor,badge_swipe,True,2026-08-13 13:07:07
FAC-004-Z1,E-46,employee,motion,,2026-08-13 13:07:07
FAC-001-Z3,E-13,employee,motion,,2026-08-13 13:22:07
FAC-004-Z3,E-35,employee,badge_swipe,False,2026-08-13 13:22:07
FAC-004-Z1,E-8,employee,motion,,2026-08-13 13:22:07
FAC-002-Z2,E-32,employee,motion,,2026-08-13 13:22:07
FAC-001-Z2,E-36,employee,motion,,2026-08-13 13:22:07
FAC-004-Z1,E-38,employee,motion,,2026-08-13 13:22:07
FAC-003-Z3,E-46,employee,badge_swipe,True,2026-08-13 13:22:07
FAC-005-Z2,E-11,employee,badge_swipe,True,2026-08-13 13:22:07
FAC-002-Z1,E-39,employee,badge_swipe,True,2026-08-13 13:22:07
FAC-001-Z3,E-23,employee,motion,,2026-08-13 13:22:07
FAC-004-Z3,E-13,employee,badge_swipe,True,2026-08-13 13:22:07
FAC-004-Z2,E-39,employee,motion,,2026-08-13 13:22:07
FAC-002-Z2,E-21,employee,badge_swipe,True,2026-08-13 13:37:07
FAC-004-Z3,E-28,employee,motion,,2026-08-13 13:37:07
FAC-003-Z2,V-2,visitor,motion,,2026-08-13 13:37:07
FAC-004-Z3,E-27,employee,badge_swipe,True,2026-08-13 13:37:07
FAC-005-Z2,E-48,employee,badge_swipe,True,2026-08-13 13:37:07
FAC-003-Z2,E-29,employee,badge_swipe,True,2026-08-13 13:37:07
FAC-004-Z3,E-19,employee,motion,,2026-08-13 13:37:07
FAC-003-Z2,E-4,employee,badge_swipe,True,2026-08-13 13:37:07
FAC-004-Z3,E-6,employee,motion,,2026-08-13 13:37:07
FAC-004-Z3,E-23,employee,motion,,2026-08-13 13:52:07
FAC-001-Z1,E-16,employee,badge_swipe,True,2026-08-13 13:52:07
FAC-003-Z1,E-33,employee,badge_swipe,True,2026-08-13 13:52:07
FAC-003-Z2,E-29,employee,motion,,2026-08-13 13:52:07
FAC-004-Z2,E-7,employee,motion,,2026-08-13 13:52:07
FAC-005-Z1,E-40,employee,motion,,2026-08-13 13:52:07
FAC-002-Z3,E-15,employee,badge_swipe,True,2026-08-13 13:52:07
FAC-005-Z1,E-34,employee,motion,,2026-08-13 13:52:07
FAC-001-Z2,E-42,employee,motion,,2026-08-13 13:52:07
FAC-003-Z3,E-26,employee,badge_swipe,True,2026-08-13 14:07:07
FAC-001-Z1,E-34,employee,motion,,2026-08-13 14:07:07
FAC-002-Z3,V-4,visitor,badge_swipe,True,2026-08-13 14:07:07
FAC-003-Z1,E-34,employee,badge_swipe,True,2026-08-13 14:07:07
FAC-005-Z1,E-47,employee,badge_swipe,True,2026-08-13 14:07:07
FAC-002-Z1,E-9,employee,motion,,2026-08-13 14:07:07
FAC-005-Z3,E-20,employee,motion,,2026-08-13 14:07:07
FAC-001-Z1,E-47,employee,badge_swipe,True,2026-08-13 14:07:07
FAC-002-Z2,E-49,employee,badge_swipe,True,2026-08-13 14:07:07
FAC-004-Z3,E-44,employee,badge_swipe,True,2026-08-13 14:07:07
FAC-002-Z2,E-17,employee,motion,,2026-08-13 14:07:07
FAC-003-Z1,E-19,employee,badge_swipe,True,2026-08-13 14:07:07
FAC-001-Z2,E-44,employee,badge_swipe,True,2026-08-13 14:07:07
FAC-002-Z2,E-10,employee,motion,,2026-08-13 14:07:07
FAC-003-Z3,E-14,employee,badge_swipe,True,2026-08-13 14:07:07
FAC-003-Z1,E-36,employee,motion,,2026-08-13 14:07:07
FAC-003-Z1,E-23,employee,badge_swipe,True,2026-08-13 14:07:07
FAC-002-Z1,E-2,employee,badge_swipe,True,2026-08-13 14:22:07
FAC-002-Z2,E-3,employee,badge_swipe,True,2026-08-13 14:22:07
FAC-001-Z2,E-49,employee,motion,,2026-08-13 14:22:07
FAC-005-Z2,V-4,visitor,motion,,2026-08-13 14:22:07
FAC-001-Z1,E-39,employee,motion,,2026-08-13 14:22:07
FAC-003-Z1,E-20,employee,motion,,2026-08-13 14:22:07
FAC-005-Z3,E-17,employee,motion,,2026-08-13 14:22:07
FAC-002-Z3,E-38,employee,badge_swipe,True,2026-08-13 14:22:07
FAC-002-Z1,E-29,employee,motion,,2026-08-13 14:22:07
FAC-002-Z2,E-50,employee,badge_swipe,True,2026-08-13 14:22:07
FAC-005-Z3,V-4,visitor,motion,,2026-08-13 14:22:07
FAC-003-Z3,V-6,visitor,badge_swipe,True,2026-08-13 14:22:07
FAC-005-Z3,E-43,employee,motion,,2026-08-13 14:22:07
FAC-005-Z3,E-32,employee,badge_swipe,True,2026-08-13 14:22:07
FAC-001-Z3,E-21,employee,badge_swipe,True,2026-08-13 14:37:07
FAC-005-Z3,E-12,employee,badge_swipe,True,2026-08-13 14:37:07
FAC-003-Z3,E-22,employee,badge_swipe,True,2026-08-13 14:37:07
FAC-005-Z3,E-9,employee,badge_swipe,True,2026-08-13 14:37:07
FAC-003-Z2,E-21,employee,badge_swipe,True,2026-08-13 14:37:07
FAC-004-Z3,E-6,employee,badge_swipe,True,2026-08-13 14:37:07
FAC-002-Z2,E-45,employee,motion,,2026-08-13 14:52:07
FAC-005-Z1,E-14,employee,motion,,2026-08-13 14:52:07
FAC-003-Z2,E-1,employee,motion,,2026-08-13 14:52:07
FAC-002-Z2,V-2,visitor,motion,,2026-08-13 14:52:07
FAC-003-Z1,E-50,employee,badge_swipe,True,2026-08-13 14:52:07
FAC-002-Z2,V-6,visitor,badge_swipe,True,2026-08-13 14:52:07
FAC-001-Z2,E-6,employee,badge_swipe,True,2026-08-13 14:52:07
FAC-005-Z2,E-45,employee,motion,,2026-08-13 14:52:07
FAC-002-Z2,E-34,employee,badge_swipe,True,2026-08-13 14:52:07
FAC-005-Z3,V-8,visitor,motion,,2026-08-13 14:52:07
FAC-004-Z2,E-43,employee,badge_swipe,True,2026-08-13 14:52:07
FAC-002-Z2,E-43,employee,motion,,2026-08-13 14:52:07
FAC-001-Z1,V-9,visitor,motion,,2026-08-13 14:52:07
FAC-002-Z2,E-30,employee,badge_swipe,True,2026-08-13 14:52:07
FAC-003-Z2,E-46,employee,motion,,2026-08-13 15:07:07
FAC-003-Z2,V-7,visitor,motion,,2026-08-13 15:07:07
FAC-001-Z1,E-44,employee,badge_swipe,True,2026-08-13 15:07:07
FAC-002-Z1,V-2,visitor,motion,,2026-08-13 15:07:07
FAC-002-Z1,E-32,employee,badge_swipe,False,2026-08-13 15:07:07
FAC-002-Z1,E-3,employee,motion,,2026-08-13 15:07:07
FAC-003-Z1,V-7,visitor,badge_swipe,False,2026-08-13 15:07:07
FAC-002-Z1,E-46,employee,motion,,2026-08-13 15:07:07
FAC-001-Z2,E-44,employee,badge_swipe,True,2026-08-13 15:07:07
FAC-005-Z3,E-21,employee,motion,,2026-08-13 15:07:07
FAC-003-Z1,E-21,employee,badge_swipe,True,2026-08-13 15:22:07
FAC-005-Z3,E-7,employee,badge_swipe,True,2026-08-13 15:22:07
FAC-002-Z1,E-48,employee,motion,,2026-08-13 15:22:07
FAC-001-Z2,V-5,visitor,badge_swipe,True,2026-08-13 15:22:07
FAC-001-Z2,E-33,employee,badge_swipe,True,2026-08-13 15:22:07
FAC-002-Z3,E-47,employee,motion,,2026-08-13 15:22:07
FAC-004-Z3,E-13,employee,motion,,2026-08-13 15:22:07
FAC-002-Z1,E-39,employee,badge_swipe,True,2026-08-13 15:22:07
FAC-001-Z1,E-15,employee,motion,,2026-08-13 15:22:07
FAC-002-Z3,E-9,employee,badge_swipe,True,2026-08-13 15:22:07
FAC-002-Z1,E-25,employee,badge_swipe,True,2026-08-13 15:22:07
FAC-001-Z1,E-26,employee,badge_swipe,True,2026-08-13 15:22:07
FAC-002-Z1,E-49,employee,motion,,2026-08-13 15:22:07
FAC-002-Z2,E-6,employee,badge_swipe,False,2026-08-13 15:22:07
FAC-001-Z3,E-33,employee,badge_swipe,True,2026-08-13 15:22:07
FAC-003-Z3,E-23,employee,badge_swipe,False,2026-08-13 15:22:07
FAC-003-Z3,E-43,employee,motion,,2026-08-13 15:22:07
FAC-005-Z2,E-25,employee,badge_swipe,True,2026-08-13 15:22:07
FAC-005-Z2,E-31,employee,motion,,2026-08-13 15:22:07
FAC-004-Z2,V-10,visitor,motion,,2026-08-13 15:22:07
FAC-004-Z3,E-23,employee,motion,,2026-08-13 15:37:07
FAC-004-Z2,E-32,employee,motion,,2026-08-13 15:37:07
FAC-005-Z2,E-17,employee,motion,,2026-08-13 15:37:07
FAC-004-Z2,V-9,visitor,motion,,2026-08-13 15:37:07
FAC-005-Z3,V-4,visitor,badge_swipe,True,2026-08-13 15:37:07
FAC-001-Z3,E-26,employee,badge_swipe,True,2026-08-13 15:52:07
FAC-002-Z2,E-19,employee,motion,,2026-08-13 15:52:07
FAC-004-Z3,E-6,employee,badge_swipe,True,2026-08-13 15:52:07
FAC-005-Z2,E-16,employee,badge_swipe,True,2026-08-13 15:52:07
FAC-001-Z3,E-7,employee,motion,,2026-08-13 15:52:07
FAC-002-Z3,E-40,employee,badge_swipe,True,2026-08-13 15:52:07
FAC-001-Z2,E-41,employee,motion,,2026-08-13 15:52:07
FAC-005-Z3,E-15,employee,motion,,2026-08-13 15:52:07
FAC-005-Z3,E-42,employee,motion,,2026-08-13 15:52:07
FAC-004-Z1,E-31,employee,motion,,2026-08-13 15:52:07
FAC-005-Z1,E-15,employee,motion,,2026-08-13 15:52:07
FAC-001-Z2,E-9,employee,badge_swipe,True,2026-08-13 15:52:07
FAC-005-Z3,E-38,employee,motion,,2026-08-13 16:07:07
FAC-004-Z3,E-11,employee,motion,,2026-08-13 16:07:07
FAC-004-Z3,E-45,employee,motion,,2026-08-13 16:07:07
FAC-005-Z2,E-23,employee,badge_swipe,True,2026-08-13 16:07:07
FAC-005-Z1,V-8,visitor,badge_swipe,True,2026-08-13 16:07:07
FAC-001-Z1,E-48,employee,badge_swipe,True,2026-08-13 16:07:07
FAC-003-Z3,E-36,employee,badge_swipe,True,2026-08-13 16:07:07
FAC-004-Z1,E-28,employee,badge_swipe,True,2026-08-13 16:07:07
FAC-003-Z1,E-36,employee,badge_swipe,True,2026-08-13 16:07:07
FAC-005-Z2,E-35,employee,badge_swipe,True,2026-08-13 16:07:07
FAC-005-Z2,E-2,employee,motion,,2026-08-13 16:07:07
FAC-002-Z1,E-12,employee,badge_swipe,True,2026-08-13 16:07:07
FAC-002-Z3,E-22,employee,motion,,2026-08-13 16:07:07
FAC-002-Z1,E-6,employee,badge_swipe,True,2026-08-13 16:07:07
FAC-003-Z1,E-10,employee,badge_swipe,True,2026-08-13 16:07:07
FAC-002-Z2,E-22,employee,motion,,2026-08-13 16:07:07
FAC-005-Z1,E-46,employee,motion,,2026-08-13 16:07:07
FAC-005-Z2,V-6,visitor,motion,,2026-08-13 16:07:07
FAC-003-Z2,E-14,employee,badge_swipe,True,2026-08-13 16:07:07
FAC-004-Z3,E-30,employee,badge_swipe,True,2026-08-13 16:22:07
FAC-003-Z3,E-48,employee,motion,,2026-08-13 16:22:07
FAC-004-Z1,E-44,employee,motion,,2026-08-13 16:22:07
FAC-004-Z1,E-49,employee,motion,,2026-08-13 16:22:07
FAC-002-Z2,E-25,employee,badge_swipe,True,2026-08-13 16:22:07
FAC-005-Z3,E-19,employee,badge_swipe,True,2026-08-13 16:22:07
FAC-005-Z3,E-49,employee,badge_swipe,True,2026-08-13 16:22:07
FAC-002-Z3,E-5,employee,motion,,2026-08-13 16:22:07
FAC-004-Z2,E-6,employee,badge_swipe,True,2026-08-13 16:22:07
FAC-001-Z3,E-46,employee,badge_swipe,True,2026-08-13 16:22:07
FAC-004-Z1,E-22,employee,motion,,2026-08-13 16:22:07
FAC-001-Z1,E-43,employee,badge_swipe,True,2026-08-13 16:22:07
FAC-001-Z3,E-9,employee,motion,,2026-08-13 16:22:07
FAC-001-Z3,E-30,employee,badge_swipe,True,2026-08-13 16:22:07
FAC-005-Z3,E-36,employee,badge_swipe,True,2026-08-13 16:22:07
FAC-002-Z3,E-23,employee,badge_swipe,False,2026-08-13 16:22:07
FAC-003-Z3,E-48,employee,motion,,2026-08-13 16:22:07
FAC-005-Z1,E-17,employee,motion,,2026-08-13 16:22:07
FAC-002-Z1,E-32,employee,badge_swipe,True,2026-08-13 16:22:07
FAC-001-Z2,V-1,visitor,badge_swipe,True,2026-08-13 16:37:07
FAC-004-Z3,E-30,employee,badge_swipe,True,2026-08-13 16:37:07
FAC-004-Z3,E-43,employee,motion,,2026-08-13 16:37:07
FAC-001-Z3,E-17,employee,badge_swipe,True,2026-08-13 16:37:07
FAC-003-Z2,E-41,employee,motion,,2026-08-13 16:37:07
FAC-004-Z3,E-47,employee,motion,,2026-08-13 16:37:07
FAC-002-Z1,E-37,employee,badge_swipe,True,2026-08-13 16:37:07
FAC-001-Z2,V-5,visitor,motion,,2026-08-13 16:37:07
FAC-004-Z3,E-13,employee,badge_swipe,True,2026-08-13 16:37:07
FAC-001-Z1,E-33,employee,motion,,2026-08-13 16:37:07
FAC-004-Z3,E-50,employee,motion,,2026-08-13 16:37:07
FAC-005-Z2,E-47,employee,motion,,2026-08-13 16:37:07
FAC-004-Z2,E-38,employee,motion,,2026-08-13 16:37:07
FAC-004-Z3,E-37,employee,badge_swipe,True,2026-08-13 16:52:07
FAC-004-Z2,E-43,employee,badge_swipe,True,2026-08-13 16:52:07
FAC-001-Z3,E-48,employee,motion,,2026-08-13 16:52:07
FAC-004-Z2,E-39,employee,badge_swipe,True,2026-08-13 16:52:07
FAC-002-Z3,V-3,visitor,badge_swipe,True,2026-08-13 16:52:07
FAC-003-Z1,E-33,employee,motion,,2026-08-13 16:52:07
FAC-004-Z3,E-24,employee,badge_swipe,True,2026-08-13 16:52:07
FAC-002-Z1,E-34,employee,badge_swipe,True,2026-08-13 16:52:07
FAC-004-Z2,E-45,employee,badge_swipe,True,2026-08-13 16:52:07
FAC-004-Z3,E-17,employee,badge_swipe,True,2026-08-13 16:52:07
FAC-005-Z1,V-6,visitor,badge_swipe,True,2026-08-13 16:52:07
FAC-001-Z3,V-4,visitor,badge_swipe,True,2026-08-13 16:52:07
FAC-002-Z1,E-13,employee,motion,,2026-08-13 16:52:07
FAC-001-Z1,E-7,employee,badge_swipe,True,2026-08-13 16:52:07
FAC-002-Z2,V-4,visitor,motion,,2026-08-13 16:52:07
FAC-002-Z1,V-7,visitor,badge_swipe,True,2026-08-13 17:07:07
FAC-001-Z1,E-38,employee,badge_swipe,True,2026-08-13 17:07:07
FAC-004-Z3,E-26,employee,badge_swipe,True,2026-08-13 17:07:07
FAC-003-Z2,E-36,employee,badge_swipe,True,2026-08-13 17:07:07
FAC-004-Z2,E-32,employee,badge_swipe,True,2026-08-13 17:07:07
FAC-001-Z2,E-1,employee,badge_swipe,True,2026-08-13 17:07:07
FAC-002-Z1,E-24,employee,badge_swipe,True,2026-08-13 17:07:07
FAC-004-Z2,E-34,employee,motion,,2026-08-13 17:07:07
FAC-003-Z3,V-4,visitor,badge_swipe,True,2026-08-13 17:07:07
FAC-002-Z1,V-6,visitor,badge_swipe,True,2026-08-13 17:22:07
FAC-004-Z2,E-1,employee,badge_swipe,True,2026-08-13 17:22:07
FAC-004-Z3,E-12,employee,badge_swipe,True,2026-08-13 17:22:07
FAC-001-Z3,E-6,employee,badge_swipe,True,2026-08-13 17:22:07
FAC-003-Z2,V-6,visitor,motion,,2026-08-13 17:22:07
FAC-003-Z2,E-45,employee,motion,,2026-08-13 17:22:07
FAC-003-Z2,E-20,employee,motion,,2026-08-13 17:22:07
FAC-005-Z2,E-39,employee,badge_swipe,True,2026-08-13 17:22:07
FAC-002-Z1,E-32,employee,motion,,2026-08-13 17:22:07
FAC-003-Z1,V-2,visitor,badge_swipe,True,2026-08-13 17:22:07
FAC-005-Z3,E-19,employee,badge_swipe,False,2026-08-13 17:22:07
FAC-003-Z1,E-35,employee,badge_swipe,True,2026-08-13 17:22:07
FAC-001-Z2,E-9,employee,motion,,2026-08-13 17:22:07
FAC-001-Z1,E-34,employee,motion,,2026-08-13 17:22:07
FAC-003-Z3,E-3,employee,badge_swipe,True,2026-08-13 17:37:07
FAC-003-Z1,E-50,employee,badge_swipe,True,2026-08-13 17:37:07
FAC-005-Z3,E-21,employee,motion,,2026-08-13 17:37:07
FAC-004-Z1,E-6,employee,badge_swipe,True,2026-08-13 17:37:07
FAC-003-Z2,E-29,employee,motion,,2026-08-13 17:37:07
FAC-005-Z2,E-50,employee,badge_swipe,True,2026-08-13 17:37:07
FAC-001-Z2,E-43,employee,motion,,2026-08-13 17:37:07
FAC-005-Z2,E-24,employee,badge_swipe,True,2026-08-13 17:52:07
FAC-004-Z2,E-12,employee,motion,,2026-08-13 17:52:07
FAC-004-Z1,E-15,employee,badge_swipe,True,2026-08-13 17:52:07
FAC-002-Z2,E-16,employee,motion,,2026-08-13 17:52:07
FAC-002-Z1,E-13,employee,badge_swipe,True,2026-08-13 17:52:07
FAC-005-Z2,E-14,employee,badge_swipe,True,2026-08-13 17:52:07
FAC-005-Z3,E-7,employee,motion,,2026-08-13 17:52:07
FAC-004-Z1,V-5,visitor,badge_swipe,True,2026-08-13 17:52:07
FAC-005-Z1,E-37,employee,badge_swipe,True,2026-08-13 17:52:07
FAC-001-Z1,E-20,employee,badge_swipe,True,2026-08-13 17:52:07
FAC-005-Z1,E-14,employee,badge_swipe,True,2026-08-13 17:52:07
FAC-001-Z3,E-50,employee,badge_swipe,True,2026-08-13 17:52:07
FAC-002-Z2,E-12,employee,motion,,2026-08-13 17:52:07
FAC-002-Z2,E-27,employee,motion,,2026-08-13 17:52:07
FAC-005-Z2,E-34,employee,motion,,2026-08-13 17:52:07
FAC-004-Z2,E-12,employee,motion,,2026-08-13 17:52:07
FAC-003-Z3,E-38,employee,badge_swipe,True,2026-08-13 17:52:07
FAC-001-Z3,E-38,employee,motion,,2026-08-13 17:52:07
FAC-003-Z1,E-50,employee,motion,,2026-08-13 17:52:07
FAC-003-Z2,E-18,employee,badge_swipe,True,2026-08-13 18:07:07
FAC-005-Z1,E-18,employee,badge_swipe,True,2026-08-13 18:07:07
FAC-003-Z2,E-34,employee,badge_swipe,True,2026-08-13 18:07:07
FAC-003-Z3,E-20,employee,motion,,2026-08-13 18:07:07
FAC-003-Z3,E-12,employee,motion,,2026-08-13 18:07:07
FAC-002-Z1,E-26,employee,motion,,2026-08-13 18:07:07
FAC-001-Z1,E-41,employee,badge_swipe,True,2026-08-13 18:07:07
FAC-005-Z2,E-44,employee,motion,,2026-08-13 18:07:07
FAC-005-Z3,E-24,employee,motion,,2026-08-13 18:22:07
FAC-004-Z1,E-26,employee,motion,,2026-08-13 18:22:07
FAC-005-Z2,E-50,employee,motion,,2026-08-13 18:22:07
FAC-003-Z3,E-20,employee,motion,,2026-08-13 18:22:07
FAC-003-Z3,E-26,employee,badge_swipe,True,2026-08-13 18:22:07
FAC-002-Z3,E-36,employee,badge_swipe,True,2026-08-13 18:22:07
FAC-001-Z1,E-18,employee,badge_swipe,True,2026-08-13 18:22:07
FAC-002-Z2,E-39,employee,badge_swipe,True,2026-08-13 18:22:07
FAC-002-Z1,E-42,employee,badge_swipe,True,2026-08-13 18:22:07
FAC-004-Z2,E-46,employee,motion,,2026-08-13 18:22:07
FAC-004-Z1,V-10,visitor,badge_swipe,True,2026-08-13 18:22:07
FAC-005-Z1,E-30,employee,badge_swipe,True,2026-08-13 18:22:07
FAC-002-Z3,E-37,employee,motion,,2026-08-13 18:22:07
FAC-003-Z3,E-2,employee,badge_swipe,True,2026-08-13 18:22:07
FAC-002-Z2,E-8,employee,motion,,2026-08-13 18:22:07
FAC-002-Z1,V-7,visitor,motion,,2026-08-13 18:22:07
FAC-003-Z2,E-7,employee,badge_swipe,True,2026-08-13 18:22:07
FAC-003-Z1,E-50,employee,badge_swipe,True,2026-08-13 18:22:07
FAC-004-Z1,E-16,employee,badge_swipe,True,2026-08-13 18:22:07
FAC-001-Z2,E-49,employee,badge_swipe,True,2026-08-13 18:22:07
FAC-002-Z1,E-44,employee,badge_swipe,True,2026-08-13 18:37:07
FAC-003-Z2,E-14,employee,motion,,2026-08-13 18:37:07
FAC-002-Z3,E-25,employee,motion,,2026-08-13 18:37:07
FAC-002-Z3,V-6,visitor,badge_swipe,True,2026-08-13 18:37:07
FAC-004-Z1,E-49,employee,badge_swipe,True,2026-08-13 18:37:07
FAC-005-Z1,E-14,employee,badge_swipe,True,2026-08-13 18:37:07
FAC-005-Z2,E-6,employee,badge_swipe,True,2026-08-13 18:37:07
FAC-002-Z3,E-14,employee,motion,,2026-08-13 18:37:07
FAC-002-Z2,E-32,employee,motion,,2026-08-13 18:37:07
FAC-005-Z1,E-25,employee,motion,,2026-08-13 18:37:07
FAC-001-Z2,E-40,employee,badge_swipe,True,2026-08-13 18:37:07
FAC-005-Z1,E-37,employee,badge_swipe,True,2026-08-13 18:37:07
FAC-002-Z1,E-34,employee,motion,,2026-08-13 18:37:07
FAC-005-Z2,E-26,employee,badge_swipe,True,2026-08-13 18:37:07
FAC-003-Z2,E-34,employee,badge_swipe,True,2026-08-13 18:37:07
FAC-003-Z1,E-44,employee,motion,,2026-08-13 18:37:07
FAC-004-Z2,E-32,employee,motion,,2026-08-13 18:37:07
FAC-004-Z1,E-37,employee,badge_swipe,False,2026-08-13 18:37:07
FAC-005-Z3,E-4,employee,motion,,2026-08-13 18:52:07
FAC-002-Z2,E-36,employee,badge_swipe,True,2026-08-13 18:52:07
FAC-002-Z3,E-22,employee,motion,,2026-08-13 18:52:07
FAC-001-Z3,E-26,employee,motion,,2026-08-13 18:52:07
FAC-001-Z3,E-33,employee,motion,,2026-08-13 18:52:07
FAC-002-Z3,E-5,employee,badge_swipe,True,2026-08-13 18:52:07
FAC-001-Z1,E-24,employee,motion,,2026-08-13 18:52:07
FAC-005-Z2,E-43,employee,motion,,2026-08-13 19:07:07
FAC-003-Z1,E-28,employee,badge_swipe,True,2026-08-13 19:07:07
FAC-001-Z3,E-50,employee,motion,,2026-08-13 19:07:07
FAC-004-Z1,E-12,employee,badge_swipe,True,2026-08-13 19:22:07
FAC-003-Z3,E-7,employee,motion,,2026-08-13 19:22:07
FAC-003-Z2,V-1,visitor,motion,,2026-08-13 19:22:07
FAC-004-Z2,E-50,employee,badge_swipe,True,2026-08-13 19:52:07
FAC-002-Z1,E-44,employee,motion,,2026-08-13 19:52:07
FAC-005-Z3,E-5,employee,badge_swipe,True,2026-08-13 20:07:07
FAC-003-Z2,E-43,employee,motion,,2026-08-13 20:22:07
FAC-002-Z2,E-9,employee,badge_swipe,True,2026-08-13 20:37:07
FAC-004-Z2,E-29,employee,badge_swipe,True,2026-08-13 21:07:07
FAC-001-Z2,V-8,visitor,motion,,2026-08-13 21:07:07
FAC-005-Z2,E-22,employee,motion,,2026-08-13 21:07:07
FAC-004-Z3,E-5,employee,motion,,2026-08-13 21:22:07
FAC-001-Z1,E-47,employee,badge_swipe,True,2026-08-13 21:37:07
FAC-004-Z1,E-37,employee,motion,,2026-08-13 21:37:07
FAC-003-Z1,E-4,employee,motion,,2026-08-13 21:52:07
FAC-001-Z3,E-4,employee,motion,,2026-08-13 21:52:07
FAC-001-Z1,E-26,employee,motion,,2026-08-13 22:37:07
FAC-003-Z3,E-45,employee,badge_swipe,True,2026-08-13 22:52:07
FAC-002-Z3,E-2,employee,badge_swipe,True,2026-08-13 22:52:07
FAC-004-Z3,E-30,employee,motion,,2026-08-13 22:52:07
FAC-003-Z3,E-20,employee,badge_swipe,True,2026-08-13 23:07:07
FAC-001-Z3,E-37,employee,badge_swipe,True,2026-08-13 23:22:07
FAC-003-Z2,E-5,employee,badge_swipe,True,2026-08-13 23:22:07
FAC-004-Z1,E-34,employee,motion,,2026-08-13 23:22:07
FAC-002-Z1,E-7,employee,badge_swipe,True,2026-08-13 23:37:07
FAC-005-Z1,E-9,employee,badge_swipe,True,2026-08-13 23:37:07
FAC-002-Z3,V-10,visitor,badge_swipe,True,2026-08-13 23:37:07
FAC-002-Z3,E-42,employee,badge_swipe,True,2026-08-13 23:52:07
FAC-004-Z1,E-7,employee,badge_swipe,True,2026-08-13 23:52:07
FAC-004-Z2,E-21,employee,motion,,2026-08-14 00:07:07
FAC-001-Z1,E-38,employee,motion,,2026-08-14 00:07:07
FAC-001-Z3,E-7,employee,motion,,2026-08-14 00:37:07
FAC-004-Z2,E-33,employee,motion,,2026-08-14 00:37:07
FAC-001-Z2,E-3,employee,badge_swipe,True,2026-08-14 00:37:07
FAC-003-Z1,E-22,employee,motion,,2026-08-14 01:07:07
FAC-002-Z1,E-14,employee,motion,,2026-08-14 01:07:07
FAC-003-Z3,E-2,employee,badge_swipe,True,2026-08-14 01:07:07
FAC-002-Z3,E-6,employee,motion,,2026-08-14 01:22:07
FAC-005-Z1,E-9,employee,motion,,2026-08-14 01:22:07
FAC-004-Z3,E-6,employee,badge_swipe,True,2026-08-14 01:22:07
FAC-003-Z3,E-1,employee,badge_swipe,True,2026-08-14 01:37:07
FAC-005-Z2,V-2,visitor,badge_swipe,True,2026-08-14 01:37:07
FAC-001-Z1,E-28,employee,motion,,2026-08-14 01:52:07
FAC-003-Z2,E-32,employee,motion,,2026-08-14 01:52:07
FAC-001-Z1,E-42,employee,badge_swipe,True,2026-08-14 02:07:07
FAC-001-Z2,E-42,employee,motion,,2026-08-14 02:07:07
FAC-005-Z1,E-3,employee,badge_swipe,True,2026-08-14 02:07:07
FAC-001-Z1,E-50,employee,badge_swipe,True,2026-08-14 02:22:07
FAC-002-Z1,E-31,employee,motion,,2026-08-14 02:22:07
FAC-003-Z1,E-5,employee,badge_swipe,True,2026-08-14 02:22:07
FAC-005-Z1,E-14,employee,motion,,2026-08-14 02:37:07
FAC-001-Z3,E-10,employee,motion,,2026-08-14 02:37:07
FAC-001-Z2,E-47,employee,badge_swipe,True,2026-08-14 02:52:07
FAC-003-Z2,E-41,employee,badge_swipe,True,2026-08-14 02:52:07
FAC-002-Z3,E-4,employee,motion,,2026-08-14 03:07:07
FAC-004-Z1,E-23,employee,badge_swipe,True,2026-08-14 03:07:07
FAC-004-Z2,E-20,employee,motion,,2026-08-14 03:22:07
FAC-004-Z1,E-19,employee,motion,,2026-08-14 03:22:07
FAC-005-Z1,E-2,employee,badge_swipe,True,2026-08-14 03:22:07
FAC-003-Z3,E-18,employee,badge_swipe,True,2026-08-14 03:37:07
FAC-005-Z1,E-41,employee,badge_swipe,True,2026-08-14 03:37:07
FAC-001-Z1,E-2,employee,badge_swipe,False,2026-08-14 03:37:07
FAC-004-Z3,E-15,employee,motion,,2026-08-14 03:52:07
FAC-004-Z1,E-8,employee,motion,,2026-08-14 03:52:07
FAC-002-Z3,E-18,employee,motion,,2026-08-14 03:52:07
FAC-001-Z3,E-29,employee,motion,,2026-08-14 04:07:07
FAC-005-Z1,V-8,visitor,badge_swipe,True,2026-08-14 04:07:07
FAC-001-Z3,E-3,employee,motion,,2026-08-14 04:22:07
FAC-002-Z3,E-14,employee,motion,,2026-08-14 04:37:07
FAC-002-Z3,V-9,visitor,motion,,2026-08-14 04:37:07
FAC-005-Z1,E-29,employee,badge_swipe,True,2026-08-14 04:37:07
FAC-003-Z2,E-2,employee,motion,,2026-08-14 04:52:07
FAC-004-Z2,E-39,employee,motion,,2026-08-14 05:07:07
FAC-004-Z3,E-39,employee,motion,,2026-08-14 05:22:07
FAC-001-Z2,E-16,employee,motion,,2026-08-14 05:22:07
FAC-001-Z2,E-26,employee,badge_swipe,True,2026-08-14 05:52:07
FAC-004-Z1,E-5,employee,badge_swipe,True,2026-08-14 05:52:07
FAC-001-Z2,E-2,employee,badge_swipe,True,2026-08-14 06:22:07
FAC-005-Z1,E-12,employee,motion,,2026-08-14 06:22:07
FAC-003-Z2,E-7,employee,motion,,2026-08-14 06:37:07
FAC-004-Z2,E-27,employee,badge_swipe,True,2026-08-14 06:52:07
FAC-004-Z3,E-4,employee,badge_swipe,True,2026-08-14 06:52:07
FAC-003-Z2,E-36,employee,badge_swipe,True,2026-08-14 06:52:07
FAC-005-Z3,E-48,employee,badge_swipe,True,2026-08-14 07:07:07
FAC-001-Z3,V-8,visitor,motion,,2026-08-14 07:07:07
FAC-001-Z1,E-12,employee,badge_swipe,True,2026-08-14 07:07:07
FAC-001-Z3,E-17,employee,motion,,2026-08-14 07:22:07
FAC-005-Z2,E-44,employee,badge_swipe,True,2026-08-14 07:37:07
FAC-005-Z2,E-9,employee,badge_swipe,True,2026-08-14 07:52:07
FAC-003-Z1,E-45,employee,motion,,2026-08-14 07:52:07
FAC-004-Z3,E-38,employee,badge_swipe,True,2026-08-14 07:52:07
FAC-004-Z3,E-34,employee,motion,,2026-08-14 08:07:07
FAC-001-Z1,E-12,employee,motion,,2026-08-14 08:07:07
FAC-001-Z2,E-16,employee,motion,,2026-08-14 08:07:07
FAC-004-Z1,E-15,employee,motion,,2026-08-14 08:07:07
FAC-001-Z1,E-40,employee,motion,,2026-08-14 08:07:07
FAC-001-Z1,E-28,employee,badge_swipe,True,2026-08-14 08:07:07
FAC-004-Z1,V-10,visitor,motion,,2026-08-14 08:07:07
FAC-001-Z2,E-16,employee,badge_swipe,False,2026-08-14 08:07:07
FAC-001-Z2,E-20,employee,motion,,2026-08-14 08:07:07
FAC-005-Z3,E-19,employee,badge_swipe,True,2026-08-14 08:07:07
FAC-003-Z3,E-5,employee,badge_swipe,True,2026-08-14 08:07:07
FAC-003-Z3,V-2,visitor,badge_swipe,True,2026-08-14 08:07:07
FAC-004-Z2,E-6,employee,badge_swipe,True,2026-08-14 08:07:07
FAC-004-Z3,E-29,employee,motion,,2026-08-14 08:07:07
FAC-002-Z3,E-35,employee,badge_swipe,True,2026-08-14 08:07:07
FAC-004-Z2,E-43,employee,motion,,2026-08-14 08:07:07
FAC-004-Z2,V-9,visitor,badge_swipe,True,2026-08-14 08:07:07
FAC-005-Z1,E-46,employee,badge_swipe,True,2026-08-14 08:07:07
FAC-004-Z1,E-49,employee,badge_swipe,True,2026-08-14 08:22:07
FAC-003-Z3,E-34,employee,badge_swipe,True,2026-08-14 08:22:07
FAC-005-Z3,E-48,employee,badge_swipe,True,2026-08-14 08:22:07
FAC-002-Z3,E-26,employee,motion,,2026-08-14 08:22:07
FAC-004-Z3,E-13,employee,motion,,2026-08-14 08:22:07
FAC-003-Z3,E-32,employee,badge_swipe,True,2026-08-14 08:22:07
FAC-001-Z2,E-37,employee,badge_swipe,True,2026-08-14 08:37:07
FAC-002-Z1,E-2,employee,badge_swipe,True,2026-08-14 08:37:07
FAC-003-Z1,E-42,employee,motion,,2026-08-14 08:37:07
FAC-003-Z3,E-20,employee,motion,,2026-08-14 08:37:07
FAC-001-Z3,E-18,employee,motion,,2026-08-14 08:37:07
FAC-002-Z2,E-2,employee,badge_swipe,True,2026-08-14 08:37:07
FAC-005-Z1,E-44,employee,badge_swipe,True,2026-08-14 08:37:07
FAC-003-Z2,E-8,employee,motion,,2026-08-14 08:37:07
FAC-004-Z3,E-14,employee,badge_swipe,True,2026-08-14 08:37:07
FAC-003-Z2,V-3,visitor,motion,,2026-08-14 08:37:07
FAC-003-Z1,E-1,employee,motion,,2026-08-14 08:37:07
FAC-002-Z3,E-2,employee,motion,,2026-08-14 08:37:07
FAC-003-Z1,E-23,employee,badge_swipe,True,2026-08-14 08:37:07
FAC-002-Z1,E-8,employee,motion,,2026-08-14 08:37:07
FAC-004-Z3,E-18,employee,motion,,2026-08-14 08:37:07
FAC-004-Z1,E-33,employee,motion,,2026-08-14 08:52:07
FAC-003-Z1,V-4,visitor,badge_swipe,True,2026-08-14 08:52:07
FAC-005-Z2,E-13,employee,motion,,2026-08-14 08:52:07
FAC-003-Z2,E-31,employee,badge_swipe,True,2026-08-14 08:52:07
FAC-005-Z2,E-27,employee,motion,,2026-08-14 08:52:07
FAC-004-Z1,E-7,employee,motion,,2026-08-14 08:52:07
FAC-003-Z3,E-9,employee,badge_swipe,True,2026-08-14 08:52:07
FAC-005-Z3,E-27,employee,motion,,2026-08-14 08:52:07
FAC-001-Z3,V-7,visitor,motion,,2026-08-14 08:52:07
FAC-003-Z3,E-23,employee,badge_swipe,True,2026-08-14 08:52:07
FAC-003-Z3,E-28,employee,motion,,2026-08-14 08:52:07
FAC-004-Z2,E-20,employee,badge_swipe,False,2026-08-14 08:52:07
FAC-001-Z1,E-34,employee,motion,,2026-08-14 08:52:07
FAC-003-Z2,E-32,employee,badge_swipe,True,2026-08-14 08:52:07
FAC-001-Z1,E-1,employee,badge_swipe,True,2026-08-14 09:07:07
FAC-002-Z1,E-9,employee,motion,,2026-08-14 09:07:07
FAC-002-Z1,E-25,employee,motion,,2026-08-14 09:07:07
FAC-004-Z2,E-21,employee,badge_swipe,True,2026-08-14 09:07:07
FAC-001-Z2,E-50,employee,badge_swipe,True,2026-08-14 09:07:07
FAC-004-Z3,E-26,employee,motion,,2026-08-14 09:07:07
FAC-005-Z1,E-3,employee,badge_swipe,True,2026-08-14 09:07:07
FAC-002-Z1,E-21,employee,motion,,2026-08-14 09:07:07
FAC-005-Z1,E-40,employee,motion,,2026-08-14 09:07:07
FAC-004-Z1,V-5,visitor,motion,,2026-08-14 09:07:07
FAC-004-Z1,E-48,employee,motion,,2026-08-14 09:07:07
FAC-002-Z2,E-38,employee,motion,,2026-08-14 09:07:07
FAC-003-Z3,E-10,employee,badge_swipe,True,2026-08-14 09:07:07
FAC-005-Z3,E-23,employee,badge_swipe,True,2026-08-14 09:07:07
FAC-004-Z1,E-35,employee,badge_swipe,True,2026-08-14 09:07:07
FAC-004-Z3,E-10,employee,badge_swipe,True,2026-08-14 09:07:07
FAC-004-Z3,E-1,employee,motion,,2026-08-14 09:07:07
FAC-003-Z1,E-14,employee,motion,,2026-08-14 09:07:07
FAC-001-Z1,E-10,employee,motion,,2026-08-14 09:07:07
FAC-004-Z3,E-19,employee,badge_swipe,True,2026-08-14 09:07:07
FAC-002-Z3,E-24,employee,badge_swipe,True,2026-08-14 09:22:07
FAC-003-Z3,V-2,visitor,badge_swipe,True,2026-08-14 09:22:07
FAC-003-Z3,E-21,employee,motion,,2026-08-14 09:22:07
FAC-002-Z2,E-8,employee,badge_swipe,True,2026-08-14 09:22:07
FAC-001-Z3,E-29,employee,badge_swipe,True,2026-08-14 09:22:07
FAC-003-Z3,V-4,visitor,badge_swipe,True,2026-08-14 09:22:07
FAC-002-Z3,E-19,employee,motion,,2026-08-14 09:22:07
FAC-003-Z3,E-10,employee,motion,,2026-08-14 09:22:07
FAC-004-Z1,E-45,employee,motion,,2026-08-14 09:22:07
FAC-003-Z3,E-32,employee,badge_swipe,True,2026-08-14 09:22:07
FAC-004-Z1,E-5,employee,badge_swipe,True,2026-08-14 09:22:07
FAC-003-Z3,E-44,employee,badge_swipe,True,2026-08-14 09:22:07
FAC-003-Z3,E-26,employee,badge_swipe,True,2026-08-14 09:22:07
FAC-004-Z3,E-39,employee,badge_swipe,True,2026-08-14 09:22:07
FAC-003-Z2,E-1,employee,badge_swipe,True,2026-08-14 09:37:07
FAC-002-Z2,V-3,visitor,badge_swipe,True,2026-08-14 09:37:07
FAC-001-Z3,E-16,employee,motion,,2026-08-14 09:37:07
FAC-005-Z2,E-28,employee,badge_swipe,True,2026-08-14 09:37:07
FAC-001-Z3,E-30,employee,badge_swipe,True,2026-08-14 09:37:07
FAC-004-Z3,E-29,employee,motion,,2026-08-14 09:37:07
FAC-001-Z1,E-7,employee,badge_swipe,True,2026-08-14 09:37:07
FAC-002-Z3,V-1,visitor,motion,,2026-08-14 09:37:07
FAC-004-Z2,E-27,employee,badge_swipe,True,2026-08-14 09:37:07
FAC-004-Z2,V-6,visitor,badge_swipe,True,2026-08-14 09:52:07
FAC-004-Z1,E-8,employee,motion,,2026-08-14 09:52:07
FAC-002-Z1,E-39,employee,motion,,2026-08-14 09:52:07
FAC-004-Z2,E-34,employee,badge_swipe,True,2026-08-14 09:52:07
FAC-002-Z1,E-38,employee,motion,,2026-08-14 09:52:07
FAC-004-Z3,E-38,employee,badge_swipe,True,2026-08-14 09:52:07
FAC-002-Z3,E-9,employee,badge_swipe,True,2026-08-14 09:52:07
FAC-004-Z1,E-2,employee,badge_swipe,True,2026-08-14 09:52:07
FAC-002-Z1,V-7,visitor,badge_swipe,True,2026-08-14 09:52:07
FAC-005-Z1,E-12,employee,badge_swipe,True,2026-08-14 09:52:07
FAC-001-Z3,E-9,employee,badge_swipe,True,2026-08-14 09:52:07
FAC-001-Z3,E-36,employee,motion,,2026-08-14 10:07:07
FAC-004-Z3,E-3,employee,motion,,2026-08-14 10:07:07
FAC-002-Z2,V-6,visitor,motion,,2026-08-14 10:07:07
FAC-001-Z2,E-37,employee,motion,,2026-08-14 10:07:07
FAC-005-Z1,E-8,employee,motion,,2026-08-14 10:07:07
FAC-001-Z3,E-33,employee,badge_swipe,True,2026-08-14 10:07:07
FAC-004-Z1,E-23,employee,motion,,2026-08-14 10:07:07
FAC-004-Z3,E-20,employee,badge_swipe,True,2026-08-14 10:07:07
FAC-002-Z1,E-27,employee,badge_swipe,True,2026-08-14 10:07:07
FAC-003-Z3,E-40,employee,badge_swipe,True,2026-08-14 10:07:07
FAC-005-Z2,E-37,employee,motion,,2026-08-14 10:07:07
FAC-002-Z2,E-16,employee,motion,,2026-08-14 10:07:07
FAC-005-Z2,E-12,employee,badge_swipe,True,2026-08-14 10:07:07
FAC-002-Z1,E-1,employee,motion,,2026-08-14 10:07:07
FAC-002-Z3,E-45,employee,motion,,2026-08-14 10:07:07
FAC-003-Z2,E-15,employee,badge_swipe,True,2026-08-14 10:07:07
FAC-004-Z1,E-32,employee,badge_swipe,True,2026-08-14 10:07:07
FAC-003-Z1,E-46,employee,motion,,2026-08-14 10:22:07
FAC-003-Z3,E-47,employee,motion,,2026-08-14 10:22:07
FAC-003-Z1,V-8,visitor,badge_swipe,False,2026-08-14 10:22:07
FAC-004-Z2,E-17,employee,badge_swipe,True,2026-08-14 10:22:07
FAC-001-Z3,V-3,visitor,badge_swipe,True,2026-08-14 10:22:07
FAC-004-Z1,V-10,visitor,motion,,2026-08-14 10:37:07
FAC-001-Z3,E-17,employee,motion,,2026-08-14 10:37:07
FAC-003-Z1,E-4,employee,motion,,2026-08-14 10:37:07
FAC-003-Z3,E-4,employee,badge_swipe,True,2026-08-14 10:37:07
FAC-002-Z3,V-1,visitor,badge_swipe,True,2026-08-14 10:37:07
FAC-003-Z1,E-19,employee,motion,,2026-08-14 10:37:07
FAC-002-Z1,V-2,visitor,badge_swipe,True,2026-08-14 10:37:07
FAC-005-Z3,E-2,employee,badge_swipe,True,2026-08-14 10:37:07
FAC-004-Z3,V-6,visitor,badge_swipe,True,2026-08-14 10:37:07
FAC-005-Z2,E-16,employee,badge_swipe,True,2026-08-14 10:37:07
FAC-004-Z3,E-16,employee,badge_swipe,True,2026-08-14 10:37:07
FAC-004-Z3,E-43,employee,badge_swipe,True,2026-08-14 10:37:07
FAC-004-Z2,E-6,employee,badge_swipe,True,2026-08-14 10:52:07
FAC-002-Z3,E-24,employee,badge_swipe,True,2026-08-14 10:52:07
FAC-005-Z1,E-45,employee,badge_swipe,True,2026-08-14 10:52:07
FAC-005-Z3,E-37,employee,badge_swipe,True,2026-08-14 10:52:07
FAC-002-Z3,V-4,visitor,badge_swipe,True,2026-08-14 10:52:07
FAC-004-Z2,E-8,employee,badge_swipe,True,2026-08-14 10:52:07
FAC-003-Z1,V-6,visitor,badge_swipe,True,2026-08-14 10:52:07
FAC-005-Z2,E-5,employee,motion,,2026-08-14 10:52:07
FAC-005-Z2,E-3,employee,badge_swipe,True,2026-08-14 10:52:07
FAC-002-Z2,E-41,employee,badge_swipe,True,2026-08-14 10:52:07
FAC-002-Z3,E-6,employee,motion,,2026-08-14 10:52:07
FAC-001-Z2,E-47,employee,motion,,2026-08-14 10:52:07
FAC-001-Z1,V-7,visitor,badge_swipe,True,2026-08-14 10:52:07
FAC-005-Z3,E-7,employee,motion,,2026-08-14 10:52:07
FAC-002-Z1,E-3,employee,badge_swipe,True,2026-08-14 10:52:07
FAC-004-Z1,E-25,employee,motion,,2026-08-14 11:07:07
FAC-004-Z3,E-49,employee,motion,,2026-08-14 11:07:07
FAC-005-Z2,E-42,employee,badge_swipe,True,2026-08-14 11:07:07
FAC-005-Z3,E-28,employee,badge_swipe,True,2026-08-14 11:07:07
FAC-004-Z2,V-1,visitor,badge_swipe,True,2026-08-14 11:07:07
FAC-003-Z3,V-8,visitor,badge_swipe,True,2026-08-14 11:07:07
FAC-001-Z2,E-16,employee,badge_swipe,True,2026-08-14 11:07:07
FAC-002-Z1,E-23,employee,badge_swipe,True,2026-08-14 11:07:07
FAC-005-Z2,E-31,employee,badge_swipe,True,2026-08-14 11:07:07
FAC-005-Z3,E-11,employee,motion,,2026-08-14 11:07:07
FAC-003-Z2,E-47,employee,badge_swipe,True,2026-08-14 11:07:07
FAC-004-Z2,E-12,employee,badge_swipe,False,2026-08-14 11:07:07
FAC-003-Z2,E-4,employee,motion,,2026-08-14 11:07:07
FAC-004-Z1,E-7,employee,motion,,2026-08-14 11:07:07
FAC-003-Z3,V-10,visitor,badge_swipe,True,2026-08-14 11:07:07
FAC-001-Z2,E-29,employee,motion,,2026-08-14 11:07:07
FAC-004-Z3,V-2,visitor,motion,,2026-08-14 11:07:07
FAC-002-Z2,E-21,employee,badge_swipe,True,2026-08-14 11:07:07
FAC-005-Z1,E-41,employee,motion,,2026-08-14 11:07:07
FAC-001-Z3,E-4,employee,badge_swipe,True,2026-08-14 11:22:07
FAC-001-Z2,V-10,visitor,motion,,2026-08-14 11:22:07
FAC-004-Z3,E-2,employee,badge_swipe,True,2026-08-14 11:22:07
FAC-002-Z2,E-45,employee,badge_swipe,True,2026-08-14 11:22:07
FAC-005-Z3,E-29,employee,motion,,2026-08-14 11:22:07
FAC-002-Z2,E-25,employee,motion,,2026-08-14 11:22:07
FAC-005-Z3,E-13,employee,badge_swipe,True,2026-08-14 11:22:07
FAC-002-Z3,E-40,employee,badge_swipe,True,2026-08-14 11:22:07
FAC-002-Z2,E-24,employee,badge_swipe,True,2026-08-14 11:22:07
FAC-002-Z1,E-34,employee,motion,,2026-08-14 11:22:07
FAC-004-Z2,E-47,employee,motion,,2026-08-14 11:22:07
FAC-005-Z2,V-5,visitor,motion,,2026-08-14 11:22:07
FAC-002-Z3,E-47,employee,badge_swipe,True,2026-08-14 11:22:07
FAC-005-Z1,E-23,employee,badge_swipe,True,2026-08-14 11:22:07
FAC-004-Z1,E-12,employee,motion,,2026-08-14 11:22:07
FAC-002-Z3,E-29,employee,motion,,2026-08-14 11:22:07
FAC-004-Z1,E-30,employee,motion,,2026-08-14 11:22:07
FAC-002-Z1,E-33,employee,motion,,2026-08-14 11:37:07
FAC-004-Z2,E-38,employee,motion,,2026-08-14 11:37:07
FAC-003-Z3,E-6,employee,badge_swipe,True,2026-08-14 11:37:07
FAC-002-Z2,V-3,visitor,badge_swipe,True,2026-08-14 11:37:07
FAC-002-Z1,E-41,employee,motion,,2026-08-14 11:37:07
FAC-004-Z3,E-43,employee,motion,,2026-08-14 11:37:07
FAC-004-Z2,E-11,employee,motion,,2026-08-14 11:37:07
FAC-004-Z3,E-32,employee,badge_swipe,True,2026-08-14 11:37:07
FAC-004-Z1,V-9,visitor,motion,,2026-08-14 11:37:07
FAC-003-Z2,E-50,employee,badge_swipe,True,2026-08-14 11:37:07
FAC-002-Z2,E-26,employee,badge_swipe,True,2026-08-14 11:37:07
FAC-003-Z1,E-37,employee,badge_swipe,True,2026-08-14 11:37:07
FAC-002-Z1,E-45,employee,badge_swipe,True,2026-08-14 11:37:07
FAC-005-Z1,E-39,employee,motion,,2026-08-14 11:37:07
FAC-001-Z2,E-21,employee,motion,,2026-08-14 11:37:07
FAC-003-Z2,E-27,employee,badge_swipe,False,2026-08-14 11:37:07
FAC-001-Z2,E-30,employee,badge_swipe,True,2026-08-14 11:52:07
FAC-005-Z2,E-17,employee,motion,,2026-08-14 11:52:07
FAC-003-Z2,E-20,employee,badge_swipe,True,2026-08-14 11:52:07
FAC-005-Z2,E-41,employee,badge_swipe,True,2026-08-14 11:52:07
FAC-003-Z3,V-1,visitor,motion,,2026-08-14 11:52:07
FAC-001-Z1,E-42,employee,motion,,2026-08-14 11:52:07
FAC-003-Z3,E-31,employee,badge_swipe,True,2026-08-14 11:52:07
FAC-005-Z2,E-19,employee,motion,,2026-08-14 11:52:07
FAC-005-Z3,E-26,employee,badge_swipe,True,2026-08-14 11:52:07
FAC-005-Z2,E-9,employee,motion,,2026-08-14 11:52:07
FAC-002-Z1,E-13,employee,motion,,2026-08-14 11:52:07
FAC-004-Z3,E-45,employee,motion,,2026-08-14 11:52:07
FAC-002-Z1,E-48,employee,motion,,2026-08-14 11:52:07
FAC-001-Z1,E-26,employee,badge_swipe,True,2026-08-14 11:52:07
FAC-004-Z2,E-31,employee,badge_swipe,True,2026-08-14 12:07:07
FAC-004-Z3,E-42,employee,badge_swipe,True,2026-08-14 12:07:07
FAC-001-Z2,E-27,employee,badge_swipe,True,2026-08-14 12:07:07
FAC-001-Z1,E-1,employee,motion,,2026-08-14 12:07:07
FAC-003-Z2,E-6,employee,badge_swipe,True,2026-08-14 12:07:07
FAC-001-Z1,E-8,employee,motion,,2026-08-14 12:07:07
FAC-005-Z3,E-23,employee,motion,,2026-08-14 12:07:07
FAC-002-Z1,V-9,visitor,badge_swipe,True,2026-08-14 12:07:07
FAC-001-Z3,E-30,employee,badge_swipe,True,2026-08-14 12:07:07
FAC-003-Z3,E-32,employee,badge_swipe,True,2026-08-14 12:07:07
FAC-004-Z2,E-11,employee,motion,,2026-08-14 12:07:07
FAC-003-Z1,E-47,employee,badge_swipe,True,2026-08-14 12:07:07
FAC-005-Z3,E-36,employee,motion,,2026-08-14 12:07:07
FAC-003-Z2,E-44,employee,badge_swipe,True,2026-08-14 12:22:07
FAC-001-Z2,E-46,employee,motion,,2026-08-14 12:22:07
FAC-002-Z1,V-4,visitor,badge_swipe,True,2026-08-14 12:22:07
FAC-002-Z1,E-33,employee,badge_swipe,True,2026-08-14 12:22:07
FAC-005-Z1,E-29,employee,motion,,2026-08-14 12:22:07
FAC-003-Z2,E-34,employee,motion,,2026-08-14 12:37:07
FAC-004-Z3,E-35,employee,badge_swipe,True,2026-08-14 12:37:07
FAC-001-Z3,E-13,employee,motion,,2026-08-14 12:37:07
FAC-004-Z3,E-50,employee,badge_swipe,True,2026-08-14 12:37:07
FAC-002-Z1,E-45,employee,badge_swipe,False,2026-08-14 12:37:07
FAC-005-Z1,E-40,employee,motion,,2026-08-14 12:37:07
FAC-005-Z1,E-36,employee,motion,,2026-08-14 12:37:07
FAC-005-Z2,E-23,employee,motion,,2026-08-14 12:52:07
FAC-001-Z3,E-24,employee,motion,,2026-08-14 12:52:07
FAC-003-Z2,E-40,employee,motion,,2026-08-14 12:52:07
FAC-004-Z1,E-36,employee,motion,,2026-08-14 12:52:07
FAC-002-Z3,V-8,visitor,badge_swipe,True,2026-08-14 12:52:07
FAC-003-Z1,V-2,visitor,motion,,2026-08-14 12:52:07
FAC-004-Z1,E-16,employee,motion,,2026-08-14 12:52:07
FAC-003-Z3,E-17,employee,badge_swipe,True,2026-08-14 12:52:07
FAC-001-Z1,E-37,employee,motion,,2026-08-14 12:52:07
FAC-004-Z1,E-3,employee,motion,,2026-08-14 12:52:07
FAC-005-Z1,E-30,employee,badge_swipe,True,2026-08-14 12:52:07
FAC-001-Z2,E-50,employee,badge_swipe,True,2026-08-14 12:52:07
FAC-001-Z2,E-16,employee,badge_swipe,True,2026-08-14 12:52:07
FAC-001-Z1,V-6,visitor,motion,,2026-08-14 13:07:07
FAC-001-Z1,E-48,employee,badge_swipe,True,2026-08-14 13:07:07
FAC-002-Z1,E-42,employee,motion,,2026-08-14 13:07:07
FAC-004-Z2,E-48,employee,badge_swipe,True,2026-08-14 13:07:07
FAC-002-Z3,E-29,employee,badge_swipe,True,2026-08-14 13:07:07
FAC-004-Z2,E-21,employee,badge_swipe,True,2026-08-14 13:07:07
FAC-002-Z2,E-7,employee,badge_swipe,True,2026-08-14 13:07:07
FAC-004-Z3,E-16,employee,badge_swipe,True,2026-08-14 13:07:07
FAC-001-Z3,E-28,employee,motion,,2026-08-14 13:07:07
FAC-003-Z1,E-33,employee,badge_swipe,True,2026-08-14 13:07:07
FAC-005-Z3,E-37,employee,motion,,2026-08-14 13:07:07
FAC-003-Z2,E-48,employee,motion,,2026-08-14 13:07:07
FAC-001-Z2,E-7,employee,motion,,2026-08-14 13:07:07
FAC-001-Z2,E-18,employee,badge_swipe,True,2026-08-14 13:22:07
FAC-005-Z1,E-25,employee,motion,,2026-08-14 13:22:07
FAC-002-Z3,E-12,employee,motion,,2026-08-14 13:22:07
FAC-005-Z1,E-41,employee,motion,,2026-08-14 13:22:07
FAC-001-Z2,E-12,employee,badge_swipe,True,2026-08-14 13:22:07
FAC-002-Z2,E-28,employee,motion,,2026-08-14 13:22:07
FAC-004-Z1,E-50,employee,motion,,2026-08-14 13:22:07
FAC-001-Z2,E-47,employee,motion,,2026-08-14 13:22:07
FAC-005-Z3,E-16,employee,badge_swipe,True,2026-08-14 13:22:07
FAC-003-Z3,E-15,employee,badge_swipe,True,2026-08-14 13:22:07
FAC-005-Z2,E-27,employee,badge_swipe,True,2026-08-14 13:22:07
FAC-003-Z3,E-4,employee,badge_swipe,True,2026-08-14 13:22:07
FAC-005-Z1,E-28,employee,motion,,2026-08-14 13:22:07
FAC-001-Z2,E-34,employee,badge_swipe,True,2026-08-14 13:22:07
FAC-002-Z3,E-22,employee,badge_swipe,True,2026-08-14 13:22:07
FAC-003-Z2,E-30,employee,motion,,2026-08-14 13:22:07
FAC-001-Z3,E-42,employee,badge_swipe,True,2026-08-14 13:22:07
FAC-001-Z2,E-15,employee,motion,,2026-08-14 13:22:07
FAC-002-Z2,V-7,visitor,motion,,2026-08-14 13:22:07
FAC-003-Z2,E-32,employee,motion,,2026-08-14 13:37:07
FAC-003-Z2,E-22,employee,motion,,2026-08-14 13:37:07
FAC-005-Z2,E-15,employee,motion,,2026-08-14 13:37:07
FAC-005-Z3,V-6,visitor,motion,,2026-08-14 13:37:07
FAC-003-Z3,E-13,employee,motion,,2026-08-14 13:37:07
FAC-002-Z1,E-9,employee,motion,,2026-08-14 13:37:07
FAC-003-Z2,V-6,visitor,badge_swipe,True,2026-08-14 13:37:07
FAC-005-Z1,E-36,employee,motion,,2026-08-14 13:37:07
FAC-001-Z3,E-24,employee,motion,,2026-08-14 13:37:07
FAC-002-Z2,E-25,employee,badge_swipe,True,2026-08-14 13:52:07
FAC-003-Z1,E-7,employee,motion,,2026-08-14 13:52:07
FAC-005-Z3,E-31,employee,badge_swipe,True,2026-08-14 13:52:07
FAC-001-Z3,E-1,employee,motion,,2026-08-14 13:52:07
FAC-003-Z2,E-5,employee,motion,,2026-08-14 13:52:07
FAC-005-Z1,E-19,employee,badge_swipe,True,2026-08-14 13:52:07
FAC-002-Z3,E-47,employee,motion,,2026-08-14 13:52:07
FAC-004-Z1,E-19,employee,motion,,2026-08-14 13:52:07
FAC-002-Z3,E-50,employee,motion,,2026-08-14 13:52:07
FAC-004-Z1,E-10,employee,badge_swipe,True,2026-08-14 13:52:07
FAC-005-Z1,E-6,employee,motion,,2026-08-14 13:52:07
FAC-005-Z2,E-10,employee,badge_swipe,True,2026-08-14 13:52:07
FAC-005-Z1,V-3,visitor,badge_swipe,True,2026-08-14 13:52:07
FAC-001-Z2,E-17,employee,badge_swipe,True,2026-08-14 13:52:07
FAC-003-Z1,E-25,employee,badge_swipe,True,2026-08-14 13:52:07
FAC-003-Z3,E-13,employee,motion,,2026-08-14 13:52:07
FAC-003-Z2,E-37,employee,motion,,2026-08-14 13:52:07
FAC-001-Z3,E-28,employee,motion,,2026-08-14 13:52:07
FAC-004-Z2,E-36,employee,motion,,2026-08-14 13:52:07
FAC-002-Z3,E-6,employee,badge_swipe,True,2026-08-14 14:07:07
FAC-003-Z1,E-44,employee,badge_swipe,True,2026-08-14 14:07:07
FAC-005-Z2,E-6,employee,badge_swipe,True,2026-08-14 14:07:07
FAC-001-Z2,E-11,employee,motion,,2026-08-14 14:07:07
FAC-004-Z1,E-7,employee,badge_swipe,True,2026-08-14 14:07:07
FAC-003-Z2,E-44,employee,motion,,2026-08-14 14:07:07
FAC-004-Z2,V-7,visitor,badge_swipe,True,2026-08-14 14:22:07
FAC-001-Z1,V-7,visitor,badge_swipe,False,2026-08-14 14:22:07
FAC-002-Z3,E-9,employee,badge_swipe,True,2026-08-14 14:22:07
FAC-001-Z3,E-14,employee,motion,,2026-08-14 14:22:07
FAC-004-Z3,E-3,employee,badge_swipe,True,2026-08-14 14:22:07
FAC-001-Z1,E-7,employee,badge_swipe,True,2026-08-14 14:22:07
FAC-002-Z3,E-30,employee,motion,,2026-08-14 14:22:07
FAC-005-Z1,E-49,employee,motion,,2026-08-14 14:22:07
FAC-002-Z2,E-38,employee,motion,,2026-08-14 14:22:07
FAC-001-Z3,E-4,employee,badge_swipe,True,2026-08-14 14:37:07
FAC-005-Z2,E-4,employee,badge_swipe,True,2026-08-14 14:37:07
FAC-002-Z2,E-5,employee,badge_swipe,True,2026-08-14 14:37:07
FAC-002-Z2,E-30,employee,badge_swipe,True,2026-08-14 14:37:07
FAC-004-Z3,E-26,employee,motion,,2026-08-14 14:37:07
FAC-003-Z3,E-10,employee,motion,,2026-08-14 14:37:07
FAC-005-Z2,E-25,employee,badge_swipe,False,2026-08-14 14:37:07
FAC-005-Z1,E-15,employee,badge_swipe,True,2026-08-14 14:37:07
FAC-003-Z3,E-1,employee,motion,,2026-08-14 14:52:07
FAC-003-Z3,E-45,employee,motion,,2026-08-14 14:52:07
FAC-004-Z3,E-20,employee,badge_swipe,True,2026-08-14 14:52:07
FAC-004-Z3,E-25,employee,motion,,2026-08-14 14:52:07
FAC-003-Z2,E-17,employee,badge_swipe,True,2026-08-14 14:52:07
FAC-003-Z1,E-34,employee,motion,,2026-08-14 14:52:07
FAC-001-Z1,E-40,employee,motion,,2026-08-14 14:52:07
FAC-003-Z3,E-30,employee,badge_swipe,True,2026-08-14 14:52:07
FAC-003-Z3,E-29,employee,motion,,2026-08-14 14:52:07
FAC-001-Z2,E-40,employee,badge_swipe,True,2026-08-14 14:52:07
FAC-002-Z2,E-46,employee,motion,,2026-08-14 14:52:07
FAC-002-Z1,E-10,employee,badge_swipe,True,2026-08-14 14:52:07
FAC-002-Z3,E-6,employee,badge_swipe,True,2026-08-14 14:52:07
FAC-002-Z1,E-16,employee,motion,,2026-08-14 14:52:07
FAC-002-Z1,V-4,visitor,motion,,2026-08-14 14:52:07
FAC-002-Z3,E-19,employee,badge_swipe,True,2026-08-14 14:52:07
FAC-002-Z3,E-49,employee,badge_swipe,True,2026-08-14 14:52:07
FAC-001-Z2,E-35,employee,motion,,2026-08-14 15:07:07
FAC-005-Z2,E-8,employee,badge_swipe,True,2026-08-14 15:07:07
FAC-002-Z1,E-27,employee,motion,,2026-08-14 15:07:07
FAC-002-Z3,E-48,employee,badge_swipe,True,2026-08-14 15:07:07
FAC-002-Z1,E-32,employee,badge_swipe,True,2026-08-14 15:07:07
FAC-005-Z3,E-44,employee,badge_swipe,True,2026-08-14 15:07:07
FAC-002-Z1,E-7,employee,badge_swipe,True,2026-08-14 15:07:07
FAC-004-Z3,E-7,employee,badge_swipe,True,2026-08-14 15:07:07
FAC-001-Z3,E-41,employee,motion,,2026-08-14 15:07:07
FAC-004-Z1,E-50,employee,badge_swipe,True,2026-08-14 15:22:07
FAC-002-Z3,E-21,employee,badge_swipe,True,2026-08-14 15:22:07
FAC-005-Z2,E-38,employee,badge_swipe,True,2026-08-14 15:22:07
FAC-002-Z1,E-21,employee,badge_swipe,True,2026-08-14 15:22:07
FAC-003-Z3,E-4,employee,motion,,2026-08-14 15:22:07
FAC-005-Z3,V-3,visitor,badge_swipe,True,2026-08-14 15:22:07
FAC-005-Z2,E-48,employee,motion,,2026-08-14 15:22:07
FAC-002-Z3,E-41,employee,badge_swipe,True,2026-08-14 15:22:07
FAC-003-Z3,E-14,employee,motion,,2026-08-14 15:22:07
FAC-001-Z2,E-9,employee,motion,,2026-08-14 15:22:07
FAC-002-Z1,E-31,employee,motion,,2026-08-14 15:37:07
FAC-003-Z1,E-19,employee,badge_swipe,True,2026-08-14 15:37:07
FAC-002-Z1,E-46,employee,badge_swipe,True,2026-08-14 15:37:07
FAC-003-Z2,E-11,employee,motion,,2026-08-14 15:37:07
FAC-002-Z3,E-11,employee,motion,,2026-08-14 15:37:07
FAC-005-Z1,E-45,employee,motion,,2026-08-14 15:37:07
FAC-001-Z1,E-18,employee,motion,,2026-08-14 15:37:07
FAC-005-Z3,E-38,employee,badge_swipe,True,2026-08-14 15:37:07
FAC-005-Z3,E-21,employee,motion,,2026-08-14 15:37:07
FAC-002-Z3,E-26,employee,badge_swipe,True,2026-08-14 15:37:07
FAC-001-Z2,E-14,employee,motion,,2026-08-14 15:37:07
FAC-003-Z2,V-5,visitor,motion,,2026-08-14 15:52:07
FAC-002-Z2,E-16,employee,motion,,2026-08-14 15:52:07
FAC-002-Z3,E-29,employee,badge_swipe,True,2026-08-14 15:52:07
FAC-004-Z2,V-5,visitor,badge_swipe,True,2026-08-14 15:52:07
FAC-005-Z3,E-4,employee,badge_swipe,False,2026-08-14 15:52:07
FAC-002-Z3,E-14,employee,motion,,2026-08-14 15:52:07
FAC-004-Z1,E-24,employee,badge_swipe,True,2026-08-14 15:52:07
FAC-002-Z1,V-6,visitor,badge_swipe,True,2026-08-14 15:52:07
FAC-001-Z3,V-4,visitor,badge_swipe,True,2026-08-14 15:52:07
FAC-004-Z3,E-3,employee,motion,,2026-08-14 15:52:07
FAC-001-Z1,E-16,employee,badge_swipe,True,2026-08-14 15:52:07
FAC-002-Z1,E-16,employee,motion,,2026-08-14 15:52:07
FAC-004-Z2,E-36,employee,motion,,2026-08-14 15:52:07
FAC-002-Z1,E-32,employee,badge_swipe,True,2026-08-14 15:52:07
FAC-004-Z2,E-35,employee,badge_swipe,True,2026-08-14 15:52:07
FAC-004-Z2,E-18,employee,badge_swipe,True,2026-08-14 15:52:07
FAC-002-Z2,E-34,employee,motion,,2026-08-14 15:52:07
FAC-004-Z2,E-11,employee,badge_swipe,True,2026-08-14 16:07:07
FAC-004-Z1,V-5,visitor,badge_swipe,True,2026-08-14 16:07:07
FAC-001-Z3,E-26,employee,badge_swipe,True,2026-08-14 16:07:07
FAC-002-Z2,E-37,employee,badge_swipe,True,2026-08-14 16:07:07
FAC-003-Z3,E-3,employee,motion,,2026-08-14 16:07:07
FAC-001-Z1,E-43,employee,motion,,2026-08-14 16:07:07
FAC-005-Z1,E-49,employee,badge_swipe,True,2026-08-14 16:07:07
FAC-005-Z1,E-43,employee,motion,,2026-08-14 16:07:07
FAC-005-Z2,E-42,employee,badge_swipe,True,2026-08-14 16:07:07
FAC-002-Z1,E-25,employee,badge_swipe,True,2026-08-14 16:07:07
FAC-004-Z1,E-42,employee,badge_swipe,True,2026-08-14 16:07:07
FAC-001-Z1,E-19,employee,badge_swipe,True,2026-08-14 16:07:07
FAC-004-Z2,E-6,employee,badge_swipe,True,2026-08-14 16:07:07
FAC-003-Z3,E-49,employee,motion,,2026-08-14 16:07:07
FAC-003-Z3,E-21,employee,motion,,2026-08-14 16:07:07
FAC-003-Z3,E-16,employee,motion,,2026-08-14 16:07:07
FAC-005-Z2,E-41,employee,badge_swipe,True,2026-08-14 16:22:07
FAC-005-Z3,E-5,employee,badge_swipe,True,2026-08-14 16:22:07
FAC-004-Z2,E-43,employee,badge_swipe,True,2026-08-14 16:22:07
FAC-005-Z1,E-36,employee,motion,,2026-08-14 16:22:07
FAC-004-Z3,E-4,employee,badge_swipe,True,2026-08-14 16:22:07
FAC-005-Z3,E-3,employee,motion,,2026-08-14 16:22:07
FAC-005-Z2,E-38,employee,motion,,2026-08-14 16:22:07
FAC-002-Z2,E-40,employee,motion,,2026-08-14 16:22:07
FAC-004-Z2,E-37,employee,badge_swipe,True,2026-08-14 16:22:07
FAC-005-Z2,E-22,employee,badge_swipe,True,2026-08-14 16:37:07
FAC-004-Z3,E-29,employee,motion,,2026-08-14 16:37:07
FAC-003-Z1,E-11,employee,badge_swipe,True,2026-08-14 16:37:07
FAC-002-Z1,V-3,visitor,badge_swipe,True,2026-08-14 16:37:07
FAC-004-Z2,E-40,employee,motion,,2026-08-14 16:37:07
FAC-004-Z3,E-15,employee,motion,,2026-08-14 16:37:07
FAC-002-Z1,E-29,employee,badge_swipe,True,2026-08-14 16:37:07
FAC-002-Z2,V-2,visitor,motion,,2026-08-14 16:37:07
FAC-002-Z2,E-30,employee,badge_swipe,True,2026-08-14 16:37:07
FAC-005-Z2,E-21,employee,motion,,2026-08-14 16:37:07
FAC-001-Z3,E-45,employee,motion,,2026-08-14 16:52:07
FAC-004-Z2,E-35,employee,motion,,2026-08-14 16:52:07
FAC-002-Z2,E-34,employee,badge_swipe,True,2026-08-14 16:52:07
FAC-001-Z3,E-34,employee,badge_swipe,True,2026-08-14 16:52:07
FAC-001-Z2,E-49,employee,badge_swipe,True,2026-08-14 16:52:07
FAC-003-Z2,E-20,employee,motion,,2026-08-14 16:52:07
FAC-002-Z3,E-35,employee,motion,,2026-08-14 16:52:07
FAC-002-Z2,V-6,visitor,motion,,2026-08-14 16:52:07
FAC-005-Z1,E-22,employee,motion,,2026-08-14 16:52:07
FAC-002-Z3,E-14,employee,badge_swipe,True,2026-08-14 17:07:07
FAC-003-Z1,E-8,employee,badge_swipe,True,2026-08-14 17:07:07
FAC-001-Z2,E-5,employee,badge_swipe,True,2026-08-14 17:07:07
FAC-004-Z1,V-7,visitor,badge_swipe,True,2026-08-14 17:07:07
FAC-004-Z2,E-23,employee,badge_swipe,True,2026-08-14 17:07:07
FAC-001-Z1,E-43,employee,badge_swipe,True,2026-08-14 17:07:07
FAC-002-Z1,E-41,employee,motion,,2026-08-14 17:07:07
FAC-002-Z1,E-27,employee,motion,,2026-08-14 17:07:07
FAC-003-Z1,E-6,employee,motion,,2026-08-14 17:07:07
FAC-003-Z3,E-28,employee,badge_swipe,True,2026-08-14 17:07:07
FAC-003-Z3,E-35,employee,badge_swipe,True,2026-08-14 17:07:07
FAC-005-Z3,E-18,employee,motion,,2026-08-14 17:07:07
FAC-005-Z1,E-24,employee,motion,,2026-08-14 17:07:07
FAC-005-Z3,V-2,visitor,badge_swipe,True,2026-08-14 17:07:07
FAC-001-Z3,E-38,employee,badge_swipe,True,2026-08-14 17:07:07
FAC-001-Z3,E-1,employee,motion,,2026-08-14 17:22:07
FAC-004-Z1,E-29,employee,motion,,2026-08-14 17:22:07
FAC-001-Z1,E-25,employee,badge_swipe,True,2026-08-14 17:22:07
FAC-002-Z1,E-37,employee,motion,,2026-08-14 17:22:07
FAC-002-Z3,E-4,employee,motion,,2026-08-14 17:22:07
FAC-002-Z1,E-32,employee,badge_swipe,True,2026-08-14 17:22:07
FAC-004-Z3,E-44,employee,badge_swipe,True,2026-08-14 17:22:07
FAC-003-Z2,E-38,employee,badge_swipe,True,2026-08-14 17:22:07
FAC-004-Z1,E-43,employee,motion,,2026-08-14 17:22:07
FAC-003-Z2,E-12,employee,badge_swipe,True,2026-08-14 17:22:07
FAC-001-Z3,E-46,employee,badge_swipe,True,2026-08-14 17:22:07
FAC-004-Z1,V-4,visitor,badge_swipe,True,2026-08-14 17:22:07
FAC-001-Z2,E-36,employee,motion,,2026-08-14 17:22:07
FAC-005-Z3,E-32,employee,motion,,2026-08-14 17:37:07
FAC-005-Z2,V-9,visitor,badge_swipe,True,2026-08-14 17:37:07
FAC-001-Z2,E-32,employee,motion,,2026-08-14 17:37:07
FAC-005-Z1,E-22,employee,motion,,2026-08-14 17:37:07
FAC-004-Z1,E-4,employee,badge_swipe,True,2026-08-14 17:37:07
FAC-004-Z3,E-42,employee,badge_swipe,True,2026-08-14 17:37:07
FAC-001-Z3,E-24,employee,badge_swipe,True,2026-08-14 17:37:07
FAC-003-Z2,E-1,employee,motion,,2026-08-14 17:37:07
FAC-002-Z2,E-15,employee,badge_swipe,True,2026-08-14 17:37:07
FAC-005-Z1,E-4,employee,badge_swipe,True,2026-08-14 17:37:07
FAC-001-Z2,E-33,employee,badge_swipe,True,2026-08-14 17:37:07
FAC-002-Z2,E-45,employee,motion,,2026-08-14 17:37:07
FAC-005-Z1,E-30,employee,badge_swipe,True,2026-08-14 17:52:07
FAC-005-Z3,E-39,employee,badge_swipe,True,2026-08-14 17:52:07
FAC-002-Z3,E-15,employee,badge_swipe,True,2026-08-14 17:52:07
FAC-004-Z1,E-23,employee,badge_swipe,True,2026-08-14 17:52:07
FAC-005-Z1,E-24,employee,motion,,2026-08-14 17:52:07
FAC-004-Z1,E-49,employee,motion,,2026-08-14 17:52:07
FAC-004-Z2,E-20,employee,motion,,2026-08-14 17:52:07
FAC-004-Z3,E-3,employee,badge_swipe,True,2026-08-14 17:52:07
FAC-005-Z3,E-43,employee,badge_swipe,True,2026-08-14 17:52:07
FAC-004-Z3,E-29,employee,badge_swipe,True,2026-08-14 17:52:07
FAC-005-Z2,E-16,employee,badge_swipe,True,2026-08-14 17:52:07
FAC-004-Z3,E-24,employee,motion,,2026-08-14 18:07:07
FAC-003-Z2,E-19,employee,badge_swipe,True,2026-08-14 18:07:07
FAC-004-Z3,E-14,employee,motion,,2026-08-14 18:07:07
FAC-001-Z1,E-7,employee,badge_swipe,True,2026-08-14 18:07:07
FAC-003-Z3,E-15,employee,motion,,2026-08-14 18:07:07
FAC-002-Z3,E-5,employee,motion,,2026-08-14 18:07:07
FAC-005-Z2,E-30,employee,badge_swipe,True,2026-08-14 18:07:07
FAC-004-Z1,E-46,employee,badge_swipe,True,2026-08-14 18:07:07
FAC-004-Z3,E-2,employee,motion,,2026-08-14 18:07:07
FAC-004-Z1,E-36,employee,badge_swipe,True,2026-08-14 18:07:07
FAC-003-Z1,E-31,employee,badge_swipe,True,2026-08-14 18:07:07
FAC-004-Z1,E-16,employee,badge_swipe,True,2026-08-14 18:07:07
FAC-004-Z3,E-26,employee,badge_swipe,True,2026-08-14 18:07:07
FAC-003-Z2,E-10,employee,motion,,2026-08-14 18:07:07
FAC-004-Z2,E-22,employee,badge_swipe,True,2026-08-14 18:07:07
FAC-005-Z2,E-25,employee,motion,,2026-08-14 18:07:07
FAC-004-Z2,E-50,employee,badge_swipe,True,2026-08-14 18:07:07
FAC-002-Z1,E-16,employee,motion,,2026-08-14 18:07:07
FAC-003-Z3,V-5,visitor,badge_swipe,True,2026-08-14 18:22:07
FAC-005-Z1,E-49,employee,badge_swipe,True,2026-08-14 18:22:07
FAC-001-Z3,V-4,visitor,badge_swipe,True,2026-08-14 18:22:07
FAC-001-Z2,E-9,employee,motion,,2026-08-14 18:22:07
FAC-001-Z2,E-43,employee,badge_swipe,True,2026-08-14 18:22:07
FAC-001-Z2,E-26,employee,badge_swipe,True,2026-08-14 18:22:07
FAC-004-Z3,E-19,employee,motion,,2026-08-14 18:22:07
FAC-003-Z2,E-39,employee,badge_swipe,True,2026-08-14 18:22:07
FAC-003-Z3,E-47,employee,motion,,2026-08-14 18:22:07
FAC-004-Z2,E-13,employee,motion,,2026-08-14 18:22:07
FAC-004-Z3,V-8,visitor,badge_swipe,True,2026-08-14 18:22:07
FAC-003-Z3,E-14,employee,motion,,2026-08-14 18:22:07
FAC-001-Z2,E-32,employee,motion,,2026-08-14 18:22:07
FAC-001-Z3,E-28,employee,motion,,2026-08-14 18:22:07
FAC-005-Z3,E-35,employee,motion,,2026-08-14 18:22:07
FAC-001-Z2,V-2,visitor,badge_swipe,True,2026-08-14 18:22:07
FAC-004-Z3,E-31,employee,motion,,2026-08-14 18:22:07
FAC-001-Z1,E-26,employee,motion,,2026-08-14 18:22:07
FAC-005-Z3,E-49,employee,badge_swipe,True,2026-08-14 18:22:07
FAC-002-Z2,E-31,employee,badge_swipe,True,2026-08-14 18:22:07
FAC-001-Z2,E-3,employee,badge_swipe,True,2026-08-14 18:37:07
FAC-005-Z1,E-22,employee,motion,,2026-08-14 18:37:07
FAC-003-Z2,E-49,employee,badge_swipe,True,2026-08-14 18:37:07
FAC-002-Z3,E-23,employee,badge_swipe,True,2026-08-14 18:37:07
FAC-003-Z3,E-8,employee,badge_swipe,True,2026-08-14 18:37:07
FAC-001-Z2,E-34,employee,motion,,2026-08-14 18:37:07
FAC-004-Z1,E-26,employee,badge_swipe,True,2026-08-14 18:37:07
FAC-004-Z1,E-30,employee,badge_swipe,True,2026-08-14 18:37:07
FAC-003-Z3,E-42,employee,motion,,2026-08-14 18:37:07
FAC-005-Z1,E-13,employee,badge_swipe,True,2026-08-14 18:37:07
FAC-001-Z2,E-32,employee,badge_swipe,True,2026-08-14 18:37:07
FAC-004-Z2,E-30,employee,motion,,2026-08-14 18:37:07
FAC-004-Z2,E-50,employee,badge_swipe,True,2026-08-14 18:37:07
FAC-004-Z3,V-9,visitor,badge_swipe,True,2026-08-14 18:37:07
FAC-002-Z3,E-25,employee,badge_swipe,True,2026-08-14 18:37:07
FAC-005-Z2,E-24,employee,badge_swipe,True,2026-08-14 18:37:07
FAC-002-Z3,E-16,employee,motion,,2026-08-14 18:37:07
FAC-003-Z1,E-29,employee,motion,,2026-08-14 18:37:07
FAC-005-Z3,E-7,employee,badge_swipe,True,2026-08-14 18:37:07
FAC-003-Z1,E-22,employee,motion,,2026-08-14 18:52:07
FAC-005-Z3,E-16,employee,motion,,2026-08-14 18:52:07
FAC-005-Z1,E-23,employee,motion,,2026-08-14 18:52:07
FAC-004-Z2,E-19,employee,badge_swipe,True,2026-08-14 18:52:07
FAC-003-Z3,E-24,employee,badge_swipe,True,2026-08-14 18:52:07
FAC-002-Z3,E-19,employee,motion,,2026-08-14 18:52:07
FAC-004-Z3,V-1,visitor,motion,,2026-08-14 18:52:07
FAC-003-Z1,E-15,employee,motion,,2026-08-14 18:52:07
FAC-001-Z1,E-22,employee,badge_swipe,True,2026-08-14 18:52:07
FAC-002-Z2,E-40,employee,badge_swipe,True,2026-08-14 18:52:07
FAC-004-Z2,E-34,employee,motion,,2026-08-14 19:22:07
FAC-003-Z3,E-3,employee,badge_swipe,True,2026-08-14 19:22:07
FAC-004-Z1,E-9,employee,motion,,2026-08-14 19:22:07
FAC-001-Z1,E-9,employee,badge_swipe,True,2026-08-14 20:07:07
FAC-005-Z1,E-38,employee,motion,,2026-08-14 20:07:07
FAC-003-Z1,E-31,employee,badge_swipe,True,2026-08-14 20:22:07
FAC-002-Z3,E-10,employee,motion,,2026-08-14 20:22:07
FAC-002-Z1,E-14,employee,motion,,2026-08-14 20:37:07
FAC-001-Z2,E-6,employee,motion,,2026-08-14 20:52:07
FAC-003-Z2,V-8,visitor,badge_swipe,True,2026-08-14 20:52:07
FAC-002-Z2,E-2,employee,motion,,2026-08-14 21:07:07
FAC-001-Z3,E-21,employee,motion,,2026-08-14 21:22:07
FAC-001-Z2,V-10,visitor,badge_swipe,False,2026-08-14 21:22:07
FAC-004-Z1,V-9,visitor,badge_swipe,True,2026-08-14 21:37:07
FAC-003-Z1,E-21,employee,badge_swipe,True,2026-08-14 21:37:07
FAC-005-Z3,E-38,employee,motion,,2026-08-14 21:52:07
FAC-003-Z3,E-25,employee,motion,,2026-08-14 21:52:07
FAC-002-Z1,E-8,employee,motion,,2026-08-14 21:52:07
FAC-001-Z3,E-29,employee,badge_swipe,True,2026-08-14 22:07:07
FAC-004-Z1,E-25,employee,motion,,2026-08-14 22:07:07
FAC-004-Z2,V-3,visitor,badge_swipe,False,2026-08-14 22:07:07
FAC-003-Z3,E-35,employee,badge_swipe,True,2026-08-14 22:22:07
FAC-005-Z1,E-44,employee,motion,,2026-08-14 22:22:07
FAC-004-Z1,E-5,employee,motion,,2026-08-14 22:22:07
FAC-003-Z3,E-8,employee,badge_swipe,True,2026-08-14 22:52:07
FAC-002-Z1,E-27,employee,badge_swipe,True,2026-08-14 23:07:07
FAC-002-Z1,E-14,employee,motion,,2026-08-14 23:07:07
FAC-001-Z1,E-49,employee,motion,,2026-08-14 23:07:07
FAC-001-Z3,E-13,employee,badge_swipe,True,2026-08-14 23:22:07
FAC-005-Z2,E-8,employee,motion,,2026-08-14 23:37:07
FAC-003-Z1,E-40,employee,motion,,2026-08-15 00:37:07
FAC-001-Z3,E-17,employee,motion,,2026-08-15 00:37:07
FAC-001-Z2,E-30,employee,badge_swipe,True,2026-08-15 00:52:07
FAC-005-Z3,E-1,employee,motion,,2026-08-15 00:52:07
FAC-002-Z2,E-35,employee,motion,,2026-08-15 00:52:07
FAC-001-Z1,E-4,employee,motion,,2026-08-15 01:07:07
FAC-004-Z1,E-1,employee,badge_swipe,True,2026-08-15 01:37:07
FAC-004-Z2,E-33,employee,motion,,2026-08-15 01:52:07
FAC-003-Z2,E-8,employee,badge_swipe,True,2026-08-15 01:52:07
FAC-001-Z3,E-14,employee,motion,,2026-08-15 02:07:07
FAC-003-Z3,E-6,employee,badge_swipe,False,2026-08-15 02:07:07
FAC-005-Z2,E-41,employee,motion,,2026-08-15 02:22:07
FAC-002-Z3,E-11,employee,motion,,2026-08-15 02:37:07
FAC-004-Z2,V-1,visitor,motion,,2026-08-15 02:37:07
FAC-002-Z1,E-44,employee,motion,,2026-08-15 02:37:07
FAC-003-Z3,E-37,employee,badge_swipe,True,2026-08-15 02:52:07
FAC-005-Z1,E-5,employee,motion,,2026-08-15 02:52:07
FAC-003-Z2,E-34,employee,motion,,2026-08-15 02:52:07
FAC-004-Z3,E-49,employee,badge_swipe,True,2026-08-15 03:22:07
FAC-002-Z3,E-42,employee,badge_swipe,True,2026-08-15 03:22:07
FAC-005-Z2,E-35,employee,motion,,2026-08-15 03:37:07
FAC-002-Z2,E-35,employee,motion,,2026-08-15 03:37:07
FAC-003-Z1,E-40,employee,badge_swipe,True,2026-08-15 03:37:07
FAC-001-Z3,E-47,employee,badge_swipe,True,2026-08-15 04:07:07
FAC-005-Z1,E-14,employee,badge_swipe,True,2026-08-15 04:07:07
FAC-004-Z2,E-41,employee,badge_swipe,True,2026-08-15 04:07:07
FAC-003-Z3,V-3,visitor,motion,,2026-08-15 04:22:07
FAC-003-Z1,E-41,employee,motion,,2026-08-15 04:52:07
FAC-003-Z3,E-9,employee,motion,,2026-08-15 05:07:07
FAC-005-Z2,E-41,employee,motion,,2026-08-15 05:07:07
FAC-001-Z3,E-25,employee,motion,,2026-08-15 05:07:07
FAC-001-Z2,V-6,visitor,motion,,2026-08-15 05:37:07
FAC-002-Z1,E-22,employee,motion,,2026-08-15 05:37:07
FAC-003-Z1,E-1,employee,badge_swipe,True,2026-08-15 05:52:07
FAC-002-Z1,E-26,employee,badge_swipe,True,2026-08-15 05:52:07
FAC-005-Z1,E-12,employee,motion,,2026-08-15 06:07:07
FAC-002-Z1,E-41,employee,motion,,2026-08-15 06:22:07
FAC-004-Z2,E-33,employee,motion,,2026-08-15 06:22:07
FAC-003-Z3,E-37,employee,motion,,2026-08-15 06:22:07
FAC-003-Z3,E-38,employee,motion,,2026-08-15 06:37:07
FAC-003-Z2,E-13,employee,badge_swipe,True,2026-08-15 06:37:07
FAC-002-Z3,E-42,employee,motion,,2026-08-15 06:37:07
FAC-004-Z2,E-2,employee,motion,,2026-08-15 06:52:07
FAC-002-Z2,E-44,employee,motion,,2026-08-15 06:52:07
FAC-001-Z1,V-4,visitor,badge_swipe,True,2026-08-15 07:07:07
FAC-005-Z1,V-4,visitor,motion,,2026-08-15 07:07:07
FAC-002-Z1,E-37,employee,badge_swipe,True,2026-08-15 07:07:07
FAC-001-Z1,E-38,employee,motion,,2026-08-15 07:37:07
FAC-004-Z3,E-10,employee,motion,,2026-08-15 07:37:07
FAC-005-Z3,E-47,employee,motion,,2026-08-15 07:52:07
FAC-005-Z3,E-44,employee,badge_swipe,True,2026-08-15 08:37:07
FAC-003-Z3,E-2,employee,motion,,2026-08-15 08:37:07
FAC-003-Z1,E-45,employee,motion,,2026-08-15 08:37:07
FAC-002-Z2,E-10,employee,badge_swipe,True,2026-08-15 08:52:07
FAC-001-Z2,V-3,visitor,motion,,2026-08-15 08:52:07
FAC-005-Z2,E-14,employee,badge_swipe,True,2026-08-15 08:52:07
FAC-004-Z3,E-21,employee,motion,,2026-08-15 09:07:07
FAC-005-Z3,E-34,employee,motion,,2026-08-15 09:07:07
FAC-005-Z3,E-25,employee,badge_swipe,True,2026-08-15 09:22:07
FAC-002-Z1,E-4,employee,motion,,2026-08-15 09:37:07
FAC-001-Z1,E-22,employee,motion,,2026-08-15 09:37:07
FAC-003-Z3,E-44,employee,badge_swipe,True,2026-08-15 09:37:07
FAC-003-Z1,E-28,employee,motion,,2026-08-15 09:52:07
FAC-005-Z3,E-7,employee,badge_swipe,True,2026-08-15 09:52:07
FAC-003-Z2,E-38,employee,motion,,2026-08-15 09:52:07
FAC-005-Z1,E-19,employee,motion,,2026-08-15 10:07:07
FAC-005-Z3,E-36,employee,motion,,2026-08-15 10:22:07
FAC-001-Z3,E-32,employee,badge_swipe,True,2026-08-15 10:37:07
FAC-002-Z1,E-17,employee,badge_swipe,True,2026-08-15 10:52:07
FAC-005-Z1,E-45,employee,motion,,2026-08-15 11:07:07
FAC-005-Z2,E-23,employee,motion,,2026-08-15 11:07:07
FAC-004-Z2,E-4,employee,motion,,2026-08-15 11:07:07
FAC-004-Z1,E-41,employee,badge_swipe,True,2026-08-15 11:22:07
FAC-004-Z2,E-37,employee,motion,,2026-08-15 11:22:07
FAC-005-Z3,V-2,visitor,badge_swipe,True,2026-08-15 12:07:07
FAC-001-Z1,E-43,employee,badge_swipe,True,2026-08-15 12:07:07
FAC-003-Z2,E-26,employee,motion,,2026-08-15 12:07:07
FAC-003-Z2,E-22,employee,motion,,2026-08-15 12:22:07
FAC-002-Z2,E-15,employee,motion,,2026-08-15 12:22:07
FAC-003-Z3,V-3,visitor,motion,,2026-08-15 12:37:07
FAC-002-Z3,E-10,employee,badge_swipe,True,2026-08-15 12:52:07
FAC-002-Z2,V-6,visitor,motion,,2026-08-15 12:52:07
FAC-003-Z3,E-2,employee,motion,,2026-08-15 13:22:07
FAC-004-Z3,E-26,employee,motion,,2026-08-15 13:22:07
FAC-003-Z1,E-19,employee,motion,,2026-08-15 13:22:07
FAC-002-Z3,E-43,employee,badge_swipe,True,2026-08-15 13:37:07
FAC-002-Z3,E-30,employee,badge_swipe,True,2026-08-15 13:37:07
FAC-002-Z3,V-3,visitor,badge_swipe,True,2026-08-15 13:52:07
FAC-002-Z2,E-26,employee,badge_swipe,True,2026-08-15 14:07:07
FAC-004-Z2,E-23,employee,badge_swipe,True,2026-08-15 14:07:07
FAC-004-Z2,E-35,employee,motion,,2026-08-15 14:07:07
FAC-003-Z1,E-47,employee,badge_swipe,True,2026-08-15 14:37:07
FAC-001-Z1,E-29,employee,motion,,2026-08-15 14:37:07
FAC-005-Z1,E-25,employee,badge_swipe,True,2026-08-15 14:37:07
FAC-005-Z2,E-14,employee,badge_swipe,True,2026-08-15 15:07:07
FAC-002-Z1,E-41,employee,motion,,2026-08-15 15:22:07
FAC-001-Z3,E-3,employee,badge_swipe,True,2026-08-15 15:22:07
FAC-003-Z3,E-29,employee,badge_swipe,True,2026-08-15 15:37:07
FAC-003-Z3,E-31,employee,badge_swipe,True,2026-08-15 15:52:07
FAC-005-Z2,E-7,employee,badge_swipe,True,2026-08-15 15:52:07
FAC-004-Z3,E-27,employee,motion,,2026-08-15 15:52:07
FAC-003-Z1,E-1,employee,motion,,2026-08-15 16:22:07
FAC-002-Z1,E-28,employee,badge_swipe,True,2026-08-15 16:37:07
FAC-005-Z2,E-25,employee,motion,,2026-08-15 16:37:07
FAC-004-Z3,E-44,employee,motion,,2026-08-15 16:37:07
FAC-001-Z1,E-6,employee,motion,,2026-08-15 16:52:07
FAC-001-Z1,E-8,employee,badge_swipe,True,2026-08-15 17:07:07
FAC-001-Z1,V-8,visitor,motion,,2026-08-15 17:07:07
FAC-003-Z2,E-30,employee,motion,,2026-08-15 17:22:07
FAC-003-Z2,E-50,employee,badge_swipe,True,2026-08-15 17:22:07
FAC-002-Z1,E-26,employee,motion,,2026-08-15 17:22:07
FAC-005-Z1,E-22,employee,badge_swipe,True,2026-08-15 17:37:07
FAC-002-Z3,E-33,employee,badge_swipe,True,2026-08-15 17:37:07
FAC-003-Z3,E-7,employee,badge_swipe,True,2026-08-15 17:37:07
FAC-004-Z2,E-34,employee,badge_swipe,True,2026-08-15 17:52:07
FAC-005-Z1,E-16,employee,badge_swipe,True,2026-08-15 17:52:07
FAC-002-Z3,E-43,employee,motion,,2026-08-15 18:07:07
FAC-004-Z3,E-3,employee,badge_swipe,True,2026-08-15 18:07:07
FAC-001-Z2,E-27,employee,motion,,2026-08-15 18:07:07
FAC-003-Z1,E-33,employee,badge_swipe,True,2026-08-15 18:22:07
FAC-003-Z3,E-2,employee,motion,,2026-08-15 18:22:07
FAC-003-Z3,E-25,employee,badge_swipe,True,2026-08-15 18:37:07
FAC-002-Z1,E-45,employee,motion,,2026-08-15 18:37:07
FAC-002-Z2,E-30,employee,motion,,2026-08-15 18:37:07
FAC-002-Z1,E-33,employee,motion,,2026-08-15 18:52:07
FAC-005-Z2,E-38,employee,badge_swipe,True,2026-08-15 18:52:07
FAC-005-Z3,E-21,employee,motion,,2026-08-15 18:52:07
FAC-002-Z2,E-24,employee,motion,,2026-08-15 19:07:07
FAC-002-Z3,E-37,employee,motion,,2026-08-15 19:07:07
FAC-005-Z1,V-6,visitor,motion,,2026-08-15 19:07:07
FAC-001-Z2,E-22,employee,badge_swipe,True,2026-08-15 19:22:07
FAC-003-Z2,E-9,employee,motion,,2026-08-15 19:37:07
FAC-003-Z3,E-3,employee,badge_swipe,True,2026-08-15 19:52:07
FAC-002-Z1,E-1,employee,motion,,2026-08-15 19:52:07
FAC-001-Z1,E-30,employee,badge_swipe,True,2026-08-15 20:07:07
FAC-003-Z3,E-33,employee,motion,,2026-08-15 20:07:07
FAC-004-Z3,E-12,employee,badge_swipe,True,2026-08-15 20:22:07
FAC-001-Z2,E-2,employee,badge_swipe,True,2026-08-15 20:22:07
FAC-002-Z1,E-40,employee,motion,,2026-08-15 20:52:07
FAC-001-Z3,E-21,employee,motion,,2026-08-15 21:52:07
FAC-005-Z3,E-46,employee,motion,,2026-08-15 22:07:07
FAC-003-Z3,E-18,employee,badge_swipe,True,2026-08-15 22:07:07
FAC-005-Z3,E-38,employee,motion,,2026-08-15 22:07:07
FAC-003-Z2,E-29,employee,badge_swipe,True,2026-08-15 22:22:07
FAC-004-Z1,E-22,employee,badge_swipe,True,2026-08-15 22:22:07
FAC-004-Z2,V-3,visitor,motion,,2026-08-15 23:07:07
FAC-001-Z2,E-37,employee,badge_swipe,True,2026-08-15 23:37:07
FAC-002-Z2,E-7,employee,motion,,2026-08-16 00:22:07
FAC-001-Z3,E-14,employee,motion,,2026-08-16 00:22:07
FAC-005-Z2,E-43,employee,badge_swipe,True,2026-08-16 00:37:07
FAC-003-Z3,E-24,employee,motion,,2026-08-16 00:52:07
FAC-001-Z1,E-7,employee,badge_swipe,True,2026-08-16 00:52:07
FAC-002-Z1,E-12,employee,badge_swipe,True,2026-08-16 00:52:07
FAC-001-Z2,E-27,employee,motion,,2026-08-16 01:07:07
FAC-005-Z2,E-43,employee,badge_swipe,True,2026-08-16 01:07:07
FAC-002-Z1,E-47,employee,motion,,2026-08-16 01:07:07
FAC-003-Z2,E-40,employee,badge_swipe,True,2026-08-16 01:22:07
FAC-001-Z2,E-27,employee,badge_swipe,True,2026-08-16 01:37:07
FAC-004-Z2,E-39,employee,motion,,2026-08-16 01:37:07
FAC-004-Z1,E-38,employee,badge_swipe,True,2026-08-16 01:37:07
FAC-005-Z3,E-30,employee,badge_swipe,True,2026-08-16 01:52:07
FAC-001-Z2,E-33,employee,badge_swipe,True,2026-08-16 01:52:07
FAC-003-Z3,E-22,employee,motion,,2026-08-16 02:37:07
FAC-002-Z1,E-28,employee,badge_swipe,True,2026-08-16 02:37:07
FAC-002-Z1,E-38,employee,motion,,2026-08-16 02:52:07
FAC-004-Z3,E-17,employee,motion,,2026-08-16 02:52:07
FAC-001-Z3,E-28,employee,badge_swipe,True,2026-08-16 03:07:07
FAC-004-Z2,E-37,employee,badge_swipe,True,2026-08-16 03:37:07
FAC-001-Z2,V-1,visitor,badge_swipe,True,2026-08-16 04:07:07
FAC-003-Z2,E-8,employee,motion,,2026-08-16 04:07:07
FAC-002-Z1,E-33,employee,motion,,2026-08-16 04:07:07
FAC-002-Z3,E-19,employee,motion,,2026-08-16 04:22:07
FAC-001-Z1,E-30,employee,motion,,2026-08-16 04:37:07
FAC-005-Z3,E-40,employee,motion,,2026-08-16 04:52:07
FAC-005-Z1,E-50,employee,badge_swipe,True,2026-08-16 05:07:07
FAC-002-Z3,V-4,visitor,badge_swipe,True,2026-08-16 05:07:07
FAC-004-Z3,V-8,visitor,motion,,2026-08-16 05:07:07
FAC-004-Z2,E-12,employee,badge_swipe,True,2026-08-16 05:22:07
FAC-005-Z1,E-44,employee,motion,,2026-08-16 05:37:07
FAC-005-Z3,E-42,employee,badge_swipe,True,2026-08-16 06:07:07
FAC-002-Z2,E-38,employee,motion,,2026-08-16 06:07:07
FAC-003-Z1,E-8,employee,badge_swipe,True,2026-08-16 06:07:07
FAC-002-Z1,E-33,employee,badge_swipe,True,2026-08-16 06:52:07
FAC-001-Z2,E-3,employee,motion,,2026-08-16 07:07:07
FAC-004-Z1,E-4,employee,motion,,2026-08-16 07:22:07
FAC-001-Z3,E-9,employee,motion,,2026-08-16 07:22:07
FAC-001-Z1,E-13,employee,motion,,2026-08-16 08:07:07
FAC-001-Z2,E-13,employee,badge_swipe,True,2026-08-16 08:22:07
FAC-003-Z1,E-44,employee,motion,,2026-08-16 08:22:07
FAC-003-Z3,E-13,employee,badge_swipe,True,2026-08-16 08:37:07
FAC-005-Z3,E-28,employee,motion,,2026-08-16 08:52:07
FAC-003-Z3,E-22,employee,badge_swipe,False,2026-08-16 09:22:07
FAC-005-Z1,E-8,employee,motion,,2026-08-16 09:37:07
FAC-004-Z3,E-11,employee,motion,,2026-08-16 10:07:07
FAC-002-Z2,E-4,employee,badge_swipe,True,2026-08-16 10:22:07
FAC-003-Z3,E-7,employee,motion,,2026-08-16 10:22:07
FAC-001-Z1,E-41,employee,motion,,2026-08-16 10:22:07
FAC-001-Z3,E-35,employee,badge_swipe,True,2026-08-16 10:37:07
FAC-002-Z3,E-44,employee,badge_swipe,True,2026-08-16 10:37:07
FAC-004-Z2,E-18,employee,motion,,2026-08-16 10:37:07
FAC-001-Z3,E-24,employee,motion,,2026-08-16 10:52:07
FAC-001-Z2,E-32,employee,badge_swipe,True,2026-08-16 11:07:07
FAC-003-Z2,E-6,employee,badge_swipe,False,2026-08-16 11:37:07
FAC-004-Z3,E-1,employee,badge_swipe,True,2026-08-16 11:37:07
FAC-002-Z2,E-31,employee,motion,,2026-08-16 11:37:07
FAC-002-Z3,E-13,employee,badge_swipe,True,2026-08-16 12:07:07
FAC-005-Z2,V-5,visitor,motion,,2026-08-16 12:07:07
FAC-003-Z2,E-4,employee,badge_swipe,True,2026-08-16 12:07:07
FAC-004-Z1,E-26,employee,badge_swipe,True,2026-08-16 12:37:07
FAC-005-Z1,E-5,employee,badge_swipe,True,2026-08-16 12:37:07
FAC-002-Z1,E-43,employee,motion,,2026-08-16 12:52:07
FAC-003-Z3,E-30,employee,motion,,2026-08-16 12:52:07
FAC-002-Z1,E-14,employee,badge_swipe,True,2026-08-16 13:07:07
FAC-002-Z3,E-22,employee,badge_swipe,True,2026-08-16 13:52:07
FAC-005-Z1,E-9,employee,badge_swipe,True,2026-08-16 13:52:07
FAC-002-Z3,E-27,employee,badge_swipe,True,2026-08-16 14:07:07
FAC-002-Z2,E-44,employee,badge_swipe,True,2026-08-16 14:07:07
FAC-003-Z2,E-18,employee,motion,,2026-08-16 14:22:07
FAC-003-Z1,E-8,employee,badge_swipe,True,2026-08-16 14:22:07
FAC-004-Z3,E-45,employee,motion,,2026-08-16 14:52:07
FAC-001-Z3,E-42,employee,badge_swipe,False,2026-08-16 15:07:07
FAC-004-Z2,E-13,employee,motion,,2026-08-16 15:22:07
FAC-001-Z1,V-1,visitor,badge_swipe,True,2026-08-16 15:22:07
FAC-002-Z1,E-31,employee,motion,,2026-08-16 15:22:07
FAC-002-Z2,E-15,employee,motion,,2026-08-16 15:37:07
FAC-002-Z1,E-31,employee,motion,,2026-08-16 16:22:07
FAC-001-Z1,E-48,employee,motion,,2026-08-16 16:37:07
FAC-002-Z2,E-10,employee,badge_swipe,True,2026-08-16 16:37:07
FAC-003-Z1,E-13,employee,badge_swipe,True,2026-08-16 16:37:07
FAC-002-Z3,E-7,employee,badge_swipe,True,2026-08-16 16:52:07
FAC-004-Z3,E-12,employee,motion,,2026-08-16 16:52:07
FAC-002-Z1,E-45,employee,badge_swipe,True,2026-08-16 16:52:07
FAC-001-Z1,E-50,employee,badge_swipe,True,2026-08-16 17:07:07
FAC-005-Z2,E-16,employee,badge_swipe,True,2026-08-16 17:07:07
FAC-003-Z1,E-14,employee,badge_swipe,True,2026-08-16 17:07:07
FAC-001-Z2,E-42,employee,badge_swipe,True,2026-08-16 17:22:07
FAC-003-Z2,E-11,employee,badge_swipe,True,2026-08-16 17:37:07
FAC-004-Z3,E-40,employee,badge_swipe,True,2026-08-16 17:37:07
FAC-002-Z3,E-50,employee,badge_swipe,True,2026-08-16 17:37:07
FAC-005-Z2,E-40,employee,motion,,2026-08-16 17:52:07
FAC-001-Z3,E-20,employee,badge_swipe,False,2026-08-16 17:52:07
FAC-004-Z3,E-30,employee,badge_swipe,True,2026-08-16 18:37:07
FAC-003-Z3,E-12,employee,motion,,2026-08-16 18:52:07
FAC-004-Z3,E-49,employee,motion,,2026-08-16 18:52:07
FAC-002-Z1,E-31,employee,badge_swipe,True,2026-08-16 19:07:07
FAC-004-Z3,E-20,employee,motion,,2026-08-16 19:07:07
FAC-003-Z2,E-35,employee,badge_swipe,True,2026-08-16 19:07:07
FAC-001-Z2,E-41,employee,badge_swipe,True,2026-08-16 19:22:07
FAC-002-Z2,E-42,employee,badge_swipe,True,2026-08-16 19:22:07
FAC-005-Z1,E-16,employee,motion,,2026-08-16 19:52:07
FAC-003-Z3,E-23,employee,badge_swipe,True,2026-08-16 19:52:07
FAC-004-Z1,E-6,employee,badge_swipe,True,2026-08-16 19:52:07
FAC-004-Z3,E-17,employee,motion,,2026-08-16 20:22:07
FAC-003-Z2,E-15,employee,motion,,2026-08-16 20:22:07
FAC-002-Z2,E-40,employee,badge_swipe,True,2026-08-16 20:22:07
FAC-001-Z1,E-1,employee,badge_swipe,True,2026-08-16 20:37:07
FAC-003-Z2,E-38,employee,badge_swipe,True,2026-08-16 20:37:07
FAC-004-Z3,E-26,employee,motion,,2026-08-16 21:37:07
FAC-002-Z2,E-47,employee,motion,,2026-08-16 21:37:07
FAC-004-Z3,E-16,employee,badge_swipe,True,2026-08-16 21:37:07
FAC-004-Z1,E-28,employee,badge_swipe,True,2026-08-16 22:07:07
FAC-002-Z3,E-21,employee,badge_swipe,False,2026-08-16 22:22:07
FAC-003-Z3,E-38,employee,motion,,2026-08-16 22:22:07
FAC-002-Z2,E-4,employee,badge_swipe,True,2026-08-16 22:37:07
FAC-004-Z3,V-7,visitor,motion,,2026-08-16 22:37:07
FAC-005-Z3,E-19,employee,motion,,2026-08-16 22:52:07
FAC-001-Z2,E-50,employee,motion,,2026-08-16 23:07:07
FAC-002-Z1,E-8,employee,motion,,2026-08-16 23:07:07
FAC-004-Z3,E-47,employee,badge_swipe,True,2026-08-16 23:22:07
FAC-002-Z2,E-46,employee,badge_swipe,True,2026-08-16 23:22:07
FAC-002-Z1,E-20,employee,motion,,2026-08-16 23:22:07
FAC-005-Z1,E-42,employee,badge_swipe,True,2026-08-16 23:37:07
FAC-005-Z2,V-10,visitor,motion,,2026-08-16 23:37:07
FAC-003-Z2,E-35,employee,motion,,2026-08-16 23:37:07
FAC-001-Z3,E-32,employee,motion,,2026-08-16 23:52:07
FAC-003-Z3,E-23,employee,badge_swipe,True,2026-08-16 23:52:07
FAC-004-Z3,E-8,employee,motion,,2026-08-17 00:07:07
FAC-005-Z2,E-1,employee,motion,,2026-08-17 00:07:07
FAC-005-Z3,E-6,employee,motion,,2026-08-17 00:22:07
FAC-005-Z1,E-45,employee,badge_swipe,True,2026-08-17 00:22:07
FAC-005-Z2,E-41,employee,badge_swipe,True,2026-08-17 00:22:07
FAC-004-Z2,E-20,employee,motion,,2026-08-17 00:37:07
FAC-001-Z2,E-41,employee,badge_swipe,True,2026-08-17 00:37:07
FAC-001-Z2,E-12,employee,motion,,2026-08-17 00:37:07
FAC-005-Z3,E-35,employee,motion,,2026-08-17 00:52:07
FAC-004-Z3,E-45,employee,badge_swipe,True,2026-08-17 01:07:07
FAC-001-Z3,E-43,employee,motion,,2026-08-17 01:07:07
FAC-003-Z1,E-50,employee,motion,,2026-08-17 01:07:07
FAC-001-Z2,E-31,employee,badge_swipe,True,2026-08-17 01:22:07
FAC-001-Z3,E-39,employee,badge_swipe,True,2026-08-17 02:07:07
FAC-002-Z1,E-24,employee,badge_swipe,True,2026-08-17 02:07:07
FAC-005-Z2,E-20,employee,badge_swipe,True,2026-08-17 02:07:07
FAC-004-Z1,E-49,employee,badge_swipe,True,2026-08-17 02:22:07
FAC-004-Z3,E-29,employee,motion,,2026-08-17 02:37:07
FAC-001-Z2,E-4,employee,badge_swipe,True,2026-08-17 02:37:07
FAC-001-Z2,E-30,employee,badge_swipe,True,2026-08-17 02:37:07
FAC-001-Z3,E-36,employee,motion,,2026-08-17 02:52:07
FAC-002-Z2,E-17,employee,motion,,2026-08-17 02:52:07
FAC-001-Z3,E-16,employee,badge_swipe,True,2026-08-17 03:07:07
FAC-002-Z1,E-2,employee,motion,,2026-08-17 03:07:07
FAC-004-Z1,E-6,employee,motion,,2026-08-17 03:07:07
FAC-001-Z2,E-21,employee,motion,,2026-08-17 03:22:07
FAC-005-Z1,E-48,employee,motion,,2026-08-17 03:22:07
FAC-002-Z2,E-48,employee,badge_swipe,True,2026-08-17 03:37:07
FAC-004-Z2,E-8,employee,motion,,2026-08-17 03:37:07
FAC-003-Z3,E-12,employee,badge_swipe,True,2026-08-17 04:07:07
FAC-003-Z2,E-29,employee,badge_swipe,True,2026-08-17 04:07:07
FAC-003-Z2,E-19,employee,motion,,2026-08-17 04:07:07
FAC-001-Z1,E-30,employee,badge_swipe,True,2026-08-17 04:22:07
FAC-004-Z1,E-28,employee,motion,,2026-08-17 04:22:07
FAC-003-Z3,E-19,employee,badge_swipe,True,2026-08-17 04:37:07
FAC-004-Z2,E-38,employee,badge_swipe,True,2026-08-17 04:52:07
FAC-005-Z1,E-23,employee,badge_swipe,True,2026-08-17 04:52:07
FAC-003-Z3,E-44,employee,motion,,2026-08-17 05:07:07
FAC-002-Z3,V-10,visitor,badge_swipe,True,2026-08-17 05:07:07
FAC-002-Z3,E-6,employee,badge_swipe,True,2026-08-17 05:07:07
FAC-002-Z1,E-14,employee,motion,,2026-08-17 05:22:07
FAC-001-Z1,E-41,employee,badge_swipe,True,2026-08-17 05:22:07
FAC-005-Z3,E-40,employee,motion,,2026-08-17 05:22:07
FAC-005-Z1,E-44,employee,badge_swipe,True,2026-08-17 05:37:07
FAC-005-Z1,E-30,employee,motion,,2026-08-17 05:37:07
FAC-002-Z3,E-26,employee,badge_swipe,True,2026-08-17 05:52:07
FAC-001-Z1,E-17,employee,badge_swipe,True,2026-08-17 05:52:07
FAC-003-Z1,E-38,employee,badge_swipe,True,2026-08-17 05:52:07
FAC-005-Z3,E-30,employee,motion,,2026-08-17 06:07:07
FAC-005-Z2,E-39,employee,badge_swipe,True,2026-08-17 06:07:07
FAC-005-Z3,E-34,employee,motion,,2026-08-17 06:07:07
FAC-005-Z3,E-7,employee,badge_swipe,True,2026-08-17 06:22:07
FAC-004-Z1,E-37,employee,badge_swipe,True,2026-08-17 06:37:07
FAC-004-Z3,E-1,employee,motion,,2026-08-17 06:52:07
FAC-002-Z2,E-3,employee,motion,,2026-08-17 06:52:07
FAC-005-Z3,E-37,employee,badge_swipe,True,2026-08-17 07:07:07
FAC-004-Z2,E-8,employee,badge_swipe,True,2026-08-17 07:07:07
FAC-005-Z1,E-8,employee,badge_swipe,True,2026-08-17 07:22:07
FAC-002-Z1,E-39,employee,badge_swipe,True,2026-08-17 07:22:07
FAC-003-Z3,E-22,employee,badge_swipe,True,2026-08-17 07:22:07
FAC-005-Z2,E-31,employee,badge_swipe,True,2026-08-17 07:37:07
FAC-001-Z3,E-22,employee,motion,,2026-08-17 07:52:07
FAC-001-Z1,E-40,employee,motion,,2026-08-17 07:52:07
FAC-003-Z3,E-39,employee,motion,,2026-08-17 08:07:07
FAC-005-Z2,E-15,employee,motion,,2026-08-17 08:07:07
FAC-004-Z2,E-49,employee,badge_swipe,True,2026-08-17 08:07:07
FAC-002-Z2,E-11,employee,motion,,2026-08-17 08:07:07
FAC-001-Z2,E-26,employee,badge_swipe,True,2026-08-17 08:07:07
FAC-004-Z1,V-1,visitor,motion,,2026-08-17 08:07:07
FAC-002-Z3,E-43,employee,motion,,2026-08-17 08:07:07
FAC-003-Z2,E-23,employee,motion,,2026-08-17 08:07:07
FAC-005-Z3,E-47,employee,motion,,2026-08-17 08:07:07
FAC-005-Z1,E-7,employee,motion,,2026-08-17 08:07:07
FAC-001-Z3,E-31,employee,badge_swipe,True,2026-08-17 08:07:07
FAC-005-Z2,E-21,employee,badge_swipe,True,2026-08-17 08:07:07
FAC-001-Z1,E-47,employee,badge_swipe,True,2026-08-17 08:07:07
FAC-002-Z3,E-20,employee,motion,,2026-08-17 08:07:07
FAC-001-Z1,E-25,employee,motion,,2026-08-17 08:07:07
FAC-003-Z1,E-47,employee,badge_swipe,True,2026-08-17 08:07:07
FAC-005-Z2,E-10,employee,badge_swipe,True,2026-08-17 08:22:07
FAC-003-Z1,E-27,employee,motion,,2026-08-17 08:22:07
FAC-001-Z1,E-16,employee,badge_swipe,True,2026-08-17 08:22:07
FAC-002-Z3,E-1,employee,motion,,2026-08-17 08:22:07
FAC-003-Z1,E-45,employee,motion,,2026-08-17 08:22:07
FAC-002-Z2,E-45,employee,motion,,2026-08-17 08:22:07
FAC-001-Z1,V-4,visitor,motion,,2026-08-17 08:22:07
FAC-004-Z3,E-40,employee,motion,,2026-08-17 08:22:07
FAC-001-Z2,E-42,employee,badge_swipe,True,2026-08-17 08:22:07
FAC-001-Z1,V-1,visitor,badge_swipe,True,2026-08-17 08:37:07
FAC-003-Z2,E-50,employee,motion,,2026-08-17 08:37:07
FAC-001-Z3,E-12,employee,motion,,2026-08-17 08:37:07
FAC-005-Z2,E-24,employee,motion,,2026-08-17 08:37:07
FAC-001-Z3,E-48,employee,motion,,2026-08-17 08:37:07
FAC-003-Z3,E-47,employee,motion,,2026-08-17 08:37:07
FAC-002-Z2,E-43,employee,badge_swipe,True,2026-08-17 08:37:07
FAC-001-Z2,E-49,employee,badge_swipe,True,2026-08-17 08:37:07
FAC-001-Z1,E-44,employee,motion,,2026-08-17 08:37:07
FAC-004-Z3,E-15,employee,motion,,2026-08-17 08:37:07
FAC-002-Z2,V-10,visitor,badge_swipe,True,2026-08-17 08:37:07
FAC-002-Z3,E-29,employee,motion,,2026-08-17 08:37:07
FAC-001-Z3,E-41,employee,badge_swipe,True,2026-08-17 08:37:07
FAC-003-Z1,E-8,employee,motion,,2026-08-17 08:37:07
FAC-003-Z1,E-5,employee,badge_swipe,False,2026-08-17 08:37:07
FAC-001-Z2,E-5,employee,badge_swipe,True,2026-08-17 08:37:07
FAC-002-Z2,E-1,employee,motion,,2026-08-17 08:37:07
FAC-005-Z2,E-26,employee,badge_swipe,True,2026-08-17 08:37:07
FAC-005-Z1,E-14,employee,motion,,2026-08-17 08:37:07
FAC-003-Z2,V-10,visitor,badge_swipe,True,2026-08-17 08:52:07
FAC-004-Z2,V-4,visitor,motion,,2026-08-17 08:52:07
FAC-005-Z3,E-42,employee,motion,,2026-08-17 08:52:07
FAC-001-Z3,E-39,employee,badge_swipe,True,2026-08-17 08:52:07
FAC-001-Z3,V-5,visitor,motion,,2026-08-17 08:52:07
FAC-004-Z3,E-48,employee,motion,,2026-08-17 08:52:07
FAC-001-Z2,E-46,employee,motion,,2026-08-17 08:52:07
FAC-005-Z2,E-28,employee,badge_swipe,True,2026-08-17 08:52:07
FAC-002-Z2,E-42,employee,motion,,2026-08-17 09:07:07
FAC-001-Z1,E-21,employee,badge_swipe,True,2026-08-17 09:07:07
FAC-002-Z1,E-25,employee,badge_swipe,True,2026-08-17 09:07:07
FAC-005-Z3,E-21,employee,motion,,2026-08-17 09:07:07
FAC-003-Z2,E-16,employee,motion,,2026-08-17 09:07:07
FAC-003-Z1,E-16,employee,motion,,2026-08-17 09:07:07
FAC-001-Z1,E-45,employee,motion,,2026-08-17 09:07:07
FAC-001-Z1,E-22,employee,badge_swipe,True,2026-08-17 09:07:07
FAC-004-Z1,E-2,employee,badge_swipe,True,2026-08-17 09:07:07
FAC-003-Z3,E-35,employee,motion,,2026-08-17 09:07:07
FAC-002-Z2,E-38,employee,motion,,2026-08-17 09:07:07
FAC-001-Z2,E-39,employee,badge_swipe,True,2026-08-17 09:07:07
FAC-005-Z3,E-6,employee,motion,,2026-08-17 09:07:07
FAC-002-Z3,E-48,employee,motion,,2026-08-17 09:07:07
FAC-003-Z2,V-7,visitor,badge_swipe,True,2026-08-17 09:07:07
FAC-004-Z3,E-31,employee,badge_swipe,True,2026-08-17 09:07:07
FAC-005-Z1,E-44,employee,motion,,2026-08-17 09:07:07
FAC-004-Z2,E-24,employee,badge_swipe,True,2026-08-17 09:07:07
FAC-003-Z1,E-33,employee,badge_swipe,True,2026-08-17 09:07:07
FAC-002-Z1,E-30,employee,motion,,2026-08-17 09:22:07
FAC-005-Z3,E-29,employee,badge_swipe,True,2026-08-17 09:22:07
FAC-003-Z2,E-7,employee,badge_swipe,True,2026-08-17 09:22:07
FAC-005-Z2,E-23,employee,badge_swipe,True,2026-08-17 09:22:07
FAC-003-Z1,E-32,employee,badge_swipe,True,2026-08-17 09:22:07
FAC-004-Z3,E-29,employee,motion,,2026-08-17 09:22:07
FAC-001-Z3,E-50,employee,motion,,2026-08-17 09:22:07
FAC-001-Z3,V-5,visitor,badge_swipe,True,2026-08-17 09:22:07
FAC-004-Z3,E-36,employee,motion,,2026-08-17 09:22:07
FAC-001-Z1,E-21,employee,motion,,2026-08-17 09:22:07
FAC-001-Z2,E-46,employee,badge_swipe,True,2026-08-17 09:22:07
FAC-003-Z3,E-16,employee,badge_swipe,True,2026-08-17 09:22:07
FAC-005-Z2,E-24,employee,badge_swipe,True,2026-08-17 09:22:07
FAC-002-Z2,E-8,employee,motion,,2026-08-17 09:22:07
FAC-001-Z1,E-8,employee,motion,,2026-08-17 09:22:07
FAC-004-Z1,V-7,visitor,badge_swipe,True,2026-08-17 09:22:07
FAC-004-Z2,E-25,employee,badge_swipe,True,2026-08-17 09:22:07
FAC-003-Z3,E-7,employee,motion,,2026-08-17 09:22:07
FAC-002-Z2,E-40,employee,badge_swipe,True,2026-08-17 09:22:07
FAC-002-Z2,E-9,employee,badge_swipe,True,2026-08-17 09:37:07
FAC-001-Z2,E-3,employee,badge_swipe,True,2026-08-17 09:37:07
FAC-004-Z3,E-26,employee,badge_swipe,True,2026-08-17 09:37:07
FAC-002-Z2,E-30,employee,motion,,2026-08-17 09:37:07
FAC-004-Z2,E-9,employee,badge_swipe,True,2026-08-17 09:37:07
FAC-001-Z1,E-12,employee,badge_swipe,True,2026-08-17 09:37:07
FAC-002-Z3,E-30,employee,motion,,2026-08-17 09:37:07
FAC-004-Z3,E-22,employee,badge_swipe,True,2026-08-17 09:37:07
FAC-004-Z1,E-8,employee,badge_swipe,True,2026-08-17 09:37:07
FAC-005-Z1,E-4,employee,badge_swipe,True,2026-08-17 09:37:07
FAC-005-Z2,E-41,employee,motion,,2026-08-17 09:37:07
FAC-001-Z1,E-30,employee,badge_swipe,True,2026-08-17 09:37:07
FAC-001-Z2,E-22,employee,motion,,2026-08-17 09:37:07
FAC-004-Z3,V-1,visitor,motion,,2026-08-17 09:37:07
FAC-004-Z2,E-31,employee,badge_swipe,True,2026-08-17 09:37:07
FAC-001-Z3,E-40,employee,motion,,2026-08-17 09:37:07
FAC-002-Z1,E-43,employee,badge_swipe,True,2026-08-17 09:52:07
FAC-003-Z3,E-3,employee,badge_swipe,True,2026-08-17 09:52:07
FAC-005-Z3,V-9,visitor,badge_swipe,True,2026-08-17 09:52:07
FAC-005-Z2,V-10,visitor,badge_swipe,False,2026-08-17 09:52:07
FAC-003-Z3,E-33,employee,badge_swipe,True,2026-08-17 09:52:07
FAC-001-Z3,E-23,employee,motion,,2026-08-17 09:52:07
FAC-003-Z3,E-18,employee,badge_swipe,True,2026-08-17 09:52:07
FAC-003-Z2,E-24,employee,motion,,2026-08-17 09:52:07
FAC-005-Z3,E-37,employee,badge_swipe,True,2026-08-17 10:07:07
FAC-004-Z3,E-15,employee,motion,,2026-08-17 10:07:07
FAC-001-Z3,E-15,employee,badge_swipe,True,2026-08-17 10:07:07
FAC-003-Z1,E-36,employee,badge_swipe,True,2026-08-17 10:07:07
FAC-004-Z2,V-9,visitor,badge_swipe,True,2026-08-17 10:07:07
FAC-005-Z3,E-44,employee,badge_swipe,True,2026-08-17 10:07:07
FAC-004-Z3,E-35,employee,motion,,2026-08-17 10:07:07
FAC-004-Z1,E-45,employee,badge_swipe,True,2026-08-17 10:07:07
FAC-001-Z2,V-7,visitor,badge_swipe,True,2026-08-17 10:07:07
FAC-005-Z2,E-3,employee,badge_swipe,True,2026-08-17 10:07:07
FAC-004-Z1,E-20,employee,motion,,2026-08-17 10:07:07
FAC-003-Z3,E-46,employee,badge_swipe,True,2026-08-17 10:07:07
FAC-001-Z3,E-26,employee,badge_swipe,False,2026-08-17 10:07:07
FAC-004-Z1,E-50,employee,motion,,2026-08-17 10:07:07
FAC-002-Z1,E-29,employee,motion,,2026-08-17 10:07:07
FAC-003-Z2,E-32,employee,motion,,2026-08-17 10:07:07
FAC-003-Z3,E-30,employee,badge_swipe,True,2026-08-17 10:22:07
FAC-004-Z3,E-11,employee,badge_swipe,True,2026-08-17 10:22:07
FAC-003-Z1,E-48,employee,badge_swipe,True,2026-08-17 10:22:07
FAC-003-Z2,E-43,employee,motion,,2026-08-17 10:22:07
FAC-004-Z3,E-10,employee,badge_swipe,True,2026-08-17 10:22:07
FAC-005-Z2,E-33,employee,badge_swipe,True,2026-08-17 10:22:07
FAC-004-Z3,E-49,employee,badge_swipe,True,2026-08-17 10:22:07
FAC-003-Z2,V-5,visitor,motion,,2026-08-17 10:22:07
FAC-003-Z2,E-14,employee,badge_swipe,True,2026-08-17 10:22:07
FAC-003-Z2,E-7,employee,motion,,2026-08-17 10:22:07
FAC-002-Z3,E-46,employee,badge_swipe,True,2026-08-17 10:22:07
FAC-005-Z2,E-35,employee,badge_swipe,True,2026-08-17 10:22:07
FAC-004-Z2,V-2,visitor,motion,,2026-08-17 10:22:07
FAC-003-Z2,E-33,employee,motion,,2026-08-17 10:22:07
FAC-005-Z3,E-39,employee,badge_swipe,True,2026-08-17 10:22:07
FAC-001-Z3,E-15,employee,badge_swipe,True,2026-08-17 10:37:07
FAC-004-Z3,E-17,employee,motion,,2026-08-17 10:37:07
FAC-001-Z3,E-12,employee,badge_swipe,True,2026-08-17 10:37:07
FAC-003-Z1,E-42,employee,motion,,2026-08-17 10:37:07
FAC-005-Z2,E-15,employee,motion,,2026-08-17 10:37:07
FAC-005-Z2,E-2,employee,motion,,2026-08-17 10:52:07
FAC-002-Z3,E-49,employee,motion,,2026-08-17 10:52:07
FAC-002-Z1,E-21,employee,badge_swipe,True,2026-08-17 10:52:07
FAC-005-Z2,E-49,employee,badge_swipe,True,2026-08-17 10:52:07
FAC-001-Z2,E-26,employee,motion,,2026-08-17 10:52:07
FAC-002-Z3,E-50,employee,badge_swipe,True,2026-08-17 10:52:07
FAC-002-Z2,V-4,visitor,badge_swipe,True,2026-08-17 10:52:07
FAC-003-Z1,E-45,employee,motion,,2026-08-17 10:52:07
FAC-005-Z2,E-6,employee,motion,,2026-08-17 10:52:07
FAC-002-Z1,E-44,employee,badge_swipe,True,2026-08-17 10:52:07
FAC-004-Z2,E-47,employee,motion,,2026-08-17 10:52:07
FAC-001-Z1,E-3,employee,badge_swipe,True,2026-08-17 10:52:07
FAC-004-Z2,E-13,employee,badge_swipe,True,2026-08-17 10:52:07
FAC-001-Z2,E-26,employee,badge_swipe,True,2026-08-17 10:52:07
FAC-005-Z3,E-19,employee,motion,,2026-08-17 10:52:07
FAC-004-Z3,E-34,employee,motion,,2026-08-17 10:52:07
FAC-005-Z1,E-27,employee,badge_swipe,True,2026-08-17 10:52:07
FAC-001-Z2,E-46,employee,badge_swipe,True,2026-08-17 10:52:07
FAC-005-Z3,E-23,employee,motion,,2026-08-17 10:52:07
FAC-004-Z3,E-8,employee,motion,,2026-08-17 10:52:07
FAC-003-Z2,E-46,employee,motion,,2026-08-17 11:07:07
FAC-002-Z1,V-10,visitor,badge_swipe,True,2026-08-17 11:07:07
FAC-005-Z3,E-19,employee,badge_swipe,True,2026-08-17 11:07:07
FAC-002-Z1,E-6,employee,badge_swipe,True,2026-08-17 11:07:07
FAC-002-Z1,V-4,visitor,motion,,2026-08-17 11:07:07
FAC-003-Z3,E-12,employee,motion,,2026-08-17 11:22:07
FAC-004-Z2,E-45,employee,motion,,2026-08-17 11:22:07
FAC-001-Z3,V-3,visitor,badge_swipe,True,2026-08-17 11:22:07
FAC-005-Z1,E-12,employee,motion,,2026-08-17 11:22:07
FAC-005-Z3,E-40,employee,motion,,2026-08-17 11:22:07
FAC-003-Z2,E-35,employee,badge_swipe,False,2026-08-17 11:22:07
FAC-003-Z1,E-6,employee,badge_swipe,True,2026-08-17 11:22:07
FAC-003-Z1,E-50,employee,motion,,2026-08-17 11:22:07
FAC-001-Z2,V-8,visitor,motion,,2026-08-17 11:22:07
FAC-004-Z1,E-38,employee,motion,,2026-08-17 11:22:07
FAC-004-Z2,E-39,employee,badge_swipe,True,2026-08-17 11:22:07
FAC-001-Z3,E-31,employee,motion,,2026-08-17 11:22:07
FAC-002-Z1,E-2,employee,motion,,2026-08-17 11:22:07
FAC-002-Z3,V-9,visitor,badge_swipe,True,2026-08-17 11:22:07
FAC-003-Z2,E-50,employee,motion,,2026-08-17 11:22:07
FAC-005-Z1,E-35,employee,motion,,2026-08-17 11:22:07
FAC-001-Z2,E-21,employee,motion,,2026-08-17 11:22:07
FAC-001-Z2,E-20,employee,motion,,2026-08-17 11:37:07
FAC-005-Z2,V-7,visitor,badge_swipe,True,2026-08-17 11:37:07
FAC-004-Z3,E-20,employee,badge_swipe,True,2026-08-17 11:37:07
FAC-003-Z2,E-3,employee,motion,,2026-08-17 11:37:07
FAC-003-Z3,E-28,employee,badge_swipe,True,2026-08-17 11:37:07
FAC-004-Z2,V-10,visitor,motion,,2026-08-17 11:37:07
FAC-002-Z1,E-34,employee,motion,,2026-08-17 11:37:07
FAC-003-Z1,E-17,employee,motion,,2026-08-17 11:52:07
FAC-005-Z3,E-19,employee,badge_swipe,True,2026-08-17 11:52:07
FAC-001-Z3,E-32,employee,motion,,2026-08-17 11:52:07
FAC-002-Z1,E-49,employee,motion,,2026-08-17 11:52:07
FAC-004-Z3,E-4,employee,motion,,2026-08-17 11:52:07
FAC-005-Z2,E-35,employee,badge_swipe,True,2026-08-17 12:07:07
FAC-004-Z3,E-45,employee,motion,,2026-08-17 12:07:07
FAC-005-Z2,E-29,employee,badge_swipe,True,2026-08-17 12:07:07
FAC-003-Z1,E-48,employee,motion,,2026-08-17 12:07:07
FAC-004-Z3,E-13,employee,motion,,2026-08-17 12:07:07
FAC-002-Z1,E-33,employee,badge_swipe,True,2026-08-17 12:07:07
FAC-003-Z2,E-48,employee,badge_swipe,True,2026-08-17 12:07:07
FAC-001-Z2,E-18,employee,badge_swipe,True,2026-08-17 12:07:07
FAC-003-Z1,E-28,employee,badge_swipe,True,2026-08-17 12:07:07
FAC-004-Z2,E-7,employee,motion,,2026-08-17 12:07:07
FAC-001-Z3,E-50,employee,badge_swipe,True,2026-08-17 12:07:07
FAC-001-Z3,E-47,employee,badge_swipe,True,2026-08-17 12:07:07
FAC-005-Z2,E-46,employee,badge_swipe,True,2026-08-17 12:22:07
FAC-001-Z3,E-46,employee,badge_swipe,True,2026-08-17 12:22:07
FAC-002-Z1,E-1,employee,badge_swipe,True,2026-08-17 12:22:07
FAC-005-Z2,V-6,visitor,badge_swipe,True,2026-08-17 12:22:07
FAC-004-Z1,E-43,employee,motion,,2026-08-17 12:22:07
FAC-001-Z3,E-20,employee,motion,,2026-08-17 12:22:07
FAC-004-Z1,E-31,employee,badge_swipe,True,2026-08-17 12:22:07
FAC-002-Z3,E-38,employee,motion,,2026-08-17 12:22:07
FAC-002-Z2,E-25,employee,badge_swipe,True,2026-08-17 12:22:07
FAC-004-Z1,E-9,employee,motion,,2026-08-17 12:22:07
FAC-005-Z1,E-39,employee,badge_swipe,True,2026-08-17 12:22:07
FAC-005-Z3,V-1,visitor,badge_swipe,False,2026-08-17 12:22:07
FAC-001-Z1,V-2,visitor,badge_swipe,True,2026-08-17 12:22:07
FAC-001-Z2,E-28,employee,motion,,2026-08-17 12:37:07
FAC-001-Z3,E-41,employee,badge_swipe,True,2026-08-17 12:37:07
FAC-004-Z2,E-40,employee,badge_swipe,True,2026-08-17 12:37:07
FAC-002-Z1,E-48,employee,motion,,2026-08-17 12:37:07
FAC-001-Z1,V-2,visitor,motion,,2026-08-17 12:37:07
FAC-002-Z3,V-2,visitor,badge_swipe,True,2026-08-17 12:37:07
FAC-004-Z1,E-49,employee,motion,,2026-08-17 12:52:07
FAC-004-Z1,E-37,employee,badge_swipe,True,2026-08-17 12:52:07
FAC-003-Z3,E-5,employee,badge_swipe,True,2026-08-17 12:52:07
FAC-002-Z1,E-37,employee,motion,,2026-08-17 12:52:07
FAC-002-Z3,E-2,employee,badge_swipe,True,2026-08-17 12:52:07
FAC-001-Z3,E-2,employee,motion,,2026-08-17 12:52:07
FAC-002-Z2,E-9,employee,motion,,2026-08-17 13:07:07
FAC-002-Z3,E-10,employee,badge_swipe,True,2026-08-17 13:07:07
FAC-002-Z2,E-6,employee,motion,,2026-08-17 13:07:07
FAC-005-Z2,V-2,visitor,motion,,2026-08-17 13:07:07
FAC-001-Z1,E-38,employee,motion,,2026-08-17 13:07:07
FAC-001-Z2,E-13,employee,badge_swipe,True,2026-08-17 13:07:07
FAC-002-Z2,E-19,employee,badge_swipe,True,2026-08-17 13:07:07
FAC-004-Z3,E-32,employee,badge_swipe,True,2026-08-17 13:07:07
FAC-001-Z1,E-27,employee,badge_swipe,True,2026-08-17 13:07:07
FAC-003-Z2,E-42,employee,motion,,2026-08-17 13:07:07
FAC-004-Z2,E-37,employee,motion,,2026-08-17 13:07:07
FAC-002-Z2,E-23,employee,badge_swipe,True,2026-08-17 13:07:07
FAC-002-Z3,V-1,visitor,badge_swipe,True,2026-08-17 13:07:07
FAC-005-Z3,E-15,employee,motion,,2026-08-17 13:07:07
FAC-005-Z2,V-7,visitor,badge_swipe,False,2026-08-17 13:07:07
FAC-004-Z2,E-9,employee,motion,,2026-08-17 13:07:07
FAC-004-Z2,E-48,employee,badge_swipe,True,2026-08-17 13:07:07
FAC-003-Z3,E-3,employee,badge_swipe,True,2026-08-17 13:07:07
FAC-002-Z2,E-11,employee,badge_swipe,True,2026-08-17 13:07:07
FAC-005-Z1,E-44,employee,badge_swipe,True,2026-08-17 13:22:07
FAC-002-Z2,E-43,employee,badge_swipe,True,2026-08-17 13:22:07
FAC-003-Z2,E-22,employee,motion,,2026-08-17 13:22:07
FAC-002-Z3,E-34,employee,badge_swipe,True,2026-08-17 13:22:07
FAC-002-Z2,V-9,visitor,badge_swipe,True,2026-08-17 13:22:07
FAC-001-Z3,E-48,employee,badge_swipe,True,2026-08-17 13:22:07
FAC-005-Z3,E-37,employee,badge_swipe,True,2026-08-17 13:37:07
FAC-003-Z2,E-2,employee,badge_swipe,True,2026-08-17 13:37:07
FAC-005-Z1,E-17,employee,motion,,2026-08-17 13:37:07
FAC-002-Z3,E-11,employee,badge_swipe,True,2026-08-17 13:37:07
FAC-005-Z2,V-2,visitor,motion,,2026-08-17 13:37:07
FAC-002-Z2,V-3,visitor,motion,,2026-08-17 13:37:07
FAC-005-Z2,E-14,employee,badge_swipe,True,2026-08-17 13:37:07
FAC-002-Z1,V-4,visitor,motion,,2026-08-17 13:37:07
FAC-001-Z3,E-50,employee,badge_swipe,True,2026-08-17 13:52:07
FAC-005-Z3,E-13,employee,motion,,2026-08-17 13:52:07
FAC-001-Z3,V-3,visitor,motion,,2026-08-17 13:52:07
FAC-004-Z2,E-9,employee,motion,,2026-08-17 13:52:07
FAC-002-Z2,V-4,visitor,motion,,2026-08-17 13:52:07
FAC-004-Z3,E-23,employee,badge_swipe,True,2026-08-17 13:52:07
FAC-004-Z1,E-43,employee,motion,,2026-08-17 13:52:07
FAC-003-Z2,E-2,employee,badge_swipe,True,2026-08-17 13:52:07
FAC-004-Z1,E-3,employee,badge_swipe,True,2026-08-17 13:52:07
FAC-001-Z2,E-28,employee,badge_swipe,True,2026-08-17 13:52:07
FAC-001-Z2,E-31,employee,motion,,2026-08-17 13:52:07
FAC-004-Z2,V-7,visitor,badge_swipe,True,2026-08-17 13:52:07
FAC-002-Z3,E-49,employee,badge_swipe,True,2026-08-17 13:52:07
FAC-005-Z3,E-12,employee,motion,,2026-08-17 13:52:07
FAC-002-Z1,E-38,employee,badge_swipe,True,2026-08-17 14:07:07
FAC-004-Z1,E-10,employee,motion,,2026-08-17 14:07:07
FAC-002-Z2,E-3,employee,badge_swipe,True,2026-08-17 14:07:07
FAC-004-Z3,E-31,employee,badge_swipe,True,2026-08-17 14:07:07
FAC-001-Z1,E-8,employee,badge_swipe,True,2026-08-17 14:07:07
FAC-004-Z1,E-48,employee,badge_swipe,True,2026-08-17 14:07:07
FAC-005-Z3,E-3,employee,motion,,2026-08-17 14:07:07
FAC-004-Z1,E-39,employee,motion,,2026-08-17 14:07:07
FAC-004-Z1,E-42,employee,badge_swipe,True,2026-08-17 14:07:07
FAC-001-Z1,E-9,employee,motion,,2026-08-17 14:07:07
FAC-005-Z1,E-49,employee,badge_swipe,True,2026-08-17 14:07:07
FAC-002-Z3,E-26,employee,motion,,2026-08-17 14:07:07
FAC-002-Z2,E-26,employee,motion,,2026-08-17 14:07:07
FAC-001-Z2,E-33,employee,motion,,2026-08-17 14:07:07
FAC-001-Z2,E-9,employee,badge_swipe,True,2026-08-17 14:07:07
FAC-001-Z3,V-3,visitor,motion,,2026-08-17 14:07:07
FAC-001-Z3,E-11,employee,motion,,2026-08-17 14:07:07
FAC-005-Z3,E-8,employee,badge_swipe,True,2026-08-17 14:07:07
FAC-005-Z1,E-28,employee,badge_swipe,True,2026-08-17 14:22:07
FAC-001-Z2,E-47,employee,motion,,2026-08-17 14:22:07
FAC-001-Z3,V-8,visitor,motion,,2026-08-17 14:22:07
FAC-003-Z3,E-40,employee,badge_swipe,True,2026-08-17 14:22:07
FAC-005-Z3,E-34,employee,badge_swipe,True,2026-08-17 14:22:07
FAC-003-Z2,E-8,employee,badge_swipe,True,2026-08-17 14:22:07
FAC-001-Z1,V-6,visitor,badge_swipe,True,2026-08-17 14:22:07
FAC-005-Z1,E-19,employee,badge_swipe,True,2026-08-17 14:22:07
FAC-004-Z2,E-48,employee,motion,,2026-08-17 14:22:07
FAC-004-Z2,E-1,employee,badge_swipe,True,2026-08-17 14:37:07
FAC-004-Z3,E-16,employee,badge_swipe,True,2026-08-17 14:37:07
FAC-004-Z1,E-29,employee,badge_swipe,True,2026-08-17 14:37:07
FAC-003-Z3,E-31,employee,badge_swipe,True,2026-08-17 14:37:07
FAC-002-Z3,E-13,employee,motion,,2026-08-17 14:37:07
FAC-004-Z2,V-10,visitor,motion,,2026-08-17 14:37:07
FAC-005-Z2,E-43,employee,badge_swipe,True,2026-08-17 14:37:07
FAC-003-Z2,E-10,employee,motion,,2026-08-17 14:37:07
FAC-002-Z3,E-2,employee,motion,,2026-08-17 14:37:07
FAC-001-Z2,E-35,employee,motion,,2026-08-17 14:37:07
FAC-003-Z2,E-23,employee,badge_swipe,True,2026-08-17 14:37:07
FAC-005-Z2,E-8,employee,badge_swipe,True,2026-08-17 14:37:07
FAC-005-Z3,E-34,employee,badge_swipe,True,2026-08-17 14:37:07
FAC-003-Z3,E-30,employee,badge_swipe,True,2026-08-17 14:37:07
FAC-005-Z3,E-25,employee,motion,,2026-08-17 14:52:07
FAC-004-Z2,E-18,employee,motion,,2026-08-17 14:52:07
FAC-002-Z3,E-26,employee,motion,,2026-08-17 14:52:07
FAC-001-Z1,E-20,employee,motion,,2026-08-17 14:52:07
FAC-004-Z3,E-10,employee,motion,,2026-08-17 14:52:07
FAC-003-Z1,E-41,employee,badge_swipe,True,2026-08-17 14:52:07
FAC-003-Z1,E-31,employee,motion,,2026-08-17 14:52:07
FAC-004-Z1,E-18,employee,badge_swipe,True,2026-08-17 14:52:07
FAC-004-Z2,E-46,employee,badge_swipe,True,2026-08-17 14:52:07
FAC-004-Z3,E-9,employee,badge_swipe,True,2026-08-17 14:52:07
FAC-001-Z3,E-17,employee,badge_swipe,True,2026-08-17 15:07:07
FAC-004-Z2,E-5,employee,badge_swipe,False,2026-08-17 15:07:07
FAC-003-Z1,E-11,employee,badge_swipe,True,2026-08-17 15:07:07
FAC-003-Z3,E-9,employee,badge_swipe,True,2026-08-17 15:07:07
FAC-001-Z2,E-7,employee,motion,,2026-08-17 15:07:07
FAC-002-Z1,E-34,employee,badge_swipe,False,2026-08-17 15:07:07
FAC-002-Z3,E-8,employee,badge_swipe,True,2026-08-17 15:07:07
FAC-001-Z2,E-46,employee,motion,,2026-08-17 15:07:07
FAC-005-Z2,E-32,employee,badge_swipe,True,2026-08-17 15:07:07
FAC-003-Z3,E-22,employee,motion,,2026-08-17 15:07:07
FAC-001-Z3,V-8,visitor,motion,,2026-08-17 15:07:07
FAC-001-Z1,E-24,employee,badge_swipe,True,2026-08-17 15:07:07
FAC-004-Z2,E-11,employee,motion,,2026-08-17 15:07:07
FAC-004-Z1,E-38,employee,motion,,2026-08-17 15:22:07
FAC-002-Z2,E-31,employee,motion,,2026-08-17 15:22:07
FAC-002-Z1,E-33,employee,badge_swipe,True,2026-08-17 15:22:07
FAC-004-Z1,E-26,employee,badge_swipe,True,2026-08-17 15:22:07
FAC-003-Z1,E-29,employee,motion,,2026-08-17 15:22:07
FAC-002-Z2,E-1,employee,badge_swipe,True,2026-08-17 15:22:07
FAC-005-Z3,E-26,employee,badge_swipe,False,2026-08-17 15:22:07
FAC-001-Z1,E-17,employee,motion,,2026-08-17 15:22:07
FAC-001-Z1,E-3,employee,motion,,2026-08-17 15:22:07
FAC-004-Z2,E-30,employee,badge_swipe,True,2026-08-17 15:22:07
FAC-003-Z2,E-17,employee,badge_swipe,True,2026-08-17 15:22:07
FAC-002-Z3,E-49,employee,badge_swipe,True,2026-08-17 15:22:07
FAC-003-Z1,E-24,employee,motion,,2026-08-17 15:22:07
FAC-005-Z1,E-1,employee,motion,,2026-08-17 15:22:07
FAC-003-Z2,E-16,employee,badge_swipe,True,2026-08-17 15:22:07
FAC-004-Z2,E-37,employee,motion,,2026-08-17 15:22:07
FAC-001-Z1,E-25,employee,motion,,2026-08-17 15:22:07
FAC-001-Z3,E-44,employee,badge_swipe,True,2026-08-17 15:22:07
FAC-003-Z3,E-19,employee,motion,,2026-08-17 15:22:07
FAC-003-Z3,E-40,employee,badge_swipe,True,2026-08-17 15:37:07
FAC-005-Z3,E-44,employee,motion,,2026-08-17 15:37:07
FAC-004-Z2,E-26,employee,motion,,2026-08-17 15:37:07
FAC-005-Z2,E-25,employee,motion,,2026-08-17 15:37:07
FAC-001-Z2,E-16,employee,motion,,2026-08-17 15:37:07
FAC-002-Z3,E-17,employee,badge_swipe,True,2026-08-17 15:37:07
FAC-003-Z2,E-37,employee,motion,,2026-08-17 15:37:07
FAC-003-Z3,E-32,employee,badge_swipe,True,2026-08-17 15:37:07
FAC-001-Z3,E-43,employee,motion,,2026-08-17 15:37:07
FAC-001-Z1,E-7,employee,badge_swipe,True,2026-08-17 15:37:07
FAC-003-Z3,E-21,employee,motion,,2026-08-17 15:37:07
FAC-003-Z1,E-46,employee,badge_swipe,True,2026-08-17 15:52:07
FAC-005-Z1,E-14,employee,motion,,2026-08-17 15:52:07
FAC-001-Z2,E-33,employee,motion,,2026-08-17 15:52:07
FAC-004-Z3,E-22,employee,motion,,2026-08-17 15:52:07
FAC-005-Z2,V-1,visitor,badge_swipe,True,2026-08-17 15:52:07
FAC-002-Z1,E-13,employee,badge_swipe,True,2026-08-17 15:52:07
FAC-005-Z1,E-22,employee,badge_swipe,True,2026-08-17 16:07:07
FAC-005-Z2,E-10,employee,motion,,2026-08-17 16:07:07
FAC-005-Z1,E-23,employee,motion,,2026-08-17 16:07:07
FAC-005-Z3,E-16,employee,badge_swipe,True,2026-08-17 16:07:07
FAC-005-Z3,E-15,employee,motion,,2026-08-17 16:07:07
FAC-003-Z1,E-5,employee,motion,,2026-08-17 16:07:07
FAC-001-Z2,V-2,visitor,motion,,2026-08-17 16:07:07
FAC-004-Z2,E-14,employee,motion,,2026-08-17 16:07:07
FAC-001-Z2,E-34,employee,badge_swipe,True,2026-08-17 16:07:07
FAC-002-Z3,E-26,employee,badge_swipe,True,2026-08-17 16:07:07
FAC-003-Z1,E-5,employee,badge_swipe,True,2026-08-17 16:07:07
FAC-003-Z2,E-21,employee,badge_swipe,True,2026-08-17 16:07:07
FAC-003-Z3,E-14,employee,motion,,2026-08-17 16:07:07
FAC-002-Z3,V-6,visitor,motion,,2026-08-17 16:07:07
FAC-003-Z1,E-10,employee,motion,,2026-08-17 16:07:07
FAC-001-Z3,E-26,employee,motion,,2026-08-17 16:07:07
FAC-003-Z3,E-33,employee,badge_swipe,True,2026-08-17 16:07:07
FAC-004-Z2,E-45,employee,motion,,2026-08-17 16:07:07
FAC-002-Z1,E-42,employee,badge_swipe,True,2026-08-17 16:22:07
FAC-004-Z2,E-25,employee,badge_swipe,True,2026-08-17 16:22:07
FAC-005-Z1,E-14,employee,badge_swipe,True,2026-08-17 16:22:07
FAC-002-Z1,E-17,employee,motion,,2026-08-17 16:22:07
FAC-002-Z3,E-46,employee,badge_swipe,True,2026-08-17 16:22:07
FAC-005-Z3,E-28,employee,badge_swipe,True,2026-08-17 16:22:07
FAC-001-Z2,E-18,employee,badge_swipe,True,2026-08-17 16:22:07
FAC-005-Z1,E-1,employee,motion,,2026-08-17 16:37:07
FAC-003-Z1,V-10,visitor,motion,,2026-08-17 16:37:07
FAC-004-Z3,E-15,employee,motion,,2026-08-17 16:37:07
FAC-003-Z1,E-30,employee,motion,,2026-08-17 16:37:07
FAC-003-Z2,E-16,employee,badge_swipe,True,2026-08-17 16:37:07
FAC-005-Z3,E-43,employee,badge_swipe,True,2026-08-17 16:37:07
FAC-003-Z3,E-37,employee,motion,,2026-08-17 16:37:07
FAC-004-Z3,V-9,visitor,motion,,2026-08-17 16:37:07
FAC-005-Z3,E-13,employee,badge_swipe,True,2026-08-17 16:37:07
FAC-002-Z3,E-19,employee,badge_swipe,True,2026-08-17 16:37:07
FAC-001-Z1,E-29,employee,motion,,2026-08-17 16:37:07
FAC-002-Z2,E-10,employee,motion,,2026-08-17 16:37:07
FAC-003-Z3,V-7,visitor,motion,,2026-08-17 16:37:07
FAC-001-Z3,E-8,employee,motion,,2026-08-17 16:37:07
FAC-005-Z2,E-43,employee,badge_swipe,True,2026-08-17 16:37:07
FAC-005-Z1,E-13,employee,motion,,2026-08-17 16:37:07
FAC-005-Z3,E-34,employee,badge_swipe,True,2026-08-17 16:37:07
FAC-005-Z1,E-45,employee,motion,,2026-08-17 16:52:07
FAC-004-Z1,E-49,employee,motion,,2026-08-17 16:52:07
FAC-001-Z2,E-15,employee,badge_swipe,True,2026-08-17 16:52:07
FAC-002-Z2,E-24,employee,badge_swipe,True,2026-08-17 16:52:07
FAC-003-Z1,V-4,visitor,motion,,2026-08-17 16:52:07
FAC-001-Z1,E-22,employee,motion,,2026-08-17 16:52:07
FAC-005-Z1,E-45,employee,motion,,2026-08-17 16:52:07
FAC-005-Z3,E-2,employee,motion,,2026-08-17 16:52:07
FAC-004-Z1,E-50,employee,badge_swipe,True,2026-08-17 16:52:07
FAC-003-Z2,E-24,employee,motion,,2026-08-17 17:07:07
FAC-003-Z3,E-31,employee,motion,,2026-08-17 17:07:07
FAC-004-Z2,E-22,employee,motion,,2026-08-17 17:07:07
FAC-001-Z3,E-13,employee,motion,,2026-08-17 17:07:07
FAC-001-Z2,E-40,employee,badge_swipe,True,2026-08-17 17:07:07
FAC-002-Z3,E-48,employee,badge_swipe,True,2026-08-17 17:07:07
FAC-003-Z2,E-21,employee,badge_swipe,True,2026-08-17 17:07:07
FAC-004-Z1,E-37,employee,badge_swipe,True,2026-08-17 17:07:07
FAC-003-Z2,E-13,employee,badge_swipe,True,2026-08-17 17:07:07
FAC-004-Z3,E-10,employee,motion,,2026-08-17 17:07:07
FAC-001-Z1,E-43,employee,badge_swipe,True,2026-08-17 17:07:07
FAC-002-Z1,E-33,employee,badge_swipe,True,2026-08-17 17:07:07
FAC-005-Z1,E-12,employee,motion,,2026-08-17 17:07:07
FAC-004-Z2,E-29,employee,motion,,2026-08-17 17:07:07
FAC-002-Z1,E-29,employee,motion,,2026-08-17 17:07:07
FAC-002-Z2,E-33,employee,badge_swipe,True,2026-08-17 17:22:07
FAC-001-Z3,E-47,employee,badge_swipe,True,2026-08-17 17:22:07
FAC-003-Z1,E-19,employee,motion,,2026-08-17 17:22:07
FAC-001-Z2,E-17,employee,badge_swipe,True,2026-08-17 17:22:07
FAC-001-Z1,E-18,employee,badge_swipe,True,2026-08-17 17:22:07
FAC-003-Z2,E-46,employee,motion,,2026-08-17 17:22:07
FAC-004-Z2,V-3,visitor,badge_swipe,True,2026-08-17 17:22:07
FAC-005-Z1,E-10,employee,badge_swipe,True,2026-08-17 17:22:07
FAC-002-Z1,E-44,employee,motion,,2026-08-17 17:22:07
FAC-004-Z2,E-2,employee,motion,,2026-08-17 17:22:07
FAC-003-Z3,E-29,employee,badge_swipe,True,2026-08-17 17:22:07
FAC-003-Z2,E-40,employee,badge_swipe,True,2026-08-17 17:22:07
FAC-005-Z3,E-8,employee,badge_swipe,True,2026-08-17 17:37:07
FAC-002-Z1,E-34,employee,badge_swipe,True,2026-08-17 17:37:07
FAC-005-Z2,E-48,employee,badge_swipe,True,2026-08-17 17:37:07
FAC-003-Z1,E-43,employee,motion,,2026-08-17 17:37:07
FAC-001-Z1,E-4,employee,motion,,2026-08-17 17:37:07
FAC-004-Z3,E-26,employee,badge_swipe,True,2026-08-17 17:37:07
FAC-001-Z1,E-27,employee,motion,,2026-08-17 17:37:07
FAC-005-Z3,E-46,employee,badge_swipe,True,2026-08-17 17:37:07
FAC-002-Z2,E-1,employee,motion,,2026-08-17 17:37:07
FAC-001-Z3,E-28,employee,badge_swipe,True,2026-08-17 17:37:07
FAC-004-Z3,E-38,employee,badge_swipe,True,2026-08-17 17:37:07
FAC-002-Z3,E-41,employee,badge_swipe,True,2026-08-17 17:37:07
FAC-001-Z1,E-44,employee,motion,,2026-08-17 17:37:07
FAC-004-Z3,E-16,employee,motion,,2026-08-17 17:37:07
FAC-002-Z1,E-37,employee,badge_swipe,False,2026-08-17 17:37:07
FAC-001-Z1,E-45,employee,badge_swipe,True,2026-08-17 17:37:07
FAC-001-Z1,V-3,visitor,badge_swipe,True,2026-08-17 17:37:07
FAC-005-Z3,E-40,employee,motion,,2026-08-17 17:52:07
FAC-001-Z2,E-41,employee,badge_swipe,True,2026-08-17 17:52:07
FAC-003-Z1,E-26,employee,badge_swipe,True,2026-08-17 17:52:07
FAC-004-Z2,E-41,employee,badge_swipe,True,2026-08-17 17:52:07
FAC-003-Z1,E-12,employee,badge_swipe,True,2026-08-17 17:52:07
FAC-003-Z3,E-50,employee,badge_swipe,True,2026-08-17 17:52:07
FAC-002-Z3,E-20,employee,badge_swipe,True,2026-08-17 17:52:07
FAC-003-Z1,E-42,employee,motion,,2026-08-17 17:52:07
FAC-005-Z2,E-4,employee,motion,,2026-08-17 17:52:07
FAC-001-Z3,V-2,visitor,badge_swipe,True,2026-08-17 17:52:07
FAC-001-Z1,E-26,employee,badge_swipe,True,2026-08-17 17:52:07
FAC-003-Z2,E-11,employee,badge_swipe,True,2026-08-17 17:52:07
FAC-001-Z1,E-32,employee,motion,,2026-08-17 17:52:07
FAC-003-Z2,E-36,employee,badge_swipe,True,2026-08-17 17:52:07
FAC-003-Z1,E-33,employee,badge_swipe,True,2026-08-17 17:52:07
FAC-005-Z1,E-30,employee,badge_swipe,True,2026-08-17 17:52:07
FAC-001-Z1,E-16,employee,motion,,2026-08-17 18:07:07
FAC-002-Z2,E-13,employee,badge_swipe,True,2026-08-17 18:07:07
FAC-005-Z1,E-32,employee,badge_swipe,True,2026-08-17 18:07:07
FAC-005-Z1,E-17,employee,badge_swipe,True,2026-08-17 18:07:07
FAC-004-Z1,E-11,employee,badge_swipe,True,2026-08-17 18:07:07
FAC-002-Z3,V-6,visitor,motion,,2026-08-17 18:07:07
FAC-002-Z1,E-42,employee,badge_swipe,True,2026-08-17 18:07:07
FAC-001-Z2,E-8,employee,badge_swipe,True,2026-08-17 18:07:07
FAC-003-Z1,E-26,employee,badge_swipe,True,2026-08-17 18:07:07
FAC-004-Z2,E-24,employee,badge_swipe,True,2026-08-17 18:07:07
FAC-001-Z3,V-10,visitor,badge_swipe,True,2026-08-17 18:07:07
FAC-003-Z3,E-22,employee,motion,,2026-08-17 18:07:07
FAC-004-Z3,V-3,visitor,badge_swipe,True,2026-08-17 18:07:07
FAC-004-Z2,E-13,employee,badge_swipe,True,2026-08-17 18:22:07
FAC-005-Z2,E-37,employee,motion,,2026-08-17 18:22:07
FAC-001-Z2,E-31,employee,motion,,2026-08-17 18:22:07
FAC-001-Z3,E-5,employee,motion,,2026-08-17 18:22:07
FAC-002-Z3,E-3,employee,motion,,2026-08-17 18:22:07
FAC-002-Z1,E-44,employee,badge_swipe,True,2026-08-17 18:22:07
FAC-001-Z1,E-50,employee,motion,,2026-08-17 18:22:07
FAC-005-Z3,E-37,employee,badge_swipe,True,2026-08-17 18:22:07
FAC-004-Z2,E-13,employee,motion,,2026-08-17 18:22:07
FAC-004-Z3,E-49,employee,badge_swipe,True,2026-08-17 18:22:07
FAC-001-Z2,E-1,employee,motion,,2026-08-17 18:22:07
FAC-005-Z3,E-4,employee,motion,,2026-08-17 18:22:07
FAC-002-Z2,E-14,employee,badge_swipe,True,2026-08-17 18:22:07
FAC-005-Z3,E-36,employee,motion,,2026-08-17 18:22:07
FAC-002-Z3,E-42,employee,motion,,2026-08-17 18:22:07
FAC-001-Z1,E-4,employee,motion,,2026-08-17 18:22:07
FAC-001-Z3,E-9,employee,badge_swipe,True,2026-08-17 18:22:07
FAC-001-Z3,E-36,employee,motion,,2026-08-17 18:22:07
FAC-003-Z2,E-18,employee,motion,,2026-08-17 18:22:07
FAC-004-Z2,E-4,employee,motion,,2026-08-17 18:37:07
FAC-001-Z2,E-42,employee,badge_swipe,True,2026-08-17 18:37:07
FAC-005-Z1,E-10,employee,motion,,2026-08-17 18:37:07
FAC-005-Z1,E-31,employee,badge_swipe,True,2026-08-17 18:37:07
FAC-005-Z1,E-42,employee,motion,,2026-08-17 18:37:07
FAC-005-Z1,E-42,employee,motion,,2026-08-17 18:37:07
FAC-003-Z3,E-36,employee,motion,,2026-08-17 18:37:07
FAC-002-Z2,E-9,employee,badge_swipe,True,2026-08-17 18:37:07
FAC-005-Z2,E-20,employee,motion,,2026-08-17 18:37:07
FAC-005-Z1,V-6,visitor,motion,,2026-08-17 18:37:07
FAC-004-Z1,E-37,employee,badge_swipe,True,2026-08-17 18:37:07
FAC-004-Z2,E-50,employee,motion,,2026-08-17 18:37:07
FAC-004-Z1,E-32,employee,motion,,2026-08-17 18:37:07
FAC-002-Z1,E-10,employee,motion,,2026-08-17 18:37:07
FAC-001-Z1,V-9,visitor,badge_swipe,True,2026-08-17 18:37:07
FAC-004-Z3,E-35,employee,motion,,2026-08-17 18:37:07
FAC-002-Z2,E-13,employee,badge_swipe,True,2026-08-17 18:52:07
FAC-002-Z1,E-6,employee,badge_swipe,True,2026-08-17 18:52:07
FAC-005-Z2,E-36,employee,motion,,2026-08-17 18:52:07
FAC-001-Z3,E-33,employee,motion,,2026-08-17 18:52:07
FAC-003-Z2,E-3,employee,badge_swipe,True,2026-08-17 18:52:07
FAC-004-Z1,E-12,employee,motion,,2026-08-17 18:52:07
FAC-005-Z3,E-6,employee,badge_swipe,True,2026-08-17 18:52:07
FAC-005-Z3,E-7,employee,motion,,2026-08-17 18:52:07
FAC-002-Z1,E-17,employee,badge_swipe,True,2026-08-17 18:52:07
FAC-002-Z2,E-21,employee,badge_swipe,True,2026-08-17 18:52:07
FAC-004-Z3,E-48,employee,badge_swipe,True,2026-08-17 18:52:07
FAC-003-Z2,E-31,employee,badge_swipe,True,2026-08-17 19:07:07
FAC-004-Z2,V-1,visitor,badge_swipe,True,2026-08-17 19:07:07
FAC-005-Z2,E-45,employee,motion,,2026-08-17 19:07:07
FAC-005-Z1,V-1,visitor,badge_swipe,True,2026-08-17 19:22:07
FAC-002-Z3,E-6,employee,motion,,2026-08-17 19:22:07
FAC-005-Z3,E-18,employee,motion,,2026-08-17 19:22:07
FAC-002-Z1,E-8,employee,motion,,2026-08-17 19:37:07
FAC-004-Z2,E-35,employee,motion,,2026-08-17 19:37:07
FAC-003-Z1,E-27,employee,badge_swipe,True,2026-08-17 19:52:07
FAC-001-Z3,E-44,employee,badge_swipe,False,2026-08-17 19:52:07
FAC-004-Z1,E-50,employee,badge_swipe,True,2026-08-17 19:52:07
FAC-001-Z2,E-22,employee,badge_swipe,True,2026-08-17 20:07:07
FAC-002-Z2,E-42,employee,badge_swipe,True,2026-08-17 20:07:07
FAC-003-Z3,E-39,employee,badge_swipe,True,2026-08-17 20:22:07
FAC-003-Z1,E-7,employee,motion,,2026-08-17 20:37:07
FAC-003-Z1,E-14,employee,motion,,2026-08-17 20:52:07
FAC-004-Z1,E-40,employee,badge_swipe,True,2026-08-17 20:52:07
FAC-002-Z2,E-8,employee,motion,,2026-08-17 20:52:07
FAC-001-Z2,E-4,employee,badge_swipe,True,2026-08-17 21:52:07
FAC-002-Z3,E-26,employee,badge_swipe,True,2026-08-17 21:52:07
FAC-004-Z3,E-25,employee,motion,,2026-08-17 22:07:07
FAC-005-Z1,E-18,employee,motion,,2026-08-17 22:07:07
FAC-003-Z1,E-6,employee,badge_swipe,True,2026-08-17 22:07:07
FAC-005-Z3,E-34,employee,badge_swipe,True,2026-08-17 22:22:07
FAC-001-Z2,E-22,employee,badge_swipe,True,2026-08-17 22:22:07
FAC-003-Z2,E-48,employee,motion,,2026-08-17 22:52:07
FAC-003-Z3,E-48,employee,motion,,2026-08-17 22:52:07
FAC-002-Z2,E-4,employee,badge_swipe,True,2026-08-17 22:52:07
FAC-001-Z3,E-2,employee,motion,,2026-08-17 23:07:07
FAC-002-Z3,V-1,visitor,badge_swipe,True,2026-08-17 23:07:07
FAC-005-Z1,E-43,employee,motion,,2026-08-17 23:37:07
FAC-004-Z3,E-20,employee,badge_swipe,True,2026-08-17 23:37:07
FAC-002-Z3,E-6,employee,motion,,2026-08-17 23:37:07
FAC-003-Z2,E-15,employee,motion,,2026-08-17 23:52:07
FAC-001-Z2,E-11,employee,motion,,2026-08-17 23:52:07
FAC-004-Z1,E-18,employee,badge_swipe,True,2026-08-17 23:52:07
FAC-005-Z3,E-29,employee,motion,,2026-08-18 00:07:07
FAC-002-Z1,E-17,employee,badge_swipe,True,2026-08-18 00:22:07
FAC-005-Z3,E-24,employee,motion,,2026-08-18 00:22:07
FAC-004-Z1,E-11,employee,motion,,2026-08-18 00:22:07
FAC-002-Z1,E-29,employee,motion,,2026-08-18 00:37:07
FAC-004-Z1,E-44,employee,motion,,2026-08-18 01:07:07
FAC-004-Z2,E-29,employee,badge_swipe,True,2026-08-18 01:22:07
FAC-005-Z1,E-27,employee,badge_swipe,True,2026-08-18 01:22:07
FAC-005-Z2,V-1,visitor,badge_swipe,True,2026-08-18 01:22:07
FAC-003-Z3,E-9,employee,badge_swipe,True,2026-08-18 01:37:07
FAC-002-Z3,E-5,employee,motion,,2026-08-18 01:37:07
FAC-003-Z2,E-12,employee,badge_swipe,True,2026-08-18 02:07:07
FAC-001-Z2,E-15,employee,motion,,2026-08-18 02:07:07
FAC-005-Z2,E-50,employee,motion,,2026-08-18 02:07:07
FAC-001-Z2,E-38,employee,badge_swipe,True,2026-08-18 02:37:07
FAC-004-Z2,E-45,employee,motion,,2026-08-18 02:52:07
FAC-001-Z3,E-47,employee,badge_swipe,True,2026-08-18 03:07:07
FAC-005-Z1,E-29,employee,badge_swipe,True,2026-08-18 03:52:07
FAC-002-Z3,E-48,employee,badge_swipe,True,2026-08-18 04:22:07
FAC-003-Z3,E-20,employee,motion,,2026-08-18 04:37:07
FAC-005-Z3,E-13,employee,motion,,2026-08-18 04:52:07
FAC-001-Z1,E-26,employee,badge_swipe,True,2026-08-18 04:52:07
FAC-003-Z3,E-30,employee,badge_swipe,True,2026-08-18 05:07:07
FAC-004-Z2,V-2,visitor,badge_swipe,True,2026-08-18 05:07:07
FAC-002-Z1,E-27,employee,badge_swipe,True,2026-08-18 05:37:07
FAC-001-Z2,E-37,employee,badge_swipe,True,2026-08-18 05:52:07
FAC-005-Z1,E-38,employee,badge_swipe,True,2026-08-18 05:52:07
FAC-001-Z3,E-31,employee,badge_swipe,False,2026-08-18 05:52:07
FAC-003-Z3,E-50,employee,motion,,2026-08-18 06:07:07
FAC-003-Z1,E-40,employee,badge_swipe,True,2026-08-18 06:22:07
FAC-002-Z3,E-28,employee,motion,,2026-08-18 06:22:07
FAC-004-Z3,E-11,employee,badge_swipe,True,2026-08-18 06:22:07
FAC-004-Z3,E-36,employee,badge_swipe,True,2026-08-18 06:52:07
FAC-002-Z1,V-8,visitor,badge_swipe,True,2026-08-18 06:52:07
FAC-005-Z2,V-9,visitor,badge_swipe,True,2026-08-18 07:07:07
FAC-004-Z2,E-1,employee,motion,,2026-08-18 07:22:07
FAC-002-Z2,E-4,employee,badge_swipe,True,2026-08-18 07:22:07
FAC-004-Z2,E-18,employee,badge_swipe,True,2026-08-18 07:22:07
FAC-003-Z2,E-32,employee,badge_swipe,True,2026-08-18 07:37:07
FAC-005-Z3,E-15,employee,badge_swipe,True,2026-08-18 07:37:07
FAC-002-Z2,E-34,employee,motion,,2026-08-18 08:07:07
FAC-003-Z1,E-11,employee,motion,,2026-08-18 08:07:07
FAC-005-Z2,E-11,employee,motion,,2026-08-18 08:07:07
FAC-004-Z3,E-37,employee,motion,,2026-08-18 08:07:07
FAC-004-Z2,E-6,employee,motion,,2026-08-18 08:07:07
FAC-005-Z1,V-4,visitor,motion,,2026-08-18 08:07:07
FAC-002-Z3,E-37,employee,motion,,2026-08-18 08:07:07
FAC-002-Z3,E-6,employee,badge_swipe,True,2026-08-18 08:07:07
FAC-005-Z1,E-30,employee,motion,,2026-08-18 08:07:07
FAC-005-Z3,E-26,employee,badge_swipe,True,2026-08-18 08:07:07
FAC-001-Z3,E-23,employee,motion,,2026-08-18 08:07:07
FAC-005-Z3,E-19,employee,motion,,2026-08-18 08:07:07
FAC-005-Z1,E-24,employee,badge_swipe,True,2026-08-18 08:22:07
FAC-004-Z1,E-1,employee,motion,,2026-08-18 08:22:07
FAC-005-Z3,E-43,employee,motion,,2026-08-18 08:22:07
FAC-002-Z1,E-31,employee,motion,,2026-08-18 08:22:07
FAC-003-Z1,E-6,employee,motion,,2026-08-18 08:22:07
FAC-001-Z2,E-47,employee,motion,,2026-08-18 08:22:07
FAC-004-Z3,E-37,employee,badge_swipe,True,2026-08-18 08:22:07
FAC-001-Z3,E-36,employee,badge_swipe,True,2026-08-18 08:22:07
FAC-005-Z2,E-18,employee,motion,,2026-08-18 08:22:07
FAC-003-Z1,E-11,employee,badge_swipe,True,2026-08-18 08:22:07
FAC-005-Z1,E-15,employee,badge_swipe,False,2026-08-18 08:22:07
FAC-002-Z2,E-21,employee,badge_swipe,False,2026-08-18 08:22:07
FAC-002-Z3,E-45,employee,badge_swipe,True,2026-08-18 08:22:07
FAC-002-Z3,E-10,employee,badge_swipe,True,2026-08-18 08:22:07
FAC-003-Z1,E-46,employee,motion,,2026-08-18 08:22:07
FAC-004-Z1,V-7,visitor,motion,,2026-08-18 08:22:07
FAC-001-Z3,E-25,employee,badge_swipe,True,2026-08-18 08:22:07
FAC-003-Z1,E-27,employee,motion,,2026-08-18 08:22:07
FAC-002-Z3,V-8,visitor,motion,,2026-08-18 08:37:07
FAC-005-Z3,E-35,employee,badge_swipe,True,2026-08-18 08:37:07
FAC-003-Z2,E-9,employee,badge_swipe,True,2026-08-18 08:37:07
FAC-001-Z1,E-19,employee,motion,,2026-08-18 08:37:07
FAC-002-Z2,E-47,employee,motion,,2026-08-18 08:37:07
FAC-005-Z1,E-10,employee,badge_swipe,True,2026-08-18 08:37:07
FAC-002-Z1,E-24,employee,motion,,2026-08-18 08:52:07
FAC-005-Z1,E-26,employee,badge_swipe,True,2026-08-18 08:52:07
FAC-001-Z3,E-44,employee,badge_swipe,True,2026-08-18 08:52:07
FAC-001-Z3,E-49,employee,badge_swipe,False,2026-08-18 08:52:07
FAC-005-Z2,E-19,employee,badge_swipe,True,2026-08-18 08:52:07
FAC-002-Z1,E-38,employee,badge_swipe,True,2026-08-18 08:52:07
FAC-002-Z3,E-47,employee,badge_swipe,True,2026-08-18 08:52:07
FAC-004-Z2,E-49,employee,badge_swipe,True,2026-08-18 09:07:07
FAC-004-Z1,V-7,visitor,motion,,2026-08-18 09:07:07
FAC-001-Z2,E-1,employee,motion,,2026-08-18 09:07:07
FAC-004-Z3,E-38,employee,badge_swipe,True,2026-08-18 09:07:07
FAC-002-Z3,E-2,employee,motion,,2026-08-18 09:07:07
FAC-003-Z1,V-7,visitor,motion,,2026-08-18 09:07:07
FAC-003-Z3,E-28,employee,badge_swipe,True,2026-08-18 09:07:07
FAC-004-Z1,E-16,employee,badge_swipe,True,2026-08-18 09:07:07
FAC-004-Z1,E-12,employee,motion,,2026-08-18 09:07:07
FAC-002-Z3,E-10,employee,motion,,2026-08-18 09:07:07
FAC-002-Z2,E-8,employee,badge_swipe,True,2026-08-18 09:07:07
FAC-001-Z1,V-5,visitor,badge_swipe,True,2026-08-18 09:07:07
FAC-002-Z1,E-19,employee,badge_swipe,True,2026-08-18 09:07:07
FAC-005-Z2,E-21,employee,badge_swipe,True,2026-08-18 09:07:07
FAC-003-Z3,E-40,employee,badge_swipe,True,2026-08-18 09:07:07
FAC-001-Z2,E-27,employee,motion,,2026-08-18 09:07:07
FAC-003-Z2,E-21,employee,badge_swipe,True,2026-08-18 09:07:07
FAC-002-Z2,E-12,employee,badge_swipe,True,2026-08-18 09:22:07
FAC-002-Z1,E-41,employee,badge_swipe,True,2026-08-18 09:22:07
FAC-001-Z1,E-47,employee,badge_swipe,True,2026-08-18 09:22:07
FAC-005-Z3,E-35,employee,badge_swipe,True,2026-08-18 09:22:07
FAC-003-Z3,V-4,visitor,badge_swipe,True,2026-08-18 09:22:07
FAC-004-Z1,E-9,employee,badge_swipe,True,2026-08-18 09:22:07
FAC-005-Z1,E-49,employee,motion,,2026-08-18 09:22:07
FAC-005-Z1,E-37,employee,badge_swipe,True,2026-08-18 09:22:07
FAC-004-Z3,E-38,employee,badge_swipe,True,2026-08-18 09:22:07
FAC-002-Z1,E-23,employee,motion,,2026-08-18 09:22:07
FAC-003-Z3,E-29,employee,motion,,2026-08-18 09:22:07
FAC-005-Z2,E-41,employee,badge_swipe,True,2026-08-18 09:22:07
FAC-003-Z3,E-13,employee,motion,,2026-08-18 09:22:07
FAC-005-Z1,E-7,employee,motion,,2026-08-18 09:22:07
FAC-001-Z3,E-5,employee,badge_swipe,True,2026-08-18 09:22:07
FAC-004-Z3,E-4,employee,motion,,2026-08-18 09:22:07
FAC-004-Z2,E-5,employee,motion,,2026-08-18 09:22:07
FAC-003-Z1,V-4,visitor,badge_swipe,True,2026-08-18 09:22:07
FAC-004-Z1,E-19,employee,badge_swipe,True,2026-08-18 09:22:07
FAC-001-Z1,E-41,employee,motion,,2026-08-18 09:37:07
FAC-004-Z1,E-8,employee,motion,,2026-08-18 09:37:07
FAC-005-Z2,E-50,employee,badge_swipe,True,2026-08-18 09:37:07
FAC-005-Z1,E-2,employee,badge_swipe,True,2026-08-18 09:37:07
FAC-004-Z1,E-47,employee,motion,,2026-08-18 09:37:07
FAC-004-Z2,E-7,employee,motion,,2026-08-18 09:37:07
FAC-001-Z2,E-27,employee,badge_swipe,True,2026-08-18 09:37:07
FAC-004-Z3,E-21,employee,badge_swipe,True,2026-08-18 09:37:07
FAC-003-Z3,E-8,employee,badge_swipe,True,2026-08-18 09:37:07
FAC-005-Z3,V-5,visitor,motion,,2026-08-18 09:37:07
FAC-005-Z3,E-19,employee,badge_swipe,True,2026-08-18 09:37:07
FAC-002-Z2,E-32,employee,motion,,2026-08-18 09:37:07
FAC-005-Z1,E-39,employee,badge_swipe,True,2026-08-18 09:37:07
FAC-004-Z3,E-1,employee,badge_swipe,True,2026-08-18 09:37:07
FAC-002-Z2,E-8,employee,badge_swipe,True,2026-08-18 09:37:07
FAC-001-Z1,E-18,employee,motion,,2026-08-18 09:52:07
FAC-001-Z1,E-33,employee,motion,,2026-08-18 09:52:07
FAC-003-Z1,E-9,employee,badge_swipe,True,2026-08-18 09:52:07
FAC-005-Z2,E-32,employee,motion,,2026-08-18 09:52:07
FAC-001-Z1,V-1,visitor,motion,,2026-08-18 09:52:07
FAC-001-Z2,E-23,employee,motion,,2026-08-18 09:52:07
FAC-004-Z3,E-47,employee,badge_swipe,True,2026-08-18 09:52:07
FAC-001-Z1,E-42,employee,motion,,2026-08-18 09:52:07
FAC-004-Z1,E-3,employee,motion,,2026-08-18 09:52:07
FAC-004-Z3,E-12,employee,badge_swipe,True,2026-08-18 09:52:07
FAC-005-Z3,E-47,employee,badge_swipe,False,2026-08-18 09:52:07
FAC-001-Z1,E-41,employee,badge_swipe,True,2026-08-18 09:52:07
FAC-002-Z1,E-46,employee,badge_swipe,True,2026-08-18 09:52:07
FAC-003-Z1,E-26,employee,badge_swipe,True,2026-08-18 09:52:07
FAC-004-Z3,E-26,employee,motion,,2026-08-18 09:52:07
FAC-001-Z1,E-16,employee,motion,,2026-08-18 09:52:07
FAC-001-Z1,E-45,employee,motion,,2026-08-18 09:52:07
FAC-004-Z3,V-9,visitor,motion,,2026-08-18 09:52:07
FAC-004-Z2,E-24,employee,badge_swipe,True,2026-08-18 09:52:07
FAC-001-Z3,E-14,employee,badge_swipe,True,2026-08-18 10:07:07
FAC-002-Z2,E-47,employee,motion,,2026-08-18 10:07:07
FAC-003-Z2,E-36,employee,badge_swipe,True,2026-08-18 10:07:07
FAC-002-Z2,E-24,employee,badge_swipe,True,2026-08-18 10:07:07
FAC-003-Z1,E-37,employee,badge_swipe,True,2026-08-18 10:07:07
FAC-002-Z1,E-15,employee,motion,,2026-08-18 10:07:07
FAC-005-Z3,V-1,visitor,badge_swipe,True,2026-08-18 10:07:07
FAC-002-Z3,E-6,employee,motion,,2026-08-18 10:07:07
FAC-004-Z1,E-48,employee,motion,,2026-08-18 10:07:07
FAC-005-Z1,E-9,employee,badge_swipe,True,2026-08-18 10:07:07
FAC-005-Z2,E-32,employee,badge_swipe,True,2026-08-18 10:07:07
FAC-005-Z3,E-17,employee,motion,,2026-08-18 10:07:07
FAC-005-Z2,E-18,employee,badge_swipe,True,2026-08-18 10:07:07
FAC-004-Z3,E-18,employee,motion,,2026-08-18 10:22:07
FAC-001-Z1,E-6,employee,motion,,2026-08-18 10:22:07
FAC-004-Z3,E-13,employee,motion,,2026-08-18 10:22:07
FAC-005-Z3,E-22,employee,motion,,2026-08-18 10:22:07
FAC-003-Z3,E-44,employee,badge_swipe,True,2026-08-18 10:22:07
FAC-003-Z2,E-37,employee,motion,,2026-08-18 10:22:07
FAC-002-Z3,E-35,employee,badge_swipe,True,2026-08-18 10:22:07
FAC-002-Z3,E-43,employee,badge_swipe,True,2026-08-18 10:22:07
FAC-005-Z3,E-16,employee,badge_swipe,True,2026-08-18 10:22:07
FAC-005-Z2,E-3,employee,motion,,2026-08-18 10:22:07
FAC-004-Z1,E-26,employee,badge_swipe,True,2026-08-18 10:22:07
FAC-004-Z3,E-10,employee,badge_swipe,True,2026-08-18 10:22:07
FAC-004-Z1,E-25,employee,badge_swipe,True,2026-08-18 10:22:07
FAC-004-Z3,E-10,employee,motion,,2026-08-18 10:22:07
FAC-001-Z2,E-5,employee,motion,,2026-08-18 10:37:07
FAC-003-Z2,E-24,employee,motion,,2026-08-18 10:37:07
FAC-003-Z3,E-1,employee,badge_swipe,True,2026-08-18 10:37:07
FAC-004-Z1,E-32,employee,badge_swipe,True,2026-08-18 10:37:07
FAC-002-Z2,V-7,visitor,badge_swipe,True,2026-08-18 10:37:07
FAC-002-Z3,E-22,employee,motion,,2026-08-18 10:37:07
FAC-004-Z2,E-38,employee,motion,,2026-08-18 10:37:07
FAC-001-Z2,E-36,employee,badge_swipe,False,2026-08-18 10:37:07
FAC-004-Z1,E-19,employee,motion,,2026-08-18 10:37:07
FAC-005-Z2,E-25,employee,badge_swipe,True,2026-08-18 10:37:07
FAC-005-Z2,E-27,employee,motion,,2026-08-18 10:52:07
FAC-005-Z2,E-8,employee,badge_swipe,True,2026-08-18 10:52:07
FAC-003-Z2,E-15,employee,badge_swipe,True,2026-08-18 10:52:07
FAC-002-Z3,E-10,employee,badge_swipe,True,2026-08-18 10:52:07
FAC-003-Z3,E-38,employee,motion,,2026-08-18 10:52:07
FAC-002-Z3,E-47,employee,badge_swipe,True,2026-08-18 10:52:07
FAC-001-Z2,E-20,employee,badge_swipe,False,2026-08-18 10:52:07
FAC-003-Z1,E-36,employee,motion,,2026-08-18 10:52:07
FAC-004-Z1,E-39,employee,motion,,2026-08-18 10:52:07
FAC-001-Z1,E-33,employee,motion,,2026-08-18 11:07:07
FAC-005-Z1,E-19,employee,motion,,2026-08-18 11:07:07
FAC-003-Z3,E-3,employee,motion,,2026-08-18 11:07:07
FAC-003-Z3,E-43,employee,motion,,2026-08-18 11:07:07
FAC-001-Z2,E-34,employee,motion,,2026-08-18 11:07:07
FAC-001-Z1,E-42,employee,badge_swipe,True,2026-08-18 11:07:07
FAC-005-Z1,V-8,visitor,motion,,2026-08-18 11:07:07
FAC-003-Z1,E-4,employee,badge_swipe,True,2026-08-18 11:22:07
FAC-005-Z2,E-19,employee,badge_swipe,True,2026-08-18 11:22:07
FAC-005-Z1,E-42,employee,motion,,2026-08-18 11:22:07
FAC-003-Z1,E-25,employee,badge_swipe,True,2026-08-18 11:22:07
FAC-002-Z3,E-2,employee,motion,,2026-08-18 11:22:07
FAC-005-Z1,E-18,employee,motion,,2026-08-18 11:22:07
FAC-005-Z3,E-43,employee,badge_swipe,True,2026-08-18 11:22:07
FAC-004-Z1,E-48,employee,badge_swipe,True,2026-08-18 11:22:07
FAC-004-Z2,E-12,employee,badge_swipe,True,2026-08-18 11:22:07
FAC-002-Z3,E-7,employee,motion,,2026-08-18 11:22:07
FAC-005-Z3,E-45,employee,badge_swipe,True,2026-08-18 11:22:07
FAC-005-Z3,E-19,employee,badge_swipe,True,2026-08-18 11:22:07
FAC-003-Z3,E-42,employee,badge_swipe,True,2026-08-18 11:22:07
FAC-003-Z2,E-47,employee,motion,,2026-08-18 11:22:07
FAC-002-Z3,V-7,visitor,badge_swipe,True,2026-08-18 11:22:07
FAC-004-Z2,E-11,employee,badge_swipe,True,2026-08-18 11:22:07
FAC-004-Z3,E-46,employee,badge_swipe,True,2026-08-18 11:22:07
FAC-004-Z2,E-4,employee,badge_swipe,True,2026-08-18 11:22:07
FAC-003-Z2,E-25,employee,motion,,2026-08-18 11:22:07
FAC-005-Z2,E-3,employee,badge_swipe,False,2026-08-18 11:37:07
FAC-005-Z3,E-13,employee,motion,,2026-08-18 11:37:07
FAC-001-Z1,E-25,employee,motion,,2026-08-18 11:37:07
FAC-003-Z3,E-32,employee,badge_swipe,False,2026-08-18 11:37:07
FAC-001-Z3,E-33,employee,motion,,2026-08-18 11:37:07
FAC-002-Z3,E-34,employee,motion,,2026-08-18 11:37:07
FAC-002-Z2,E-7,employee,motion,,2026-08-18 11:37:07
FAC-003-Z3,V-1,visitor,badge_swipe,True,2026-08-18 11:37:07
FAC-001-Z3,V-9,visitor,badge_swipe,True,2026-08-18 11:37:07
FAC-003-Z3,E-13,employee,badge_swipe,True,2026-08-18 11:37:07
FAC-001-Z1,E-1,employee,motion,,2026-08-18 11:37:07
FAC-004-Z1,E-28,employee,motion,,2026-08-18 11:37:07
FAC-002-Z1,E-49,employee,badge_swipe,True,2026-08-18 11:37:07
FAC-004-Z2,E-29,employee,badge_swipe,True,2026-08-18 11:37:07
FAC-002-Z1,E-32,employee,motion,,2026-08-18 11:37:07
FAC-003-Z3,E-13,employee,badge_swipe,True,2026-08-18 11:37:07
FAC-003-Z2,E-39,employee,badge_swipe,True,2026-08-18 11:37:07
FAC-004-Z1,E-40,employee,motion,,2026-08-18 11:37:07
FAC-001-Z2,E-39,employee,badge_swipe,True,2026-08-18 11:37:07
FAC-001-Z1,E-5,employee,motion,,2026-08-18 11:37:07
FAC-002-Z3,E-30,employee,badge_swipe,True,2026-08-18 11:52:07
FAC-001-Z3,E-39,employee,motion,,2026-08-18 11:52:07
FAC-003-Z2,E-5,employee,badge_swipe,True,2026-08-18 11:52:07
FAC-004-Z2,E-19,employee,badge_swipe,True,2026-08-18 11:52:07
FAC-002-Z1,E-17,employee,motion,,2026-08-18 11:52:07
FAC-004-Z2,E-41,employee,motion,,2026-08-18 12:07:07
FAC-001-Z3,E-7,employee,badge_swipe,True,2026-08-18 12:07:07
FAC-004-Z2,E-47,employee,motion,,2026-08-18 12:07:07
FAC-004-Z1,V-3,visitor,badge_swipe,True,2026-08-18 12:07:07
FAC-005-Z3,E-2,employee,badge_swipe,True,2026-08-18 12:07:07
FAC-003-Z1,E-44,employee,motion,,2026-08-18 12:07:07
FAC-004-Z1,E-17,employee,badge_swipe,True,2026-08-18 12:07:07
FAC-002-Z2,E-20,employee,motion,,2026-08-18 12:07:07
FAC-003-Z2,E-23,employee,badge_swipe,True,2026-08-18 12:07:07
FAC-004-Z3,E-46,employee,badge_swipe,True,2026-08-18 12:07:07
FAC-002-Z2,E-1,employee,badge_swipe,True,2026-08-18 12:07:07
FAC-003-Z2,E-22,employee,motion,,2026-08-18 12:07:07
FAC-004-Z2,E-27,employee,badge_swipe,True,2026-08-18 12:07:07
FAC-003-Z3,E-31,employee,badge_swipe,True,2026-08-18 12:07:07
FAC-005-Z2,E-41,employee,motion,,2026-08-18 12:07:07
FAC-003-Z1,E-22,employee,badge_swipe,True,2026-08-18 12:07:07
FAC-002-Z3,E-5,employee,badge_swipe,True,2026-08-18 12:07:07
FAC-005-Z3,E-22,employee,motion,,2026-08-18 12:07:07
FAC-005-Z1,E-19,employee,badge_swipe,True,2026-08-18 12:07:07
FAC-001-Z3,E-14,employee,badge_swipe,True,2026-08-18 12:22:07
FAC-005-Z2,E-23,employee,badge_swipe,True,2026-08-18 12:22:07
FAC-004-Z1,E-31,employee,motion,,2026-08-18 12:22:07
FAC-003-Z3,E-50,employee,motion,,2026-08-18 12:22:07
FAC-003-Z3,E-39,employee,motion,,2026-08-18 12:22:07
FAC-005-Z3,E-3,employee,motion,,2026-08-18 12:22:07
FAC-002-Z1,E-48,employee,badge_swipe,True,2026-08-18 12:37:07
FAC-004-Z1,V-4,visitor,badge_swipe,True,2026-08-18 12:37:07
FAC-002-Z2,E-21,employee,motion,,2026-08-18 12:37:07
FAC-004-Z2,E-14,employee,motion,,2026-08-18 12:37:07
FAC-004-Z2,E-38,employee,badge_swipe,True,2026-08-18 12:37:07
FAC-003-Z3,E-47,employee,motion,,2026-08-18 12:37:07
FAC-001-Z3,E-16,employee,badge_swipe,True,2026-08-18 12:37:07
FAC-003-Z2,V-8,visitor,badge_swipe,True,2026-08-18 12:37:07
FAC-002-Z3,E-44,employee,badge_swipe,True,2026-08-18 12:37:07
FAC-004-Z3,E-30,employee,motion,,2026-08-18 12:52:07
FAC-001-Z2,E-2,employee,motion,,2026-08-18 12:52:07
FAC-005-Z2,E-7,employee,badge_swipe,True,2026-08-18 12:52:07
FAC-001-Z2,E-39,employee,motion,,2026-08-18 12:52:07
FAC-002-Z2,E-39,employee,badge_swipe,False,2026-08-18 12:52:07
FAC-001-Z3,E-12,employee,motion,,2026-08-18 12:52:07
FAC-002-Z1,E-16,employee,motion,,2026-08-18 12:52:07
FAC-001-Z3,V-6,visitor,badge_swipe,True,2026-08-18 12:52:07
FAC-001-Z1,E-21,employee,motion,,2026-08-18 12:52:07
FAC-005-Z3,E-38,employee,motion,,2026-08-18 12:52:07
FAC-005-Z1,E-48,employee,motion,,2026-08-18 12:52:07
FAC-001-Z1,E-4,employee,motion,,2026-08-18 12:52:07
FAC-005-Z1,E-12,employee,badge_swipe,True,2026-08-18 12:52:07
FAC-003-Z1,V-2,visitor,badge_swipe,True,2026-08-18 12:52:07
FAC-001-Z3,E-34,employee,motion,,2026-08-18 12:52:07
FAC-001-Z3,E-11,employee,badge_swipe,True,2026-08-18 13:07:07
FAC-001-Z3,E-19,employee,motion,,2026-08-18 13:07:07
FAC-004-Z1,E-27,employee,badge_swipe,False,2026-08-18 13:07:07
FAC-003-Z1,E-19,employee,badge_swipe,True,2026-08-18 13:07:07
FAC-001-Z3,E-11,employee,motion,,2026-08-18 13:07:07
FAC-003-Z3,E-8,employee,motion,,2026-08-18 13:07:07
FAC-002-Z3,E-28,employee,badge_swipe,True,2026-08-18 13:07:07
FAC-002-Z3,E-5,employee,badge_swipe,True,2026-08-18 13:07:07
FAC-003-Z1,E-10,employee,badge_swipe,True,2026-08-18 13:07:07
FAC-002-Z2,V-5,visitor,motion,,2026-08-18 13:07:07
FAC-003-Z2,E-10,employee,motion,,2026-08-18 13:07:07
FAC-001-Z1,E-37,employee,motion,,2026-08-18 13:07:07
FAC-003-Z3,E-36,employee,motion,,2026-08-18 13:07:07
FAC-001-Z3,E-3,employee,motion,,2026-08-18 13:07:07
FAC-004-Z2,E-11,employee,motion,,2026-08-18 13:22:07
FAC-002-Z2,E-31,employee,motion,,2026-08-18 13:22:07
FAC-003-Z2,E-17,employee,motion,,2026-08-18 13:22:07
FAC-004-Z1,E-19,employee,motion,,2026-08-18 13:22:07
FAC-001-Z3,V-6,visitor,motion,,2026-08-18 13:22:07
FAC-001-Z2,E-5,employee,badge_swipe,True,2026-08-18 13:22:07
FAC-004-Z1,E-30,employee,badge_swipe,False,2026-08-18 13:22:07
FAC-002-Z2,E-45,employee,motion,,2026-08-18 13:22:07
FAC-001-Z1,E-32,employee,motion,,2026-08-18 13:22:07
FAC-005-Z3,E-42,employee,motion,,2026-08-18 13:37:07
FAC-004-Z2,E-42,employee,motion,,2026-08-18 13:37:07
FAC-005-Z1,E-11,employee,badge_swipe,True,2026-08-18 13:37:07
FAC-005-Z1,E-7,employee,badge_swipe,True,2026-08-18 13:37:07
FAC-002-Z1,E-5,employee,badge_swipe,True,2026-08-18 13:37:07
FAC-005-Z3,V-7,visitor,badge_swipe,True,2026-08-18 13:37:07
FAC-003-Z1,E-30,employee,badge_swipe,True,2026-08-18 13:37:07
FAC-003-Z3,E-25,employee,motion,,2026-08-18 13:37:07
FAC-002-Z2,E-4,employee,badge_swipe,True,2026-08-18 13:37:07
FAC-002-Z3,E-19,employee,badge_swipe,True,2026-08-18 13:37:07
FAC-001-Z2,E-31,employee,badge_swipe,True,2026-08-18 13:37:07
FAC-001-Z3,E-42,employee,badge_swipe,True,2026-08-18 13:37:07
FAC-002-Z3,E-29,employee,badge_swipe,False,2026-08-18 13:37:07
FAC-003-Z1,V-2,visitor,motion,,2026-08-18 13:37:07
FAC-003-Z2,E-40,employee,badge_swipe,True,2026-08-18 13:37:07
FAC-004-Z3,E-9,employee,badge_swipe,True,2026-08-18 13:37:07
FAC-002-Z1,E-14,employee,badge_swipe,True,2026-08-18 13:37:07
FAC-001-Z2,E-8,employee,motion,,2026-08-18 13:37:07
FAC-002-Z3,E-23,employee,motion,,2026-08-18 13:37:07
FAC-003-Z2,E-19,employee,motion,,2026-08-18 13:52:07
FAC-003-Z3,V-7,visitor,badge_swipe,True,2026-08-18 13:52:07
FAC-002-Z1,E-13,employee,motion,,2026-08-18 13:52:07
FAC-001-Z3,E-37,employee,badge_swipe,True,2026-08-18 13:52:07
FAC-005-Z3,E-22,employee,badge_swipe,True,2026-08-18 13:52:07
FAC-005-Z2,E-45,employee,badge_swipe,False,2026-08-18 13:52:07
FAC-002-Z1,E-27,employee,badge_swipe,True,2026-08-18 13:52:07
FAC-001-Z3,E-35,employee,badge_swipe,True,2026-08-18 13:52:07
FAC-004-Z1,E-1,employee,badge_swipe,True,2026-08-18 13:52:07
FAC-003-Z3,E-27,employee,badge_swipe,True,2026-08-18 13:52:07
FAC-003-Z3,E-8,employee,motion,,2026-08-18 13:52:07
FAC-005-Z1,E-31,employee,badge_swipe,True,2026-08-18 13:52:07
FAC-005-Z2,E-12,employee,motion,,2026-08-18 13:52:07
FAC-002-Z2,E-44,employee,badge_swipe,True,2026-08-18 13:52:07
FAC-002-Z1,E-34,employee,badge_swipe,True,2026-08-18 14:07:07
FAC-004-Z1,V-5,visitor,badge_swipe,True,2026-08-18 14:07:07
FAC-005-Z3,E-49,employee,motion,,2026-08-18 14:07:07
FAC-005-Z2,E-20,employee,badge_swipe,True,2026-08-18 14:07:07
FAC-003-Z2,E-9,employee,motion,,2026-08-18 14:07:07
FAC-004-Z2,E-42,employee,badge_swipe,True,2026-08-18 14:07:07
FAC-002-Z2,E-40,employee,badge_swipe,True,2026-08-18 14:07:07
FAC-005-Z1,E-40,employee,motion,,2026-08-18 14:07:07
FAC-004-Z1,E-44,employee,badge_swipe,True,2026-08-18 14:07:07
FAC-005-Z1,E-39,employee,badge_swipe,True,2026-08-18 14:07:07
FAC-001-Z3,E-14,employee,badge_swipe,True,2026-08-18 14:07:07
FAC-004-Z3,E-34,employee,motion,,2026-08-18 14:07:07
FAC-002-Z1,E-16,employee,badge_swipe,True,2026-08-18 14:07:07
FAC-001-Z2,E-12,employee,motion,,2026-08-18 14:07:07
FAC-004-Z1,E-33,employee,badge_swipe,True,2026-08-18 14:07:07
FAC-005-Z1,V-1,visitor,badge_swipe,True,2026-08-18 14:22:07
FAC-002-Z2,E-4,employee,badge_swipe,True,2026-08-18 14:22:07
FAC-002-Z3,E-13,employee,motion,,2026-08-18 14:22:07
FAC-003-Z2,E-40,employee,badge_swipe,True,2026-08-18 14:22:07
FAC-004-Z3,E-9,employee,motion,,2026-08-18 14:22:07
FAC-003-Z2,E-29,employee,badge_swipe,True,2026-08-18 14:22:07
FAC-004-Z3,E-30,employee,motion,,2026-08-18 14:22:07
FAC-001-Z3,E-18,employee,badge_swipe,True,2026-08-18 14:22:07
FAC-005-Z1,E-25,employee,badge_swipe,True,2026-08-18 14:22:07
FAC-002-Z3,E-21,employee,motion,,2026-08-18 14:22:07
FAC-003-Z2,E-29,employee,badge_swipe,True,2026-08-18 14:22:07
FAC-003-Z3,E-26,employee,badge_swipe,True,2026-08-18 14:22:07
FAC-003-Z2,E-50,employee,motion,,2026-08-18 14:37:07
FAC-004-Z2,E-22,employee,motion,,2026-08-18 14:37:07
FAC-005-Z1,E-7,employee,motion,,2026-08-18 14:37:07
FAC-004-Z1,E-35,employee,motion,,2026-08-18 14:37:07
FAC-002-Z1,E-41,employee,motion,,2026-08-18 14:37:07
FAC-002-Z1,E-20,employee,motion,,2026-08-18 14:37:07
FAC-005-Z3,E-8,employee,badge_swipe,True,2026-08-18 14:37:07
FAC-004-Z1,E-22,employee,motion,,2026-08-18 14:37:07
FAC-003-Z2,E-20,employee,badge_swipe,True,2026-08-18 14:37:07
FAC-003-Z3,E-21,employee,badge_swipe,True,2026-08-18 14:37:07
FAC-004-Z1,E-31,employee,badge_swipe,True,2026-08-18 14:37:07
FAC-001-Z2,E-48,employee,badge_swipe,True,2026-08-18 14:37:07
FAC-002-Z3,E-20,employee,motion,,2026-08-18 14:37:07
FAC-005-Z2,E-25,employee,motion,,2026-08-18 14:37:07
FAC-005-Z3,E-34,employee,badge_swipe,True,2026-08-18 14:37:07
FAC-002-Z1,E-37,employee,motion,,2026-08-18 14:37:07
FAC-004-Z1,E-47,employee,motion,,2026-08-18 14:37:07
FAC-003-Z2,E-7,employee,motion,,2026-08-18 14:37:07
FAC-002-Z1,V-3,visitor,badge_swipe,True,2026-08-18 14:37:07
FAC-001-Z1,E-46,employee,badge_swipe,True,2026-08-18 14:37:07
FAC-002-Z2,E-32,employee,badge_swipe,True,2026-08-18 14:52:07
FAC-004-Z1,V-9,visitor,badge_swipe,True,2026-08-18 14:52:07
FAC-004-Z1,E-8,employee,badge_swipe,True,2026-08-18 14:52:07
FAC-004-Z3,E-28,employee,motion,,2026-08-18 14:52:07
FAC-004-Z1,E-13,employee,motion,,2026-08-18 14:52:07
FAC-005-Z3,E-46,employee,badge_swipe,True,2026-08-18 14:52:07
FAC-005-Z1,E-38,employee,badge_swipe,False,2026-08-18 14:52:07
FAC-005-Z1,E-7,employee,badge_swipe,True,2026-08-18 14:52:07
FAC-001-Z1,E-26,employee,badge_swipe,True,2026-08-18 15:07:07
FAC-002-Z1,E-35,employee,motion,,2026-08-18 15:07:07
FAC-001-Z2,V-5,visitor,motion,,2026-08-18 15:07:07
FAC-005-Z1,E-11,employee,motion,,2026-08-18 15:07:07
FAC-003-Z3,E-2,employee,motion,,2026-08-18 15:07:07
FAC-004-Z2,E-33,employee,badge_swipe,True,2026-08-18 15:07:07
FAC-004-Z1,V-7,visitor,badge_swipe,True,2026-08-18 15:22:07
FAC-002-Z2,E-9,employee,badge_swipe,False,2026-08-18 15:22:07
FAC-001-Z3,E-1,employee,badge_swipe,True,2026-08-18 15:22:07
FAC-004-Z3,E-10,employee,motion,,2026-08-18 15:22:07
FAC-002-Z1,E-25,employee,badge_swipe,True,2026-08-18 15:22:07
FAC-002-Z3,E-34,employee,badge_swipe,True,2026-08-18 15:22:07
FAC-003-Z2,E-42,employee,motion,,2026-08-18 15:22:07
FAC-005-Z3,E-17,employee,badge_swipe,False,2026-08-18 15:22:07
FAC-004-Z3,V-6,visitor,motion,,2026-08-18 15:22:07
FAC-005-Z3,V-10,visitor,badge_swipe,True,2026-08-18 15:22:07
FAC-004-Z2,E-21,employee,motion,,2026-08-18 15:22:07
FAC-003-Z2,E-31,employee,badge_swipe,True,2026-08-18 15:22:07
FAC-003-Z2,E-4,employee,badge_swipe,True,2026-08-18 15:22:07
FAC-001-Z2,E-15,employee,motion,,2026-08-18 15:22:07
FAC-004-Z2,E-23,employee,badge_swipe,False,2026-08-18 15:22:07
FAC-002-Z3,E-29,employee,badge_swipe,True,2026-08-18 15:22:07
FAC-002-Z1,E-21,employee,badge_swipe,True,2026-08-18 15:37:07
FAC-003-Z2,E-50,employee,badge_swipe,True,2026-08-18 15:37:07
FAC-003-Z1,E-14,employee,motion,,2026-08-18 15:37:07
FAC-003-Z2,E-4,employee,badge_swipe,True,2026-08-18 15:37:07
FAC-004-Z2,E-46,employee,motion,,2026-08-18 15:37:07
FAC-005-Z1,E-11,employee,badge_swipe,True,2026-08-18 15:37:07
FAC-003-Z1,E-30,employee,motion,,2026-08-18 15:37:07
FAC-001-Z3,E-23,employee,badge_swipe,True,2026-08-18 15:37:07
FAC-002-Z3,E-20,employee,badge_swipe,True,2026-08-18 15:37:07
FAC-003-Z2,E-22,employee,badge_swipe,True,2026-08-18 15:37:07
FAC-005-Z3,V-3,visitor,motion,,2026-08-18 15:37:07
FAC-004-Z3,E-11,employee,badge_swipe,True,2026-08-18 15:37:07
FAC-002-Z2,E-48,employee,motion,,2026-08-18 15:37:07
FAC-002-Z3,E-26,employee,motion,,2026-08-18 15:37:07
FAC-002-Z3,E-8,employee,badge_swipe,True,2026-08-18 15:37:07
FAC-003-Z1,E-11,employee,motion,,2026-08-18 15:37:07
FAC-002-Z2,E-36,employee,badge_swipe,True,2026-08-18 15:37:07
FAC-003-Z3,E-47,employee,badge_swipe,True,2026-08-18 15:52:07
FAC-004-Z2,E-21,employee,motion,,2026-08-18 15:52:07
FAC-001-Z1,E-37,employee,motion,,2026-08-18 15:52:07
FAC-002-Z1,E-12,employee,badge_swipe,True,2026-08-18 15:52:07
FAC-004-Z2,E-47,employee,motion,,2026-08-18 15:52:07
FAC-004-Z2,E-47,employee,motion,,2026-08-18 15:52:07
FAC-003-Z1,E-9,employee,motion,,2026-08-18 15:52:07
FAC-005-Z2,E-47,employee,motion,,2026-08-18 15:52:07
FAC-003-Z2,E-7,employee,badge_swipe,True,2026-08-18 16:07:07
FAC-003-Z2,E-19,employee,motion,,2026-08-18 16:07:07
FAC-001-Z3,E-35,employee,motion,,2026-08-18 16:07:07
FAC-002-Z3,E-25,employee,badge_swipe,True,2026-08-18 16:07:07
FAC-003-Z3,E-50,employee,badge_swipe,True,2026-08-18 16:07:07
FAC-001-Z1,E-7,employee,motion,,2026-08-18 16:07:07
FAC-005-Z2,E-47,employee,motion,,2026-08-18 16:07:07
FAC-005-Z3,E-29,employee,motion,,2026-08-18 16:07:07
FAC-004-Z3,E-19,employee,badge_swipe,True,2026-08-18 16:07:07
FAC-001-Z3,E-41,employee,motion,,2026-08-18 16:07:07
FAC-005-Z1,E-38,employee,motion,,2026-08-18 16:07:07
FAC-004-Z1,E-49,employee,badge_swipe,True,2026-08-18 16:07:07
FAC-004-Z2,E-48,employee,badge_swipe,False,2026-08-18 16:07:07
FAC-001-Z2,E-8,employee,motion,,2026-08-18 16:07:07
FAC-003-Z1,E-21,employee,motion,,2026-08-18 16:07:07
FAC-002-Z3,E-28,employee,badge_swipe,True,2026-08-18 16:22:07
FAC-003-Z1,E-49,employee,badge_swipe,True,2026-08-18 16:22:07
FAC-003-Z3,E-7,employee,badge_swipe,True,2026-08-18 16:22:07
FAC-004-Z1,V-1,visitor,badge_swipe,True,2026-08-18 16:22:07
FAC-002-Z1,E-26,employee,motion,,2026-08-18 16:22:07
FAC-003-Z2,E-29,employee,badge_swipe,False,2026-08-18 16:22:07
FAC-003-Z1,E-3,employee,badge_swipe,True,2026-08-18 16:22:07
FAC-004-Z3,E-4,employee,motion,,2026-08-18 16:22:07
FAC-002-Z1,E-8,employee,badge_swipe,True,2026-08-18 16:22:07
FAC-005-Z2,E-41,employee,motion,,2026-08-18 16:22:07
FAC-001-Z2,E-47,employee,badge_swipe,True,2026-08-18 16:22:07
FAC-003-Z3,E-25,employee,badge_swipe,True,2026-08-18 16:22:07
FAC-002-Z2,E-32,employee,badge_swipe,True,2026-08-18 16:22:07
FAC-001-Z3,E-11,employee,badge_swipe,True,2026-08-18 16:22:07
FAC-001-Z3,V-1,visitor,badge_swipe,True,2026-08-18 16:22:07
FAC-004-Z3,E-2,employee,motion,,2026-08-18 16:22:07
FAC-005-Z3,E-36,employee,badge_swipe,True,2026-08-18 16:22:07
FAC-003-Z2,E-18,employee,motion,,2026-08-18 16:22:07
FAC-001-Z1,V-4,visitor,motion,,2026-08-18 16:37:07
FAC-005-Z3,E-14,employee,motion,,2026-08-18 16:37:07
FAC-002-Z2,V-7,visitor,motion,,2026-08-18 16:37:07
FAC-001-Z1,E-50,employee,badge_swipe,True,2026-08-18 16:37:07
FAC-002-Z1,E-49,employee,badge_swipe,True,2026-08-18 16:37:07
FAC-005-Z3,E-1,employee,motion,,2026-08-18 16:37:07
FAC-001-Z2,E-2,employee,motion,,2026-08-18 16:37:07
FAC-004-Z3,E-40,employee,motion,,2026-08-18 16:37:07
FAC-002-Z2,E-46,employee,motion,,2026-08-18 16:37:07
FAC-002-Z2,E-44,employee,badge_swipe,True,2026-08-18 16:52:07
FAC-001-Z1,E-12,employee,badge_swipe,True,2026-08-18 16:52:07
FAC-002-Z3,E-49,employee,motion,,2026-08-18 16:52:07
FAC-001-Z1,E-45,employee,motion,,2026-08-18 16:52:07
FAC-002-Z1,E-22,employee,motion,,2026-08-18 16:52:07
FAC-002-Z2,E-29,employee,motion,,2026-08-18 16:52:07
FAC-003-Z1,E-8,employee,badge_swipe,True,2026-08-18 16:52:07
FAC-005-Z3,E-49,employee,motion,,2026-08-18 16:52:07
FAC-002-Z1,E-21,employee,motion,,2026-08-18 16:52:07
FAC-005-Z3,E-46,employee,motion,,2026-08-18 16:52:07
FAC-001-Z2,E-41,employee,badge_swipe,True,2026-08-18 16:52:07
FAC-001-Z3,E-46,employee,badge_swipe,True,2026-08-18 16:52:07
FAC-002-Z1,E-49,employee,motion,,2026-08-18 16:52:07
FAC-002-Z3,E-5,employee,motion,,2026-08-18 17:07:07
FAC-004-Z1,E-24,employee,badge_swipe,True,2026-08-18 17:07:07
FAC-001-Z1,E-5,employee,motion,,2026-08-18 17:07:07
FAC-002-Z1,V-10,visitor,motion,,2026-08-18 17:07:07
FAC-005-Z3,E-15,employee,motion,,2026-08-18 17:07:07
FAC-001-Z3,E-18,employee,motion,,2026-08-18 17:07:07
FAC-002-Z1,E-42,employee,motion,,2026-08-18 17:07:07
FAC-004-Z1,E-1,employee,badge_swipe,True,2026-08-18 17:07:07
FAC-004-Z1,E-12,employee,motion,,2026-08-18 17:07:07
FAC-001-Z2,E-22,employee,motion,,2026-08-18 17:07:07
FAC-001-Z2,E-29,employee,motion,,2026-08-18 17:07:07
FAC-005-Z2,E-41,employee,motion,,2026-08-18 17:07:07
FAC-003-Z3,E-49,employee,motion,,2026-08-18 17:07:07
FAC-005-Z3,E-18,employee,badge_swipe,True,2026-08-18 17:07:07
FAC-003-Z2,E-20,employee,motion,,2026-08-18 17:22:07
FAC-001-Z3,E-32,employee,badge_swipe,True,2026-08-18 17:22:07
FAC-005-Z1,E-6,employee,motion,,2026-08-18 17:22:07
FAC-005-Z2,E-10,employee,motion,,2026-08-18 17:22:07
FAC-003-Z1,E-11,employee,motion,,2026-08-18 17:22:07
FAC-005-Z1,E-47,employee,badge_swipe,True,2026-08-18 17:22:07
FAC-003-Z1,E-48,employee,motion,,2026-08-18 17:22:07
FAC-005-Z3,E-6,employee,badge_swipe,True,2026-08-18 17:22:07
FAC-005-Z3,E-26,employee,badge_swipe,True,2026-08-18 17:22:07
FAC-004-Z1,E-7,employee,motion,,2026-08-18 17:22:07
FAC-005-Z3,E-19,employee,badge_swipe,True,2026-08-18 17:22:07
FAC-002-Z2,V-6,visitor,motion,,2026-08-18 17:22:07
FAC-003-Z1,E-35,employee,motion,,2026-08-18 17:22:07
FAC-004-Z2,E-23,employee,motion,,2026-08-18 17:22:07
FAC-002-Z2,E-47,employee,badge_swipe,True,2026-08-18 17:37:07
FAC-002-Z1,E-33,employee,badge_swipe,True,2026-08-18 17:37:07
FAC-003-Z2,E-49,employee,motion,,2026-08-18 17:37:07
FAC-002-Z2,E-38,employee,motion,,2026-08-18 17:37:07
FAC-003-Z3,E-17,employee,badge_swipe,True,2026-08-18 17:37:07
FAC-004-Z3,E-28,employee,badge_swipe,True,2026-08-18 17:37:07
FAC-002-Z2,E-37,employee,badge_swipe,True,2026-08-18 17:37:07
FAC-001-Z3,E-39,employee,badge_swipe,True,2026-08-18 17:37:07
FAC-005-Z3,E-7,employee,motion,,2026-08-18 17:37:07
FAC-002-Z1,E-27,employee,badge_swipe,True,2026-08-18 17:37:07
FAC-004-Z1,V-2,visitor,motion,,2026-08-18 17:37:07
FAC-003-Z1,E-9,employee,badge_swipe,True,2026-08-18 17:37:07
FAC-005-Z3,E-16,employee,badge_swipe,True,2026-08-18 17:37:07
FAC-002-Z2,E-49,employee,badge_swipe,True,2026-08-18 17:37:07
FAC-002-Z3,E-9,employee,badge_swipe,True,2026-08-18 17:52:07
FAC-004-Z3,E-40,employee,badge_swipe,True,2026-08-18 17:52:07
FAC-001-Z2,E-48,employee,motion,,2026-08-18 17:52:07
FAC-003-Z2,E-13,employee,badge_swipe,True,2026-08-18 17:52:07
FAC-003-Z3,E-46,employee,motion,,2026-08-18 17:52:07
FAC-004-Z2,E-12,employee,badge_swipe,True,2026-08-18 17:52:07
FAC-003-Z2,E-30,employee,motion,,2026-08-18 17:52:07
FAC-001-Z3,E-15,employee,motion,,2026-08-18 17:52:07
FAC-001-Z2,E-18,employee,motion,,2026-08-18 17:52:07
FAC-004-Z1,E-19,employee,motion,,2026-08-18 17:52:07
FAC-005-Z1,E-31,employee,badge_swipe,True,2026-08-18 17:52:07
FAC-001-Z3,E-8,employee,motion,,2026-08-18 17:52:07
FAC-004-Z1,E-35,employee,badge_swipe,True,2026-08-18 17:52:07
FAC-004-Z1,E-43,employee,motion,,2026-08-18 17:52:07
FAC-002-Z3,E-17,employee,badge_swipe,True,2026-08-18 17:52:07
FAC-005-Z2,E-16,employee,badge_swipe,False,2026-08-18 18:07:07
FAC-002-Z1,E-37,employee,badge_swipe,True,2026-08-18 18:07:07
FAC-004-Z2,E-1,employee,motion,,2026-08-18 18:07:07
FAC-003-Z2,E-48,employee,motion,,2026-08-18 18:07:07
FAC-002-Z3,E-38,employee,motion,,2026-08-18 18:07:07
FAC-002-Z2,V-8,visitor,badge_swipe,True,2026-08-18 18:07:07
FAC-003-Z2,E-19,employee,badge_swipe,True,2026-08-18 18:07:07
FAC-001-Z1,E-29,employee,motion,,2026-08-18 18:07:07
FAC-005-Z3,V-1,visitor,badge_swipe,True,2026-08-18 18:07:07
FAC-002-Z1,E-39,employee,motion,,2026-08-18 18:07:07
FAC-001-Z3,E-42,employee,badge_swipe,True,2026-08-18 18:07:07
FAC-003-Z3,E-43,employee,motion,,2026-08-18 18:07:07
FAC-004-Z1,E-22,employee,badge_swipe,True,2026-08-18 18:07:07
FAC-004-Z1,E-33,employee,motion,,2026-08-18 18:07:07
FAC-002-Z1,E-43,employee,motion,,2026-08-18 18:07:07
FAC-001-Z1,E-15,employee,motion,,2026-08-18 18:07:07
FAC-003-Z3,E-38,employee,motion,,2026-08-18 18:07:07
FAC-004-Z3,E-14,employee,badge_swipe,True,2026-08-18 18:22:07
FAC-001-Z2,E-36,employee,badge_swipe,True,2026-08-18 18:22:07
FAC-005-Z3,E-32,employee,badge_swipe,True,2026-08-18 18:22:07
FAC-001-Z3,E-5,employee,motion,,2026-08-18 18:22:07
FAC-003-Z2,E-48,employee,badge_swipe,True,2026-08-18 18:22:07
FAC-002-Z2,E-9,employee,motion,,2026-08-18 18:22:07
FAC-005-Z1,E-30,employee,motion,,2026-08-18 18:22:07
FAC-002-Z3,E-18,employee,motion,,2026-08-18 18:22:07
FAC-001-Z1,E-22,employee,motion,,2026-08-18 18:22:07
FAC-004-Z1,E-44,employee,badge_swipe,True,2026-08-18 18:22:07
FAC-001-Z1,E-7,employee,motion,,2026-08-18 18:22:07
FAC-003-Z1,E-12,employee,motion,,2026-08-18 18:22:07
FAC-001-Z3,E-29,employee,badge_swipe,True,2026-08-18 18:22:07
FAC-002-Z2,E-40,employee,motion,,2026-08-18 18:22:07
FAC-002-Z3,E-39,employee,motion,,2026-08-18 18:22:07
FAC-004-Z3,V-8,visitor,motion,,2026-08-18 18:37:07
FAC-004-Z1,E-14,employee,motion,,2026-08-18 18:37:07
FAC-002-Z1,E-15,employee,badge_swipe,True,2026-08-18 18:37:07
FAC-005-Z2,E-8,employee,badge_swipe,True,2026-08-18 18:37:07
FAC-002-Z3,E-41,employee,badge_swipe,True,2026-08-18 18:37:07
FAC-004-Z1,E-25,employee,motion,,2026-08-18 18:37:07
FAC-003-Z2,E-19,employee,motion,,2026-08-18 18:37:07
FAC-004-Z3,E-19,employee,badge_swipe,True,2026-08-18 18:37:07
FAC-001-Z2,E-1,employee,badge_swipe,True,2026-08-18 18:37:07
FAC-004-Z1,E-34,employee,motion,,2026-08-18 18:52:07
FAC-001-Z1,E-3,employee,badge_swipe,True,2026-08-18 18:52:07
FAC-003-Z1,E-10,employee,badge_swipe,True,2026-08-18 18:52:07
FAC-002-Z2,E-21,employee,motion,,2026-08-18 18:52:07
FAC-004-Z3,E-35,employee,badge_swipe,False,2026-08-18 18:52:07
FAC-001-Z2,E-37,employee,motion,,2026-08-18 18:52:07
FAC-005-Z3,E-20,employee,motion,,2026-08-18 18:52:07
FAC-001-Z3,E-31,employee,motion,,2026-08-18 18:52:07
FAC-003-Z1,E-43,employee,motion,,2026-08-18 18:52:07
FAC-005-Z2,E-41,employee,motion,,2026-08-18 18:52:07
FAC-004-Z1,E-33,employee,motion,,2026-08-18 18:52:07
FAC-001-Z1,E-30,employee,badge_swipe,True,2026-08-18 18:52:07
FAC-003-Z2,E-13,employee,badge_swipe,True,2026-08-18 18:52:07
FAC-003-Z1,E-40,employee,badge_swipe,True,2026-08-18 18:52:07
FAC-002-Z3,E-27,employee,badge_swipe,True,2026-08-18 18:52:07
FAC-005-Z3,V-7,visitor,motion,,2026-08-18 18:52:07
FAC-003-Z3,E-6,employee,motion,,2026-08-18 18:52:07
FAC-005-Z1,E-27,employee,badge_swipe,True,2026-08-18 18:52:07
FAC-004-Z3,E-26,employee,badge_swipe,True,2026-08-18 19:07:07
FAC-004-Z1,E-24,employee,motion,,2026-08-18 19:22:07
FAC-004-Z2,E-32,employee,motion,,2026-08-18 19:22:07
